Energy (eV),Spectra 1,Spectra 2,Spectra 3,Spectra 4,Spectra 5
6.199208877,1.65843076674415e-29,6.57971865930614e-94,1.52267483538037e-59,2.19956879771555e-15,4.29039604309871e-46
6.19356696278754,2.01202672144391e-29,1.18922092831901e-93,2.22393715590677e-59,2.68191383086134e-15,5.98977772079686e-46
6.18792504857508,2.44037907498882e-29,2.14769279406828e-93,3.24650940509366e-59,3.26836765454838e-15,8.35800916485607e-46
6.18228313436262,2.95915688613555e-29,3.87557524943258e-93,4.73685001987744e-59,3.98103322283091e-15,1.16566510062215e-45
6.17664122015017,3.58728465088834e-29,6.9880271654796e-93,6.90782643642619e-59,4.84662607129359e-15,1.62488847908259e-45
6.17099930593771,4.34761259115444e-29,1.25900481972919e-92,1.00686678475108e-58,5.89741976012911e-15,2.26387341181215e-45
6.16535739172525,5.26772368801259e-29,2.26649412645141e-92,1.46683554569931e-58,7.17238149301184e-15,3.15253221042949e-45
6.15971547751279,6.38090509457857e-29,4.07695765183025e-92,2.13584460065301e-58,8.71853541704369e-15,4.38778905478701e-45
6.15407356330033,7.72731709450478e-29,7.32777625158087e-92,3.1083985017052e-58,1.05925983531563e-14,6.10394711983021e-45
6.14843164908788,9.35539939931189e-29,1.3160203252692e-91,4.52150010125408e-58,1.28629413191771e-14,8.48700775128395e-45
6.14278973487542,1.13235625160259e-28,2.36160571307998e-91,6.5736596233223e-58,1.56119404419251e-14,1.17944379327993e-44
6.13714782066296,1.37022214227487e-28,4.23454333761376e-91,9.55236030865054e-58,1.89387930082945e-14,1.63824448249842e-44
6.1315059064505,1.6576240170335e-28,7.58682681082315e-91,1.38737221284527e-57,2.2962888829871e-14,2.27435886966881e-44
6.12586399223804,2.0047869649094e-28,1.35821385326188e-90,2.013975127177e-57,2.78278442055018e-14,3.15586259448627e-44
6.12022207802558,2.42402770568411e-28,2.4295762776956e-90,2.92209295762008e-57,3.37063260494609e-14,4.37679285827515e-44
6.11458016381313,2.93017850992776e-28,4.34257490555263e-90,4.23752981332294e-57,4.08058177837792e-14,6.06698211343965e-44
6.10893824960067,3.54109622663442e-28,7.75565524318392e-90,6.14200718344205e-57,4.93755070477547e-14,8.40559092192334e-44
6.10329633538821,4.27827333989306e-28,1.38402542933654e-89,8.89788293301912e-57,5.97145089500388e-14,1.16397217904957e-43
6.09765442117575,5.16757130710217e-28,2.46788001528636e-89,1.28837375467225e-56,7.21816784123895e-14,1.61100082966841e-43
6.09201250696329,6.24010041138521e-28,4.39701968301534e-89,1.86455786201383e-56,8.72073122252384e-14,2.22857750409837e-43
6.08637059275083,7.53327511523969e-28,7.8279343639403e-89,2.69704799701513e-56,1.0530709703967e-13,3.08133228787534e-43
6.08072867853838,9.0920795800909e-28,1.39248440000828e-88,3.89924298572931e-56,1.27098725166464e-13,4.25822045050545e-43
6.07508676432592,1.09705847947331e-27,2.47507235059259e-88,5.63443973456288e-56,1.53321677508253e-13,5.881614583058e-43
6.06944485011346,1.32337668457361e-27,4.3958195478212e-88,8.13766843482246e-56,1.8486076428573e-13,8.11977130061652e-43
6.063802935901,1.59596855159899e-27,7.80092693916728e-88,1.17470294532114e-55,2.22774121856648e-13,1.12039160593818e-42
6.05816102168854,1.92420939123929e-27,1.38327001268339e-87,1.69486432642925e-55,2.68326490701976e-13,1.54516445760552e-42
6.05251910747609,2.3193563555527e-27,2.45088035658298e-87,2.44410935889001e-55,3.23028748880738e-13,2.12989594834261e-42
6.04687719326363,2.7949225735302e-27,4.33902005135995e-87,3.52277692937908e-55,3.88684850805834e-13,2.93441057564614e-42
6.04123527905117,3.36712494488229e-27,7.67565772498806e-87,5.0749114305114e-55,4.67447527587694e-13,4.04075189416482e-42
6.03559336483871,4.05541994864214e-27,1.3567316010783e-86,7.30719345093515e-55,5.61884347706167e-13,5.56137660205144e-42
6.02995145062625,4.88314459269896e-27,2.39621994291256e-86,1.05160237213581e-54,6.75056021553693e-13,7.65034886157677e-42
6.02430953641379,5.87828292853272e-27,4.22876754922699e-86,1.5126251720515e-54,8.10609167612933e-13,1.05186253875425e-41
6.01866762220133,7.07438248203437e-27,7.45684893608153e-86,2.17465267691228e-54,9.72886150036889e-13,1.4454915296173e-41
6.01302570798888,8.51164962479955e-27,1.31386660511532e-85,3.12483649747219e-54,1.16705505690493e-12,1.98541330570426e-41
6.00738379377642,1.02382584712184e-26,2.31313830523868e-85,4.48790347157343e-54,1.39926342673411e-12,2.72561881958017e-41
6.00174187956396,1.23119145016893e-26,4.06917459133816e-85,6.44226418339731e-54,1.67681996106663e-12,3.73988393721625e-41
5.9960999653515,1.48017219790111e-26,7.15262480868644e-85,9.24298753958368e-54,2.00840919839125e-12,5.12896746479848e-41
5.99045805113904,1.77904135776449e-26,1.25625835334022e-84,1.32545509534364e-53,2.40434498699818e-12,7.03040878486306e-41
5.98481613692659,2.13770117617216e-26,2.20468667677606e-84,1.89975013754534e-53,2.87686960216795e-12,9.63185699296845e-41
5.97917422271413,2.56800046562009e-26,3.86606534093941e-84,2.72149013529058e-53,3.44050653017468e-12,1.31891949615133e-40
5.97353230850167,3.08411348459572e-26,6.7740110264228e-84,3.89669001316673e-53,4.11247631555126e-12,1.80511703355692e-40
5.96789039428921,3.70299181708999e-26,1.18597901837068e-83,5.57652645308559e-53,4.91318647087922e-12,2.46928520836069e-40
5.96224848007675,4.44490317073319e-26,2.07473440854302e-83,7.97646546287062e-53,5.8668083170115e-12,3.37610511263377e-40
5.95660656586429,5.33407363825589e-26,3.6266229917957e-83,1.14034437775318e-52,7.00195579888898e-12,4.61359511479918e-40
5.95096465165184,6.39945308252951e-26,6.33427200264689e-83,1.62944751586531e-52,8.35248385738388e-12,6.30146910986359e-40
5.94532273743938,7.67562700123875e-26,1.10546603594468e-82,2.3271455213782e-52,9.95842688798491e-12,8.60246588456977e-40
5.93968082322692,9.20390261011709e-26,1.92774016655339e-82,3.32189209140975e-52,1.18671012484986e-11,1.17376977072184e-39
5.93403890901446,1.10336020799193e-25,3.35896892559449e-82,4.73943219165819e-52,1.41343997662595e-11,1.60074331279346e-39
5.928396994802,1.32236020211453e-25,5.84814151120796e-82,6.75843158244655e-52,1.68263108281903e-11,2.18192232592232e-39
5.92275508058954,1.5844165608215e-25,1.01738225156718e-81,9.632618124195e-52,2.00207000152925e-11,2.97259463897745e-39
5.91711316637709,1.89791223795581e-25,1.76849907998902e-81,1.37221315802461e-51,2.3809398482903e-11,4.04772415543451e-39
5.91147125216463,2.27284609876361e-25,3.07170791380126e-81,1.95378886248534e-51,2.83006495228531e-11,5.50890066044769e-39
5.90582933795217,2.72114122934182e-25,5.33100871119198e-81,2.78043338156697e-51,3.36219731270677e-11,7.49372562305578e-39
5.90018742373971,3.25701145455467e-25,9.24470941983685e-81,3.95481499839198e-51,3.99235180805058e-11,1.01884812036984e-38
5.89454550952725,3.89739693591587e-25,1.6018857384211e-80,5.62236019705643e-51,4.73819823471448e-11,1.38452219956671e-38
5.88890359531479,4.66248172892245e-25,2.77347465820196e-80,7.98895495133022e-51,5.62051955082426e-11,1.88048213954976e-38
5.88326168110234,5.57630855397706e-25,4.79812177774986e-80,1.1345929832233e-50,6.6637472033699e-11,2.55280308726842e-38
5.87761976688988,6.6675088425001e-25,8.29416608896378e-80,1.61053077772459e-50,7.89658615200384e-11,3.46373161859626e-38
5.87197785267742,7.97016943809143e-25,1.43261200596803e-79,2.28495040582389e-50,9.35274420618049e-11,4.69731804110941e-38
5.86633593846496,9.52486125346277e-25,2.47251447202179e-79,3.24013676504071e-50,1.10717826036512e-10,6.36699504666014e-38
5.8606940242525,1.1379859815486e-24,4.26386548533967e-79,4.5922838065956e-50,1.31001074233868e-10,8.62576996897483e-38
5.85505211004004,1.3592593100389e-24,7.34721156228032e-79,6.50538362360854e-50,1.54921244969874e-10,1.16799248020273e-37
5.84941019582759,1.62313585187133e-24,1.26501592527682e-78,9.21076958911306e-50,1.83115840191753e-10,1.58074215571998e-37
5.84376828161513,1.9377358531421e-24,2.17632543347796e-78,1.30346009197963e-49,2.16331451280859e-10,2.1382616071241e-37
5.83812636740267,2.31271133718618e-24,3.74115825048215e-78,1.84364955810959e-49,2.55441954073368e-10,2.89094250971249e-37
5.83248445319021,2.7595319957006e-24,6.42602954692497e-78,2.60638052884279e-49,3.01469656426367e-10,3.9065814763199e-37
5.82684253897775,3.29182385820964e-24,1.10289394958863e-77,3.6827826260945e-49,3.55609863466846e-10,5.27634435890245e-37
5.82120062476529,3.9257703742509e-24,1.89138172082754e-77,5.20107555772851e-49,4.19259396617423e-10,7.1227580382832e-37
5.81555871055284,4.68058728109408e-24,3.24099990251172e-77,7.34157186667442e-49,4.94049683898344e-10,9.6104133053064e-37
5.80991679634038,5.57908467819657e-24,5.5492366461714e-77,1.03577103071931e-48,5.8188513233948e-10,1.29602910120653e-36
5.80427488212792,6.64833214253511e-24,9.49383917327128e-77,1.46055286188842e-48,6.84987600279123e-10,1.74689280289337e-36
5.79863296791546,7.92044556050757e-24,1.62294907401387e-76,2.05849404102531e-48,8.05947909784156e-10,2.35340445895368e-36
5.792991053703,9.43351769748204e-24,2.77218565347539e-76,2.89975137081486e-48,9.47785479561511e-10,3.16887933637608e-36
5.78734913949055,1.12327184634868e-23,4.73144861650911e-76,4.08273060988449e-48,1.1140173189912e-09,4.26475068248623e-36
5.78170722527809,1.33715954664742e-23,8.069011632751e-76,5.74538983341487e-48,1.30873780707171e-09,5.73667711192635e-36
5.77606531106563,1.59136108943709e-23,1.37499447251647e-75,8.08103694776479e-48,1.53671088926595e-09,7.71269184087529e-36
5.77042339685317,1.89339571759633e-23,2.34118622530833e-75,1.13603967127593e-47,1.80347656401843e-09,1.0364070700392e-35
5.76478148264071,2.25217014052134e-23,3.98313811055913e-75,1.59624193776001e-47,2.11547380309076e-09,1.39198183706046e-35
5.75913956842825,2.67823173691072e-23,6.77125497355233e-75,2.2417271424617e-47,2.48018236035857e-09,1.86859672911851e-35
5.7534976542158,3.18406744242327e-23,1.15018411953042e-74,3.14662941278391e-47,2.90628627743334e-09,2.50712746365845e-35
5.74785574000334,3.78445646897449e-23,1.95218046996605e-74,4.41455833147912e-47,3.40386229717762e-09,3.36214205059537e-35
5.74221382579088,4.49688643774961e-23,3.31075434358388e-74,6.19024354210599e-47,3.98459685435082e-09,4.50644958461231e-35
5.73657191157842,5.34204419306397e-23,5.61032924119605e-74,8.67574994176514e-47,4.66203583356164e-09,6.03714753718691e-35
5.73092999736596,6.34439454188802e-23,9.49957414232607e-74,1.21530456836907e-46,5.45187187662026e-09,8.08365697335036e-35
5.7252880831535,7.53286248434262e-23,1.60721627693828e-73,1.70153955361795e-46,6.37227469351194e-09,1.0818393574465e-34
5.71964616894105,8.94163722240877e-23,2.71705797088936e-73,2.38110080521705e-46,7.44427059392181e-09,1.44709316495471e-34
5.71400425472859,1.06111194260373e-22,4.5896322051877e-73,3.33036879716333e-46,8.69217832116376e-09,1.93467946304367e-34
5.70836234051613,1.25890369778957e-22,7.74660231347542e-73,4.65570752857882e-46,1.01441092505642e-08,2.58523701296146e-34
5.70272042630367,1.49317588037037e-22,1.30646877763054e-72,6.50515824255066e-46,1.18325411244389e-08,3.45279284342336e-34
5.69707851209121,1.77058415337705e-22,2.20161414359882e-72,9.08466370236995e-46,1.37949757521729e-08,4.60913570180057e-34
5.69143659787875,2.09898497605065e-22,3.70712965052494e-72,1.26805665882407e-45,1.60746925248867e-08,6.14960584582296e-34
5.6857946836663,2.48764977052311e-22,6.23718664954955e-72,1.76907920270116e-45,1.87216112002524e-08,8.20075582729083e-34
5.68015276945384,2.9475168359241e-22,1.04856197260237e-71,2.4668043702264e-45,2.17932792271037e-08,1.09304815556513e-33
5.67451085524138,3.49148758214562e-22,1.76138325548429e-71,3.4379610774079e-45,2.53560009271184e-08,1.45614131567951e-33
5.66886894102892,4.13477478543373e-22,2.95643285923431e-71,4.78901300199658e-45,2.9486128160592e-08,1.93886051975018e-33
5.66322702681646,4.89531188965378e-22,4.95834309786243e-71,6.66760541959983e-45,3.42715347069011e-08,2.58028943678793e-33
5.657585112604,5.79423392260084e-22,8.30920600839913e-71,9.27838907210809e-45,3.98132995231264e-08,3.43217240936266e-33
5.65194319839155,6.8564424034939e-22,1.39135154684255e-70,1.29048833458383e-44,4.62276273458426e-08,4.56298016860933e-33
5.64630128417909,8.11126872936333e-22,2.32792305300682e-70,1.79396679555972e-44,5.36480388150992e-08,6.06326962272003e-33
5.64065936996663,9.59325299514284e-22,3.89183808904624e-70,2.49260540269283e-44,6.22278664748132e-08,8.05274589008709e-33
5.63501745575417,1.13430580839386e-21,6.5012266117458e-70,3.46155692369693e-44,7.21430976941583e-08,1.06895623047293e-32
5.62937554154171,1.34085422289096e-21,1.08515116710411e-69,4.80472170320607e-44,8.35956108201374e-08,1.41825611647905e-32
5.62373362732925,1.58460171763481e-21,1.80983747442759e-69,6.66567004334626e-44,9.68168567786478e-08,1.88073766304804e-32
5.6180917131168,1.87217236639132e-21,3.01608313529021e-69,9.24268602458942e-44,1.12072044963734e-07,2.49276071864327e-32
5.61244979890434,2.21135612766034e-21,5.02228596226438e-69,1.28094771342265e-43,1.29664899673729e-07,3.30226390245768e-32
5.60680788469188,2.61131159816249e-21,8.35629884877934e-69,1.77436686817152e-43,1.49943061658642e-07,4.37241903484353e-32
5.60116597047942,3.08280359178265e-21,1.38925153951661e-68,2.45659888538771e-43,1.73304218634961e-07,5.78642847885712e-32
5.59552405626696,3.63848144954066e-21,2.30782145887731e-68,3.39941272362648e-43,2.00203059011685e-07,7.65381951684624e-32
5.58988214205451,4.29320497442169e-21,3.83069808824726e-68,4.7016722870077e-43,2.31159154676139e-07,1.01186985681758e-31
5.58424022784205,5.06442603627661e-21,6.35342693454144e-68,6.49949521635435e-43,2.66765891643043e-07,1.33705697677187e-31
5.57859831362959,5.97263523305122e-21,1.05291315532781e-67,8.98019394404192e-43,3.07700581822565e-07,1.76585071090678e-31
5.57295639941713,7.04188455611593e-21,1.74353817653541e-67,1.24013972141863e-42,3.54735905273952e-07,2.33097099113846e-31
5.56731448520467,8.3003988251724e-21,2.88486016956238e-67,1.71172634222349e-42,4.08752850258502e-07,3.07537845271908e-31
5.56167257099221,9.78129077354262e-21,4.76949580524003e-67,2.36143972324291e-42,4.70755338383754e-07,4.05545026630853e-31
5.55603065677976,1.15233971256318e-20,7.87906297987792e-67,3.25610355911502e-42,5.4188674435397e-07,5.34513165438602e-31
5.5503887425673,1.35722558706554e-20,1.30056202795081e-66,4.48743703326001e-42,6.23448544543881e-07,7.04135998120211e-31
5.54474682835484,1.59812482648532e-20,2.14507244980917e-66,6.18126468343341e-42,7.16921356050908e-07,9.27114776304326e-31
5.53910491414238,1.88129329630487e-20,3.53514520808325e-66,8.51010909787765e-42,8.23988658334778e-07,1.22008270886966e-30
5.53346299992992,2.21406041760987e-20,5.82139336957108e-66,1.17103999773317e-41,9.46563523330739e-07,1.60481086475962e-30
5.52782108571746,2.6050110973613e-20,9.57857785587949e-66,1.61059795918412e-41,1.08681871735726e-06,2.10978040158877e-30
5.52217917150501,3.06419809172337e-20,1.57481490825e-65,2.21401915598548e-41,1.2472205795969e-06,2.77223131963598e-30
5.51653725729255,3.60338982527951e-20,2.58709513042184e-65,3.04196643681148e-41,1.43056712780797e-06,3.64083076170409e-30
5.51089534308009,4.23635950649023e-20,4.246681368025e-65,4.1774020552581e-41,1.64003089265717e-06,4.77914637570285e-30
5.50525342886763,4.97922232842187e-20,6.96532446867773e-65,5.7337261722455e-41,1.87920703812256e-06,6.27016525121013e-30
5.49961151465517,5.85082864432066e-20,1.14153025046624e-64,7.86586402839036e-41,2.15216738731134e-06,8.22217007076008e-30
5.49396960044271,6.8732222839776e-20,1.86933825868826e-64,1.07853622261484e-40,2.46352104132619e-06,1.07763760653487e-29
5.48832768623026,8.07217465669225e-20,3.05874140131855e-64,1.47809330648523e-40,2.81848235409764e-06,1.4116851160925e-29
5.4826857720178,9.47780700194497e-20,5.00094439406828e-64,2.02463984416998e-40,3.2229471090321e-06,1.84833951049238e-29
5.47704385780534,1.11253151365232e-19,8.16988017522653e-64,2.77186785855241e-40,3.68357783461023e-06,2.41882513420711e-29
5.47140194359288,1.30558133493918e-19,1.33362505310955e-63,3.79294093730902e-40,4.20789929647212e-06,3.16377807823489e-29
5.46576002938042,1.53173167621745e-19,2.17523509307808e-63,5.18750408446555e-40,4.80440531386629e-06,4.13605558305557e-29
5.46011811516796,1.79658845604146e-19,3.5451372533777e-63,7.09119841818406e-40,5.48267816950934e-06,5.40437572541138e-29
5.45447620095551,2.10669500741278e-19,5.7731694396309e-63,9.68856902140031e-40,6.25352201485427e-06,7.05803027585469e-29
5.44883428674305,2.4696867820914e-19,9.3939869219005e-63,1.32305668579643e-39,7.12911181853046e-06,9.21298392725146e-29
5.44319237253059,2.89447124078872e-19,1.52735501641352e-62,1.80582674233264e-39,8.12315956540083e-06,1.20197635453498e-28
5.43755045831813,3.39143697199274e-19,2.48132949089846e-62,2.46349975135883e-39,9.25109958846716e-06,1.56736573853457e-28
5.43190854410567,3.9726967216518e-19,4.02794262734479e-62,3.35898279680172e-39,1.05302951070173e-05,2.04278936549561e-28
5.42626662989321,4.65236975503518e-19,6.53335883656563e-62,4.57764226822163e-39,1.19802682533013e-05,2.66106597265238e-28
5.42062471568076,5.4469098260753e-19,1.05887365975628e-61,6.23526241545523e-39,1.36229560981197e-05,3.46470696530172e-28
5.4149828014683,6.37548601594491e-19,1.71477117844158e-61,8.48880261256706e-39,1.5482995434533e-05,4.508750369024e-28
5.40934088725584,7.46042484176441e-19,2.77474196749848e-61,1.15509299147019e-38,1.75880393501406e-05,5.86441487670444e-28
5.40369897304338,8.72772335141685e-19,4.48635284816172e-61,1.57096415788331e-38,1.99691089137786e-05,7.62380881650905e-28
5.39805705883092,1.02076444382111e-18,7.24800775533704e-61,2.13547464125723e-38,2.26609836239211e-05,9.90599538227496e-28
5.39241514461847,1.1935407360319e-18,1.17003342428573e-60,2.9013583661593e-38,2.57026346155499e-05,1.28648006152692e-27
5.38677323040601,1.3951988469815e-18,1.88726238729735e-60,3.93991765516176e-38,2.91377050018567e-05,1.66988595658308e-27
5.38113131619355,1.63050494853652e-18,3.04173025798668e-60,5.3475115303573e-38,3.30150421391465e-05,2.16645353671731e-27
5.37548940198109,1.90500133277018e-18,4.89850446861186e-60,7.25429359701529e-38,3.73892870500216e-05,2.80925239877766e-27
5.36984748776863,2.22513106314842e-18,7.88244077452414e-60,9.83597330539195e-38,4.23215267238777e-05,3.64091848375332e-27
5.36420557355617,2.59838236123731e-18,1.26739596827349e-59,1.33296384097669e-37,4.78800155375405e-05,4.71639277209015e-27
5.35856365934372,3.03345580745451e-18,2.03619010844562e-59,1.80550298142809e-37,5.41409726052676e-05,6.10643570586834e-27
5.35292174513126,3.54045790722548e-18,3.26872754417532e-59,2.44431326963296e-37,6.11894624792387e-05,7.90213466864394e-27
5.3472798309188,4.1311251182023e-18,5.24316492951908e-59,3.30745797893838e-37,6.9120367282059e-05,1.02206820616542e-26
5.34163791670634,4.81908306058203e-18,8.40354853689932e-59,4.47312072139425e-37,7.80394590649325e-05,1.32127782110622e-26
5.33599600249388,5.62014635318525e-18,1.34581791026315e-58,6.04652311259933e-37,8.80645819522325e-05,1.70721109868985e-26
5.33035408828142,6.55266534677292e-18,2.15359627645023e-58,8.169201898769e-37,9.93269544587212e-05,2.20474882650964e-26
5.32471217406897,7.63792697905224e-18,3.44347295866464e-58,1.10314437832732e-36,0.000111972603253182,2.84583573819237e-26
5.31907025985651,8.90061807123425e-18,5.50152966697919e-58,1.48889440140367e-36,0.000126163940595397,3.6714646582098e-26
5.31342834564405,1.03693606447849e-17,8.7826310491569e-58,2.00851117212058e-36,0.000142081498696104,4.73421186195056e-26
5.30778643143159,1.20773302830946e-17,1.40094219348434e-57,2.70809204163349e-36,0.000159925835345595,6.10147506383608e-26
5.30214451721913,1.40629702235832e-17,2.23290470827008e-57,3.64948349791336e-36,0.00017991962633025,7.8596065575073e-26
5.29650260300667,1.63708157725635e-17,3.55610487552594e-57,4.91561885872523e-36,0.000202309961411314,1.01191861731893e-25
5.29086068879422,1.90524458238365e-17,5.65891706142341e-57,6.61765029464399e-36,0.000227370861981156,1.30217448112959e-25
5.28521877458176,2.2167580773396e-17,8.99801047295206e-57,8.9044733677266e-36,0.000255406039943183,1.67483330460488e-25
5.2795768603693,2.57853490035513e-17,1.4295984115938e-56,1.19754400068705e-35,0.000286751918886855,2.15304353186428e-25
5.27393494615684,2.99857474136495e-17,2.26953046460659e-56,1.6097318376222e-35,0.00032178094025335,2.76638644168341e-25
5.26829303194438,3.48613252623516e-17,3.60008184147764e-56,2.16269064771048e-35,0.000360905178914419,3.55264406483779e-25
5.26265111773192,4.05191249277725e-17,5.7061492645874e-56,2.90411683816739e-35,0.000404580294421714,4.56004746518435e-25
5.25700920351947,4.70829181660885e-17,9.03708317330593e-56,3.8977374489728e-35,0.000453309846129994,5.85013438408901e-25
5.25136728930701,5.469578214718e-17,1.43010468010178e-55,5.22865386721678e-35,0.00050765000245997,7.50137947477078e-25
5.24572537509455,6.35230660707938e-17,2.26131869729944e-55,7.01045196807156e-35,0.000568214676748868,9.61380354925037e-25
5.24008346088209,7.37558066365027e-17,3.5728116063715e-55,9.39465762683569e-35,0.000635681124443165,1.23148227462867e-24
5.23444154666963,8.56146591896689e-17,5.64043834860046e-55,1.2583304648271e-34,0.000710796038822254,1.57666672168205e-24
5.22879963245718,9.93544211467896e-17,8.89754091799647e-55,1.6845630835155e-34,0.000794382185007212,2.01757854684721e-24
5.22315771824472,1.15269235491366e-16,1.40243108177908e-54,2.25402464977195e-34,0.000887345614709417,2.5804759494922e-24
5.21751580403226,1.33698574924247e-16,2.20875456448226e-54,3.01445536310384e-34,0.000990683507011305,3.29873929820346e-24
5.2118738898198,1.55034121876422e-16,3.47590412431466e-54,4.02937667257344e-34,0.00110549268344967,4.21478074228201e-24
5.20623197560734,1.79727676304476e-16,5.46565877411512e-54,5.38326417290223e-34,0.00123297884879206,5.38245978910777e-24
5.20059006139488,2.08300242282293e-16,8.58759665171553e-54,7.18840158554612e-34,0.00137446661216061,6.87013727826468e-24
5.19494814718242,2.41352466209657e-16,1.348202593839e-53,9.59395736913753e-34,0.00153141034656674,8.76453441174723e-24
5.18930623296997,2.79576624357647e-16,2.11491577160368e-53,1.27979984009964e-33,0.00170540594847272,1.11756064605152e-23
5.18366431875751,3.23770385892797e-16,3.31501418129759e-53,1.70633827665219e-33,0.00189820356269652,1.42426946593219e-23
5.17802240454505,3.74852609954513e-16,5.19196914085476e-53,2.27387731292723e-33,0.00211172134181504,1.81422873679018e-23
5.17238049033259,4.33881472360127e-16,8.12518413015711e-53,3.02864058965645e-33,0.00234806031320652,2.30978062404297e-23
5.16673857612013,5.02075259708233e-16,1.27054109854927e-52,4.03187688662078e-33,0.00260952043099171,2.93919391745737e-23
5.16109666190768,5.80836216760391e-16,1.98517419533633e-52,5.36470197542411e-33,0.00289861789438841,3.73821745250033e-23
5.15545474769522,6.71777887816209e-16,3.09929504493281e-52,7.13448703494651e-33,0.00321810381837688,4.75203570876461e-23
5.14981283348276,7.7675645527871e-16,4.83483458108919e-52,9.4832831904411e-33,0.00357098434707689,6.03772939350218e-23
5.1441709192703,8.97906649781887e-16,7.5362398979597e-52,1.25989252858243e-32,0.00396054230485516,7.66736975661954e-23
5.13852900505784,1.03768288730498e-15,1.17376784204218e-51,1.67296592558933e-32,0.00439036048490098,9.73190777792048e-23
5.13288709084538,1.19890638097394e-15,1.82668682416757e-51,2.22034011124039e-32,0.00486434667982248,1.23460598025077e-22
5.12724517663293,1.38481908026998e-15,2.84053655602456e-51,2.9453080750134e-32,0.00538676056370546,1.56544416439048e-22
5.12160326242047,1.59914540985591e-15,4.41358064542417e-51,3.90499754943872e-32,0.00596224254003334,1.98392660691517e-22
5.11596134820801,1.84616291614494e-15,6.85229651054156e-51,5.17475291034849e-32,0.00659584467486881,2.51299969556945e-22
5.11031943399555,2.13078308428611e-15,1.06300577869192e-50,6.85389242120552e-32,0.00729306383972803,3.18154510226814e-22
5.10467751978309,2.45864376392981e-15,1.64774309619552e-50,9.07326851565969e-32,0.0080598771936164,4.02589595436847e-22
5.09903560557063,2.83621484179572e-15,2.55210050298349e-50,1.20051905591103e-31,0.00890278013871231,5.09173536076232e-22
5.09339369135818,3.27091902590255e-15,3.94966664825033e-50,1.5876441468416e-31,0.00982882688916706,6.43647244435093e-22
5.08775177714572,3.77126986394989e-15,6.10769736219159e-50,2.09853438391473e-31,0.0108456737973908,8.13221438863355e-22
5.08210986293326,4.34702941086854e-15,9.4373263490467e-50,2.77241236021132e-31,0.0119616255870009,1.02694820144652e-21
5.0764679487208,5.0093882926017e-15,1.45705127294927e-49,3.66082001795768e-31,0.013185684646274,1.29618524112978e-21
5.07082603450834,5.77117128996974e-15,2.24778667825437e-49,4.8314528203506e-31,0.0145276035404388,1.6351756819718e-21
5.06518412029588,6.64707199391845e-15,3.46489236880686e-49,6.37317615472683e-31,0.0159979409054276,2.06177173527793e-21
5.05954220608343,7.65392056820568e-15,5.33677386951977e-49,8.40258503655211e-31,0.0176081208897274,2.59833747858845e-21
5.05390029187097,8.81098920518579e-15,8.2133863306514e-49,1.10725773885961e-30,0.0193704963147034,3.27287446617579e-21
5.04825837765851,1.01403404832696e-14,1.26304870570905e-48,1.4583553075194e-30,0.0212984157271363,4.12042441958003e-21
5.04261646344605,1.16672245404666e-14,1.9407622781588e-48,1.91980351700643e-30,0.0234062945206943,5.18481626652968e-21
5.03697454923359,1.34205317779337e-14,2.97974420486777e-48,2.52597491628914e-30,0.0257096903055798,6.52084089533311e-21
5.03133263502114,1.54333087128277e-14,4.5713031452683e-48,3.32185061676378e-30,0.0282253827075884,8.19695688648345e-21
5.02569072080868,1.77433456247312e-14,7.007376594066e-48,4.36626386165924e-30,0.0309714577792674,1.02986550551402e-20
5.02004880659622,2.03938457998712e-14,1.07331028538417e-47,5.73612584352659e-30,0.033967397206625,1.29326399699743e-20
5.01440689238376,2.34341874897668e-14,1.64266695742948e-47,7.53192831719381e-30,0.037234172494959,1.62320240349357e-20
5.0087649781713,2.69207911853152e-14,2.51204924377323e-47,9.88490499844411e-30,0.0407943443166624,2.03627758618649e-20
5.00312306395884,3.09181064857721e-14,3.83849671385553e-47,1.29663468750295e-29,0.0446721672023428,2.55317215238863e-20
4.99748114974638,3.5499734739346e-14,5.86068790506609e-47,1.69997128567412e-29,0.0488936997541305,3.1996467313838e-20
4.99183923553393,4.07497057761438e-14,8.94108891374734e-47,2.22763662739796e-29,0.0534869205565933,4.00776988417662e-20
4.98619732132147,4.67639294763052e-14,1.3629710449417e-46,2.9176011978159e-29,0.0584818499561528,5.01744173672908e-20
4.98055540710901,5.36518456516008e-14,2.07604729456208e-46,3.81932241235107e-29,0.063910677874182,6.27828046747344e-20
4.97491349289655,6.15382988072123e-14,3.15967383179484e-46,4.99718615849718e-29,0.069807897812063,7.85195680620135e-20
4.96927157868409,7.05656678362514e-14,4.80509148818249e-46,6.53496926854925e-29,0.0762104471981913,9.81508138506564e-20
4.96362966447164,8.08962846329007e-14,7.30155676214001e-46,8.5416227232533e-29,0.0831578542172648,1.22627739444738e-19
4.95798775025918,9.27151800468775e-14,1.10862244679438e-45,1.11587625128996e-28,0.0906923912510234,1.53130730393674e-19
4.95234583604672,1.06233200605258e-13,1.68192360930593e-45,1.45703672607111e-28,0.0988592350468623,1.91123812375212e-19
4.94670392183426,1.21690545068134e-13,2.54966582687353e-45,1.90153260682976e-28,0.107706633716341,2.38421853419467e-19
4.9410620076218,1.39360776241328e-13,3.86202122852379e-45,2.48036657029439e-28,0.117286080649433,2.97273457209449e-19
4.93542009340934,1.59555370631383e-13,5.84521442425092e-45,3.23375249007935e-28,0.127652495412421,3.70463156043987e-19
4.92977817919689,1.82628876594667e-13,8.83976327979973e-45,4.21382501683911e-28,0.1388644116774,4.61437328964149e-19
4.92413626498443,2.08984760715309e-13,1.33578087208024e-44,5.48813811627469e-28,0.150984172209529,5.74459269383127e-19
4.91849435077197,2.39082032370882e-13,2.01689924056032e-44,7.14417989791913e-28,0.164078130914189,7.14800047147161e-19
4.91285243655951,2.73442747949893e-13,3.04289931084424e-44,9.29519587314992e-28,0.178216861920204,8.88973300679845e-19
4.90721052234705,3.12660509128191e-13,4.58717552509051e-44,1.20876958581531e-27,0.193475375647017,1.10502391448358e-18
4.90156860813459,3.57410084167292e-13,6.90967359340803e-44,1.57111261803124e-27,0.209933341773205,1.3728827570985e-18
4.89592669392214,4.08458297562752e-13,1.03997788249203e-43,2.04103251520708e-27,0.227675318991015,1.70480236114547e-18
4.89028477970968,4.66676351763994e-13,1.56402997174562e-43,2.65015542277579e-27,0.246790991396417,2.11589172514396e-18
4.88464286549722,5.33053765353916e-13,2.35028450063251e-43,3.43931204099878e-27,0.267375411326761,2.62477243341902e-18
4.87900095128476,6.08714135290823e-13,3.52898814188238e-43,4.46118907624658e-27,0.289529248418205,3.25438317937312e-18
4.8733590370723,6.94932956882963e-13,5.29461467098224e-43,5.78373644200483e-27,0.313359044612874,4.03296572479049e-18
4.86771712285984,7.931577644294e-13,7.93730219769754e-43,7.49454330220701e-27,0.338977474801017,4.99527255870681e-18
4.86207520864739,9.05030888300576e-13,1.18895623740131e-42,9.70645546913025e-27,0.366503612736308,6.18404530570339e-18
4.85643329443493,1.03241516107648e-12,1.77956239892444e-42,1.25647824683725e-26,0.39606320181323,7.65182360384018e-18
4.85079138022247,1.17742294668074e-12,2.66142951701053e-42,1.62565392272951e-26,0.427788930243387,9.46315712341276e-18
4.84514946601001,1.34244891278112e-12,3.97714215958923e-42,2.10222904952255e-26,0.461820710113961,1.16973091078855e-17
4.83950755179755,1.53020701865692e-12,5.93856695731894e-42,2.71713229486686e-26,0.498305959755023,1.44515588646565e-17
4.83386563758509,1.74377224892393e-12,8.86026267672813e-42,3.51010695818266e-26,0.537399888784266,1.78452337111269e-17
4.82822372337264,1.98662768869157e-12,1.32088781699192e-41,4.53219649735291e-26,0.579265785137346,2.20246288282623e-17
4.82258180916018,2.26271760872229e-12,1.96761293460419e-41,5.84892329719329e-26,0.624075303329843,2.71690072974307e-17
4.81693989494772,2.5765073108826e-12,2.92865220934813e-41,7.54435187464792e-26,0.672008753133035,3.34979135092802e-17
4.81129798073526,2.93305057563054e-12,4.35562346661005e-41,9.72627984217156e-26,0.723255387780025,4.12800825934611e-17
4.8056560665228,3.33806565560885e-12,6.47272647280971e-41,1.25328661211849e-25,0.77801369075224,5.0844288276607e-17
4.80001415231034,3.79802087385714e-12,9.611221316684e-41,1.61410898495506e-25,0.836491660128081,6.25925437361697e-17
4.79437223809789,4.32023101312208e-12,1.42601567054396e-40,2.0777539880832e-25,0.898907089406791,7.70161571034798e-17
4.78873032388543,4.91296582578101e-12,2.11409459266737e-40,2.67321696858895e-25,0.965487843650995,9.4715248307752e-17
4.78308840967297,5.5855721537314e-12,3.13169118567011e-40,3.437582335367e-25,1.03647212972147,1.16422460572139e-16
4.77744649546051,6.34861132614971e-12,4.63540667375517e-40,4.41825547213165e-25,1.11210875930775,1.4303175241992e-16
4.77180458124805,7.21401370242107e-12,6.8556896708948e-40,5.67580353804375e-25,1.19265740338828,1.75633339727228e-16
4.7661626670356,8.19525245015477e-12,1.01313858759188e-39,7.28756934380084e-25,1.27838883668494,2.15556078395e-16
4.76052075282314,9.30753889664364e-12,1.49603226474292e-39,9.35226623749197e-25,1.36958517060836,2.64418844052018e-16
4.75487883861068,1.05680420693264e-11,2.20733098910918e-39,1.1995817193935e-24,1.46654007312383,3.24192784741362e-16
4.74923692439822,1.19961353499875e-11,3.25423085190237e-39,1.53787710651897e-24,1.56955897390242,3.97276706410816e-16
4.74359501018576,1.36136735121744e-11,4.79384130342545e-39,1.97057169773139e-24,1.67895925305934,4.8658831190913e-16
4.7379530959733,1.54453037955899e-11,7.05624001868339e-39,2.52372288693508e-24,1.7950704117214,5.95674567216314e-16
4.73231118176085,1.75188150994262e-11,1.03780900359168e-38,3.23050120889611e-24,1.91823422260814,7.28845131847106e-16
4.72666926754839,1.98655298536513e-11,1.5251618046596e-38,4.13311002158419e-24,2.04880485875883,8.91333585259401e-16
4.72102735333593,2.2520743658473e-11,2.23959146654971e-38,5.28521721942272e-24,2.18714899848702,1.08949213326445e-15
4.71538543912347,2.55242183736524e-11,3.28606450841498e-38,6.75503390910703e-24,2.33364590460115,1.33102661833838e-15
4.70974352491101,2.89207349975553e-11,4.81767792313574e-38,8.6292100971858e-24,2.4886874758897,1.62528002159516e-15
4.70410161069855,3.27607134081746e-11,7.05754795468782e-38,1.10177615792702e-23,2.65267826883608,1.98357427506153e-15
4.6984596964861,3.71009068529177e-11,1.03305705998124e-37,1.40602976723992e-23,2.8260354875013,2.41962215194214e-15
4.69281778227364,4.20051799796432e-11,1.51094682183605e-37,1.79338890547944e-23,3.00918893949172,2.95002333049594e-15
4.68717586806118,4.75453802082149e-11,2.20814936128484e-37,2.2863002344388e-23,3.20258095591737,3.59486150601372e-15
4.68153395384872,5.38023133604957e-11,3.22449798550616e-37,2.91320376210088e-23,3.40666627323925,4.37842274059608e-15
4.67589203963626,6.08668357094898e-11,4.70489754913249e-37,3.71011424456207e-23,3.62191187490994,5.33005919322761e-15
4.6702501254238,6.88410759883716e-11,6.85950266430467e-37,4.72261479988727e-23,3.84879679072255,6.48522708287997e-15
4.66460821121135,7.78398024322535e-11,9.99285267131547e-37,6.00836884086006e-23,4.08781185180596,7.88673334694961e-15
4.65896629699889,8.79919516259116e-11,1.45459046707467e-36,7.64028339485904e-23,4.33945939923662,9.58623213405839e-15
4.65332438278643,9.9442337817101e-11,2.11566249247949e-36,9.71049060000574e-23,4.60425294427872,1.16460202124838e-14
4.64768246857397,1.12353563447532e-10,3.07472609457116e-36,1.23353563187925e-22,4.88271677832076,1.41411898176337e-14
4.64204055436151,1.26908153973296e-10,4.46499398036654e-36,1.56617774724338e-22,5.17538553063821,1.71622086806683e-14
4.63639864014905,1.43310942618093e-10,6.47872758042156e-36,1.9875095455428e-22,5.48280367219255,2.0818010302161e-14
4.6307567259366,1.6179173355176e-10,9.39318676303357e-36,2.52090350505803e-22,5.80552496376375,2.52396933444846e-14
4.62511481172414,1.82608275142798e-10,1.3607883829396e-35,3.1958180616205e-22,6.14411184681608,3.05849477681391e-14
4.61947289751168,2.06049578428643e-10,1.96980223487709e-35,4.04936289059048e-22,6.49913477561202,3.70433475648305e-14
4.61383098329922,2.32439619816319e-10,2.84910894244051e-35,5.12826168419406e-22,6.87117148921523,4.48426762726209e-14
4.60818906908676,2.62141471307884e-10,4.11765430598807e-35,6.4913120500027e-22,7.26080622216649,5.42564826357627e-14
4.6025471548743,2.95561906281788e-10,5.94627660210973e-35,8.21246678964332e-22,7.66862885276885,6.56131006634198e-14
4.59690524066185,3.33156534099951e-10,8.58014700770532e-35,1.03846914560795e-21,8.0952339880865,7.93064119691375e-14
4.59126332644939,3.75435522602209e-10,1.23708274002879e-34,1.31247911761994e-21,8.5412199849428,9.58086798361e-14
4.58562141223693,4.2296997395117e-10,1.7822029717107e-34,1.65794470477905e-21,9.00718790639651,1.1568584535942e-13
4.57997949802447,4.76399026363404e-10,2.56548793485235e-34,2.09327611822826e-21,9.49374041338327,1.39615747916371e-13
4.57433758381201,5.36437762074893e-10,3.69009193935942e-34,2.64156823919224e-21,10.0014805914276,1.68409817042586e-13
4.56869566959956,6.0388601051501e-10,5.30345385291861e-34,3.33177749766559e-21,10.5310107125657,2.03038882812273e-13
4.5630537553871,6.7963814518469e-10,7.61613789965622e-34,4.20019052029982e-21,11.082930932862,2.44663869684174e-13
4.55741184117464,7.6469398324145e-10,1.09286168636418e-33,5.29225590036781e-21,11.6578379261587,2.94672277583738e-13
4.55176992696218,8.60170908384103e-10,1.56693145824442e-33,6.66486764719116e-21,12.2563234549658,3.5472151737048e-13
4.54612801274972,9.67317350411304e-10,2.24485966049227e-33,8.38921016490737e-21,12.8789728796761,4.26790360022643e-13
4.54048609853726,1.08752776891811e-09,3.21353318609327e-33,1.05543009476217e-20,13.5263636075769,5.13239984802717e-13
4.53484418432481,1.22235930412237e-09,4.59653720562161e-33,1.32713997368966e-20,14.1990634834244,6.16886377115315e-13
4.52920227011235,1.37355027492003e-09,6.56951286574267e-33,1.66794931155775e-20,14.8976291236548,7.41086138459466e-13
4.52356035589989,1.54304072310817e-09,9.38188169925022e-33,2.09521131878619e-20,15.6226041966118,8.89838136646457e-13
4.51791844168743,1.73299522345738e-09,1.33875508837288e-32,2.63058103040638e-20,16.3745176514884,1.06790385342972e-12
4.51227652747497,1.94582820214458e-09,1.90882763481683e-32,3.30106754115123e-20,17.1538818990028,1.28094978949429e-12
4.50663461326251,2.18423203117534e-09,2.71948514156049e-32,4.14034008406729e-20,17.961190947149,1.53571587573354e-12
4.50099269905006,2.45120819405259e-09,3.87133776370956e-32,5.19034832020462e-20,18.7969184956924,1.8402145292565e-12
4.4953507848376,2.7501018483245e-09,5.50667993711082e-32,6.50333135182377e-20,19.6615159934004,2.20396579929422e-12
4.48970887062514,3.08464014403659e-09,7.82659755578583e-32,8.14430738015045e-20,20.5554106623314,2.63827499147125e-12
4.48406695641268,3.45897469379862e-09,1.11150281828752e-31,1.0194157342056e-19,21.4790034938193,3.15656026122148e-12
4.47842504220022,3.87772863048132e-09,1.57725724399633e-31,1.27534421847778e-19,22.4326672211137,3.77473895450405e-12
4.47278312798776,4.34604873281025e-09,2.23639694536318e-31,1.59471257822657e-19,23.4167442739467,4.51168297655682e-12
4.46714121377531,4.8696631477036e-09,3.16847034910221e-31,1.99304152153498e-19,24.4315447205993,5.3897552221408e-12
4.46149929956285,5.45494529150975e-09,4.48543741563404e-31,2.48959788846098e-19,25.4773442033372,6.43544114397389e-12
4.45585738535039,6.10898457078041e-09,6.34474763885488e-31,3.10828627182667e-19,26.5543818733674,7.68009191654045e-12
4.45021547113793,6.83966462734655e-09,8.96764280652127e-31,3.87874980399932e-19,27.6628583317384,9.16079842417638e-12
4.44457355692547,7.65574988276789e-09,1.26647507558064e-30,4.83772844751185e-19,28.8029335828579,1.09214185275934e-11
4.43893164271301,8.56698123427868e-09,1.78718450459796e-30,6.03073412558845e-19,29.9747250075468,1.30137838137703e-11
4.43328972850056,9.58418183875835e-09,2.51997673156123e-30,7.5141154890838e-19,31.1783053627599,1.54991163933371e-11
4.4276478142881,1.07193740137007e-08,3.5504064049696e-30,9.35760158104625e-19,32.4137008153077,1.84496913728415e-11
4.42200590007564,1.19859083853646e-08,4.99820429451392e-30,1.16474337883373e-18,33.6808890170895,2.19507865067153e-11
4.41636398586318,1.33986065250531e-08,7.03079338776289e-30,1.44902200628823e-18,34.9797972294976,2.61029673520962e-11
4.41072207165072,1.49739184356586e-08,9.88209592521538e-30,1.8017675426832e-18,36.3103005047847,3.10247641546877e-11
4.40508015743826,1.67300963831516e-08,1.38786809557215e-29,2.23924494283426e-18,37.6722199322785,3.6855805853097e-11
4.39943824322581,1.86873867126089e-08,1.94760874860966e-29,2.78152859224731e-18,39.0653209574071,4.37604871950961e-11
4.39379632901335,2.08682414467649e-08,2.73092415380864e-29,3.453381505469e-18,40.4893117815328,5.1932257232885e-11
4.38815441480089,2.32975516381224e-08,3.82623780127416e-29,4.28533437316666e-18,41.9438418506015,6.15986316592e-11
4.38251250058843,2.60029046346775e-08,5.35659331454699e-29,5.31500917302628e-18,43.428500440594,7.30270478525281e-11
4.37687058637597,2.90148676256938e-08,7.49306999513906e-29,6.58874190140107e-18,44.9428153477038,8.65317004506039e-11
4.37122867216352,3.23673000592217e-08,1.04733423950076e-28,8.16357095399597e-18,46.4862516910758,1.02481517147866e-10
4.36558675795106,3.60976977688363e-08,1.46273351311166e-28,1.01096722373778e-17,48.0582108358072,1.2130945965047e-10
4.3599448437386,4.02475719151734e-08,2.04126561341879e-28,1.25133397758504e-17,49.6580294437529,1.43523363820409e-10
4.35430292952614,4.48628661401429e-08,2.84634949957722e-28,1.54806320510736e-17,51.2849786594692,1.69718566567375e-10
4.34866101531368,4.99944156503319e-08,3.96580475758461e-28,1.91418303725809e-17,52.9382634383934,2.00592605653602e-10
4.34301910110122,5.569845229329e-08,5.52114091442304e-28,2.36568871887177e-17,54.6170220240784,2.36962323004583e-10
4.33737718688877,6.20371600685458e-08,7.68034505962715e-28,2.92220805703286e-17,56.3203255809869,2.79783753212972e-10
4.33173527267631,6.90792859269909e-08,1.06754706664717e-27,3.60781375328861e-17,58.0471779890004,3.301752376477e-10
4.32609335846385,7.69008111604404e-08,1.4826810252523e-27,4.45201450918439e-17,59.7965158054015,3.89444272032013e-10
4.32045144425139,8.55856891709592e-08,2.05760888655543e-27,5.4909635999739e-17,61.5672083996789,4.59118672781912e-10
4.31480953003893,9.5226655939926e-08,2.85320071104498e-27,6.768931843263e-17,63.3580582660228,5.40982736217407e-10
4.30916761582647,1.05926120093762e-07,3.95326766307631e-27,8.34010184134631e-17,65.1678015179056,6.37119166588329e-10
4.30352570161402,1.17797140090169e-07,5.47311428303309e-27,1.02707524008047e-16,66.9951085686001,7.49957665521729e-10
4.29788378740156,1.30964496730082e-07,7.57124350195753e-27,1.26419165542996e-16,68.8385850009354,8.82331209078577e-10
4.2922418731891,1.45565869940556e-07,1.04653633758394e-26,1.55526141360527e-16,70.6967726290008,1.03754119145697e-09
4.28659995897664,1.61753129577406e-07,1.44542583436407e-26,1.91237810045382e-16,72.5681507538895,1.21943278916595e-09
4.28095804476418,1.79693750868623e-07,1.99476488951539e-26,2.35030424952322e-16,74.4511376149348,1.4324820992392e-09
4.27531613055172,1.99572366066008e-07,2.75069236227492e-26,2.88705093999135e-16,76.3440920372181,1.68189683317742e-09
4.26967421633927,2.21592464899113e-07,3.79006564314517e-26,3.54458117575496e-16,78.2453152754508,1.97373260866863e-09
4.26403230212681,2.45978257538603e-07,5.2180213004755e-26,4.34966302628275e-16,80.1530530536151,2.31502717809758e-09
4.25839038791435,2.72976714982724e-07,7.17826306081341e-26,5.33490386567279e-16,82.0654977990336,2.71395527135083e-09
4.25274847370189,3.02859803087857e-07,9.86704934193168e-26,6.54000348586304e-16,83.9807910688028,3.18000711600884e-09
4.24710655948943,3.35926927879987e-07,1.35521949267145e-25,8.0132715981932e-16,85.8970261657714,3.724194136956e-09
4.24146464527697,3.7250761131735e-07,1.85988627992117e-25,9.81346453144143e-16,87.8122509405131,4.35928583680016e-09
4.23582273106452,4.12964418333448e-07,2.55045435360511e-25,1.20120070907452e-15,89.7244707749617,5.100082426204e-09
4.23018081685206,4.57696157785526e-07,3.49464556792899e-25,1.46956789265432e-15,91.6316517426493,5.96372841825151e-09
4.2245389026396,5.07141381875085e-07,4.78457244065774e-25,1.79698608122965e-15,93.5317239397173,6.97007313332532e-09
4.21889698842714,5.61782210706744e-07,6.54542053826668e-25,2.1962455464657e-15,95.4225849801386,8.14208489195276e-09
4.21325507421468,6.22148510920793e-07,8.94718465397567e-25,2.68286205798584e-15,97.3021036478517,9.50632661534445e-09
4.20761316000223,6.88822459786109e-07,1.22205196947969e-24,3.2756479343578e-15,99.1681236977868,1.1093501621092e-08
4.20197124578977,7.62443528788333e-07,1.66781311171386e-24,3.99740066770321e-15,101.018467797077,1.29390796106447e-08
4.19632933157731,8.43713923605685e-07,2.27436168886027e-24,4.87573289545281e-15,102.850941597047,1.50840142135153e-08
4.19068741736485,9.33404520450436e-07,3.09903244654891e-24,5.94407221099604e-15,104.663337925944,1.75755650006793e-08
4.18504550315239,1.03236134208128e-06,4.21936568790824e-24,7.24286494181712e-15,106.453441091726,2.04682386285321e-08
4.17940358893993,1.14151262038083e-06,5.74014243993249e-24,8.82102475457714e-15,108.219031283664,2.38248657500235e-08
4.17376167472747,1.2618764962612e-06,7.80283888461998e-24,1.07376749797079e-14,109.957889060907,2.77178325589475e-08
4.16811976051502,1.39456941182883e-06,1.05983214339777e-23,1.30642431304931e-14,111.667799915703,3.22304883478218e-08
4.16247784630256,1.54081525423163e-06,1.43838790549915e-23,1.58869775164032e-14,113.346558898443,3.74587532939731e-08
4.1568359320901,1.70195531544498e-06,1.9506055658688e-23,1.93099694649418e-14,114.991975291287,4.35129538806516e-08
4.15119401787764,1.87945913746028e-06,2.64312322143642e-23,2.34587808822109e-14,116.601877316743,5.05199169533267e-08
4.14555210366518,2.07493631793708e-06,3.5786554922774e-23,2.84847961871767e-14,118.17411686724,5.86253574530122e-08
4.13991018945273,2.29014935740588e-06,4.84146640135142e-23,3.45704406255722e-14,119.706574241443,6.79965994118022e-08
4.13426827524027,2.52702763558266e-06,6.54468157571655e-23,4.19354342892851e-14,121.197162872845,7.88256748991636e-08
4.12862636102781,2.78768261131632e-06,8.8400498025439e-23,5.08442836438497e-14,122.643834035987,9.13328513362034e-08
4.12298444681535,3.07442434816933e-06,1.1930963559446e-22,6.16152509553838e-14,124.044581515558,1.05770644021369e-07
4.11734253260289,3.38977947565801e-06,1.60898121129106e-22,7.46310878373718e-14,125.397446223554,1.2242837791439e-07
4.11170061839043,3.73651070480362e-06,2.16810896144951e-22,9.03518735407945e-14,126.700520749697,1.41637370794809e-07
4.10605870417798,4.11763802589028e-06,2.91921412084125e-22,1.09330363161904e-13,127.951953830382,1.6377681894406e-07
4.10041678996552,4.53646172625194e-06,3.92740377747983e-22,1.32230327499292e-13,129.149954721519,1.89280476604674e-07
4.09477487575306,4.99658737654678e-06,5.2795870819079e-22,1.59848457047586e-13,130.292797460877,2.18644231765107e-07
4.0891329615406,5.50195294537989e-06,7.09168137581729e-22,1.93140510155019e-13,131.378825005727,2.52434693435829e-07
4.08349104732814,6.05685821435496e-06,9.51816837285624e-22,2.33252512745024e-13,132.406453231949,2.91298919666513e-07
4.07784913311568,6.66599667871274e-06,1.27647562713477e-21,2.81557967799438e-13,133.374174781082,3.35975431263905e-07
4.07220721890323,7.3344901327296e-06,1.71051433690298e-21,3.39702211257109e-13,134.280562742282,3.87306673682139e-07
4.06656530469077,8.06792615402746e-06,2.29031933419148e-21,4.09655262078795e-13,135.124274156572,4.46253109062161e-07
4.06092339047831,8.87239871698789e-06,3.06422448999271e-21,4.93774763838143e-13,135.904053331385,5.13909142108495e-07
4.05528147626585,9.75455218260025e-06,4.09638190867012e-21,5.94880910222955e-13,136.618734953915,5.91521107639319e-07
4.04963956205339,1.07216289303985e-05,5.47186951700163e-21,7.16345595398084e-13,137.2672469925,6.80507574485475e-07
4.04399764784093,1.17815209177152e-05,7.30342517650357e-21,8.62198441846699e-13,137.848613375922,7.82482250223024e-07
4.03835573362848,1.29428254723846e-05,9.74031796965452e-21,1.03725284430667e-12,138.361956441238,8.99279804306145e-07
4.03271381941602,1.42149056473475e-05,1.29800253054585e-20,1.24725574196324e-12,138.80649914157,1.03298496385682e-06
4.02707190520356,1.5607955489413e-05,1.72835906421946e-20,1.49906550766367e-12,139.181567006072,1.18596527702419e-06
4.0214299909911,1.71330705998383e-05,2.29958053918414e-20,1.80086314082457e-12,139.486589845143,1.36090798385071e-06
4.01578807677864,1.88023243914611e-05,3.05717086813054e-20,2.16240289131396e-12,139.721103194874,1.56086148439975e-06
4.01014616256619,2.06288504759752e-05,4.06113543473513e-20,2.59530955005739e-12,139.884749495591,1.78928194898469e-06
4.00450424835373,2.2626931645684e-05,5.39053871996877e-20,3.11343094795159e-12,139.977279000308,2.0500856761999e-06
3.99886233414127,2.48120959467894e-05,7.14947407403589e-20,3.733255742506e-12,139.998550409866,2.34770787164457e-06
3.99322041992881,2.72012203761212e-05,9.47487685378417e-20,4.47440838211547e-12,139.948531232501,2.68716859435482e-06
3.98757850571635,2.98126427702717e-05,1.25467418896931e-19,5.36023526865995e-12,139.827297866541,3.07414669966741e-06
3.98193659150389,3.26662824955048e-05,1.66014744489775e-19,6.41849864613388e-12,139.635035405962,3.51506269723637e-06
3.97629467729144,3.57837705887189e-05,2.19493217530661e-19,7.68219769178203e-12,139.372037169475,4.01717154198017e-06
3.97065276307898,3.91885900442461e-05,2.89971141523654e-19,9.19053975358365e-12,139.038703954835,4.58866648467042e-06
3.96501084886652,4.29062269885404e-05,3.8277909872773e-19,1.09900887539401e-11,138.635543021019,5.23879522858012e-06
3.95936893465406,4.69643335350035e-05,5.0489608766227e-19,1.31361225695995e-11,138.16316680189,5.97798977005003e-06
3.9537270204416,5.13929031644295e-05,6.65452094904215e-19,1.56942368257949e-11,137.622291355919,6.81801144503671e-06
3.94808510622914,5.62244595330345e-05,8.76381705330485e-19,1.87422391530801e-11,137.013734557453,7.77211286179348e-06
3.94244319201669,6.14942596698977e-05,1.15327349220075e-18,2.23723857179424e-11,136.338414035925,8.85521857299627e-06
3.93680127780423,6.72405125890854e-05,1.51647299402259e-18,2.66940209514899e-11,135.597344870272,1.00841265301476e-05
3.93115936359177,7.35046144089168e-05,1.99251391376514e-18,3.18366920966891e-11,134.791637046677,1.14777325703446e-05
3.92551744937931,8.03314011419516e-05,2.61597383763791e-18,3.79538227457365e-11,133.922492688537,1.30572804119519e-05
3.91987553516685,8.77694203945642e-05,3.43187863609446e-18,4.52270442634115e-11,132.991203068336,1.48466398829588e-05
3.91423362095439,9.58712232945517e-05,4.49881553436025e-18,5.38713012619209e-11,131.999145411822,1.6872616375485e-05
3.90859170674194,0.000104693678049397,5.89296087077177e-18,6.41408675432973e-11,130.947779505538,1.91652948138392e-05
3.90294979252948,0.000114298306626716,7.71328767420975e-18,7.63364326660108e-11,129.838644119432,2.17584217436191e-05
3.89730787831702,0.000124751646142326,1.00882940658128e-17,9.08134471184752e-11,128.673353256771,2.46898294976022e-05
3.89166596410456,0.000136125636640536,1.31846908303381e-17,1.07991946689524e-10,127.453592244171,2.80019067727743e-05
3.8860240498921,0.000148498037055803,1.72186113259898e-17,1.28368114827871e-10,126.181113674977,3.17421203640216e-05
3.88038213567964,0.000161952871255266,2.24700669015206e-17,1.52527886529514e-10,124.85773321964,3.59635932462397e-05
3.87474022146719,0.00017658090617787,2.9301576001296e-17,1.81162949693688e-10,123.485325317091,4.07257446803636e-05
3.86909830725473,0.000192480164208346,3.81821577365524e-17,2.15089561241034e-10,122.065818761389,4.60949985428646e-05
3.86345639304227,0.000209756472053233,4.97182169586384e-17,2.55270667105091e-10,120.601192198158,5.21455666453406e-05
3.85781447882981,0.000228524048521878,6.46932783391537e-17,3.02841899257106e-10,119.093469545466,5.89603144239757e-05
3.85217256461735,0.000248906133758178,8.41190779211395e-17,3.59142121265691e-10,117.544715353941,6.66317170409736e-05
3.84653065040489,0.000271035662618858,1.09301225662616e-16,4.25749308931672e-10,115.957030120918,7.52629146547903e-05
3.84088873619244,0.000295055985051867,1.41923554640275e-16,5.04522687079628e-10,114.33254557343,8.49688763865966e-05
3.83524682197998,0.000321121636494133,1.84156426827641e-16,5.976522009004e-10,112.673419934739,9.58776833403891e-05
3.82960490776752,0.000349399161481697,2.38795742122573e-16,7.07716584133855e-10,110.98183318902,0.000108131941927213
3.82396299355506,0.000380067993847791,3.09441286739826e-16,8.37751501299427e-10,109.259982358551,0.000121890339704027
3.8183210793426,0.000413321397075514,4.00725474713061e-16,9.91329492292469e-10,107.510076807566,0.000137329356968592
3.81267916513014,0.000449367468572313,5.18606630111017e-16,1.17265374098979e-09,105.734333586606,0.000154645148457762
3.80703725091769,0.000488430211843183,6.70744917503652e-16,1.38666803205167e-09,103.934972830835,0.000174055610681618
3.80139533670523,0.000530750680759342,8.669840977863e-16,1.63918566002325e-09,102.114213225413,0.000195802651694682
3.79575342249277,0.000576588200348794,1.11996877836505e-15,1.93704052160026e-09,100.274267550541,0.00022015468146208
3.79011150828031,0.000626221668775517,1.44593514257219e-15,2.28826416655106e-09,98.4173383183243,0.000247409342427769
3.78446959406785,0.000679950945424951,1.86572379924616e-15,2.70229321807496e-09,96.5456135130426,0.000277896501438229
3.77882767985539,0.000738098330275585,2.4060770535862e-15,3.19021231418838e-09,94.6612624458646,0.000311981525823051
3.77318576564294,0.000801010140009951,3.10130041903197e-15,3.76503858531544e-09,92.7664317344274,0.000350068868188301
3.76754385143048,0.000869058386603537,3.99539066711242e-15,4.44205468962718e-09,90.8632414170687,0.000392605986344051
3.76190193721802,0.000942642564427361,5.14476156528386e-15,5.23919860002582e-09,88.953781210837,0.00044008762676864
3.75626002300556,0.00102219155220965,6.62173550882142e-15,6.17751970189571e-09,87.0401069217144,0.000493060502113885
3.7506181087931,0.00110816563652421,8.51901686837472e-15,7.2817123499764e-09,85.124237014782,0.000552128395481759
3.74497619458065,0.00120105866380842,1.09554240907855e-14,8.58073988200358e-09,83.2081493513316,0.000617957726558775
3.73933428036819,0.00130140032826189,1.40832363330285e-14,1.01085642378012e-08,81.2937780991914,0.000691283617183278
3.73369236615573,0.00140975860333911,1.80976117479864e-14,1.19049988335034e-08,79.3830108217856,0.000772916496547627
3.72805045194327,0.00152674232492478,2.32486650268299e-14,1.40167052472196e-08,77.4776857506952,0.000863749289004885
3.72240853773081,0.00165300393467006,2.98569599016511e-14,1.64983576490386e-08,75.579589245734,0.000964765230362242
3.71676662351835,0.0017892423923722,3.83333889664861e-14,1.94140028289895e-08,73.6904534457981,0.00107704636160388
3.7111247093059,0.00193620626669743,4.92046925319104e-14,2.28386482269583e-08,71.8119541130008,0.00120178275219635
3.70548279509344,0.00209469701398095,6.31462285790891e-14,2.68601156472002e-08,69.9457086718596,0.00134028250849361
3.69984088088098,0.00226557245528414,8.10240708724572e-14,3.1581204460399e-08,68.093274444577,0.00149398262627574
3.69419896666852,0.00244975046235216,1.03949112501051e-13,3.71222151888084e-08,66.2561470827382,0.0016644607501285
3.68855705245606,0.00264821286359275,1.33346627070194e-13,4.36238925849089e-08,64.4357591950467,0.00185344790619925
3.6829151382436,0.00286200958168842,1.71045740537469e-13,5.12508568235874e-08,62.6334791700473,0.00206284227884697
3.67727322403115,0.0030922630149628,2.1939455927624e-13,6.0195602430008e-08,60.8506101921192,0.00229472410584146
3.67163130981869,0.00334017267514328,2.81408369593612e-13,7.06831572868731e-08,59.088389448399,0.00255137177105251
3.66598939560623,0.00360702009470068,3.60960480668895e-13,8.29765087657998e-08,57.3479875236773,0.0028352791780059
3.66034748139377,0.00389417401749799,4.63028068700319e-13,9.73829210054961e-08,55.6305079797464,0.00314917449225832
3.65470556718131,0.00420309588704797,5.94008978057234e-13,1.14261286954917e-07,53.9369871151218,0.00349604034525775
3.64906365296885,0.00453534564726124,7.62130081404524e-13,1.3403068140159e-07,52.2683939005489,0.00387913559719788
3.6434217387564,0.00489258787116174,9.7797379898339e-13,1.5718030725793e-07,50.6256300852284,0.00430201876133693
3.63777982454394,0.00527659823365736,1.25515711854324e-12,1.84281057388498e-07,49.0095304682419,0.00476857319732331
3.63213791033148,0.00568927034507705,1.61120744459478e-12,2.15998948806023e-07,47.4208633292534,0.00528303418623921
3.62649599611902,0.00613262296282159,2.06869248453158e-12,2.53110725800983e-07,45.8603310121897,0.00585001800532246
3.62085408190656,0.00660880759912676,2.65667797856622e-12,2.96521974246597e-07,44.3285706552592,0.0064745531256471
3.6152121676941,0.00712011654359715,3.41260846289781e-12,3.47288141787216e-07,42.8261550603774,0.00716211366140464
3.60957025348165,0.00766899131984426,4.38473378183307e-12,4.0663891883821e-07,41.353593694798,0.0079186552048234
3.60392833926919,0.00825803159624445,5.63523947541474e-12,4.76006504392267e-07,39.9113338175302,0.00875065318615621
3.59828642505673,0.00889000457152755,7.24428468860204e-12,5.57058359779484e-07,38.4997617229299,0.00966514390354336
3.59264451084427,0.00956785485660981,9.31520971457284e-12,6.51735144167667e-07,37.1192040937054,0.0106697683728824
3.58700259663181,0.0102947148747939,1.1981250315983e-11,7.62294629298218e-07,35.7699294554636,0.0117728191530765
3.58136068241935,0.0110739158031791,1.54141921691278e-11,8.91362509520693e-07,34.4521497248408,0.0129832903071692
3.5757187682069,0.0119089990788461,1.98355220009558e-11,1.04199115863014e-06,33.1660218432237,0.0143109306648439
3.57007685399444,0.0128037284941085,2.55307896694936e-11,1.21772753959803e-06,31.911649488048,0.0157663005565598
3.56443493978198,0.0137621029058562,3.28680969955146e-11,1.42269164957366e-06,30.6890848536898,0.0173608321941462
3.55879302556952,0.014788369584744,4.23218865131543e-11,1.66166708338906e-06,29.498330494016,0.0191068938769507
3.55315111135706,0.0158870382307128,5.4503531544121e-11,1.94020552744991e-06,28.3393412187409,0.0210178582065844
3.54750919714461,0.0170628956820604,7.02006471397958e-11,2.2647472559472e-06,27.2120260358479,0.0231081744968667
3.54186728293215,0.018321021346004,9.04275734536397e-11,2.64275999682429e-06,26.1162501324741,0.025393445568702
3.53622536871969,0.019666803379392,1.164901591695e-10,3.08289887040154e-06,25.051836886816,0.0278905091222455
3.53058345450723,0.0211059556489427,1.50068830615666e-10,3.59519048404396e-06,24.0185699038008,0.0306175238807911
3.52494154029477,0.0226445355010775,1.93325019668701e-10,4.19124469738586e-06,23.0161950674756,0.0335940607022597
3.51929962608231,0.0242889623721099,2.4903740000839e-10,4.88449806066765e-06,22.0444226032944,0.0368411988549124
3.51365771186986,0.0260460372702215,3.20776121121282e-10,5.69049348066993e-06,21.1029291437255,0.0403816276539129
3.5080157976574,0.027922963161309,4.13125425508053e-10,6.62720129228536e-06,20.1913597908667,0.0442397536544998
3.50237388344494,0.0299273662914156,5.31967802497079e-10,7.71538761754204e-06,19.309330170027,0.0484418135957647
3.49673196923248,0.0320673184790721,6.84846315757735e-10,8.97903668738829e-06,18.4564284685252,0.0530159932862634
3.49109005502002,0.034351360411444,8.81426119639185e-10,1.04458346952807e-05,17.6322174542517,0.0579925526188305
3.48544814080756,0.0367885259787386,1.13408167317556e-09,1.21477237571987e-05,16.836236468848,0.0634039568969635
3.47980622659511,0.0393883676818289,1.45864304381596e-09,1.41215356829244e-05,16.0680033906737,0.0692850146488544
3.47416431238265,0.0421609831485355,1.87534330379592e-09,1.64097165323708e-05,15.3270165630473,0.0756730220975563
3.46852239817019,0.0451170427944268,2.41001977735232e-09,1.90611543538759e-05,14.6127566835771,0.0826079144467011
3.46288048395773,0.0482678186644006,3.09563530949672e-09,2.21321240956975e-05,13.9246886507141,0.090132424130649
3.45723856974527,0.0516252144916271,3.97420242653144e-09,2.56873654660039e-05,13.262263363996,0.0982922461657426
3.45159665553281,0.055201797010724,5.09921401681042e-09,2.98013115108163e-05,12.6249194747668,0.107136210725461
3.44595474132036,0.0590108285622524,6.53870992173791e-09,3.45594879057744e-05,12.0120850844857,0.116716463046613
3.4403128271079,0.0630663010257736,8.37914074471775e-09,4.0060105440422e-05,11.4231793880545,0.127088650756098
3.43467091289544,0.0673829711187974,1.0730229664936e-08,4.64158709392284e-05,10.8576142599078,0.138312118688283
3.42902899868298,0.0719763970989682,1.37310817925994e-08,5.37560449402646e-05,10.3147957809184,0.150450111241429
3.42338708447052,0.0768629769067503,1.75578506972225e-08,6.2228777871165e-05,9.79412570447029,0.163569982297867
3.41774517025806,0.0820599877857498,2.24333456941186e-08,7.20037602561808e-05,9.29500286034541,0.177743412706724
3.41210325604561,0.0875856274175392,2.86390543249579e-08,8.32752266935858e-05,8.81682449535185,0.19304663529974
3.40646134183315,0.0934590566075372,3.65301658823057e-08,9.62653579983046e-05,8.35898754989588,0.209560667380196
3.40081942762069,0.099700443558037,4.65543182194953e-08,0.000111228131051756,7.92088986996351,0.227371550591932
3.39517751340823,0.106331009763943,5.92749567597462e-08,0.000128453671584209,7.50193135422738,0.246570598040054
3.38953559919577,0.113373077566118,7.54003979310108e-08,0.000148273171381861,7.1015150362353,0.267254648496967
3.38389368498331,0.12085011939644,9.58199368135689e-08,0.000171064438311934,6.71904810186521,0.289526327486832
3.37825177077086,0.128786808747801,1.2164863967874e-07,0.00019725815514846,6.35394284244393,0.31349431499861
3.3726098565584,0.137209072901216,1.54282827138578e-07,0.000227344931515604,6.00561754413151,0.339273619532125
3.36696794234594,0.146144147441037,1.95468695678482e-07,0.000261883242405115,5.67349731435963,0.366985858133471
3.36132602813348,0.155620632587986,2.4738705965835e-07,0.000301508356732751,5.35701484628917,0.396759542025309
3.35568411392102,0.165668551378186,3.12757840489352e-07,0.000346942370341996,5.05561112241439,0.428730367384288
3.35004219970856,0.176319409714832,3.94968705926916e-07,0.000399005469811833,4.76873605858826,0.463041510762203
3.34440028549611,0.187606258317265,4.98233195356615e-07,0.000458628566450518,4.49584908988158,0.499843928589127
3.33875837128365,0.199563756590347,6.27784786071903e-07,0.00052686745403523,4.23641969980824,0.539296660136461
3.33311645707119,0.212228238434815,7.90114695408307e-07,0.000604918659264615,3.98992789456059,0.581567133254914
3.32747454285873,0.225637780017067,9.93262814619291e-07,0.000694137170608185,3.75586462399404,0.626831472137698
3.32183262864627,0.239832269514263,1.24717307968954e-06,0.000796056249343577,3.53373215118522,0.675274806292305
3.31619071443382,0.254853478847961,1.56412685672407e-06,0.000912409546152887,3.32304437246022,0.727091579835513
3.31054880022136,0.270745137416638,1.95927061877406e-06,0.00104515576778601,3.1233270898493,0.782485860156214
3.3049068860089,0.287553007834282,2.45125739062617e-06,0.00119650616107373,2.9341182379749,0.841671644918545
3.29926497179644,0.305324963679019,3.06302522324246e-06,0.00136895510607091,2.75496806741713,0.904873166305302
3.29362305758398,0.324111069252155,3.82274042809385e-06,0.00156531413640874,2.58543928662972,0.972325191327491
3.28798114337152,0.343963661344264,4.76493856599173e-06,0.0017887497331138,2.42510716449766,1.04427331695141
3.28233922915907,0.364937433001064,5.93190237387579e-06,0.00204282526828544,2.27355959563609,1.12097425871992
3.27669731494661,0.387089519277509,7.3753230732465e-06,0.00233154750717854,2.13039713053102,1.20269613146953
3.27105540073415,0.410479584964193,9.15830000272313e-06,0.00265941811148213,1.99523297261346,1.28971872067035
3.26541348652169,0.435169914265449,1.1357743444232e-05,0.00303149062296744,1.86769294434306,1.38233374284242
3.25977157230923,0.461225502403589,1.40672570821097e-05,0.00345343344524784,1.7474154243547,1.48084509342861
3.25412965809677,0.488714149118661,1.74005899888029e-05,0.00393159938218415,1.63405125769087,1.58556908043392
3.24848774388432,0.517706554027591,2.1495763641563e-05,0.00447310233449626,1.52726364110802,1.69683464207088
3.24284582967186,0.548276413801058,2.65199975458339e-05,0.00508590180141887,1.42672798540312,1.81498354658501
3.2372039154594,0.580500521110412,3.26755779122959e-05,0.00577889588174331,1.33213175666113,1.94037057236965
3.23156200124694,0.61445886529093,4.02068378830081e-05,0.00656202351829425,1.24317429827288,2.07336366641994
3.22592008703448,0.650234734661269,4.94084454453871e-05,0.00744637678173696,1.15956663551894,2.21434407911914
3.22027817282202,0.687914820432239,6.06352268712367e-05,0.00844432404351616,1.08103126445688,2.36370647329851
3.21463625860957,0.72758932213132,7.43137897772423e-05,0.00956964494358925,1.00730192678863,2.52185900546638
3.20899434439711,0.769352054462015,9.09562512753708e-05,0.010837678116277,0.938123372321419,2.68922337705984
3.20335243018465,0.813300555509888,0.000111176423767261,0.0122654826968566,0.873251110570552,2.86623485353934
3.19771051597219,0.859536196199481,0.000135708864385515,0.0138720146922343,0.812451152985711,3.05334224911785
3.19206860175973,0.908164290898368,0.000165431254595912,0.0156783193609097,0.755499747214461,3.25100787489637
3.18642668754727,0.959294209056739,0.000201390644795619,0.0177077408101913,0.702183104748046,3.45970744816594
3.18078477333482,1.01303948776229,0.000244834175667336,0.0199861500818678,0.652297123225957,3.6799299606322
3.17514285912236,1.06951794508203,0.000297244974416443,0.0225421930609287,0.605647104606405,3.91217750332523
3.1695009449099,1.12885179405356,0.000360384020703527,0.0254075596049563,0.56204747034167,4.15696504597252
3.16385903069744,1.19116775717968,0.000436338884998448,0.0286172753540263,0.521321474629086,4.41482016863996
3.15821711648498,1.25659718127106,0.000527580362156995,0.03221001774174,0.483300916741603,4.68628274348224
3.15257520227253,1.32527615247217,0.000637028156204829,0.0362284577867645,0.447825853376063,4.97190456449319
3.14693328806007,1.39734561129665,0.000768126919553502,0.0407196293002918,0.414744311892874,5.27224892320795
3.14129137384761,1.47295146748822,0.000924934112100365,0.0457353271973289,0.383912005258324,5.58789012838088
3.13564945963515,1.55224471451385,0.00111222132377732,0.0513325366479538,0.355192049439766,5.91941296775109
3.13000754542269,1.63538154348603,0.00133559089895001,0.0575738948476308,0.328454683945348,6.26741211010621
3.12436563121023,1.72252345630058,0.00160160991338656,0.0645281872224526,0.303576996143458,6.63249144596816
3.11872371699778,1.81383737776724,0.00191796378495692,0.0722708799147313,0.280442649942855,7.0152633653538
3.11308180278532,1.90949576649913,0.00229363204828179,0.0808846904155226,0.258941619363073,7.41634797120264
3.10743988857286,2.00967672431811,0.00273908909153909,0.0904601982223837,0.238969927475517,7.83637222722323
3.1017979743604,2.11456410392185,0.0032665329406281,0.101096497401499,0.220429391149729,8.27596903907742
3.09615606014794,2.22434761454917,0.00389014548170156,0.112901892922201,0.203227371995722,8.73577626801049
3.09051414593548,2.33922292536945,0.00462638783717331,0.125994642607257,0.187276533852986,9.2164356762337
3.08487223172303,2.45939176631198,0.00549433495179502,0.140503746502834,0.172494607139255,9.71859180358111
3.07923031751057,2.58506202604143,0.00651605380292707,0.156569785416305,0.15880416033769,10.2428907751935
3.07358840329811,2.71644784677499,0.00771703002084937,0.1743458102964,0.14613237886985,10.7899790402241
3.06794648908565,2.85376971562796,0.00912664808846766,0.193998284037342,0.134410851573544,11.3605020418205
3.06230457487319,2.99725455216408,0.0107787306820003,0.215708077174703,0.123575364979687,11.9551028189081
3.05666266066073,3.14713579181773,0.0127121431114436,0.239671518804471,0.113565705560372,12.5744205405841
3.05102074644828,3.30365346484656,0.0149714692172809,0.266101503896553,0.104325470101722,13.2190889742298
3.04537883223582,3.46705427046311,0.0176077654726604,0.295228657988103,0.095801884339693,13.8897348887567
3.03973691802336,3.63759164578656,0.0206794004218734,0.327302560029347,0.087945629984735,14.5869763947223
3.0340950038109,3.81552582924631,0.024252986949196,0.362593023913244,0.0807106802523513,15.3114212233816
3.02845308959844,4.00112391806228,0.0284044152088109,0.401391438949397,0.0740541440108117,16.0636649470804
3.02281117538598,4.19465991941864,0.0332199943473359,0.444012169240555,0.0679361186548696,16.8442891437445
3.01716926117353,4.3964147949406,0.0387977114050984,0.490794011585651,0.0623195518151306,17.6538595085701
3.01152734696107,4.60667649807804,0.0452486159793493,0.542101711166126,0.0571701120167369,18.4929239163885
3.00588543274861,4.82574000399275,0.0526983393595114,0.598327533870548,0.0524560684083659,19.3620104385353
3.00024351853615,5.0539073315414,0.0612887568878438,0.659892893676615,0.0481481796930408,20.2616253184291
2.99460160432369,5.29148755694123,0.071179802243924,0.727250033038285,0.0442195924060349,21.1922509104307
2.98895969011123,5.53879681870062,0.0825514421826283,0.800883753719225,0.040645748702129,22.1543435869244
2.98331777589878,5.79615831339484,0.0956058199565505,0.881313194972319,0.0374043038346485,23.1483316189344
2.97767586168632,6.06390228186202,0.110569575207841,0.969093655388064,0.0344750535321013,24.1746130359488
2.97203394747386,6.34236598539494,0.127696347503998,1.06481845412456,0.031839871504723,25.2335534709899
2.9663920332614,6.63189367150088,0.147269469898997,1.16912082658777,0.0294826573429102,26.3254839973169
2.96075011904894,6.93283652880298,0.169604857907785,1.28267584895582,0.0273892951022252,27.4506989634978
2.95510820483648,7.24555263065603,0.195054098070485,1.40620238523606,0.025547622905428,28.6094538339144
2.94946629062403,7.57040686705141,0.224007738835861,1.54046504981098,0.0239474139307173,29.8019630420897
2.94382437641157,7.9077708643889,0.256898784795437,1.68627617767248,0.022580369196985,31.028397864535
2.93818246219911,8.25802289269517,0.294206393334978,1.84449779376435,0.0214401226013309,32.2888843230964
2.93254054798665,8.62154775987469,0.336459770526426,2.0160435720571,0.0205222587112133,33.5835011240626
2.92689863377419,8.99873669258362,0.384242260549468,2.20188077416826,0.0198243438633215,34.9122776425375
2.92125671956174,9.38998720332349,0.438195620100071,2.40303215652178,0.0193459711733926,36.2751919608145
2.91561480534928,9.79570294336084,0.499024466109187,2.62057783421727,0.0190888201155709,37.6721689696929
2.90997289113682,10.2162935410856,0.567500881657109,2.85565708895736,0.0190567313863439,39.1030785418506
2.90433097692436,10.6521744254341,0.644469161232531,3.10947010756883,0.0192557978263235,40.5677337865445
2.8986890627119,11.1037666340118,0.730850672457818,3.38327963685285,0.0196944722329311,42.0658893950177
2.89304714849944,11.5714966055635,0.827648807099497,3.67841253972369,0.020383692958062,43.5972400860926
2.88740523428699,12.0557959564561,0.935953989624819,3.99626123684673,0.0213370282467213,45.1614191614726
2.88176332007453,12.5571012408487,1.05694870677975,4.33828501727621,0.0225708403350297,46.7579971802981
2.87612140586207,13.0758536942476,1.19191251668558,4.70601120092962,0.0241044703884739,48.386480762487
2.87047949164961,13.6124989601568,1.34222699082177,5.10103613512461,0.0259604454233142,50.0463115303262
2.86483757743715,14.1674867995569,1.50938053703289,5.52502600686014,0.0281647084151405,51.7368651976952
2.85919566322469,14.7412707829658,1.69497304642446,5.97971745204959,0.0307468728580621,53.4574508161575
2.85355374901224,15.3343079648543,1.90072030176264,6.46691794252389,0.0337405030952934,55.2073101869836
2.84791183479978,15.9470585402175,2.12845807984106,6.98850593132627,0.0371834217962235,56.9856174479483
2.84226992058732,16.5799854831233,2.38014587530444,7.54643073662276,0.0411180460056436,58.7914788434787
2.83662800637486,17.2335541670889,2.65787016871583,8.14271214447082,0.0455917532368251,60.6239326864279
2.8309860921624,17.9082319671625,2.96384715731425,8.77943971072338,0.050657279120644,62.4819495193879
2.82534417794994,18.6044878436162,3.30042486304061,9.4587717425159,0.0563731481570009,64.3644324830697
2.81970226373749,19.3227919071874,3.67008452911262,10.1829339400885,0.0628041391412697,66.2702178988289
2.81406034952503,20.0636149658369,4.07544121382264,10.9542176801507,0.0700217868563885,68.1980760719285
2.80841843531257,20.8274280530258,4.51924348842658,11.7749779226078,0.0781049216292402,70.1467123216071
2.80277652110011,21.6147019375459,5.00437214510166,12.6476307232379,0.0871402483469287,72.1147682434323
2.79713460688765,22.4259066149763,5.53383782109603,13.5746503358548,0.0972229665131731,74.1008232088115
2.79149269267519,23.2615107808747,6.11077744647967,14.5585658886055,0.108457432895906,76.1033961058603
2.78585077846274,24.1219812858468,6.7384494254448,15.6019576203475,0.120957868272885,78.1209473251232
2.78020886425028,25.0077825726839,7.42022746499775,16.7074526645349,0.134849109721339,80.1518809929041
2.77456695003782,25.919376095788,8.15959297021389,17.8777203696949,0.150267409818688,82.194547454159
2.76892503582536,26.8572197231575,8.9601259320868,19.1154671474391,0.167361284022993,84.2472460060948
2.7632831216129,27.8217671212359,9.82549424243936,20.4234308409722,0.186292407382146,86.3082278827396
2.75764120740045,28.8134671229796,10.7594413804404,21.8043746092888,0.2072365615787,88.3756994898613
2.75199929318799,29.8327630795395,11.7657724270011,23.2610803246349,0.230384633150913,90.4478258886706
2.74635737897553,30.8800921959934,12.8483383767228,24.7963414833769,0.255943663538635,92.5227345257812
2.74071546476307,31.9558848516199,14.0110187321127,26.4129556331594,0.284137951383808,94.5985192059101
2.73507355055061,33.0605639052393,15.2577023814231,28.113716322108,0.315210207267827,96.6732443027698
2.72943163633815,34.1945439862038,16.5922667796444,29.9014045788746,0.349422760791016,98.7449492025688
2.7237897221257,35.3582307716586,18.0185554717691,31.7787799354818,0.387058819591401,100.81165297346
2.71814780791324,36.5520202507451,19.5403540183282,33.7485710081956,0.428423779559871,102.871359253194
2.71250589370078,37.776297976467,21.1613644052039,35.8134656550465,0.47384658513605,104.922061346136
2.70686397948832,39.0314383059824,22.885178042652,37.9761007320598,0.523681138162371,106.961747519669
2.70122206527586,40.3178036301382,24.7152474820997,40.2390514737933,0.578307753333354,108.988406488926
2.6955801510634,41.6357435931042,26.6548570033443,42.6048205273164,0.638134657801403,111.000033077603
2.68993823685095,42.9855943030172,28.707092249011,45.07582667235,0.703599531990829,112.994634041526
2.68429632263849,44.3676775345884,30.8748091071852,47.6543932638342,0.775171088127301,114.970234040491
2.67865440842603,45.7822999246724,33.1606020667037,50.3427364367094,0.853350682411727,116.924881742776
2.67301249421357,47.2297521618483,35.5667722923158,53.1429531161538,0.938673956156556,118.856656045606
2.66737058000111,48.7103081710979,38.0952956884165,56.0570088798668,1.03171250055916,120.763672393766
2.66172866578865,50.2242242947217,40.7477912399658,59.0867257222269,1.13307553911414,122.64408917748
2.6560867515762,51.771738470666,43.5254899371093,62.2337697732194,1.24341162096476,124.496114189588
2.65044483736374,53.3530694094812,46.4292046055611,65.4996390279149,1.36341031776663,126.318011121085
2.64480292315128,54.9684157711748,49.4593009776043,68.8856511449584,1.49380391588723,128.108106073036
2.63916100893882,56.6179553432537,52.6156703482264,72.3929313749346,1.63536909499501,129.864794061978
2.63351909472636,58.3018442212969,55.8977041671337,76.0224006816299,1.78892858330774,131.586545494987
2.6278771805139,60.0202159934281,59.304270919809,79.7747641210337,1.95535277897311,133.271912589739
2.62223526630145,61.7731809300988,62.8336956491711,83.6504995444311,2.13556132625327,134.919535714116
2.61659335208899,63.5608251806185,66.483742463449,87.6498466930619,2.3305246343815,136.528149619139
2.61095143787653,65.3832099779023,70.2516003654725,91.7727967525697,2.54126532616171,138.09658953838
2.60530952366407,67.2403708529351,74.1338727235233,96.0190824358076,2.76885960259577,139.623797126387
2.59966760945161,69.1323168604723,78.1265706841087,100.388168662452,3.01443850905558,141.108826208171
2.59402569523915,71.0590298175263,82.2251108025199,104.879243903346,3.27918908777606,142.550848311354
2.5883837810267,73.020463556204,86.4243171378467,109.491212256458,3.56435540073746,143.949157952284
2.58274186681424,75.0165431924802,90.7184280253696,114.222686319867,3.87123940634055,145.303177647163
2.57709995260178,77.0471644125068,95.1011077011546,119.071980925203,4.20120167266428,146.612462619145
2.57145803838932,79.1121927780684,99.5654629114627,124.037107792468,4.55566190954153,147.87670517233
2.56581612417686,81.2114630528066,104.104064593661,129.115771164257,4.93609930120483,149.095738703725
2.5601742099644,83.3447785508386,108.708974666037,134.305364473884,5.34405262084861,150.26954132444
2.55453229575195,85.5119105093975,113.371777911807,139.602968098005,5.78112010813843,151.39823906181
2.54889038153949,87.7125974871259,118.083618888196,145.005348239925,6.24895909048131,152.482108614622
2.54324846732703,89.9465447896426,122.835243735394,150.508956984887,6.74928532876238,153.521579634263
2.53760655311457,92.213423924003,127.61704670304,156.109933563347,7.28387206826415,154.51723650546
2.53196463890211,94.5128720836523,132.419121154491,161.804106852509,7.85454877562299,155.46981960119
2.52632272468966,96.8444916654657,137.231314752091,167.586999140305,8.46319954295502,156.38022598749
2.5206808104772,99.2078498204456,142.043288470859,173.453831169535,9.11176114070645,157.249509555171
2.51503889626474,101.60247803962,146.844579034108,179.399528473106,9.80222070136205,158.078880556864
2.50939698205228,104.027871776671,151.624664313419,185.418729004276,10.5366130168891,158.869704529481
2.50375506783982,106.483490108776,156.373031187756,191.505792058511,11.317017433704,159.623500583903
2.49811315362736,108.968755437127,161.079245313144,197.654808476117,12.1455543300425,160.341939045722
2.49247123941491,111.483053228543,165.733022215911,203.85961210719,13.0243811618819,161.026838432929
2.48682932520245,114.025731799555,170.324299089719,210.11379251276,13.9556880650237,161.68016175878
2.48118741098999,116.596102144288,174.843306650025,216.410708868303,14.9416930025955,162.304012150503
2.47554549677753,119.193437807439,179.280640379774,222.743505028093,15.9846364490651,162.900627777148
2.46990358256507,121.816974803557,183.627330487536,229.105125701308,17.0867756038957,163.472376082664
2.46426166835261,124.465911583814,187.874909894148,235.48833368333,18.2503781301887,164.021747323219
2.45861975414016,127.139409051367,192.015479566735,241.885728078482,19.4777154160718,164.551347410862
2.4529778399277,129.836590626366,196.041770529622,248.289763443418,20.7710553591808,165.063890068858
2.44733592571524,132.556542361565,199.947201900375,254.692769773789,22.1326546773495,165.562188307359
2.44169401150278,135.298313109471,203.72593432588,261.086973250507,23.564750751562,166.049145231547
2.43605209729032,138.060914741833,207.372918227757,267.464517656078,25.0695530103097,166.52774419795
2.43041018307786,140.843322422233,210.883936308301,273.817486366181,26.6492338677381,167.001038338275
2.42476826886541,143.644474932457,214.255639817114,280.137924816803,28.3059192313375,167.472139473856
2.41912635465295,146.463275053207,217.485578134063,286.417863343023,30.041678598409,167.944206447552
2.41348444044049,149.298589999679,220.572221285697,292.64934028197,31.8585147641291,168.42043290378
2.40784252622803,152.149251912381,223.514975078939,298.824425229478,33.7583531676788,168.904034551184
2.40220061201557,155.014058403535,226.314188607082,304.93524233777,35.7430309066251,169.398235946259
2.39655869780311,157.891773159244,228.971153957878,310.973993539939,37.8142854534695,169.906256840042
2.39091678359066,160.781126597578,231.488098031092,316.932981586241,39.9737431120314,170.431298133719
2.3852748693782,163.680816582563,233.868166452119,322.804632777193,42.2229072550494,170.976527492662
2.37963295516574,166.589509194012,236.115399648364,328.581519279215,44.5631463880459,171.545064671934
2.37399104095328,169.505839552994,238.234701234937,334.256380910111,46.9956820880967,172.139966609735
2.36834912674082,172.428412702654,240.231798934854,339.822146283963,49.5215768696042,172.764212348527
2.36270721252837,175.355804543979,242.113198335401,345.271953208115,52.1417220325135,173.420687846608
2.35706529831591,178.286562826,243.886129855659,350.599168228723,54.8568255515466,174.112170745783
2.35142338410345,181.219208189817,245.558489369434,355.797405225898,57.667400067973,174.841315163372
2.34578146989099,184.152235265714,247.138772992266,360.86054296475,60.5737510481291,175.610636579129
2.34013955567853,187.084113822524,248.636006599901,365.782741514511,63.5759651753126,176.422496889667
2.33449764146607,190.013289968311,250.059670697965,370.558457454504,66.6738990437877,177.279089704706
2.32885572725362,192.938187401298,251.41962130799,375.182457792812,69.8671682254027,178.182425960784
2.32321381304116,195.857208709881,252.726007572874,379.649832531189,73.155136780723,179.134319929083
2.3175718988287,198.76873672046,253.989186814886,383.956005817853,76.5369072875772,180.136375694553
2.31192998461624,201.671135891696,255.219637801262,388.096745638363,80.0113114604823,181.189974183714
2.30628807040378,204.562753753722,256.427872985982,392.068172003683,83.5769014345452,182.296260818202
2.30064615619132,207.441922390696,257.624350501496,395.866763603697,87.2319417870743,183.456133870403
2.29500424197887,210.30695996502,258.819386671007,399.489362903849,90.974402369296,184.670233596299
2.28936232776641,213.156172281421,260.023069800558,402.933179672136,94.8019520192175,185.938932218976
2.28372041355395,215.987854388994,261.245175990934,406.195792933243,98.7119532247939,187.262324834061
2.27807849934149,218.800292219237,262.495087682554,409.275151356307,102.701457804163,188.640221305671
2.27243658512903,221.591764257969,263.781715612679,412.169572092231,106.767203666749,190.07213921834
2.26679467091657,224.360543248977,265.113424823794,414.877738085951,110.905612715578,191.557297946682
2.26115275670412,227.104897927128,266.497965315686,417.398693898158,115.112789947102,193.094613900452
2.25551084249166,229.823094778597,267.942407882092,419.731840079901,119.384523800308,194.682696998044
2.2498689282792,232.513399825801,269.453085616688,421.876926151994,123.716287801818,196.319848416387
2.24422701406674,235.174080434527,271.035541513206,423.834042249281,128.103243548117,198.004059659683
2.23858509985428,237.803407140698,272.694482521652,425.603609497408,132.540245060042,199.733012983524
2.23294318564182,240.399655494144,274.433740357455,427.186369196861,137.021844538123,201.504083204565
2.22730127142937,242.961107916664,276.256239293981,428.583370895537,141.54229954052,203.314340919244
2.22165935721691,245.486055571659,278.163971101813,429.795959436958,146.095581597958,205.160557148054
2.21601744300445,247.972800242494,280.157977231347,430.825761076465,150.675386272454,207.039209414493
2.21037552879199,250.419656216774,282.238338269378,431.674668762196,155.275144658661,208.94648926031
2.20473361457953,252.824952173616,284.404170636076,432.344826681433,159.888036318481,210.878311190869
2.19909170036707,255.187033071012,286.653630426761,432.83861417587,164.507003631203,212.830323036498
2.19344978615462,257.504262030308,288.983924243769,433.158629131607,169.124767532838,214.797917707688
2.18780787194216,259.775022214838,291.391326808025,433.307670951101,173.733844609726,216.776246313846
2.1821659577297,261.997718699708,293.871205088081,433.288723214985,178.326565502811,218.760232607263
2.17652404351724,264.170780329715,296.418048636847,433.10493614153,182.895094570314,220.74458870583
2.17088212930478,266.292661562408,299.025505783273,432.759608950662,187.43145074803,222.723832040132
2.16524021509232,268.361844293255,301.686425288128,432.256172237799,191.92752953806,224.69230346274
2.15959830087987,270.376839659928,304.392903039968,431.598170460426,196.375126048646,226.644186449962
2.15395638666741,272.336189822714,307.136333339416,430.789244637259,200.765958999898,228.573527319032
2.14831447245495,274.238469718063,309.907464297154,429.833115356157,205.091695602672,230.474256376739
2.14267255824249,276.082288782354,312.696456853422,428.733566182563,209.3439772108,232.340209908993
2.13703064403003,277.866292642949,315.492946914317,427.494427555379,213.514445640175,234.165152914637
2.13138872981757,279.589164773666,318.28611009263,426.119561251705,217.594770042198,235.942802481264
2.12574681560512,281.24962811184,321.064728538145,424.612845495982,221.576674213502,237.666851695674
2.12010490139266,282.846446634206,323.817259344064,422.978160782683,225.451964219104,239.330993977132
2.1144629871802,284.378426888871,326.531904022208,421.219376475044,229.212556201922,240.928947717743
2.10882107296774,285.84441948073,329.196678549605,419.340338235286,232.850504248184,242.454481111047
2.10317915875528,287.243320507734,331.799483502675,417.344856334517,236.358028175631,243.901437047471
2.09753724454283,288.574072945495,334.32817381212,415.236694883086,239.727541109543,245.263757953483
2.09189533033037,289.835667977819,336.770627691483,413.019562014594,242.951676710634,246.535510450311
2.08625341611791,291.027146270791,339.114814314763,410.697101049154,246.023315918711,247.710909707826
2.08061150190545,292.147599188189,341.34885984314,408.272882653896,248.935613076695,248.784343369723
2.07496958769299,293.196169946057,343.461111427382,405.750398011147,251.682021301229,249.75039492746
2.06932767348053,294.172054704383,345.440198840523,403.133052997317,254.256316968532,250.603866422515
2.06368575926808,295.074503593951,347.275093424643,400.424163368261,256.652623187557,251.339800359389
2.05804384505562,295.902821676503,348.955164065607,397.626950939878,258.865432136666,251.953500715446
2.05240193084316,296.656369836521,350.470229940213,394.744540745954,260.889626145104,252.440552938047
2.0467600166307,297.334565603001,351.810609811087,391.779959148876,262.720497406421,252.796842824564
2.04111810241824,297.936883899762,352.967167675465,388.736132872766,264.353766217571,253.018574186639
2.03547618820578,298.462857722916,353.931354604626,385.615888922941,265.78559764485,253.102285206526
2.02983427399333,298.912078744293,354.695246640837,382.421955350429,267.012616525813,253.044863400397
2.02419235978087,299.284197839718,355.251578648159,379.156962815503,268.031920725082,252.843559111128
2.01855044556841,299.57892554119,355.593774042067,375.823446899942,268.84109257115,252.495997461228
2.01290853135595,299.796032412139,355.715970350494,372.423851114012,269.438208411108,252.00018870517
2.00726661714349,299.935349345086,355.61304058544,368.960530540915,269.821846230465,251.354536929357
2.00162470293103,299.99676778115,355.280610429616,365.435756058796,269.99109129578,250.557847057337
1.99598278871858,299.98023985103,354.715071266636,361.851719078202,269.945539788806,249.609330127419
1.99034087450612,299.885778437176,353.913589105915,358.210536731351,269.685300411911,248.508606819705
1.98469896029366,299.713457157058,352.874109474706,354.514257448416,269.210993955853,247.255709219436
1.9790570460812,299.46341026755,351.595358369511,350.764866855532,268.523750832314,245.85108081359
1.97341513186874,299.135832490615,350.076839377451,346.964293929164,267.625206584923,244.29557472762
1.96777321765628,298.730978760592,348.318827095023,343.11441734195,266.517495403708,242.590450219161
1.96213130344383,298.249163893561,346.322356987074,339.217071936061,265.203241678984,240.737367455262
1.95648938923137,297.690762179376,344.089211842727,335.274055261487,263.685549641453,238.738380609262
1.95084747501891,297.056206897102,341.621904997453,331.287134118493,261.967991145752,236.595929322673
1.94520556080645,296.345989754754,338.923660501513,327.258051045695,260.054591664748,234.312828586333
1.93956364659399,295.560660254325,335.998390424608,323.188530697762,257.949814571424,231.892257103605
1.93392173238154,294.700824983274,332.850669494825,319.080286059668,255.65854379426,229.337744206396
1.92827981816908,293.767146833735,329.485707276859,314.935024447629,253.186064940408,226.653155402318
1.92263790395662,292.760344150877,325.909318100112,310.754453250333,250.538044988766,223.842676638214
1.91699598974416,291.681189811912,322.127888951548,306.540285367728,247.720510662083,220.910797371612
1.9113540755317,290.53051023744,318.148345551317,302.294244308567,244.739825593532,217.862292547355
1.90571216131924,289.309184336875,313.978116831051,298.018068911917,241.602666408739,214.70220358162
1.90007024710679,288.018142389856,309.625098035482,293.713517661982,238.315997848894,211.435818459823
1.89442833289433,286.65836486561,305.097612667659,289.382372569831,234.887047064455,208.068651058475
1.88878641868187,285.230881182393,300.404373496662,285.026442599898,231.32327721191,204.606419803787
1.88314450446941,283.736768409189,295.554442844209,280.647566623373,227.632360488181,201.055025781925
1.87750259025695,282.177149911953,290.557192363162,276.24761588488,223.822150738465,197.420530417038
1.87186067604449,280.553193946795,285.422262516565,271.828495973031,219.90065577367,193.709132833714
1.86621876183204,278.866112202564,280.159521960613,267.392148289533,215.876009533079,189.927147020279
1.86057684761958,277.117158295366,274.77902702883,262.940551015542,211.756444226523,186.080978908382
1.85493493340712,275.307626217642,269.290981507936,258.475719577794,207.550262588143,182.177103482609
1.84929301919466,273.438848744492,263.705696888191,253.999706620744,203.265810370859,178.222042031509
1.8436511049822,271.51219579998,258.033553262794,249.514601494418,198.911449206915,174.222339648331
1.83800919076974,269.529072786223,252.284961041949,245.022529271022,194.495529955401,170.184543086171
1.83236727655729,267.490918878112,246.470323637756,240.525649306379,190.026366652553,166.115179067888
1.82672536234483,265.399205286565,240.600001266095,236.026153365142,185.512211174848,162.020733146435
1.82108344813237,263.255433493218,234.684276001223,231.526263331295,180.961228718596,157.907629205885
1.81544153391991,261.06113345953,228.733318207997,227.028228527804,176.381474192916,153.782209687723
1.80979961970745,258.817861813278,222.757154465485,222.534322671359,171.780869615678,149.650716620831
1.80415770549499,256.527200015429,216.765637084341,218.046840489925,167.16718259431,145.519273527082
1.79851579128254,254.190752510417,210.768415308744,213.568094032396,162.548005965408,141.393868267719
1.79287387707008,251.81014486282,204.77490828195,209.100408700871,157.93073865876,137.280336888634
1.78723196285762,249.387021883456,198.794279842822,204.646119037117,153.322567842994,133.184348515532
1.78159004864516,246.923045747909,192.835415208879,200.207564295483,148.730452401442,129.11139134261
1.7759481344327,244.419894110464,186.906899589768,195.787083835037,144.161107778137,125.066759751009
1.77030622022025,241.879258216418,181.016998763525,191.387012363916,139.620992225236,121.055542585938
1.76466430600779,239.302841015729,175.173641636636,187.00967506889,135.116294474513,117.082612613974
1.75902239179533,236.692355280896,169.384404797886,182.657382662905,130.652922847115,113.152617174827
1.75338047758287,234.049521731949,163.656499065159,178.332426382888,126.236495807409,109.269970034688
1.74773856337041,231.376067171389,157.99675801406,174.0370729695,121.8723339587,105.438844441409
1.74209664915795,228.673722631849,152.411628467225,169.773559659641,117.565453470754,101.663167374994
1.73645473494549,225.944221539211,146.90716291371,165.544089221489,113.320560921557,97.9466149804853
1.73081282073304,223.189297893848,141.489013818927,161.350825060705,109.142049528634,94.2926091641746
1.72517090652058,220.410684472601,136.162429777148,157.195886425089,105.033996738486,90.7043153282888
1.71952899230812,217.610111054015,130.932253450801,153.08134373354,101.000163136431,87.1846412138516
1.71388707809566,214.789302669327,125.802921233589,149.009214053589,97.0439926332658,83.736236816403
1.7082451638832,211.949977881559,120.778464567883,144.981456750129,93.1686138798605,80.3614953346168
1.70260324967075,209.093847095062,115.862512840987,140.999969326242,89.3768428559047,77.0625551076753
1.69696133545829,206.222610897702,111.058297779591,137.066583475169,85.6711865747362,73.8413024934884
1.69131942124583,203.33795843784,106.368659257269,133.183061360689,82.0538478423786,70.6993756365545
1.68567750703337,200.441565838151,101.796052425962,129.351092141211,78.5267310056627,67.6381690714107
1.68003559282091,197.535094648218,97.3425560792671,125.572288751038,75.0914486215885,64.6588391052258
1.67439367860845,194.620190337772,93.0098821528557,121.848184950314,71.749328977906,61.762309921165
1.668751764396,191.698480832314,88.7993862655309,118.180232653276,68.5014243932343,58.9492803426622
1.66310985018354,188.771575092782,84.7120792032819,114.569799542544,65.3485202239148,56.2202311977066
1.65746793597108,185.841061740805,80.7486392481503,111.018166975324,62.2911445041394,53.57543322162
1.65182602175862,182.908507730986,76.9094252538262,107.526528185596,59.3295781457671,51.0149554366182
1.64618410754616,179.975457071554,73.194490370546,104.095986784592,56.4638656245432,48.5386739466374
1.6405421933337,177.043429594607,69.6035963230876,100.727555560185,53.6938260801962,46.1462810864849
1.63490027912125,174.113919777074,66.1362281473982,97.4221555741465,51.0190647590592,43.8372948653006
1.62925836490879,171.188395613388,62.7916092936133,94.1806155547183,48.4389847294157,41.6110686455812
1.62361645069633,168.268297540798,59.5687170058988,91.003671580448,45.9527988016911,39.4668010005833
1.61797453648387,165.355037418078,56.4662978926193,87.8919670498488,43.559541587849,37.4035456947718
1.61233262227141,162.449997558349,53.4828836037988,84.8460529301786,41.2580816368962,35.4202217340883
1.60669070805895,159.554529816547,50.6168065365868,81.8663882774049,39.0471335861896,33.5156234351331
1.6010487938465,156.66995473204,47.8662154935249,78.9533410183512,36.9252702712831,31.688430464892
1.59540687963404,153.79756072672,45.2290912226897,76.1071889850032,34.8909347402664,29.9372178053304
1.58976496542158,150.938603358835,42.7032617733017,73.3281211900747,32.9424521219533,28.2604656000233
1.58412305120912,148.094304632703,40.286417605035,70.6162393321166,31.0780413007842,26.656568842935
1.57848113699666,145.265852364347,37.9761263940584,67.971559517781,29.2958263549459,25.1238468725169
1.57283922278421,142.454399602995,35.7698474836857,65.3940141882443,27.5938477178956,23.6605526373862
1.56719730857175,139.661064108279,33.6649459324253,62.8834542363033,25.9700730272093,22.2648817029943
1.56155539435929,136.886927882889,31.6587061171323,60.4396513002697,24.4224076284285,20.9349809718493
1.55591348014683,134.133036760318,29.7483448538386,58.0623002204628,22.9487047052899,19.6689570929904
1.55027156593437,131.40040004725,27.9310240036842,55.7510216439156,21.5467750114352,18.4648845395361
1.54462965172191,128.689990220084,26.2038625360982,53.5053647627642,20.2143961823049,17.3208133361808
1.53898773750945,126.002742674939,24.5639480260058,51.3248101717526,18.949321609473,16.2347764215023
1.533345823297,123.339555530457,23.0083475663325,49.2087728303349,17.7492888631136,15.2047966328566
1.52770390908454,120.701289482621,21.5341180813881,47.1566051149496,16.612027651603,14.2288933044247
1.52206199487208,118.088767710713,20.1383160308662,45.167599947242,15.5352673104452,13.3050884716767
1.51642008065962,115.50277583348,18.8180064981356,43.2409939842494,14.5167438157314,12.4314126780696
1.51077816644716,112.944061914515,17.5702716602324,41.3759708568732,13.5542063202122,11.6059103822257
1.50513625223471,110.413336515759,16.3922186404694,39.5716644433339,12.645423212756,10.8266449661178
1.49949433802225,107.911272798005,15.2809867478489,37.8271621647071,11.7881877044774,10.0917033469129
1.49385242380979,105.438506667196,14.233754110501,36.141508290111,10.9803229471549,9.39920019710601
1.48821050959733,102.995636965277,13.2477437131499,34.5137072396104,10.2196866916936,8.74728177938518
1.48256859538487,100.583225704277,12.3202288511439,32.9427268734314,9.50417549633786,8.13412940432011
1.47692668117241,98.2017983423085,11.4485380158831,31.4275017566669,8.83172849610466,7.55796252046628
1.47128476695995,95.8518441000378,10.630059228494,29.9669363892137,8.20033074646073,7.0170414477924
1.4656428527475,93.5338163162327,9.86224384041649,28.5599083913218,7.60801615566127,6.50966976652252
1.46000093853504,91.2481328408925,9.14260982110141,27.2052716357471,7.0528700213503,6.03419637448881
1.45435902432258,88.9951764644656,8.46874455434734,25.9018593181468,6.53303118804275,5.5890172269576
1.44871711011012,86.7752953816149,7.83830716588727,24.6484869579971,6.04669384294383,5.17257677360172
1.44307519589766,84.5888036879772,7.24903040571574,23.4439553229705,5.59210896823626,4.78336910786695
1.43743328168521,82.4359819083362,6.69872210930908,22.2870532703579,5.16758546847555,4.41993884441523
1.43179136747275,80.3170775546099,6.18526626236077,21.1765604997652,4.77149099209444,4.08088174063553
1.42614945326029,78.23230571205,5.7066236939379,20.1112502119629,4.40225246623498,3.76484507840083
1.42050753904783,76.1818496520234,5.26083242307087,19.0898916693862,4.05835636420828,3.47052782232109
1.41486562483537,74.1658614697577,4.84600768373908,18.111252654413,3.73834872484252,3.19668057071179
1.40922371062292,72.184462745419,4.4603416530123,17.1741018221421,3.44083494282277,2.94210531536728
1.40358179641046,70.237745226891,4.10210290677102,16.2772109449822,3.16447934886606,2.70565502601002
1.397939882198,68.3257715326393,3.7696356269703,15.4193570469306,2.90800459822073,2.48623307498973
1.39229796798554,66.4485758730315,3.46135858383867,14.5993244259581,2.67019088553673,2.28279251743336
1.38665605377308,64.6061647885176,3.17576391574022,13.8159065634489,2.4498750036414,2.09433524161592
1.38101413956062,62.7985179030712,2.91141572867204,13.0679079201312,2.24594926317181,1.91991100382966
1.37537222534816,61.0255886913132,2.66694853654498,12.3541456184148,2.05736028937897,1.75861636149267
1.36973031113571,59.2873052577657,2.44106556250905,11.6734510114925,1.88310771173445,1.60959351766013
1.36408839692325,57.5835711266919,2.23253692064573,11.0246711399847,1.7222427612463,1.47202908948992
1.35844648271079,55.9142660410142,2.04019769637407,10.4066700772948,1.57386678963756,1.34515281257798
1.35280456849833,54.2792467688235,1.86294594290955,9.81833016521061,1.43712972376396,1.22823619242234
1.34716265428587,52.678347916021,1.69974061008749,9.25855314161985,1.31122846785427,1.12059111360494
1.34152074007342,51.1113827436709,1.54959942082506,8.72626116251675,1.19540526535659,1.02156841660338
1.33587882586096,49.5781439886652,1.41159670945221,8.22039772075696,1.0889460313683,0.930556451464608
1.3302369116485,48.0784046863471,1.2848612351053,7.73992846427107,0.991178665827961,0.846979616896462
1.32459499743604,46.6119189937694,1.16857398234828,7.28384191667179,0.901471356853811,0.770296892661901
1.31895308322358,45.1784230123087,1.06196596017723,6.85115010339151,0.819230882834452,0.700000372502829
1.31331116901112,43.7776356083849,0.964316009573621,6.44088908665641,0.743900921114166,0.635613804174694
1.30766925479866,42.4092592310931,0.874948628812458,6.0521194127573,0.674960370374403,0.576691142547215
1.30202734058621,41.0729807255811,0.793231824799375,5.6839264751974,0.611921693094644,0.522815121119226
1.29638542637375,39.76847214106,0.718574997816034,5.33542079740104,0.554329283785168,0.473595846711966
1.29074351216129,38.4953915323758,0.650426866194966,5.00573823874617,0.501757868022402,0.428669421545814
1.28510159794883,37.2533837541134,0.588273436626514,4.6940401277404,0.453810936686079,0.387696596371902
1.27945968373637,36.0420812462538,0.531636025024703,4.39951332619983,0.410119219198922,0.35036145782437
1.27381776952392,34.8611048104502,0.4800693321455,4.12137022830785,0.370339199003808,0.316370152681154
1.26817585531146,33.7100643760333,0.433159577461955,3.85884869843263,0.334151673981906,0.285449651272294
1.262533941099,32.5885597549088,0.390522694156484,3.6112119515671,0.3012603640183,0.257346551855175
1.25689202688654,31.4961813845495,0.351802587490617,3.3777483802232,0.271390567458748,0.231825927385351
1.25125011267408,30.43251105834,0.316669458257577,3.15777133156845,0.244287867773183,0.208670215750424
1.24560819846162,29.3971226425738,0.284818192511638,2.95061883853383,0.219716891347002,0.187678154201555
1.23996628424917,28.3895827794488,0.25596681829993,2.75565330855125,0.197460116959928,0.168663758412605
1.23432437003671,27.4094515754645,0.229855029696527,2.5722611735005,0.177316737183778,0.151455346320047
1.22868245582425,26.4562832746532,0.206242778052623,2.39985250435068,0.159101571632623,0.135894606645877
1.22304054161179,25.5296269161413,0.184908930031011,2.23786059388618,0.14264403173227,0.121835711781363
1.21739862739933,24.6290269755702,0.165649991684148,2.08574151079775,0.127787136437639,0.109144474508999
1.21175671318687,23.754023989958,0.148278897562652,1.94297362830693,0.114386578116478,0.0976975478633443
1.20611479897442,22.9041551656239,0.132623863602562,1.80905713037348,0.102309837633828,0.0873816672770374
1.20047288476196,22.0789549688433,0.118527302333306,1.68351349841149,0.0914353475124614,0.0780929340247127
1.1948309705495,21.2779556989406,0.105844798772349,1.56588498131342,0.081651701908764,0.0697361388639974
1.18918905633704,20.5006880435729,0.0944441452246852,1.45573405145122,0.072856912029486,0.0622241246774848
1.18354714212458,19.7466816159967,0.0842044330839212,1.35264284919192,0.0649577055211552,0.0554771868416175
1.17790522791212,19.0154654741459,0.0750151996345479,1.25621261833177,0.057868868288973,0.049422509986236
1.17226331369967,18.3065686213956,0.066775627780368,1.1660631347198,0.0515126271444615,0.0439936397610958
1.16662139948721,17.619520488915,0.0593937965698375,1.08183213020778,0.0458180716392997,0.0391299881915082
1.16097948527475,16.9538513995555,0.0527859803535727,1.00317471393096,0.0407206134154011,0.0347763711833152
1.15533757106229,16.3090930132546,0.0468759943906617,0.929762792792666,0.0361614813869265,0.0308825767264756
1.14969565684983,15.6847787539622,0.0415945847168785,0.86128449289558,0.0320872510671926,0.027402962345425
1.14405374263737,15.0804442181414,0.0368788600979948,0.797443583536057,0.0284494063612272,0.0242960803521387
1.13841182842492,14.4956275649153,0.0326717639132932,0.737958905252294,0.0252039321616228,0.021524329473278
1.13276991421246,13.9298698879676,0.0289215838468417,0.682563803296025,0.0223109361103767,0.0190536314451149
1.127128,13.3827155693319,0.0255814973055928,0.631005567779189,0.0197342979214253,0.0168531311981139
