Energy (eV),,,,,,,,,,,,,,,,,,,,,,,,,,,,,,,,,,,,,,,,,,,,,,,,,,,,,,,,,,,,,,,,,,,,,,
6.199208877,1.88E-20,4.69E-20,1.08E-19,2.23E-19,3.90E-19,6.26E-19,9.46E-19,1.36E-18,1.90E-18,2.56E-18,3.37E-18,4.35E-18,5.51E-18,6.88E-18,8.48E-18,1.03E-17,1.25E-17,1.49E-17,1.77E-17,2.08E-17,2.44E-17,2.84E-17,3.28E-17,3.78E-17,4.33E-17,4.95E-17,5.63E-17,6.38E-17,7.22E-17,8.14E-17,9.15E-17,1.03E-16,1.15E-16,1.28E-16,1.43E-16,1.59E-16,1.76E-16,1.96E-16,2.17E-16,2.39E-16,2.64E-16,2.91E-16,3.20E-16,3.52E-16,3.86E-16,4.23E-16,4.61E-16,5.02E-16,5.45E-16,5.88E-16,6.31E-16,6.72E-16,7.10E-16,7.43E-16,7.69E-16,7.85E-16,7.91E-16,7.85E-16,7.66E-16,7.34E-16,6.89E-16,6.32E-16,5.63E-16,4.83E-16,3.93E-16,2.97E-16,1.98E-16,1.05E-16,3.08E-17,1.31E-22
6.193566963,2.29E-20,5.72E-20,1.32E-19,2.72E-19,4.75E-19,7.63E-19,1.15E-18,1.66E-18,2.31E-18,3.12E-18,4.11E-18,5.30E-18,6.72E-18,8.39E-18,1.03E-17,1.26E-17,1.52E-17,1.82E-17,2.16E-17,2.54E-17,2.97E-17,3.46E-17,4.00E-17,4.61E-17,5.28E-17,6.03E-17,6.87E-17,7.79E-17,8.80E-17,9.92E-17,1.12E-16,1.25E-16,1.40E-16,1.56E-16,1.74E-16,1.94E-16,2.15E-16,2.38E-16,2.64E-16,2.92E-16,3.22E-16,3.55E-16,3.91E-16,4.29E-16,4.71E-16,5.15E-16,5.63E-16,6.12E-16,6.64E-16,7.17E-16,7.69E-16,8.19E-16,8.66E-16,9.06E-16,9.37E-16,9.58E-16,9.65E-16,9.57E-16,9.34E-16,8.95E-16,8.41E-16,7.71E-16,6.86E-16,5.88E-16,4.79E-16,3.62E-16,2.42E-16,1.28E-16,3.75E-17,1.60E-22
6.187925049,2.80E-20,6.97E-20,1.61E-19,3.32E-19,5.79E-19,9.30E-19,1.41E-18,2.03E-18,2.82E-18,3.80E-18,5.01E-18,6.46E-18,8.19E-18,1.02E-17,1.26E-17,1.54E-17,1.85E-17,2.22E-17,2.63E-17,3.10E-17,3.62E-17,4.21E-17,4.88E-17,5.62E-17,6.44E-17,7.35E-17,8.37E-17,9.49E-17,1.07E-16,1.21E-16,1.36E-16,1.52E-16,1.71E-16,1.90E-16,2.12E-16,2.36E-16,2.62E-16,2.91E-16,3.22E-16,3.56E-16,3.93E-16,4.33E-16,4.76E-16,5.23E-16,5.74E-16,6.28E-16,6.86E-16,7.46E-16,8.09E-16,8.73E-16,9.37E-16,9.99E-16,1.06E-15,1.10E-15,1.14E-15,1.17E-15,1.18E-15,1.17E-15,1.14E-15,1.09E-15,1.02E-15,9.39E-16,8.36E-16,7.17E-16,5.84E-16,4.41E-16,2.95E-16,1.56E-16,4.57E-17,1.94E-22
6.182283134,3.41E-20,8.48E-20,1.96E-19,4.04E-19,7.05E-19,1.13E-18,1.71E-18,2.47E-18,3.43E-18,4.63E-18,6.10E-18,7.87E-18,9.97E-18,1.25E-17,1.54E-17,1.87E-17,2.26E-17,2.70E-17,3.20E-17,3.77E-17,4.41E-17,5.13E-17,5.94E-17,6.84E-17,7.84E-17,8.96E-17,1.02E-16,1.16E-16,1.31E-16,1.47E-16,1.66E-16,1.86E-16,2.08E-16,2.32E-16,2.58E-16,2.88E-16,3.19E-16,3.54E-16,3.92E-16,4.33E-16,4.78E-16,5.27E-16,5.80E-16,6.37E-16,6.99E-16,7.65E-16,8.35E-16,9.09E-16,9.86E-16,1.06E-15,1.14E-15,1.22E-15,1.29E-15,1.34E-15,1.39E-15,1.42E-15,1.43E-15,1.42E-15,1.39E-15,1.33E-15,1.25E-15,1.14E-15,1.02E-15,8.73E-16,7.12E-16,5.37E-16,3.59E-16,1.90E-16,5.57E-17,2.37E-22
6.17664122,4.15E-20,1.03E-19,2.38E-19,4.92E-19,8.59E-19,1.38E-18,2.08E-18,3.01E-18,4.18E-18,5.64E-18,7.43E-18,9.58E-18,1.21E-17,1.52E-17,1.87E-17,2.28E-17,2.75E-17,3.29E-17,3.90E-17,4.59E-17,5.37E-17,6.25E-17,7.23E-17,8.33E-17,9.55E-17,1.09E-16,1.24E-16,1.41E-16,1.59E-16,1.79E-16,2.02E-16,2.26E-16,2.53E-16,2.82E-16,3.15E-16,3.50E-16,3.89E-16,4.31E-16,4.77E-16,5.27E-16,5.82E-16,6.42E-16,7.06E-16,7.76E-16,8.51E-16,9.31E-16,1.02E-15,1.11E-15,1.20E-15,1.29E-15,1.39E-15,1.48E-15,1.56E-15,1.64E-15,1.69E-15,1.73E-15,1.74E-15,1.73E-15,1.69E-15,1.62E-15,1.52E-15,1.39E-15,1.24E-15,1.06E-15,8.66E-16,6.54E-16,4.37E-16,2.31E-16,6.78E-17,2.88E-22
6.170999306,5.05E-20,1.26E-19,2.90E-19,5.99E-19,1.04E-18,1.68E-18,2.54E-18,3.66E-18,5.08E-18,6.86E-18,9.04E-18,1.17E-17,1.48E-17,1.85E-17,2.27E-17,2.77E-17,3.34E-17,4.00E-17,4.74E-17,5.58E-17,6.54E-17,7.60E-17,8.80E-17,1.01E-16,1.16E-16,1.33E-16,1.51E-16,1.71E-16,1.94E-16,2.18E-16,2.45E-16,2.75E-16,3.08E-16,3.44E-16,3.83E-16,4.26E-16,4.73E-16,5.24E-16,5.81E-16,6.42E-16,7.08E-16,7.81E-16,8.59E-16,9.44E-16,1.04E-15,1.13E-15,1.24E-15,1.35E-15,1.46E-15,1.58E-15,1.69E-15,1.80E-15,1.90E-15,1.99E-15,2.06E-15,2.11E-15,2.12E-15,2.10E-15,2.05E-15,1.97E-15,1.85E-15,1.69E-15,1.51E-15,1.29E-15,1.05E-15,7.96E-16,5.31E-16,2.81E-16,8.25E-17,3.51E-22
6.165357392,6.14E-20,1.53E-19,3.53E-19,7.29E-19,1.27E-18,2.04E-18,3.08E-18,4.45E-18,6.18E-18,8.35E-18,1.10E-17,1.42E-17,1.80E-17,2.24E-17,2.77E-17,3.37E-17,4.07E-17,4.86E-17,5.77E-17,6.79E-17,7.95E-17,9.25E-17,1.07E-16,1.23E-16,1.41E-16,1.61E-16,1.84E-16,2.08E-16,2.35E-16,2.65E-16,2.98E-16,3.34E-16,3.74E-16,4.18E-16,4.66E-16,5.18E-16,5.75E-16,6.38E-16,7.06E-16,7.80E-16,8.62E-16,9.50E-16,1.04E-15,1.15E-15,1.26E-15,1.38E-15,1.50E-15,1.64E-15,1.78E-15,1.92E-15,2.06E-15,2.19E-15,2.32E-15,2.42E-15,2.51E-15,2.56E-15,2.58E-15,2.56E-15,2.50E-15,2.39E-15,2.25E-15,2.06E-15,1.84E-15,1.57E-15,1.28E-15,9.68E-16,6.46E-16,3.42E-16,1.00E-16,4.27E-22
6.159715478,7.46E-20,1.86E-19,4.29E-19,8.86E-19,1.54E-18,2.48E-18,3.75E-18,5.41E-18,7.52E-18,1.01E-17,1.34E-17,1.72E-17,2.18E-17,2.73E-17,3.36E-17,4.10E-17,4.94E-17,5.91E-17,7.01E-17,8.26E-17,9.66E-17,1.12E-16,1.30E-16,1.50E-16,1.72E-16,1.96E-16,2.23E-16,2.53E-16,2.86E-16,3.22E-16,3.63E-16,4.07E-16,4.55E-16,5.08E-16,5.66E-16,6.30E-16,6.99E-16,7.75E-16,8.58E-16,9.49E-16,1.05E-15,1.15E-15,1.27E-15,1.40E-15,1.53E-15,1.68E-15,1.83E-15,1.99E-15,2.16E-15,2.33E-15,2.50E-15,2.66E-15,2.82E-15,2.95E-15,3.05E-15,3.11E-15,3.14E-15,3.11E-15,3.04E-15,2.91E-15,2.73E-15,2.51E-15,2.23E-15,1.91E-15,1.56E-15,1.18E-15,7.86E-16,4.15E-16,1.22E-16,5.19E-22
6.154073563,9.06E-20,2.26E-19,5.21E-19,1.08E-18,1.88E-18,3.01E-18,4.56E-18,6.57E-18,9.13E-18,1.23E-17,1.62E-17,2.09E-17,2.65E-17,3.31E-17,4.08E-17,4.98E-17,6.01E-17,7.18E-17,8.52E-17,1.00E-16,1.17E-16,1.37E-16,1.58E-16,1.82E-16,2.09E-16,2.38E-16,2.71E-16,3.07E-16,3.48E-16,3.92E-16,4.40E-16,4.94E-16,5.53E-16,6.17E-16,6.88E-16,7.65E-16,8.50E-16,9.42E-16,1.04E-15,1.15E-15,1.27E-15,1.40E-15,1.54E-15,1.70E-15,1.86E-15,2.04E-15,2.22E-15,2.42E-15,2.62E-15,2.83E-15,3.04E-15,3.24E-15,3.42E-15,3.58E-15,3.70E-15,3.78E-15,3.81E-15,3.78E-15,3.69E-15,3.54E-15,3.32E-15,3.04E-15,2.71E-15,2.32E-15,1.89E-15,1.43E-15,9.55E-16,5.04E-16,1.48E-16,6.30E-22
6.148431649,1.10E-19,2.74E-19,6.32E-19,1.31E-18,2.28E-18,3.66E-18,5.53E-18,7.98E-18,1.11E-17,1.50E-17,1.97E-17,2.54E-17,3.22E-17,4.02E-17,4.96E-17,6.04E-17,7.29E-17,8.72E-17,1.03E-16,1.22E-16,1.43E-16,1.66E-16,1.92E-16,2.21E-16,2.53E-16,2.89E-16,3.29E-16,3.73E-16,4.22E-16,4.76E-16,5.35E-16,6.00E-16,6.71E-16,7.49E-16,8.35E-16,9.29E-16,1.03E-15,1.14E-15,1.27E-15,1.40E-15,1.55E-15,1.70E-15,1.87E-15,2.06E-15,2.26E-15,2.47E-15,2.70E-15,2.94E-15,3.18E-15,3.44E-15,3.69E-15,3.93E-15,4.15E-15,4.35E-15,4.50E-15,4.59E-15,4.63E-15,4.59E-15,4.48E-15,4.29E-15,4.03E-15,3.70E-15,3.29E-15,2.82E-15,2.30E-15,1.74E-15,1.16E-15,6.13E-16,1.80E-16,7.65E-22
6.142789735,1.34E-19,3.33E-19,7.67E-19,1.59E-18,2.77E-18,4.44E-18,6.71E-18,9.68E-18,1.35E-17,1.82E-17,2.39E-17,3.09E-17,3.91E-17,4.88E-17,6.02E-17,7.34E-17,8.85E-17,1.06E-16,1.26E-16,1.48E-16,1.73E-16,2.01E-16,2.33E-16,2.68E-16,3.08E-16,3.51E-16,4.00E-16,4.53E-16,5.12E-16,5.77E-16,6.49E-16,7.28E-16,8.15E-16,9.10E-16,1.01E-15,1.13E-15,1.25E-15,1.39E-15,1.54E-15,1.70E-15,1.88E-15,2.07E-15,2.27E-15,2.50E-15,2.74E-15,3.00E-15,3.27E-15,3.56E-15,3.86E-15,4.17E-15,4.48E-15,4.77E-15,5.04E-15,5.27E-15,5.46E-15,5.57E-15,5.62E-15,5.57E-15,5.44E-15,5.21E-15,4.89E-15,4.49E-15,3.99E-15,3.43E-15,2.79E-15,2.11E-15,1.41E-15,7.43E-16,2.18E-16,9.29E-22
6.137147821,1.62E-19,4.04E-19,9.31E-19,1.92E-18,3.36E-18,5.39E-18,8.14E-18,1.17E-17,1.63E-17,2.20E-17,2.90E-17,3.74E-17,4.74E-17,5.92E-17,7.30E-17,8.90E-17,1.07E-16,1.28E-16,1.52E-16,1.79E-16,2.10E-16,2.44E-16,2.83E-16,3.25E-16,3.73E-16,4.26E-16,4.85E-16,5.50E-16,6.21E-16,7.00E-16,7.87E-16,8.83E-16,9.88E-16,1.10E-15,1.23E-15,1.37E-15,1.52E-15,1.68E-15,1.86E-15,2.06E-15,2.27E-15,2.51E-15,2.76E-15,3.03E-15,3.32E-15,3.64E-15,3.97E-15,4.32E-15,4.69E-15,5.06E-15,5.43E-15,5.79E-15,6.12E-15,6.40E-15,6.62E-15,6.76E-15,6.81E-15,6.76E-15,6.60E-15,6.32E-15,5.94E-15,5.44E-15,4.85E-15,4.16E-15,3.38E-15,2.56E-15,1.71E-15,9.02E-16,2.65E-16,1.13E-21
6.131505906,1.96E-19,4.89E-19,1.13E-18,2.33E-18,4.07E-18,6.53E-18,9.88E-18,1.42E-17,1.98E-17,2.67E-17,3.52E-17,4.54E-17,5.75E-17,7.18E-17,8.85E-17,1.08E-16,1.30E-16,1.56E-16,1.85E-16,2.17E-16,2.54E-16,2.96E-16,3.43E-16,3.95E-16,4.52E-16,5.17E-16,5.88E-16,6.67E-16,7.53E-16,8.49E-16,9.55E-16,1.07E-15,1.20E-15,1.34E-15,1.49E-15,1.66E-15,1.84E-15,2.04E-15,2.26E-15,2.50E-15,2.76E-15,3.04E-15,3.35E-15,3.68E-15,4.03E-15,4.41E-15,4.82E-15,5.24E-15,5.68E-15,6.14E-15,6.58E-15,7.02E-15,7.41E-15,7.76E-15,8.03E-15,8.20E-15,8.26E-15,8.19E-15,8.00E-15,7.67E-15,7.20E-15,6.60E-15,5.87E-15,5.04E-15,4.10E-15,3.10E-15,2.07E-15,1.09E-15,3.21E-16,1.37E-21
6.125863992,2.38E-19,5.93E-19,1.37E-18,2.83E-18,4.93E-18,7.92E-18,1.20E-17,1.73E-17,2.40E-17,3.24E-17,4.26E-17,5.50E-17,6.97E-17,8.71E-17,1.07E-16,1.31E-16,1.58E-16,1.89E-16,2.24E-16,2.64E-16,3.08E-16,3.59E-16,4.15E-16,4.78E-16,5.48E-16,6.26E-16,7.12E-16,8.08E-16,9.13E-16,1.03E-15,1.16E-15,1.30E-15,1.45E-15,1.62E-15,1.81E-15,2.01E-15,2.23E-15,2.47E-15,2.74E-15,3.03E-15,3.34E-15,3.68E-15,4.05E-15,4.45E-15,4.89E-15,5.35E-15,5.84E-15,6.35E-15,6.89E-15,7.44E-15,7.98E-15,8.50E-15,8.99E-15,9.40E-15,9.73E-15,9.94E-15,1.00E-14,9.93E-15,9.69E-15,9.29E-15,8.72E-15,8.00E-15,7.12E-15,6.11E-15,4.97E-15,3.76E-15,2.51E-15,1.33E-15,3.89E-16,1.66E-21
6.120222078,2.88E-19,7.18E-19,1.66E-18,3.42E-18,5.97E-18,9.59E-18,1.45E-17,2.09E-17,2.91E-17,3.92E-17,5.16E-17,6.66E-17,8.44E-17,1.05E-16,1.30E-16,1.58E-16,1.91E-16,2.28E-16,2.71E-16,3.19E-16,3.74E-16,4.35E-16,5.03E-16,5.79E-16,6.64E-16,7.58E-16,8.63E-16,9.78E-16,1.11E-15,1.25E-15,1.40E-15,1.57E-15,1.76E-15,1.96E-15,2.19E-15,2.43E-15,2.70E-15,3.00E-15,3.32E-15,3.67E-15,4.05E-15,4.46E-15,4.91E-15,5.40E-15,5.92E-15,6.48E-15,7.07E-15,7.70E-15,8.34E-15,9.01E-15,9.66E-15,1.03E-14,1.09E-14,1.14E-14,1.18E-14,1.20E-14,1.21E-14,1.20E-14,1.17E-14,1.13E-14,1.06E-14,9.69E-15,8.62E-15,7.39E-15,6.02E-15,4.55E-15,3.04E-15,1.61E-15,4.71E-16,2.00E-21
6.114580164,3.49E-19,8.70E-19,2.01E-18,4.14E-18,7.23E-18,1.16E-17,1.75E-17,2.53E-17,3.52E-17,4.75E-17,6.25E-17,8.06E-17,1.02E-16,1.28E-16,1.57E-16,1.92E-16,2.31E-16,2.77E-16,3.28E-16,3.86E-16,4.52E-16,5.26E-16,6.09E-16,7.01E-16,8.04E-16,9.18E-16,1.04E-15,1.18E-15,1.34E-15,1.51E-15,1.70E-15,1.90E-15,2.13E-15,2.38E-15,2.65E-15,2.95E-15,3.27E-15,3.63E-15,4.02E-15,4.44E-15,4.90E-15,5.40E-15,5.95E-15,6.53E-15,7.16E-15,7.84E-15,8.56E-15,9.32E-15,1.01E-14,1.09E-14,1.17E-14,1.25E-14,1.32E-14,1.38E-14,1.43E-14,1.46E-14,1.47E-14,1.46E-14,1.42E-14,1.36E-14,1.28E-14,1.17E-14,1.04E-14,8.95E-15,7.29E-15,5.51E-15,3.68E-15,1.94E-15,5.71E-16,2.43E-21
6.10893825,4.22E-19,1.05E-18,2.43E-18,5.02E-18,8.75E-18,1.41E-17,2.12E-17,3.06E-17,4.26E-17,5.74E-17,7.56E-17,9.76E-17,1.24E-16,1.54E-16,1.90E-16,2.32E-16,2.80E-16,3.35E-16,3.97E-16,4.68E-16,5.47E-16,6.37E-16,7.37E-16,8.48E-16,9.73E-16,1.11E-15,1.26E-15,1.43E-15,1.62E-15,1.83E-15,2.05E-15,2.30E-15,2.58E-15,2.88E-15,3.21E-15,3.57E-15,3.96E-15,4.39E-15,4.86E-15,5.37E-15,5.93E-15,6.54E-15,7.19E-15,7.90E-15,8.67E-15,9.49E-15,1.04E-14,1.13E-14,1.22E-14,1.32E-14,1.42E-14,1.51E-14,1.59E-14,1.67E-14,1.73E-14,1.76E-14,1.78E-14,1.76E-14,1.72E-14,1.65E-14,1.55E-14,1.42E-14,1.26E-14,1.08E-14,8.82E-15,6.67E-15,4.45E-15,2.35E-15,6.91E-16,2.94E-21
6.103296335,5.11E-19,1.27E-18,2.94E-18,6.07E-18,1.06E-17,1.70E-17,2.57E-17,3.70E-17,5.15E-17,6.95E-17,9.15E-17,1.18E-16,1.50E-16,1.87E-16,2.30E-16,2.81E-16,3.39E-16,4.05E-16,4.80E-16,5.66E-16,6.62E-16,7.70E-16,8.91E-16,1.03E-15,1.18E-15,1.34E-15,1.53E-15,1.73E-15,1.96E-15,2.21E-15,2.48E-15,2.78E-15,3.12E-15,3.48E-15,3.88E-15,4.31E-15,4.79E-15,5.31E-15,5.88E-15,6.50E-15,7.17E-15,7.91E-15,8.70E-15,9.56E-15,1.05E-14,1.15E-14,1.25E-14,1.36E-14,1.48E-14,1.60E-14,1.71E-14,1.82E-14,1.93E-14,2.02E-14,2.09E-14,2.13E-14,2.15E-14,2.13E-14,2.08E-14,1.99E-14,1.87E-14,1.72E-14,1.53E-14,1.31E-14,1.07E-14,8.06E-15,5.38E-15,2.84E-15,8.35E-16,3.55E-21
6.097654421,6.17E-19,1.54E-18,3.55E-18,7.33E-18,1.28E-17,2.05E-17,3.10E-17,4.48E-17,6.22E-17,8.40E-17,1.11E-16,1.43E-16,1.81E-16,2.26E-16,2.78E-16,3.39E-16,4.09E-16,4.89E-16,5.80E-16,6.84E-16,8.00E-16,9.31E-16,1.08E-15,1.24E-15,1.42E-15,1.62E-15,1.85E-15,2.10E-15,2.37E-15,2.67E-15,3.00E-15,3.37E-15,3.77E-15,4.21E-15,4.69E-15,5.21E-15,5.79E-15,6.42E-15,7.11E-15,7.85E-15,8.67E-15,9.56E-15,1.05E-14,1.16E-14,1.27E-14,1.39E-14,1.51E-14,1.65E-14,1.79E-14,1.93E-14,2.07E-14,2.21E-14,2.33E-14,2.44E-14,2.52E-14,2.58E-14,2.60E-14,2.58E-14,2.51E-14,2.41E-14,2.26E-14,2.07E-14,1.85E-14,1.58E-14,1.29E-14,9.74E-15,6.50E-15,3.44E-15,1.01E-15,4.29E-21
6.092012507,7.46E-19,1.86E-18,4.29E-18,8.86E-18,1.54E-17,2.48E-17,3.75E-17,5.41E-17,7.52E-17,1.01E-16,1.34E-16,1.72E-16,2.18E-16,2.73E-16,3.36E-16,4.10E-16,4.94E-16,5.91E-16,7.01E-16,8.26E-16,9.66E-16,1.12E-15,1.30E-15,1.50E-15,1.72E-15,1.96E-15,2.23E-15,2.53E-15,2.86E-15,3.23E-15,3.63E-15,4.07E-15,4.55E-15,5.08E-15,5.66E-15,6.30E-15,6.99E-15,7.75E-15,8.58E-15,9.49E-15,1.05E-14,1.15E-14,1.27E-14,1.40E-14,1.53E-14,1.68E-14,1.83E-14,1.99E-14,2.16E-14,2.33E-14,2.50E-14,2.66E-14,2.82E-14,2.95E-14,3.05E-14,3.11E-14,3.14E-14,3.11E-14,3.04E-14,2.91E-14,2.73E-14,2.51E-14,2.23E-14,1.91E-14,1.56E-14,1.18E-14,7.86E-15,4.15E-15,1.22E-15,5.19E-21
6.086370593,9.01E-19,2.24E-18,5.18E-18,1.07E-17,1.87E-17,3.00E-17,4.53E-17,6.53E-17,9.08E-17,1.23E-16,1.61E-16,2.08E-16,2.64E-16,3.29E-16,4.06E-16,4.95E-16,5.97E-16,7.14E-16,8.47E-16,9.97E-16,1.17E-15,1.36E-15,1.57E-15,1.81E-15,2.07E-15,2.37E-15,2.70E-15,3.06E-15,3.46E-15,3.89E-15,4.38E-15,4.91E-15,5.49E-15,6.14E-15,6.84E-15,7.61E-15,8.45E-15,9.36E-15,1.04E-14,1.15E-14,1.26E-14,1.39E-14,1.53E-14,1.69E-14,1.85E-14,2.02E-14,2.21E-14,2.40E-14,2.61E-14,2.81E-14,3.02E-14,3.22E-14,3.40E-14,3.56E-14,3.68E-14,3.76E-14,3.79E-14,3.76E-14,3.67E-14,3.52E-14,3.30E-14,3.03E-14,2.69E-14,2.31E-14,1.88E-14,1.42E-14,9.49E-15,5.01E-15,1.47E-15,6.26E-21
6.080728679,1.09E-18,2.71E-18,6.25E-18,1.29E-17,2.25E-17,3.62E-17,5.47E-17,7.88E-17,1.10E-16,1.48E-16,1.95E-16,2.51E-16,3.18E-16,3.98E-16,4.90E-16,5.97E-16,7.21E-16,8.62E-16,1.02E-15,1.20E-15,1.41E-15,1.64E-15,1.90E-15,2.18E-15,2.50E-15,2.86E-15,3.25E-15,3.69E-15,4.17E-15,4.70E-15,5.28E-15,5.93E-15,6.63E-15,7.40E-15,8.25E-15,9.18E-15,1.02E-14,1.13E-14,1.25E-14,1.38E-14,1.53E-14,1.68E-14,1.85E-14,2.03E-14,2.23E-14,2.44E-14,2.67E-14,2.90E-14,3.15E-14,3.40E-14,3.64E-14,3.88E-14,4.10E-14,4.29E-14,4.44E-14,4.54E-14,4.57E-14,4.54E-14,4.43E-14,4.24E-14,3.98E-14,3.65E-14,3.25E-14,2.79E-14,2.27E-14,1.72E-14,1.15E-14,6.05E-15,1.78E-15,7.56E-21
6.075086764,1.31E-18,3.27E-18,7.54E-18,1.56E-17,2.72E-17,4.36E-17,6.59E-17,9.51E-17,1.32E-16,1.78E-16,2.35E-16,3.03E-16,3.84E-16,4.80E-16,5.91E-16,7.20E-16,8.69E-16,1.04E-15,1.23E-15,1.45E-15,1.70E-15,1.98E-15,2.29E-15,2.63E-15,3.02E-15,3.45E-15,3.92E-15,4.45E-15,5.03E-15,5.67E-15,6.38E-15,7.15E-15,8.00E-15,8.93E-15,9.95E-15,1.11E-14,1.23E-14,1.36E-14,1.51E-14,1.67E-14,1.84E-14,2.03E-14,2.23E-14,2.45E-14,2.69E-14,2.95E-14,3.22E-14,3.50E-14,3.80E-14,4.10E-14,4.40E-14,4.68E-14,4.95E-14,5.18E-14,5.36E-14,5.47E-14,5.51E-14,5.47E-14,5.34E-14,5.12E-14,4.81E-14,4.41E-14,3.92E-14,3.36E-14,2.74E-14,2.07E-14,1.38E-14,7.30E-15,2.14E-15,9.12E-21
6.06944485,1.58E-18,3.94E-18,9.09E-18,1.88E-17,3.28E-17,5.26E-17,7.95E-17,1.15E-16,1.59E-16,2.15E-16,2.83E-16,3.65E-16,4.63E-16,5.78E-16,7.13E-16,8.69E-16,1.05E-15,1.25E-15,1.49E-15,1.75E-15,2.05E-15,2.38E-15,2.76E-15,3.18E-15,3.64E-15,4.16E-15,4.73E-15,5.37E-15,6.07E-15,6.84E-15,7.69E-15,8.62E-15,9.65E-15,1.08E-14,1.20E-14,1.34E-14,1.48E-14,1.64E-14,1.82E-14,2.01E-14,2.22E-14,2.45E-14,2.69E-14,2.96E-14,3.25E-14,3.55E-14,3.88E-14,4.22E-14,4.58E-14,4.94E-14,5.30E-14,5.65E-14,5.97E-14,6.25E-14,6.46E-14,6.60E-14,6.65E-14,6.60E-14,6.44E-14,6.17E-14,5.79E-14,5.31E-14,4.73E-14,4.06E-14,3.30E-14,2.50E-14,1.67E-14,8.80E-15,2.59E-15,1.10E-20
6.063802936,1.91E-18,4.75E-18,1.09E-17,2.26E-17,3.95E-17,6.34E-17,9.58E-17,1.38E-16,1.92E-16,2.59E-16,3.41E-16,4.40E-16,5.58E-16,6.97E-16,8.59E-16,1.05E-15,1.26E-15,1.51E-15,1.79E-15,2.11E-15,2.47E-15,2.87E-15,3.32E-15,3.83E-15,4.39E-15,5.01E-15,5.70E-15,6.47E-15,7.31E-15,8.24E-15,9.26E-15,1.04E-14,1.16E-14,1.30E-14,1.45E-14,1.61E-14,1.79E-14,1.98E-14,2.19E-14,2.42E-14,2.68E-14,2.95E-14,3.25E-14,3.57E-14,3.91E-14,4.28E-14,4.67E-14,5.09E-14,5.51E-14,5.95E-14,6.39E-14,6.81E-14,7.19E-14,7.53E-14,7.79E-14,7.95E-14,8.01E-14,7.95E-14,7.76E-14,7.44E-14,6.98E-14,6.40E-14,5.70E-14,4.89E-14,3.98E-14,3.01E-14,2.01E-14,1.06E-14,3.12E-15,1.32E-20
6.058161022,2.30E-18,5.72E-18,1.32E-17,2.73E-17,4.75E-17,7.64E-17,1.15E-16,1.66E-16,2.31E-16,3.12E-16,4.11E-16,5.30E-16,6.72E-16,8.39E-16,1.03E-15,1.26E-15,1.52E-15,1.82E-15,2.16E-15,2.54E-15,2.97E-15,3.46E-15,4.00E-15,4.61E-15,5.29E-15,6.04E-15,6.87E-15,7.79E-15,8.80E-15,9.92E-15,1.12E-14,1.25E-14,1.40E-14,1.56E-14,1.74E-14,1.94E-14,2.15E-14,2.39E-14,2.64E-14,2.92E-14,3.22E-14,3.55E-14,3.91E-14,4.30E-14,4.71E-14,5.16E-14,5.63E-14,6.13E-14,6.64E-14,7.17E-14,7.69E-14,8.20E-14,8.66E-14,9.07E-14,9.38E-14,9.58E-14,9.65E-14,9.58E-14,9.35E-14,8.96E-14,8.41E-14,7.71E-14,6.87E-14,5.89E-14,4.80E-14,3.62E-14,2.42E-14,1.28E-14,3.75E-15,1.60E-20
6.052519107,2.76E-18,6.88E-18,1.59E-17,3.28E-17,5.72E-17,9.19E-17,1.39E-16,2.00E-16,2.79E-16,3.76E-16,4.95E-16,6.38E-16,8.09E-16,1.01E-15,1.25E-15,1.52E-15,1.83E-15,2.19E-15,2.60E-15,3.06E-15,3.58E-15,4.16E-15,4.82E-15,5.55E-15,6.36E-15,7.27E-15,8.27E-15,9.38E-15,1.06E-14,1.19E-14,1.34E-14,1.51E-14,1.69E-14,1.88E-14,2.10E-14,2.33E-14,2.59E-14,2.87E-14,3.18E-14,3.52E-14,3.88E-14,4.28E-14,4.71E-14,5.17E-14,5.67E-14,6.21E-14,6.78E-14,7.37E-14,8.00E-14,8.63E-14,9.26E-14,9.87E-14,1.04E-13,1.09E-13,1.13E-13,1.15E-13,1.16E-13,1.15E-13,1.13E-13,1.08E-13,1.01E-13,9.28E-14,8.26E-14,7.09E-14,5.77E-14,4.36E-14,2.91E-14,1.54E-14,4.52E-15,1.92E-20
6.046877193,3.33E-18,8.28E-18,1.91E-17,3.95E-17,6.89E-17,1.11E-16,1.67E-16,2.41E-16,3.35E-16,4.52E-16,5.95E-16,7.68E-16,9.74E-16,1.22E-15,1.50E-15,1.83E-15,2.20E-15,2.63E-15,3.13E-15,3.68E-15,4.31E-15,5.01E-15,5.80E-15,6.68E-15,7.66E-15,8.74E-15,9.95E-15,1.13E-14,1.28E-14,1.44E-14,1.62E-14,1.81E-14,2.03E-14,2.26E-14,2.52E-14,2.81E-14,3.12E-14,3.46E-14,3.83E-14,4.23E-14,4.67E-14,5.15E-14,5.66E-14,6.22E-14,6.82E-14,7.47E-14,8.15E-14,8.87E-14,9.62E-14,1.04E-13,1.11E-13,1.19E-13,1.26E-13,1.31E-13,1.36E-13,1.39E-13,1.40E-13,1.39E-13,1.35E-13,1.30E-13,1.22E-13,1.12E-13,9.94E-14,8.53E-14,6.95E-14,5.25E-14,3.50E-14,1.85E-14,5.44E-15,2.31E-20
6.041235279,4.00E-18,9.96E-18,2.30E-17,4.75E-17,8.28E-17,1.33E-16,2.01E-16,2.90E-16,4.03E-16,5.44E-16,7.16E-16,9.24E-16,1.17E-15,1.46E-15,1.80E-15,2.20E-15,2.65E-15,3.17E-15,3.76E-15,4.43E-15,5.18E-15,6.03E-15,6.97E-15,8.03E-15,9.21E-15,1.05E-14,1.20E-14,1.36E-14,1.53E-14,1.73E-14,1.94E-14,2.18E-14,2.44E-14,2.72E-14,3.03E-14,3.38E-14,3.75E-14,4.16E-14,4.60E-14,5.09E-14,5.61E-14,6.19E-14,6.81E-14,7.48E-14,8.21E-14,8.98E-14,9.81E-14,1.07E-13,1.16E-13,1.25E-13,1.34E-13,1.43E-13,1.51E-13,1.58E-13,1.63E-13,1.67E-13,1.68E-13,1.67E-13,1.63E-13,1.56E-13,1.47E-13,1.34E-13,1.20E-13,1.03E-13,8.35E-14,6.31E-14,4.21E-14,2.23E-14,6.54E-15,2.78E-20
6.035593365,4.81E-18,1.20E-17,2.76E-17,5.71E-17,9.95E-17,1.60E-16,2.42E-16,3.49E-16,4.84E-16,6.54E-16,8.61E-16,1.11E-15,1.41E-15,1.76E-15,2.17E-15,2.64E-15,3.19E-15,3.81E-15,4.52E-15,5.32E-15,6.23E-15,7.24E-15,8.38E-15,9.65E-15,1.11E-14,1.26E-14,1.44E-14,1.63E-14,1.84E-14,2.08E-14,2.34E-14,2.62E-14,2.93E-14,3.27E-14,3.65E-14,4.06E-14,4.51E-14,5.00E-14,5.53E-14,6.11E-14,6.75E-14,7.44E-14,8.19E-14,8.99E-14,9.86E-14,1.08E-13,1.18E-13,1.28E-13,1.39E-13,1.50E-13,1.61E-13,1.72E-13,1.81E-13,1.90E-13,1.96E-13,2.01E-13,2.02E-13,2.01E-13,1.96E-13,1.88E-13,1.76E-13,1.61E-13,1.44E-13,1.23E-13,1.00E-13,7.58E-14,5.06E-14,2.68E-14,7.86E-15,3.34E-20
6.029951451,5.77E-18,1.44E-17,3.32E-17,6.86E-17,1.20E-16,1.92E-16,2.90E-16,4.19E-16,5.82E-16,7.85E-16,1.03E-15,1.33E-15,1.69E-15,2.11E-15,2.60E-15,3.17E-15,3.83E-15,4.58E-15,5.43E-15,6.39E-15,7.48E-15,8.70E-15,1.01E-14,1.16E-14,1.33E-14,1.52E-14,1.73E-14,1.96E-14,2.22E-14,2.50E-14,2.81E-14,3.15E-14,3.52E-14,3.93E-14,4.38E-14,4.88E-14,5.41E-14,6.00E-14,6.65E-14,7.35E-14,8.11E-14,8.94E-14,9.84E-14,1.08E-13,1.19E-13,1.30E-13,1.42E-13,1.54E-13,1.67E-13,1.80E-13,1.94E-13,2.06E-13,2.18E-13,2.28E-13,2.36E-13,2.41E-13,2.43E-13,2.41E-13,2.35E-13,2.25E-13,2.12E-13,1.94E-13,1.73E-13,1.48E-13,1.21E-13,9.11E-14,6.08E-14,3.21E-14,9.44E-15,4.01E-20
6.024309536,6.93E-18,1.73E-17,3.98E-17,8.23E-17,1.44E-16,2.31E-16,3.49E-16,5.03E-16,6.99E-16,9.43E-16,1.24E-15,1.60E-15,2.03E-15,2.54E-15,3.13E-15,3.81E-15,4.60E-15,5.49E-15,6.52E-15,7.68E-15,8.98E-15,1.05E-14,1.21E-14,1.39E-14,1.60E-14,1.82E-14,2.08E-14,2.35E-14,2.66E-14,3.00E-14,3.37E-14,3.78E-14,4.23E-14,4.72E-14,5.26E-14,5.85E-14,6.50E-14,7.21E-14,7.98E-14,8.82E-14,9.74E-14,1.07E-13,1.18E-13,1.30E-13,1.42E-13,1.56E-13,1.70E-13,1.85E-13,2.01E-13,2.17E-13,2.32E-13,2.48E-13,2.62E-13,2.74E-13,2.83E-13,2.89E-13,2.92E-13,2.89E-13,2.82E-13,2.71E-13,2.54E-13,2.33E-13,2.07E-13,1.78E-13,1.45E-13,1.09E-13,7.31E-14,3.86E-14,1.13E-14,4.82E-20
6.018667622,8.32E-18,2.07E-17,4.78E-17,9.88E-17,1.72E-16,2.77E-16,4.18E-16,6.03E-16,8.39E-16,1.13E-15,1.49E-15,1.92E-15,2.44E-15,3.04E-15,3.75E-15,4.57E-15,5.52E-15,6.59E-15,7.82E-15,9.21E-15,1.08E-14,1.25E-14,1.45E-14,1.67E-14,1.92E-14,2.19E-14,2.49E-14,2.82E-14,3.19E-14,3.60E-14,4.05E-14,4.54E-14,5.08E-14,5.67E-14,6.32E-14,7.03E-14,7.80E-14,8.65E-14,9.58E-14,1.06E-13,1.17E-13,1.29E-13,1.42E-13,1.56E-13,1.71E-13,1.87E-13,2.04E-13,2.22E-13,2.41E-13,2.60E-13,2.79E-13,2.97E-13,3.14E-13,3.29E-13,3.40E-13,3.47E-13,3.50E-13,3.47E-13,3.39E-13,3.25E-13,3.05E-13,2.80E-13,2.49E-13,2.13E-13,1.74E-13,1.31E-13,8.77E-14,4.63E-14,1.36E-14,5.79E-20
6.013025708,9.98E-18,2.49E-17,5.74E-17,1.19E-16,2.07E-16,3.32E-16,5.02E-16,7.24E-16,1.01E-15,1.36E-15,1.79E-15,2.31E-15,2.92E-15,3.65E-15,4.50E-15,5.48E-15,6.62E-15,7.91E-15,9.38E-15,1.11E-14,1.29E-14,1.50E-14,1.74E-14,2.01E-14,2.30E-14,2.63E-14,2.99E-14,3.39E-14,3.83E-14,4.32E-14,4.85E-14,5.44E-14,6.09E-14,6.80E-14,7.58E-14,8.43E-14,9.36E-14,1.04E-13,1.15E-13,1.27E-13,1.40E-13,1.55E-13,1.70E-13,1.87E-13,2.05E-13,2.24E-13,2.45E-13,2.66E-13,2.89E-13,3.12E-13,3.35E-13,3.57E-13,3.77E-13,3.94E-13,4.08E-13,4.17E-13,4.20E-13,4.16E-13,4.07E-13,3.90E-13,3.66E-13,3.35E-13,2.99E-13,2.56E-13,2.09E-13,1.58E-13,1.05E-13,5.56E-14,1.63E-14,6.94E-20
6.007383794,1.20E-17,2.98E-17,6.88E-17,1.42E-16,2.48E-16,3.98E-16,6.02E-16,8.68E-16,1.21E-15,1.63E-15,2.14E-15,2.77E-15,3.51E-15,4.38E-15,5.40E-15,6.58E-15,7.93E-15,9.49E-15,1.13E-14,1.33E-14,1.55E-14,1.80E-14,2.09E-14,2.40E-14,2.76E-14,3.15E-14,3.58E-14,4.06E-14,4.59E-14,5.18E-14,5.82E-14,6.52E-14,7.30E-14,8.15E-14,9.08E-14,1.01E-13,1.12E-13,1.24E-13,1.38E-13,1.52E-13,1.68E-13,1.85E-13,2.04E-13,2.24E-13,2.46E-13,2.69E-13,2.94E-13,3.19E-13,3.46E-13,3.74E-13,4.01E-13,4.28E-13,4.52E-13,4.73E-13,4.89E-13,5.00E-13,5.03E-13,4.99E-13,4.87E-13,4.67E-13,4.39E-13,4.02E-13,3.58E-13,3.07E-13,2.50E-13,1.89E-13,1.26E-13,6.66E-14,1.96E-14,8.32E-20
6.00174188,1.43E-17,3.57E-17,8.24E-17,1.70E-16,2.97E-16,4.77E-16,7.21E-16,1.04E-15,1.45E-15,1.95E-15,2.57E-15,3.31E-15,4.20E-15,5.25E-15,6.47E-15,7.88E-15,9.51E-15,1.14E-14,1.35E-14,1.59E-14,1.86E-14,2.16E-14,2.50E-14,2.88E-14,3.30E-14,3.77E-14,4.29E-14,4.87E-14,5.50E-14,6.20E-14,6.97E-14,7.82E-14,8.75E-14,9.77E-14,1.09E-13,1.21E-13,1.34E-13,1.49E-13,1.65E-13,1.82E-13,2.01E-13,2.22E-13,2.44E-13,2.68E-13,2.94E-13,3.22E-13,3.52E-13,3.83E-13,4.15E-13,4.48E-13,4.81E-13,5.12E-13,5.41E-13,5.66E-13,5.86E-13,5.99E-13,6.03E-13,5.98E-13,5.84E-13,5.60E-13,5.26E-13,4.82E-13,4.29E-13,3.68E-13,3.00E-13,2.26E-13,1.51E-13,7.99E-14,2.35E-14,9.97E-20
5.996099965,1.72E-17,4.28E-17,9.87E-17,2.04E-16,3.56E-16,5.72E-16,8.64E-16,1.25E-15,1.73E-15,2.34E-15,3.08E-15,3.97E-15,5.03E-15,6.28E-15,7.74E-15,9.44E-15,1.14E-14,1.36E-14,1.61E-14,1.90E-14,2.23E-14,2.59E-14,3.00E-14,3.45E-14,3.96E-14,4.52E-14,5.14E-14,5.83E-14,6.59E-14,7.43E-14,8.35E-14,9.37E-14,1.05E-13,1.17E-13,1.30E-13,1.45E-13,1.61E-13,1.79E-13,1.98E-13,2.19E-13,2.41E-13,2.66E-13,2.93E-13,3.22E-13,3.53E-13,3.86E-13,4.21E-13,4.59E-13,4.97E-13,5.37E-13,5.76E-13,6.14E-13,6.48E-13,6.79E-13,7.02E-13,7.17E-13,7.22E-13,7.17E-13,7.00E-13,6.70E-13,6.30E-13,5.77E-13,5.14E-13,4.41E-13,3.59E-13,2.71E-13,1.81E-13,9.56E-14,2.81E-14,1.19E-19
5.990458051,2.06E-17,5.12E-17,1.18E-16,2.44E-16,4.26E-16,6.84E-16,1.03E-15,1.49E-15,2.07E-15,2.80E-15,3.68E-15,4.75E-15,6.02E-15,7.52E-15,9.27E-15,1.13E-14,1.36E-14,1.63E-14,1.93E-14,2.28E-14,2.66E-14,3.10E-14,3.59E-14,4.13E-14,4.74E-14,5.41E-14,6.15E-14,6.98E-14,7.89E-14,8.89E-14,1.00E-13,1.12E-13,1.25E-13,1.40E-13,1.56E-13,1.74E-13,1.93E-13,2.14E-13,2.37E-13,2.62E-13,2.89E-13,3.18E-13,3.50E-13,3.85E-13,4.22E-13,4.62E-13,5.04E-13,5.49E-13,5.95E-13,6.42E-13,6.89E-13,7.35E-13,7.76E-13,8.12E-13,8.40E-13,8.58E-13,8.65E-13,8.58E-13,8.37E-13,8.03E-13,7.54E-13,6.91E-13,6.15E-13,5.27E-13,4.30E-13,3.25E-13,2.17E-13,1.14E-13,3.36E-14,1.43E-19
5.984816137,2.46E-17,6.13E-17,1.41E-16,2.92E-16,5.10E-16,8.19E-16,1.24E-15,1.78E-15,2.48E-15,3.35E-15,4.41E-15,5.69E-15,7.21E-15,9.00E-15,1.11E-14,1.35E-14,1.63E-14,1.95E-14,2.31E-14,2.72E-14,3.19E-14,3.71E-14,4.29E-14,4.94E-14,5.67E-14,6.47E-14,7.36E-14,8.35E-14,9.44E-14,1.06E-13,1.20E-13,1.34E-13,1.50E-13,1.68E-13,1.87E-13,2.08E-13,2.31E-13,2.56E-13,2.83E-13,3.13E-13,3.46E-13,3.81E-13,4.19E-13,4.61E-13,5.05E-13,5.53E-13,6.03E-13,6.57E-13,7.12E-13,7.69E-13,8.25E-13,8.79E-13,9.29E-13,9.72E-13,1.01E-12,1.03E-12,1.03E-12,1.03E-12,1.00E-12,9.60E-13,9.02E-13,8.27E-13,7.36E-13,6.31E-13,5.14E-13,3.88E-13,2.59E-13,1.37E-13,4.02E-14,1.71E-19
5.979174223,2.94E-17,7.33E-17,1.69E-16,3.49E-16,6.10E-16,9.79E-16,1.48E-15,2.13E-15,2.97E-15,4.00E-15,5.27E-15,6.80E-15,8.62E-15,1.08E-14,1.33E-14,1.62E-14,1.95E-14,2.33E-14,2.77E-14,3.26E-14,3.81E-14,4.44E-14,5.13E-14,5.91E-14,6.78E-14,7.74E-14,8.81E-14,9.99E-14,1.13E-13,1.27E-13,1.43E-13,1.60E-13,1.80E-13,2.00E-13,2.23E-13,2.48E-13,2.76E-13,3.06E-13,3.39E-13,3.74E-13,4.13E-13,4.55E-13,5.01E-13,5.51E-13,6.04E-13,6.61E-13,7.22E-13,7.85E-13,8.52E-13,9.19E-13,9.87E-13,1.05E-12,1.11E-12,1.16E-12,1.20E-12,1.23E-12,1.24E-12,1.23E-12,1.20E-12,1.15E-12,1.08E-12,9.89E-13,8.80E-13,7.55E-13,6.15E-13,4.64E-13,3.10E-13,1.64E-13,4.81E-14,2.05E-19
5.973532309,3.52E-17,8.76E-17,2.02E-16,4.18E-16,7.29E-16,1.17E-15,1.77E-15,2.55E-15,3.55E-15,4.78E-15,6.30E-15,8.13E-15,1.03E-14,1.29E-14,1.59E-14,1.93E-14,2.33E-14,2.79E-14,3.31E-14,3.89E-14,4.56E-14,5.30E-14,6.14E-14,7.07E-14,8.10E-14,9.25E-14,1.05E-13,1.19E-13,1.35E-13,1.52E-13,1.71E-13,1.92E-13,2.15E-13,2.40E-13,2.67E-13,2.97E-13,3.30E-13,3.66E-13,4.05E-13,4.48E-13,4.94E-13,5.44E-13,5.99E-13,6.58E-13,7.22E-13,7.90E-13,8.63E-13,9.39E-13,1.02E-12,1.10E-12,1.18E-12,1.26E-12,1.33E-12,1.39E-12,1.44E-12,1.47E-12,1.48E-12,1.47E-12,1.43E-12,1.37E-12,1.29E-12,1.18E-12,1.05E-12,9.02E-13,7.35E-13,5.55E-13,3.71E-13,1.96E-13,5.75E-14,2.45E-19
5.967890394,4.20E-17,1.05E-16,2.41E-16,4.99E-16,8.70E-16,1.40E-15,2.11E-15,3.05E-15,4.24E-15,5.72E-15,7.53E-15,9.71E-15,1.23E-14,1.54E-14,1.89E-14,2.31E-14,2.79E-14,3.33E-14,3.95E-14,4.65E-14,5.44E-14,6.33E-14,7.33E-14,8.44E-14,9.68E-14,1.11E-13,1.26E-13,1.43E-13,1.61E-13,1.82E-13,2.04E-13,2.29E-13,2.56E-13,2.86E-13,3.19E-13,3.55E-13,3.94E-13,4.37E-13,4.84E-13,5.35E-13,5.90E-13,6.50E-13,7.16E-13,7.87E-13,8.63E-13,9.44E-13,1.03E-12,1.12E-12,1.22E-12,1.31E-12,1.41E-12,1.50E-12,1.59E-12,1.66E-12,1.72E-12,1.75E-12,1.77E-12,1.75E-12,1.71E-12,1.64E-12,1.54E-12,1.41E-12,1.26E-12,1.08E-12,8.78E-13,6.63E-13,4.43E-13,2.34E-13,6.87E-14,2.92E-19
5.96224848,5.02E-17,1.25E-16,2.88E-16,5.96E-16,1.04E-15,1.67E-15,2.52E-15,3.64E-15,5.06E-15,6.83E-15,8.99E-15,1.16E-14,1.47E-14,1.84E-14,2.26E-14,2.76E-14,3.33E-14,3.98E-14,4.72E-14,5.56E-14,6.50E-14,7.56E-14,8.75E-14,1.01E-13,1.16E-13,1.32E-13,1.50E-13,1.70E-13,1.93E-13,2.17E-13,2.44E-13,2.74E-13,3.06E-13,3.42E-13,3.81E-13,4.24E-13,4.71E-13,5.22E-13,5.78E-13,6.38E-13,7.05E-13,7.77E-13,8.55E-13,9.39E-13,1.03E-12,1.13E-12,1.23E-12,1.34E-12,1.45E-12,1.57E-12,1.68E-12,1.79E-12,1.89E-12,1.98E-12,2.05E-12,2.09E-12,2.11E-12,2.09E-12,2.04E-12,1.96E-12,1.84E-12,1.69E-12,1.50E-12,1.29E-12,1.05E-12,7.92E-13,5.29E-13,2.79E-13,8.21E-14,3.49E-19
5.956606566,5.99E-17,1.49E-16,3.44E-16,7.11E-16,1.24E-15,1.99E-15,3.01E-15,4.34E-15,6.04E-15,8.15E-15,1.07E-14,1.38E-14,1.75E-14,2.19E-14,2.70E-14,3.29E-14,3.97E-14,4.75E-14,5.63E-14,6.63E-14,7.76E-14,9.03E-14,1.04E-13,1.20E-13,1.38E-13,1.58E-13,1.79E-13,2.03E-13,2.30E-13,2.59E-13,2.91E-13,3.27E-13,3.65E-13,4.08E-13,4.55E-13,5.06E-13,5.62E-13,6.23E-13,6.89E-13,7.62E-13,8.41E-13,9.27E-13,1.02E-12,1.12E-12,1.23E-12,1.35E-12,1.47E-12,1.60E-12,1.73E-12,1.87E-12,2.01E-12,2.14E-12,2.26E-12,2.37E-12,2.45E-12,2.50E-12,2.52E-12,2.50E-12,2.44E-12,2.34E-12,2.19E-12,2.01E-12,1.79E-12,1.54E-12,1.25E-12,9.45E-13,6.31E-13,3.33E-13,9.79E-14,4.16E-19
5.950964652,7.15E-17,1.78E-16,4.11E-16,8.48E-16,1.48E-15,2.38E-15,3.59E-15,5.18E-15,7.20E-15,9.72E-15,1.28E-14,1.65E-14,2.09E-14,2.61E-14,3.22E-14,3.93E-14,4.74E-14,5.66E-14,6.72E-14,7.91E-14,9.26E-14,1.08E-13,1.25E-13,1.44E-13,1.65E-13,1.88E-13,2.14E-13,2.42E-13,2.74E-13,3.09E-13,3.47E-13,3.89E-13,4.36E-13,4.87E-13,5.42E-13,6.03E-13,6.70E-13,7.43E-13,8.22E-13,9.09E-13,1.00E-12,1.11E-12,1.22E-12,1.34E-12,1.47E-12,1.60E-12,1.75E-12,1.91E-12,2.07E-12,2.23E-12,2.39E-12,2.55E-12,2.70E-12,2.82E-12,2.92E-12,2.98E-12,3.00E-12,2.98E-12,2.91E-12,2.79E-12,2.62E-12,2.40E-12,2.14E-12,1.83E-12,1.49E-12,1.13E-12,7.53E-13,3.98E-13,1.17E-13,4.97E-19
5.945322737,8.52E-17,2.12E-16,4.89E-16,1.01E-15,1.76E-15,2.83E-15,4.28E-15,6.18E-15,8.59E-15,1.16E-14,1.53E-14,1.97E-14,2.49E-14,3.12E-14,3.84E-14,4.68E-14,5.65E-14,6.75E-14,8.01E-14,9.43E-14,1.10E-13,1.28E-13,1.49E-13,1.71E-13,1.96E-13,2.24E-13,2.55E-13,2.89E-13,3.27E-13,3.68E-13,4.14E-13,4.64E-13,5.20E-13,5.80E-13,6.47E-13,7.19E-13,7.99E-13,8.86E-13,9.80E-13,1.08E-12,1.20E-12,1.32E-12,1.45E-12,1.59E-12,1.75E-12,1.91E-12,2.09E-12,2.27E-12,2.47E-12,2.66E-12,2.86E-12,3.04E-12,3.22E-12,3.36E-12,3.48E-12,3.56E-12,3.58E-12,3.55E-12,3.47E-12,3.32E-12,3.12E-12,2.86E-12,2.55E-12,2.18E-12,1.78E-12,1.34E-12,8.97E-13,4.74E-13,1.39E-13,5.92E-19
5.939680823,1.02E-16,2.53E-16,5.83E-16,1.21E-15,2.10E-15,3.38E-15,5.10E-15,7.36E-15,1.02E-14,1.38E-14,1.82E-14,2.35E-14,2.97E-14,3.71E-14,4.58E-14,5.58E-14,6.73E-14,8.04E-14,9.54E-14,1.12E-13,1.32E-13,1.53E-13,1.77E-13,2.04E-13,2.34E-13,2.67E-13,3.04E-13,3.44E-13,3.89E-13,4.39E-13,4.93E-13,5.53E-13,6.19E-13,6.91E-13,7.70E-13,8.57E-13,9.52E-13,1.06E-12,1.17E-12,1.29E-12,1.43E-12,1.57E-12,1.73E-12,1.90E-12,2.08E-12,2.28E-12,2.49E-12,2.71E-12,2.94E-12,3.17E-12,3.40E-12,3.63E-12,3.83E-12,4.01E-12,4.15E-12,4.24E-12,4.27E-12,4.24E-12,4.13E-12,3.96E-12,3.72E-12,3.41E-12,3.04E-12,2.60E-12,2.12E-12,1.60E-12,1.07E-12,5.65E-13,1.66E-13,7.06E-19
5.934038909,1.21E-16,3.01E-16,6.95E-16,1.44E-15,2.50E-15,4.02E-15,6.08E-15,8.77E-15,1.22E-14,1.64E-14,2.17E-14,2.79E-14,3.54E-14,4.42E-14,5.45E-14,6.64E-14,8.01E-14,9.58E-14,1.14E-13,1.34E-13,1.57E-13,1.82E-13,2.11E-13,2.43E-13,2.78E-13,3.18E-13,3.62E-13,4.10E-13,4.64E-13,5.23E-13,5.88E-13,6.59E-13,7.37E-13,8.23E-13,9.18E-13,1.02E-12,1.13E-12,1.26E-12,1.39E-12,1.54E-12,1.70E-12,1.87E-12,2.06E-12,2.26E-12,2.48E-12,2.72E-12,2.96E-12,3.23E-12,3.50E-12,3.78E-12,4.05E-12,4.32E-12,4.56E-12,4.78E-12,4.94E-12,5.05E-12,5.08E-12,5.04E-12,4.92E-12,4.72E-12,4.43E-12,4.06E-12,3.62E-12,3.10E-12,2.53E-12,1.91E-12,1.27E-12,6.73E-13,1.98E-13,8.41E-19
5.928396995,1.44E-16,3.59E-16,8.27E-16,1.71E-15,2.98E-15,4.79E-15,7.24E-15,1.04E-14,1.45E-14,1.96E-14,2.58E-14,3.33E-14,4.22E-14,5.26E-14,6.49E-14,7.91E-14,9.54E-14,1.14E-13,1.35E-13,1.59E-13,1.86E-13,2.17E-13,2.51E-13,2.89E-13,3.31E-13,3.79E-13,4.31E-13,4.88E-13,5.52E-13,6.22E-13,7.00E-13,7.85E-13,8.78E-13,9.80E-13,1.09E-12,1.22E-12,1.35E-12,1.50E-12,1.66E-12,1.83E-12,2.02E-12,2.23E-12,2.45E-12,2.69E-12,2.95E-12,3.23E-12,3.53E-12,3.84E-12,4.17E-12,4.50E-12,4.82E-12,5.14E-12,5.43E-12,5.68E-12,5.88E-12,6.01E-12,6.05E-12,6.00E-12,5.86E-12,5.62E-12,5.27E-12,4.84E-12,4.30E-12,3.69E-12,3.01E-12,2.27E-12,1.52E-12,8.01E-13,2.35E-13,1.00E-18
5.922755081,1.71E-16,4.27E-16,9.84E-16,2.03E-15,3.55E-15,5.70E-15,8.61E-15,1.24E-14,1.73E-14,2.33E-14,3.07E-14,3.96E-14,5.02E-14,6.26E-14,7.72E-14,9.41E-14,1.14E-13,1.36E-13,1.61E-13,1.90E-13,2.22E-13,2.58E-13,2.99E-13,3.44E-13,3.94E-13,4.50E-13,5.13E-13,5.81E-13,6.57E-13,7.41E-13,8.32E-13,9.34E-13,1.04E-12,1.17E-12,1.30E-12,1.45E-12,1.61E-12,1.78E-12,1.97E-12,2.18E-12,2.40E-12,2.65E-12,2.92E-12,3.20E-12,3.51E-12,3.85E-12,4.20E-12,4.57E-12,4.96E-12,5.35E-12,5.74E-12,6.12E-12,6.46E-12,6.76E-12,7.00E-12,7.15E-12,7.20E-12,7.14E-12,6.97E-12,6.68E-12,6.28E-12,5.75E-12,5.12E-12,4.39E-12,3.58E-12,2.70E-12,1.80E-12,9.53E-13,2.80E-13,1.19E-18
5.917113166,2.04E-16,5.07E-16,1.17E-15,2.42E-15,4.22E-15,6.78E-15,1.02E-14,1.48E-14,2.05E-14,2.77E-14,3.65E-14,4.71E-14,5.96E-14,7.45E-14,9.18E-14,1.12E-13,1.35E-13,1.61E-13,1.91E-13,2.25E-13,2.64E-13,3.07E-13,3.55E-13,4.09E-13,4.69E-13,5.36E-13,6.09E-13,6.91E-13,7.81E-13,8.81E-13,9.90E-13,1.11E-12,1.24E-12,1.39E-12,1.55E-12,1.72E-12,1.91E-12,2.12E-12,2.34E-12,2.59E-12,2.86E-12,3.15E-12,3.47E-12,3.81E-12,4.18E-12,4.57E-12,4.99E-12,5.44E-12,5.89E-12,6.36E-12,6.83E-12,7.28E-12,7.69E-12,8.04E-12,8.32E-12,8.50E-12,8.56E-12,8.50E-12,8.29E-12,7.95E-12,7.46E-12,6.84E-12,6.09E-12,5.22E-12,4.26E-12,3.21E-12,2.15E-12,1.13E-12,3.33E-13,1.42E-18
5.911471252,2.42E-16,6.03E-16,1.39E-15,2.87E-15,5.01E-15,8.05E-15,1.22E-14,1.76E-14,2.44E-14,3.29E-14,4.34E-14,5.59E-14,7.09E-14,8.85E-14,1.09E-13,1.33E-13,1.60E-13,1.92E-13,2.28E-13,2.68E-13,3.14E-13,3.65E-13,4.22E-13,4.86E-13,5.58E-13,6.37E-13,7.24E-13,8.22E-13,9.29E-13,1.05E-12,1.18E-12,1.32E-12,1.48E-12,1.65E-12,1.84E-12,2.04E-12,2.27E-12,2.52E-12,2.79E-12,3.08E-12,3.40E-12,3.75E-12,4.12E-12,4.53E-12,4.97E-12,5.44E-12,5.94E-12,6.46E-12,7.01E-12,7.56E-12,8.11E-12,8.65E-12,9.14E-12,9.56E-12,9.89E-12,1.01E-11,1.02E-11,1.01E-11,9.86E-12,9.45E-12,8.87E-12,8.13E-12,7.24E-12,6.21E-12,5.06E-12,3.82E-12,2.55E-12,1.35E-12,3.96E-13,1.68E-18
5.905829338,2.88E-16,7.17E-16,1.65E-15,3.42E-15,5.96E-15,9.57E-15,1.45E-14,2.09E-14,2.90E-14,3.91E-14,5.15E-14,6.64E-14,8.42E-14,1.05E-13,1.30E-13,1.58E-13,1.91E-13,2.28E-13,2.70E-13,3.18E-13,3.73E-13,4.33E-13,5.02E-13,5.78E-13,6.62E-13,7.56E-13,8.61E-13,9.76E-13,1.10E-12,1.24E-12,1.40E-12,1.57E-12,1.75E-12,1.96E-12,2.18E-12,2.43E-12,2.70E-12,2.99E-12,3.31E-12,3.66E-12,4.04E-12,4.45E-12,4.90E-12,5.38E-12,5.90E-12,6.46E-12,7.05E-12,7.68E-12,8.32E-12,8.98E-12,9.64E-12,1.03E-11,1.09E-11,1.14E-11,1.18E-11,1.20E-11,1.21E-11,1.20E-11,1.17E-11,1.12E-11,1.05E-11,9.66E-12,8.60E-12,7.38E-12,6.01E-12,4.54E-12,3.03E-12,1.60E-12,4.70E-13,2.00E-18
5.900187424,3.42E-16,8.51E-16,1.96E-15,4.06E-15,7.07E-15,1.14E-14,1.72E-14,2.48E-14,3.44E-14,4.65E-14,6.12E-14,7.89E-14,1.00E-13,1.25E-13,1.54E-13,1.88E-13,2.26E-13,2.71E-13,3.21E-13,3.78E-13,4.42E-13,5.15E-13,5.96E-13,6.86E-13,7.87E-13,8.98E-13,1.02E-12,1.16E-12,1.31E-12,1.48E-12,1.66E-12,1.86E-12,2.08E-12,2.33E-12,2.59E-12,2.88E-12,3.20E-12,3.55E-12,3.93E-12,4.34E-12,4.80E-12,5.29E-12,5.82E-12,6.39E-12,7.01E-12,7.67E-12,8.37E-12,9.11E-12,9.88E-12,1.07E-11,1.14E-11,1.22E-11,1.29E-11,1.35E-11,1.40E-11,1.43E-11,1.44E-11,1.42E-11,1.39E-11,1.33E-11,1.25E-11,1.15E-11,1.02E-11,8.76E-12,7.14E-12,5.39E-12,3.60E-12,1.90E-12,5.58E-13,2.37E-18
5.89454551,4.05E-16,1.01E-15,2.33E-15,4.81E-15,8.39E-15,1.35E-14,2.04E-14,2.94E-14,4.09E-14,5.51E-14,7.26E-14,9.36E-14,1.19E-13,1.48E-13,1.83E-13,2.23E-13,2.69E-13,3.21E-13,3.81E-13,4.49E-13,5.25E-13,6.11E-13,7.07E-13,8.14E-13,9.33E-13,1.07E-12,1.21E-12,1.38E-12,1.55E-12,1.75E-12,1.97E-12,2.21E-12,2.47E-12,2.76E-12,3.08E-12,3.42E-12,3.80E-12,4.21E-12,4.66E-12,5.16E-12,5.69E-12,6.27E-12,6.90E-12,7.58E-12,8.32E-12,9.10E-12,9.94E-12,1.08E-11,1.17E-11,1.27E-11,1.36E-11,1.45E-11,1.53E-11,1.60E-11,1.66E-11,1.69E-11,1.70E-11,1.69E-11,1.65E-11,1.58E-11,1.49E-11,1.36E-11,1.21E-11,1.04E-11,8.47E-12,6.40E-12,4.27E-12,2.26E-12,6.63E-13,2.82E-18
5.888903595,4.81E-16,1.20E-15,2.76E-15,5.71E-15,9.96E-15,1.60E-14,2.42E-14,3.49E-14,4.85E-14,6.54E-14,8.61E-14,1.11E-13,1.41E-13,1.76E-13,2.17E-13,2.64E-13,3.19E-13,3.81E-13,4.52E-13,5.32E-13,6.23E-13,7.25E-13,8.39E-13,9.66E-13,1.11E-12,1.26E-12,1.44E-12,1.63E-12,1.84E-12,2.08E-12,2.34E-12,2.62E-12,2.93E-12,3.27E-12,3.65E-12,4.06E-12,4.51E-12,5.00E-12,5.53E-12,6.12E-12,6.75E-12,7.44E-12,8.19E-12,9.00E-12,9.87E-12,1.08E-11,1.18E-11,1.28E-11,1.39E-11,1.50E-11,1.61E-11,1.72E-11,1.81E-11,1.90E-11,1.96E-11,2.01E-11,2.02E-11,2.01E-11,1.96E-11,1.88E-11,1.76E-11,1.62E-11,1.44E-11,1.23E-11,1.00E-11,7.59E-12,5.07E-12,2.68E-12,7.86E-13,3.34E-18
5.883261681,5.70E-16,1.42E-15,3.28E-15,6.77E-15,1.18E-14,1.90E-14,2.87E-14,4.13E-14,5.75E-14,7.75E-14,1.02E-13,1.32E-13,1.67E-13,2.08E-13,2.57E-13,3.13E-13,3.78E-13,4.52E-13,5.36E-13,6.31E-13,7.38E-13,8.59E-13,9.94E-13,1.14E-12,1.31E-12,1.50E-12,1.71E-12,1.93E-12,2.19E-12,2.46E-12,2.77E-12,3.11E-12,3.48E-12,3.88E-12,4.33E-12,4.81E-12,5.34E-12,5.93E-12,6.56E-12,7.25E-12,8.00E-12,8.82E-12,9.71E-12,1.07E-11,1.17E-11,1.28E-11,1.40E-11,1.52E-11,1.65E-11,1.78E-11,1.91E-11,2.04E-11,2.15E-11,2.25E-11,2.33E-11,2.38E-11,2.40E-11,2.38E-11,2.32E-11,2.22E-11,2.09E-11,1.91E-11,1.70E-11,1.46E-11,1.19E-11,9.00E-12,6.01E-12,3.17E-12,9.32E-13,3.96E-18
5.877619767,6.76E-16,1.68E-15,3.88E-15,8.02E-15,1.40E-14,2.25E-14,3.40E-14,4.90E-14,6.81E-14,9.19E-14,1.21E-13,1.56E-13,1.98E-13,2.47E-13,3.05E-13,3.71E-13,4.48E-13,5.35E-13,6.35E-13,7.48E-13,8.75E-13,1.02E-12,1.18E-12,1.36E-12,1.56E-12,1.78E-12,2.02E-12,2.29E-12,2.59E-12,2.92E-12,3.28E-12,3.68E-12,4.12E-12,4.60E-12,5.13E-12,5.70E-12,6.33E-12,7.02E-12,7.77E-12,8.59E-12,9.48E-12,1.05E-11,1.15E-11,1.26E-11,1.39E-11,1.52E-11,1.66E-11,1.80E-11,1.95E-11,2.11E-11,2.26E-11,2.41E-11,2.55E-11,2.67E-11,2.76E-11,2.82E-11,2.84E-11,2.82E-11,2.75E-11,2.64E-11,2.48E-11,2.27E-11,2.02E-11,1.73E-11,1.41E-11,1.07E-11,7.12E-12,3.76E-12,1.10E-12,4.70E-18
5.871977853,8.00E-16,1.99E-15,4.60E-15,9.50E-15,1.66E-14,2.66E-14,4.02E-14,5.80E-14,8.06E-14,1.09E-13,1.43E-13,1.85E-13,2.34E-13,2.93E-13,3.61E-13,4.40E-13,5.30E-13,6.34E-13,7.52E-13,8.86E-13,1.04E-12,1.21E-12,1.40E-12,1.61E-12,1.84E-12,2.10E-12,2.39E-12,2.71E-12,3.07E-12,3.46E-12,3.89E-12,4.36E-12,4.88E-12,5.45E-12,6.07E-12,6.75E-12,7.50E-12,8.32E-12,9.21E-12,1.02E-11,1.12E-11,1.24E-11,1.36E-11,1.50E-11,1.64E-11,1.80E-11,1.96E-11,2.14E-11,2.32E-11,2.50E-11,2.68E-11,2.86E-11,3.02E-11,3.16E-11,3.27E-11,3.34E-11,3.36E-11,3.34E-11,3.26E-11,3.12E-11,2.93E-11,2.69E-11,2.39E-11,2.05E-11,1.67E-11,1.26E-11,8.43E-12,4.45E-12,1.31E-12,5.56E-18
5.866335938,9.47E-16,2.36E-15,5.44E-15,1.12E-14,1.96E-14,3.15E-14,4.76E-14,6.87E-14,9.55E-14,1.29E-13,1.70E-13,2.19E-13,2.77E-13,3.46E-13,4.27E-13,5.20E-13,6.28E-13,7.51E-13,8.90E-13,1.05E-12,1.23E-12,1.43E-12,1.65E-12,1.90E-12,2.18E-12,2.49E-12,2.83E-12,3.21E-12,3.63E-12,4.10E-12,4.60E-12,5.16E-12,5.78E-12,6.45E-12,7.19E-12,8.00E-12,8.88E-12,9.85E-12,1.09E-11,1.20E-11,1.33E-11,1.47E-11,1.61E-11,1.77E-11,1.94E-11,2.13E-11,2.32E-11,2.53E-11,2.74E-11,2.96E-11,3.17E-11,3.38E-11,3.57E-11,3.74E-11,3.87E-11,3.95E-11,3.98E-11,3.95E-11,3.86E-11,3.70E-11,3.47E-11,3.18E-11,2.83E-11,2.43E-11,1.98E-11,1.49E-11,9.98E-12,5.27E-12,1.55E-12,6.58E-18
5.860694024,1.12E-15,2.79E-15,6.44E-15,1.33E-14,2.32E-14,3.73E-14,5.63E-14,8.13E-14,1.13E-13,1.52E-13,2.01E-13,2.59E-13,3.28E-13,4.10E-13,5.05E-13,6.16E-13,7.43E-13,8.88E-13,1.05E-12,1.24E-12,1.45E-12,1.69E-12,1.95E-12,2.25E-12,2.58E-12,2.95E-12,3.35E-12,3.80E-12,4.30E-12,4.85E-12,5.45E-12,6.11E-12,6.84E-12,7.63E-12,8.51E-12,9.46E-12,1.05E-11,1.16E-11,1.29E-11,1.43E-11,1.57E-11,1.73E-11,1.91E-11,2.10E-11,2.30E-11,2.52E-11,2.75E-11,2.99E-11,3.24E-11,3.50E-11,3.76E-11,4.00E-11,4.23E-11,4.43E-11,4.58E-11,4.68E-11,4.71E-11,4.68E-11,4.56E-11,4.37E-11,4.11E-11,3.76E-11,3.35E-11,2.87E-11,2.34E-11,1.77E-11,1.18E-11,6.24E-12,1.83E-12,7.79E-18
5.85505211,1.33E-15,3.30E-15,7.61E-15,1.57E-14,2.74E-14,4.41E-14,6.66E-14,9.61E-14,1.34E-13,1.80E-13,2.37E-13,3.06E-13,3.88E-13,4.85E-13,5.97E-13,7.28E-13,8.78E-13,1.05E-12,1.25E-12,1.47E-12,1.72E-12,2.00E-12,2.31E-12,2.66E-12,3.05E-12,3.49E-12,3.97E-12,4.50E-12,5.08E-12,5.73E-12,6.44E-12,7.22E-12,8.08E-12,9.03E-12,1.01E-11,1.12E-11,1.24E-11,1.38E-11,1.53E-11,1.69E-11,1.86E-11,2.05E-11,2.26E-11,2.48E-11,2.72E-11,2.98E-11,3.25E-11,3.54E-11,3.84E-11,4.14E-11,4.44E-11,4.73E-11,5.00E-11,5.23E-11,5.41E-11,5.53E-11,5.57E-11,5.53E-11,5.40E-11,5.17E-11,4.86E-11,4.45E-11,3.96E-11,3.40E-11,2.77E-11,2.09E-11,1.40E-11,7.38E-12,2.17E-12,9.21E-18
5.849410196,1.57E-15,3.90E-15,9.00E-15,1.86E-14,3.24E-14,5.21E-14,7.88E-14,1.14E-13,1.58E-13,2.13E-13,2.81E-13,3.62E-13,4.59E-13,5.73E-13,7.06E-13,8.61E-13,1.04E-12,1.24E-12,1.47E-12,1.73E-12,2.03E-12,2.36E-12,2.73E-12,3.15E-12,3.61E-12,4.12E-12,4.69E-12,5.32E-12,6.01E-12,6.77E-12,7.61E-12,8.54E-12,9.55E-12,1.07E-11,1.19E-11,1.32E-11,1.47E-11,1.63E-11,1.80E-11,1.99E-11,2.20E-11,2.42E-11,2.67E-11,2.93E-11,3.21E-11,3.52E-11,3.84E-11,4.18E-11,4.53E-11,4.89E-11,5.25E-11,5.60E-11,5.91E-11,6.19E-11,6.40E-11,6.54E-11,6.59E-11,6.53E-11,6.38E-11,6.11E-11,5.74E-11,5.26E-11,4.68E-11,4.02E-11,3.27E-11,2.47E-11,1.65E-11,8.72E-12,2.56E-12,1.09E-17
5.843768282,1.85E-15,4.61E-15,1.06E-14,2.20E-14,3.83E-14,6.16E-14,9.30E-14,1.34E-13,1.87E-13,2.52E-13,3.31E-13,4.28E-13,5.42E-13,6.77E-13,8.34E-13,1.02E-12,1.23E-12,1.47E-12,1.74E-12,2.05E-12,2.40E-12,2.79E-12,3.23E-12,3.72E-12,4.26E-12,4.87E-12,5.54E-12,6.28E-12,7.10E-12,8.00E-12,9.00E-12,1.01E-11,1.13E-11,1.26E-11,1.40E-11,1.56E-11,1.74E-11,1.92E-11,2.13E-11,2.35E-11,2.60E-11,2.86E-11,3.15E-11,3.46E-11,3.80E-11,4.16E-11,4.54E-11,4.94E-11,5.36E-11,5.78E-11,6.20E-11,6.61E-11,6.99E-11,7.31E-11,7.56E-11,7.72E-11,7.78E-11,7.72E-11,7.54E-11,7.22E-11,6.78E-11,6.22E-11,5.53E-11,4.75E-11,3.87E-11,2.92E-11,1.95E-11,1.03E-11,3.03E-12,1.29E-17
5.838126367,2.19E-15,5.44E-15,1.26E-14,2.59E-14,4.53E-14,7.27E-14,1.10E-13,1.58E-13,2.20E-13,2.97E-13,3.91E-13,5.05E-13,6.40E-13,7.99E-13,9.85E-13,1.20E-12,1.45E-12,1.73E-12,2.05E-12,2.42E-12,2.83E-12,3.29E-12,3.81E-12,4.39E-12,5.03E-12,5.75E-12,6.54E-12,7.41E-12,8.38E-12,9.45E-12,1.06E-11,1.19E-11,1.33E-11,1.49E-11,1.66E-11,1.84E-11,2.05E-11,2.27E-11,2.51E-11,2.78E-11,3.07E-11,3.38E-11,3.72E-11,4.09E-11,4.48E-11,4.91E-11,5.36E-11,5.83E-11,6.32E-11,6.83E-11,7.32E-11,7.81E-11,8.25E-11,8.63E-11,8.93E-11,9.12E-11,9.19E-11,9.12E-11,8.90E-11,8.53E-11,8.01E-11,7.34E-11,6.54E-11,5.60E-11,4.57E-11,3.45E-11,2.30E-11,1.22E-11,3.57E-12,1.52E-17
5.832484453,2.58E-15,6.42E-15,1.48E-14,3.06E-14,5.34E-14,8.58E-14,1.30E-13,1.87E-13,2.60E-13,3.51E-13,4.62E-13,5.96E-13,7.55E-13,9.43E-13,1.16E-12,1.42E-12,1.71E-12,2.04E-12,2.42E-12,2.85E-12,3.34E-12,3.89E-12,4.50E-12,5.18E-12,5.94E-12,6.78E-12,7.72E-12,8.75E-12,9.89E-12,1.12E-11,1.25E-11,1.41E-11,1.57E-11,1.76E-11,1.96E-11,2.18E-11,2.42E-11,2.68E-11,2.97E-11,3.28E-11,3.62E-11,3.99E-11,4.39E-11,4.83E-11,5.29E-11,5.79E-11,6.32E-11,6.88E-11,7.46E-11,8.05E-11,8.64E-11,9.21E-11,9.73E-11,1.02E-10,1.05E-10,1.08E-10,1.08E-10,1.08E-10,1.05E-10,1.01E-10,9.45E-11,8.66E-11,7.71E-11,6.61E-11,5.39E-11,4.07E-11,2.72E-11,1.44E-11,4.22E-12,1.79E-17
5.826842539,3.04E-15,7.58E-15,1.75E-14,3.61E-14,6.30E-14,1.01E-13,1.53E-13,2.21E-13,3.07E-13,4.14E-13,5.45E-13,7.03E-13,8.91E-13,1.11E-12,1.37E-12,1.67E-12,2.02E-12,2.41E-12,2.86E-12,3.37E-12,3.94E-12,4.58E-12,5.31E-12,6.11E-12,7.01E-12,8.00E-12,9.10E-12,1.03E-11,1.17E-11,1.32E-11,1.48E-11,1.66E-11,1.86E-11,2.07E-11,2.31E-11,2.57E-11,2.85E-11,3.16E-11,3.50E-11,3.87E-11,4.27E-11,4.71E-11,5.18E-11,5.69E-11,6.24E-11,6.83E-11,7.46E-11,8.12E-11,8.80E-11,9.50E-11,1.02E-10,1.09E-10,1.15E-10,1.20E-10,1.24E-10,1.27E-10,1.28E-10,1.27E-10,1.24E-10,1.19E-10,1.11E-10,1.02E-10,9.10E-11,7.80E-11,6.36E-11,4.80E-11,3.20E-11,1.69E-11,4.97E-12,2.11E-17
5.821200625,3.59E-15,8.94E-15,2.06E-14,4.26E-14,7.43E-14,1.19E-13,1.80E-13,2.60E-13,3.61E-13,4.88E-13,6.42E-13,8.29E-13,1.05E-12,1.31E-12,1.62E-12,1.97E-12,2.38E-12,2.84E-12,3.37E-12,3.97E-12,4.65E-12,5.41E-12,6.26E-12,7.20E-12,8.26E-12,9.43E-12,1.07E-11,1.22E-11,1.38E-11,1.55E-11,1.74E-11,1.96E-11,2.19E-11,2.44E-11,2.72E-11,3.03E-11,3.36E-11,3.73E-11,4.13E-11,4.56E-11,5.04E-11,5.55E-11,6.11E-11,6.71E-11,7.36E-11,8.06E-11,8.79E-11,9.57E-11,1.04E-10,1.12E-10,1.20E-10,1.28E-10,1.35E-10,1.42E-10,1.47E-10,1.50E-10,1.51E-10,1.50E-10,1.46E-10,1.40E-10,1.31E-10,1.20E-10,1.07E-10,9.20E-11,7.49E-11,5.66E-11,3.78E-11,2.00E-11,5.86E-12,2.49E-17
5.815558711,4.23E-15,1.05E-14,2.43E-14,5.02E-14,8.75E-14,1.41E-13,2.12E-13,3.06E-13,4.26E-13,5.75E-13,7.57E-13,9.76E-13,1.24E-12,1.55E-12,1.91E-12,2.32E-12,2.80E-12,3.35E-12,3.97E-12,4.68E-12,5.47E-12,6.37E-12,7.37E-12,8.49E-12,9.73E-12,1.11E-11,1.26E-11,1.43E-11,1.62E-11,1.83E-11,2.05E-11,2.30E-11,2.58E-11,2.88E-11,3.21E-11,3.57E-11,3.96E-11,4.39E-11,4.86E-11,5.38E-11,5.93E-11,6.54E-11,7.20E-11,7.91E-11,8.67E-11,9.49E-11,1.04E-10,1.13E-10,1.22E-10,1.32E-10,1.42E-10,1.51E-10,1.60E-10,1.67E-10,1.73E-10,1.76E-10,1.78E-10,1.76E-10,1.72E-10,1.65E-10,1.55E-10,1.42E-10,1.26E-10,1.08E-10,8.83E-11,6.67E-11,4.45E-11,2.35E-11,6.91E-12,2.94E-17
5.809916796,4.98E-15,1.24E-14,2.86E-14,5.91E-14,1.03E-13,1.66E-13,2.50E-13,3.61E-13,5.02E-13,6.77E-13,8.91E-13,1.15E-12,1.46E-12,1.82E-12,2.24E-12,2.73E-12,3.30E-12,3.94E-12,4.68E-12,5.51E-12,6.45E-12,7.50E-12,8.68E-12,1.00E-11,1.15E-11,1.31E-11,1.49E-11,1.69E-11,1.91E-11,2.15E-11,2.42E-11,2.71E-11,3.04E-11,3.39E-11,3.78E-11,4.20E-11,4.67E-11,5.17E-11,5.73E-11,6.33E-11,6.99E-11,7.70E-11,8.48E-11,9.31E-11,1.02E-10,1.12E-10,1.22E-10,1.33E-10,1.44E-10,1.55E-10,1.67E-10,1.78E-10,1.88E-10,1.97E-10,2.03E-10,2.08E-10,2.09E-10,2.08E-10,2.03E-10,1.94E-10,1.82E-10,1.67E-10,1.49E-10,1.28E-10,1.04E-10,7.85E-11,5.24E-11,2.77E-11,8.14E-12,3.46E-17
5.804274882,5.86E-15,1.46E-14,3.37E-14,6.96E-14,1.21E-13,1.95E-13,2.95E-13,4.25E-13,5.91E-13,7.97E-13,1.05E-12,1.35E-12,1.72E-12,2.14E-12,2.64E-12,3.22E-12,3.88E-12,4.64E-12,5.51E-12,6.49E-12,7.59E-12,8.83E-12,1.02E-11,1.18E-11,1.35E-11,1.54E-11,1.75E-11,1.99E-11,2.25E-11,2.53E-11,2.85E-11,3.19E-11,3.57E-11,3.99E-11,4.45E-11,4.95E-11,5.49E-11,6.09E-11,6.74E-11,7.45E-11,8.23E-11,9.07E-11,9.98E-11,1.10E-10,1.20E-10,1.32E-10,1.44E-10,1.56E-10,1.70E-10,1.83E-10,1.96E-10,2.09E-10,2.21E-10,2.31E-10,2.39E-10,2.45E-10,2.46E-10,2.44E-10,2.39E-10,2.29E-10,2.15E-10,1.97E-10,1.75E-10,1.50E-10,1.22E-10,9.25E-11,6.17E-11,3.26E-11,9.58E-12,4.07E-17
5.798632968,6.89E-15,1.72E-14,3.96E-14,8.19E-14,1.43E-13,2.29E-13,3.47E-13,5.00E-13,6.95E-13,9.38E-13,1.23E-12,1.59E-12,2.02E-12,2.52E-12,3.11E-12,3.79E-12,4.57E-12,5.46E-12,6.48E-12,7.63E-12,8.93E-12,1.04E-11,1.20E-11,1.38E-11,1.59E-11,1.81E-11,2.06E-11,2.34E-11,2.64E-11,2.98E-11,3.35E-11,3.76E-11,4.21E-11,4.70E-11,5.23E-11,5.82E-11,6.46E-11,7.17E-11,7.93E-11,8.77E-11,9.68E-11,1.07E-10,1.17E-10,1.29E-10,1.41E-10,1.55E-10,1.69E-10,1.84E-10,2.00E-10,2.15E-10,2.31E-10,2.46E-10,2.60E-10,2.72E-10,2.82E-10,2.88E-10,2.90E-10,2.88E-10,2.81E-10,2.69E-10,2.53E-10,2.32E-10,2.06E-10,1.77E-10,1.44E-10,1.09E-10,7.26E-11,3.84E-11,1.13E-11,4.79E-17
5.792991054,8.11E-15,2.02E-14,4.66E-14,9.63E-14,1.68E-13,2.70E-13,4.08E-13,5.88E-13,8.17E-13,1.10E-12,1.45E-12,1.87E-12,2.37E-12,2.97E-12,3.65E-12,4.45E-12,5.37E-12,6.42E-12,7.62E-12,8.98E-12,1.05E-11,1.22E-11,1.41E-11,1.63E-11,1.87E-11,2.13E-11,2.43E-11,2.75E-11,3.11E-11,3.51E-11,3.94E-11,4.42E-11,4.95E-11,5.52E-11,6.15E-11,6.85E-11,7.60E-11,8.43E-11,9.33E-11,1.03E-10,1.14E-10,1.25E-10,1.38E-10,1.52E-10,1.66E-10,1.82E-10,1.99E-10,2.16E-10,2.35E-10,2.53E-10,2.72E-10,2.90E-10,3.06E-10,3.20E-10,3.31E-10,3.38E-10,3.41E-10,3.38E-10,3.30E-10,3.16E-10,2.97E-10,2.72E-10,2.42E-10,2.08E-10,1.69E-10,1.28E-10,8.54E-11,4.51E-11,1.33E-11,5.64E-17
5.787349139,9.53E-15,2.37E-14,5.48E-14,1.13E-13,1.97E-13,3.17E-13,4.79E-13,6.91E-13,9.61E-13,1.30E-12,1.71E-12,2.20E-12,2.79E-12,3.49E-12,4.30E-12,5.24E-12,6.32E-12,7.55E-12,8.96E-12,1.05E-11,1.23E-11,1.44E-11,1.66E-11,1.91E-11,2.19E-11,2.51E-11,2.85E-11,3.23E-11,3.66E-11,4.12E-11,4.63E-11,5.19E-11,5.81E-11,6.49E-11,7.23E-11,8.05E-11,8.93E-11,9.91E-11,1.10E-10,1.21E-10,1.34E-10,1.47E-10,1.62E-10,1.78E-10,1.96E-10,2.14E-10,2.34E-10,2.54E-10,2.76E-10,2.98E-10,3.19E-10,3.40E-10,3.60E-10,3.76E-10,3.89E-10,3.98E-10,4.01E-10,3.98E-10,3.88E-10,3.72E-10,3.49E-10,3.20E-10,2.85E-10,2.44E-10,1.99E-10,1.50E-10,1.00E-10,5.31E-11,1.56E-11,6.63E-17
5.781707225,1.12E-14,2.79E-14,6.43E-14,1.33E-13,2.32E-13,3.72E-13,5.63E-13,8.12E-13,1.13E-12,1.52E-12,2.01E-12,2.59E-12,3.28E-12,4.09E-12,5.05E-12,6.15E-12,7.42E-12,8.87E-12,1.05E-11,1.24E-11,1.45E-11,1.69E-11,1.95E-11,2.25E-11,2.58E-11,2.94E-11,3.35E-11,3.80E-11,4.29E-11,4.84E-11,5.44E-11,6.10E-11,6.83E-11,7.62E-11,8.50E-11,9.45E-11,1.05E-10,1.16E-10,1.29E-10,1.42E-10,1.57E-10,1.73E-10,1.91E-10,2.10E-10,2.30E-10,2.51E-10,2.75E-10,2.99E-10,3.24E-10,3.50E-10,3.75E-10,4.00E-10,4.23E-10,4.42E-10,4.57E-10,4.67E-10,4.71E-10,4.67E-10,4.56E-10,4.37E-10,4.10E-10,3.76E-10,3.35E-10,2.87E-10,2.34E-10,1.77E-10,1.18E-10,6.23E-11,1.83E-11,7.78E-17
5.776065311,1.31E-14,3.28E-14,7.55E-14,1.56E-13,2.72E-13,4.37E-13,6.61E-13,9.53E-13,1.33E-12,1.79E-12,2.35E-12,3.04E-12,3.85E-12,4.81E-12,5.93E-12,7.22E-12,8.71E-12,1.04E-11,1.24E-11,1.46E-11,1.70E-11,1.98E-11,2.29E-11,2.64E-11,3.03E-11,3.46E-11,3.93E-11,4.46E-11,5.04E-11,5.68E-11,6.39E-11,7.17E-11,8.02E-11,8.95E-11,9.98E-11,1.11E-10,1.23E-10,1.37E-10,1.51E-10,1.67E-10,1.85E-10,2.03E-10,2.24E-10,2.46E-10,2.70E-10,2.95E-10,3.22E-10,3.51E-10,3.80E-10,4.11E-10,4.41E-10,4.70E-10,4.96E-10,5.19E-10,5.37E-10,5.49E-10,5.53E-10,5.48E-10,5.35E-10,5.13E-10,4.82E-10,4.42E-10,3.93E-10,3.37E-10,2.75E-10,2.07E-10,1.38E-10,7.32E-11,2.15E-11,9.14E-17
5.770423397,1.54E-14,3.84E-14,8.86E-14,1.83E-13,3.20E-13,5.13E-13,7.76E-13,1.12E-12,1.56E-12,2.10E-12,2.76E-12,3.56E-12,4.52E-12,5.64E-12,6.95E-12,8.47E-12,1.02E-11,1.22E-11,1.45E-11,1.71E-11,2.00E-11,2.33E-11,2.69E-11,3.10E-11,3.55E-11,4.06E-11,4.62E-11,5.24E-11,5.92E-11,6.67E-11,7.50E-11,8.41E-11,9.41E-11,1.05E-10,1.17E-10,1.30E-10,1.45E-10,1.60E-10,1.78E-10,1.96E-10,2.17E-10,2.39E-10,2.63E-10,2.89E-10,3.17E-10,3.47E-10,3.78E-10,4.12E-10,4.46E-10,4.82E-10,5.17E-10,5.51E-10,5.82E-10,6.09E-10,6.30E-10,6.44E-10,6.49E-10,6.44E-10,6.28E-10,6.02E-10,5.65E-10,5.18E-10,4.61E-10,3.96E-10,3.22E-10,2.43E-10,1.63E-10,8.59E-11,2.52E-11,1.07E-16
5.764781483,1.81E-14,4.51E-14,1.04E-13,2.15E-13,3.75E-13,6.02E-13,9.10E-13,1.31E-12,1.82E-12,2.46E-12,3.24E-12,4.18E-12,5.30E-12,6.62E-12,8.16E-12,9.94E-12,1.20E-11,1.43E-11,1.70E-11,2.00E-11,2.34E-11,2.73E-11,3.16E-11,3.63E-11,4.17E-11,4.76E-11,5.42E-11,6.14E-11,6.94E-11,7.82E-11,8.80E-11,9.86E-11,1.10E-10,1.23E-10,1.37E-10,1.53E-10,1.70E-10,1.88E-10,2.08E-10,2.30E-10,2.54E-10,2.80E-10,3.08E-10,3.39E-10,3.71E-10,4.06E-10,4.44E-10,4.83E-10,5.24E-10,5.65E-10,6.07E-10,6.46E-10,6.83E-10,7.15E-10,7.39E-10,7.55E-10,7.61E-10,7.55E-10,7.37E-10,7.06E-10,6.63E-10,6.08E-10,5.41E-10,4.64E-10,3.78E-10,2.86E-10,1.91E-10,1.01E-10,2.96E-11,1.26E-16
5.759139568,2.12E-14,5.29E-14,1.22E-13,2.52E-13,4.39E-13,7.06E-13,1.07E-12,1.54E-12,2.14E-12,2.89E-12,3.80E-12,4.90E-12,6.21E-12,7.76E-12,9.56E-12,1.17E-11,1.41E-11,1.68E-11,1.99E-11,2.35E-11,2.75E-11,3.20E-11,3.70E-11,4.26E-11,4.89E-11,5.58E-11,6.35E-11,7.20E-11,8.14E-11,9.17E-11,1.03E-10,1.16E-10,1.29E-10,1.44E-10,1.61E-10,1.79E-10,1.99E-10,2.21E-10,2.44E-10,2.70E-10,2.98E-10,3.28E-10,3.61E-10,3.97E-10,4.35E-10,4.77E-10,5.20E-10,5.66E-10,6.14E-10,6.63E-10,7.11E-10,7.58E-10,8.01E-10,8.38E-10,8.67E-10,8.85E-10,8.92E-10,8.85E-10,8.64E-10,8.28E-10,7.77E-10,7.13E-10,6.35E-10,5.44E-10,4.43E-10,3.35E-10,2.24E-10,1.18E-10,3.47E-11,1.48E-16
5.753497654,2.49E-14,6.19E-14,1.43E-13,2.95E-13,5.15E-13,8.27E-13,1.25E-12,1.80E-12,2.51E-12,3.38E-12,4.45E-12,5.74E-12,7.28E-12,9.09E-12,1.12E-11,1.37E-11,1.65E-11,1.97E-11,2.34E-11,2.75E-11,3.22E-11,3.75E-11,4.34E-11,4.99E-11,5.73E-11,6.54E-11,7.44E-11,8.44E-11,9.54E-11,1.07E-10,1.21E-10,1.36E-10,1.52E-10,1.69E-10,1.89E-10,2.10E-10,2.33E-10,2.58E-10,2.86E-10,3.16E-10,3.49E-10,3.85E-10,4.23E-10,4.65E-10,5.10E-10,5.58E-10,6.10E-10,6.64E-10,7.19E-10,7.77E-10,8.33E-10,8.88E-10,9.38E-10,9.82E-10,1.02E-09,1.04E-09,1.05E-09,1.04E-09,1.01E-09,9.70E-10,9.11E-10,8.35E-10,7.44E-10,6.38E-10,5.19E-10,3.92E-10,2.62E-10,1.38E-10,4.06E-11,1.73E-16
5.74785574,2.91E-14,7.25E-14,1.67E-13,3.46E-13,6.03E-13,9.69E-13,1.46E-12,2.11E-12,2.93E-12,3.96E-12,5.21E-12,6.73E-12,8.53E-12,1.06E-11,1.31E-11,1.60E-11,1.93E-11,2.31E-11,2.74E-11,3.22E-11,3.77E-11,4.39E-11,5.08E-11,5.85E-11,6.71E-11,7.66E-11,8.71E-11,9.88E-11,1.12E-10,1.26E-10,1.42E-10,1.59E-10,1.78E-10,1.98E-10,2.21E-10,2.46E-10,2.73E-10,3.03E-10,3.35E-10,3.70E-10,4.09E-10,4.51E-10,4.96E-10,5.45E-10,5.98E-10,6.54E-10,7.14E-10,7.77E-10,8.43E-10,9.09E-10,9.76E-10,1.04E-09,1.10E-09,1.15E-09,1.19E-09,1.22E-09,1.22E-09,1.21E-09,1.19E-09,1.14E-09,1.07E-09,9.78E-10,8.71E-10,7.47E-10,6.08E-10,4.59E-10,3.07E-10,1.62E-10,4.76E-11,2.02E-16
5.742213826,3.41E-14,8.49E-14,1.96E-13,4.05E-13,7.06E-13,1.13E-12,1.71E-12,2.47E-12,3.44E-12,4.64E-12,6.10E-12,7.87E-12,9.98E-12,1.25E-11,1.54E-11,1.87E-11,2.26E-11,2.70E-11,3.20E-11,3.77E-11,4.42E-11,5.14E-11,5.94E-11,6.85E-11,7.85E-11,8.96E-11,1.02E-10,1.16E-10,1.31E-10,1.47E-10,1.66E-10,1.86E-10,2.08E-10,2.32E-10,2.59E-10,2.88E-10,3.20E-10,3.54E-10,3.92E-10,4.34E-10,4.79E-10,5.28E-10,5.81E-10,6.38E-10,7.00E-10,7.66E-10,8.36E-10,9.10E-10,9.86E-10,1.06E-09,1.14E-09,1.22E-09,1.29E-09,1.35E-09,1.39E-09,1.42E-09,1.43E-09,1.42E-09,1.39E-09,1.33E-09,1.25E-09,1.15E-09,1.02E-09,8.74E-10,7.12E-10,5.38E-10,3.59E-10,1.90E-10,5.57E-11,2.37E-16
5.736571912,3.99E-14,9.94E-14,2.29E-13,4.74E-13,8.26E-13,1.33E-12,2.00E-12,2.89E-12,4.02E-12,5.42E-12,7.14E-12,9.21E-12,1.17E-11,1.46E-11,1.80E-11,2.19E-11,2.64E-11,3.16E-11,3.75E-11,4.42E-11,5.17E-11,6.01E-11,6.96E-11,8.01E-11,9.18E-11,1.05E-10,1.19E-10,1.35E-10,1.53E-10,1.72E-10,1.94E-10,2.17E-10,2.43E-10,2.72E-10,3.03E-10,3.37E-10,3.74E-10,4.15E-10,4.59E-10,5.07E-10,5.60E-10,6.17E-10,6.79E-10,7.46E-10,8.18E-10,8.96E-10,9.78E-10,1.06E-09,1.15E-09,1.25E-09,1.34E-09,1.42E-09,1.51E-09,1.58E-09,1.63E-09,1.66E-09,1.68E-09,1.66E-09,1.62E-09,1.56E-09,1.46E-09,1.34E-09,1.19E-09,1.02E-09,8.33E-10,6.29E-10,4.20E-10,2.22E-10,6.52E-11,2.77E-16
5.730929997,4.66E-14,1.16E-13,2.68E-13,5.54E-13,9.66E-13,1.55E-12,2.34E-12,3.38E-12,4.70E-12,6.34E-12,8.35E-12,1.08E-11,1.37E-11,1.71E-11,2.10E-11,2.56E-11,3.09E-11,3.70E-11,4.38E-11,5.16E-11,6.04E-11,7.03E-11,8.13E-11,9.37E-11,1.07E-10,1.23E-10,1.40E-10,1.58E-10,1.79E-10,2.02E-10,2.27E-10,2.54E-10,2.84E-10,3.18E-10,3.54E-10,3.94E-10,4.37E-10,4.85E-10,5.37E-10,5.93E-10,6.55E-10,7.22E-10,7.94E-10,8.73E-10,9.57E-10,1.05E-09,1.14E-09,1.24E-09,1.35E-09,1.46E-09,1.56E-09,1.67E-09,1.76E-09,1.84E-09,1.91E-09,1.95E-09,1.96E-09,1.95E-09,1.90E-09,1.82E-09,1.71E-09,1.57E-09,1.39E-09,1.20E-09,9.74E-10,7.36E-10,4.91E-10,2.60E-10,7.62E-11,3.24E-16
5.725288083,5.45E-14,1.36E-13,3.13E-13,6.47E-13,1.13E-12,1.81E-12,2.74E-12,3.95E-12,5.49E-12,7.41E-12,9.76E-12,1.26E-11,1.60E-11,1.99E-11,2.46E-11,2.99E-11,3.61E-11,4.32E-11,5.12E-11,6.03E-11,7.06E-11,8.22E-11,9.51E-11,1.09E-10,1.26E-10,1.43E-10,1.63E-10,1.85E-10,2.09E-10,2.36E-10,2.65E-10,2.97E-10,3.32E-10,3.71E-10,4.14E-10,4.60E-10,5.11E-10,5.67E-10,6.27E-10,6.93E-10,7.65E-10,8.44E-10,9.28E-10,1.02E-09,1.12E-09,1.22E-09,1.34E-09,1.45E-09,1.58E-09,1.70E-09,1.83E-09,1.95E-09,2.06E-09,2.15E-09,2.23E-09,2.28E-09,2.29E-09,2.27E-09,2.22E-09,2.13E-09,2.00E-09,1.83E-09,1.63E-09,1.40E-09,1.14E-09,8.60E-10,5.74E-10,3.03E-10,8.91E-11,3.79E-16
5.719646169,6.37E-14,1.59E-13,3.66E-13,7.56E-13,1.32E-12,2.12E-12,3.20E-12,4.62E-12,6.42E-12,8.66E-12,1.14E-11,1.47E-11,1.86E-11,2.33E-11,2.87E-11,3.50E-11,4.22E-11,5.05E-11,5.99E-11,7.05E-11,8.25E-11,9.60E-11,1.11E-10,1.28E-10,1.47E-10,1.67E-10,1.91E-10,2.16E-10,2.44E-10,2.75E-10,3.10E-10,3.47E-10,3.88E-10,4.34E-10,4.83E-10,5.38E-10,5.97E-10,6.62E-10,7.33E-10,8.10E-10,8.94E-10,9.86E-10,1.08E-09,1.19E-09,1.31E-09,1.43E-09,1.56E-09,1.70E-09,1.84E-09,1.99E-09,2.13E-09,2.27E-09,2.40E-09,2.51E-09,2.60E-09,2.66E-09,2.68E-09,2.66E-09,2.59E-09,2.49E-09,2.33E-09,2.14E-09,1.90E-09,1.63E-09,1.33E-09,1.00E-09,6.71E-10,3.55E-10,1.04E-10,4.43E-16
5.714004255,7.44E-14,1.85E-13,4.27E-13,8.83E-13,1.54E-12,2.47E-12,3.74E-12,5.39E-12,7.49E-12,1.01E-11,1.33E-11,1.72E-11,2.18E-11,2.72E-11,3.35E-11,4.08E-11,4.93E-11,5.89E-11,6.99E-11,8.23E-11,9.63E-11,1.12E-10,1.30E-10,1.49E-10,1.71E-10,1.96E-10,2.23E-10,2.52E-10,2.85E-10,3.21E-10,3.61E-10,4.05E-10,4.54E-10,5.06E-10,5.64E-10,6.28E-10,6.97E-10,7.73E-10,8.56E-10,9.46E-10,1.04E-09,1.15E-09,1.27E-09,1.39E-09,1.53E-09,1.67E-09,1.82E-09,1.98E-09,2.15E-09,2.32E-09,2.49E-09,2.66E-09,2.81E-09,2.94E-09,3.04E-09,3.10E-09,3.13E-09,3.10E-09,3.03E-09,2.90E-09,2.72E-09,2.50E-09,2.22E-09,1.91E-09,1.55E-09,1.17E-09,7.83E-10,4.14E-10,1.22E-10,5.17E-16
5.708362341,8.68E-14,2.16E-13,4.99E-13,1.03E-12,1.80E-12,2.89E-12,4.36E-12,6.29E-12,8.75E-12,1.18E-11,1.55E-11,2.00E-11,2.54E-11,3.17E-11,3.91E-11,4.77E-11,5.75E-11,6.88E-11,8.16E-11,9.61E-11,1.12E-10,1.31E-10,1.51E-10,1.74E-10,2.00E-10,2.28E-10,2.60E-10,2.94E-10,3.33E-10,3.75E-10,4.22E-10,4.73E-10,5.29E-10,5.91E-10,6.59E-10,7.33E-10,8.14E-10,9.02E-10,9.99E-10,1.10E-09,1.22E-09,1.34E-09,1.48E-09,1.62E-09,1.78E-09,1.95E-09,2.13E-09,2.32E-09,2.51E-09,2.71E-09,2.91E-09,3.10E-09,3.28E-09,3.43E-09,3.55E-09,3.62E-09,3.65E-09,3.62E-09,3.53E-09,3.39E-09,3.18E-09,2.92E-09,2.60E-09,2.23E-09,1.81E-09,1.37E-09,9.14E-10,4.83E-10,1.42E-10,6.03E-16
5.702720426,1.01E-13,2.52E-13,5.82E-13,1.20E-12,2.10E-12,3.37E-12,5.09E-12,7.34E-12,1.02E-11,1.38E-11,1.81E-11,2.34E-11,2.96E-11,3.70E-11,4.56E-11,5.56E-11,6.71E-11,8.02E-11,9.51E-11,1.12E-10,1.31E-10,1.53E-10,1.77E-10,2.03E-10,2.33E-10,2.66E-10,3.03E-10,3.43E-10,3.88E-10,4.38E-10,4.92E-10,5.52E-10,6.17E-10,6.89E-10,7.68E-10,8.55E-10,9.49E-10,1.05E-09,1.16E-09,1.29E-09,1.42E-09,1.57E-09,1.72E-09,1.89E-09,2.08E-09,2.27E-09,2.48E-09,2.70E-09,2.93E-09,3.16E-09,3.39E-09,3.62E-09,3.82E-09,4.00E-09,4.14E-09,4.22E-09,4.26E-09,4.22E-09,4.12E-09,3.95E-09,3.71E-09,3.40E-09,3.03E-09,2.60E-09,2.11E-09,1.60E-09,1.07E-09,5.63E-10,1.65E-10,7.04E-16
5.697078512,1.18E-13,2.94E-13,6.78E-13,1.40E-12,2.44E-12,3.93E-12,5.93E-12,8.56E-12,1.19E-11,1.61E-11,2.11E-11,2.73E-11,3.46E-11,4.32E-11,5.32E-11,6.48E-11,7.82E-11,9.35E-11,1.11E-10,1.31E-10,1.53E-10,1.78E-10,2.06E-10,2.37E-10,2.72E-10,3.10E-10,3.53E-10,4.00E-10,4.53E-10,5.10E-10,5.74E-10,6.43E-10,7.20E-10,8.04E-10,8.96E-10,9.96E-10,1.11E-09,1.23E-09,1.36E-09,1.50E-09,1.66E-09,1.83E-09,2.01E-09,2.21E-09,2.42E-09,2.65E-09,2.89E-09,3.15E-09,3.42E-09,3.69E-09,3.96E-09,4.22E-09,4.45E-09,4.66E-09,4.82E-09,4.93E-09,4.96E-09,4.92E-09,4.80E-09,4.61E-09,4.32E-09,3.96E-09,3.53E-09,3.03E-09,2.47E-09,1.86E-09,1.24E-09,6.57E-10,1.93E-10,8.20E-16
5.691436598,1.38E-13,3.43E-13,7.90E-13,1.63E-12,2.85E-12,4.57E-12,6.91E-12,9.97E-12,1.39E-11,1.87E-11,2.46E-11,3.18E-11,4.03E-11,5.03E-11,6.20E-11,7.55E-11,9.11E-11,1.09E-10,1.29E-10,1.52E-10,1.78E-10,2.07E-10,2.40E-10,2.76E-10,3.17E-10,3.62E-10,4.11E-10,4.67E-10,5.27E-10,5.95E-10,6.68E-10,7.50E-10,8.39E-10,9.37E-10,1.04E-09,1.16E-09,1.29E-09,1.43E-09,1.58E-09,1.75E-09,1.93E-09,2.13E-09,2.34E-09,2.57E-09,2.82E-09,3.09E-09,3.37E-09,3.67E-09,3.98E-09,4.29E-09,4.61E-09,4.91E-09,5.19E-09,5.43E-09,5.62E-09,5.74E-09,5.78E-09,5.74E-09,5.60E-09,5.37E-09,5.04E-09,4.62E-09,4.11E-09,3.53E-09,2.87E-09,2.17E-09,1.45E-09,7.66E-10,2.25E-10,9.56E-16
5.685794684,1.60E-13,3.99E-13,9.20E-13,1.90E-12,3.32E-12,5.33E-12,8.05E-12,1.16E-11,1.61E-11,2.18E-11,2.87E-11,3.70E-11,4.69E-11,5.86E-11,7.22E-11,8.80E-11,1.06E-10,1.27E-10,1.51E-10,1.77E-10,2.07E-10,2.41E-10,2.79E-10,3.22E-10,3.69E-10,4.21E-10,4.79E-10,5.43E-10,6.14E-10,6.92E-10,7.78E-10,8.73E-10,9.77E-10,1.09E-09,1.22E-09,1.35E-09,1.50E-09,1.66E-09,1.84E-09,2.04E-09,2.25E-09,2.48E-09,2.73E-09,3.00E-09,3.29E-09,3.60E-09,3.93E-09,4.27E-09,4.63E-09,5.00E-09,5.37E-09,5.72E-09,6.04E-09,6.32E-09,6.54E-09,6.68E-09,6.73E-09,6.68E-09,6.52E-09,6.25E-09,5.87E-09,5.38E-09,4.79E-09,4.11E-09,3.35E-09,2.53E-09,1.69E-09,8.92E-10,2.62E-10,1.11E-15
5.680152769,1.86E-13,4.64E-13,1.07E-12,2.21E-12,3.86E-12,6.20E-12,9.37E-12,1.35E-11,1.88E-11,2.54E-11,3.34E-11,4.31E-11,5.46E-11,6.82E-11,8.40E-11,1.02E-10,1.24E-10,1.48E-10,1.75E-10,2.06E-10,2.42E-10,2.81E-10,3.25E-10,3.74E-10,4.29E-10,4.90E-10,5.58E-10,6.33E-10,7.15E-10,8.06E-10,9.06E-10,1.02E-09,1.14E-09,1.27E-09,1.41E-09,1.57E-09,1.75E-09,1.94E-09,2.15E-09,2.37E-09,2.62E-09,2.89E-09,3.18E-09,3.49E-09,3.83E-09,4.19E-09,4.57E-09,4.98E-09,5.40E-09,5.82E-09,6.25E-09,6.66E-09,7.04E-09,7.36E-09,7.62E-09,7.78E-09,7.84E-09,7.78E-09,7.59E-09,7.28E-09,6.83E-09,6.26E-09,5.58E-09,4.78E-09,3.90E-09,2.94E-09,1.96E-09,1.04E-09,3.05E-10,1.30E-15
5.674510855,2.17E-13,5.40E-13,1.25E-12,2.58E-12,4.49E-12,7.22E-12,1.09E-11,1.57E-11,2.19E-11,2.95E-11,3.88E-11,5.01E-11,6.35E-11,7.93E-11,9.78E-11,1.19E-10,1.44E-10,1.72E-10,2.04E-10,2.40E-10,2.81E-10,3.27E-10,3.78E-10,4.36E-10,5.00E-10,5.70E-10,6.49E-10,7.36E-10,8.32E-10,9.38E-10,1.05E-09,1.18E-09,1.32E-09,1.48E-09,1.65E-09,1.83E-09,2.03E-09,2.25E-09,2.50E-09,2.76E-09,3.05E-09,3.36E-09,3.69E-09,4.06E-09,4.45E-09,4.87E-09,5.32E-09,5.79E-09,6.28E-09,6.77E-09,7.27E-09,7.75E-09,8.19E-09,8.57E-09,8.86E-09,9.05E-09,9.12E-09,9.05E-09,8.83E-09,8.46E-09,7.95E-09,7.29E-09,6.49E-09,5.56E-09,4.53E-09,3.42E-09,2.29E-09,1.21E-09,3.55E-10,1.51E-15
5.668868941,2.52E-13,6.28E-13,1.45E-12,3.00E-12,5.22E-12,8.39E-12,1.27E-11,1.83E-11,2.54E-11,3.43E-11,4.52E-11,5.83E-11,7.39E-11,9.22E-11,1.14E-10,1.39E-10,1.67E-10,2.00E-10,2.37E-10,2.79E-10,3.27E-10,3.80E-10,4.40E-10,5.07E-10,5.81E-10,6.63E-10,7.55E-10,8.56E-10,9.68E-10,1.09E-09,1.23E-09,1.37E-09,1.54E-09,1.72E-09,1.91E-09,2.13E-09,2.36E-09,2.62E-09,2.90E-09,3.21E-09,3.54E-09,3.90E-09,4.30E-09,4.72E-09,5.18E-09,5.67E-09,6.19E-09,6.73E-09,7.30E-09,7.88E-09,8.45E-09,9.01E-09,9.52E-09,9.96E-09,1.03E-08,1.05E-08,1.06E-08,1.05E-08,1.03E-08,9.84E-09,9.24E-09,8.47E-09,7.54E-09,6.47E-09,5.27E-09,3.98E-09,2.66E-09,1.40E-09,4.12E-10,1.75E-15
5.663227027,2.93E-13,7.30E-13,1.68E-12,3.48E-12,6.07E-12,9.75E-12,1.47E-11,2.13E-11,2.96E-11,3.99E-11,5.25E-11,6.77E-11,8.59E-11,1.07E-10,1.32E-10,1.61E-10,1.94E-10,2.32E-10,2.76E-10,3.25E-10,3.80E-10,4.42E-10,5.11E-10,5.89E-10,6.75E-10,7.71E-10,8.77E-10,9.95E-10,1.12E-09,1.27E-09,1.43E-09,1.60E-09,1.79E-09,2.00E-09,2.23E-09,2.48E-09,2.75E-09,3.05E-09,3.37E-09,3.73E-09,4.12E-09,4.54E-09,4.99E-09,5.49E-09,6.02E-09,6.58E-09,7.19E-09,7.82E-09,8.48E-09,9.16E-09,9.83E-09,1.05E-08,1.11E-08,1.16E-08,1.20E-08,1.22E-08,1.23E-08,1.22E-08,1.19E-08,1.14E-08,1.07E-08,9.85E-09,8.77E-09,7.52E-09,6.13E-09,4.63E-09,3.09E-09,1.63E-09,4.79E-10,2.04E-15
5.657585113,3.41E-13,8.49E-13,1.96E-12,4.04E-12,7.05E-12,1.13E-11,1.71E-11,2.47E-11,3.43E-11,4.63E-11,6.10E-11,7.87E-11,9.97E-11,1.25E-10,1.54E-10,1.87E-10,2.26E-10,2.70E-10,3.20E-10,3.77E-10,4.41E-10,5.13E-10,5.94E-10,6.84E-10,7.84E-10,8.96E-10,1.02E-09,1.16E-09,1.31E-09,1.47E-09,1.66E-09,1.86E-09,2.08E-09,2.32E-09,2.58E-09,2.88E-09,3.19E-09,3.54E-09,3.92E-09,4.33E-09,4.78E-09,5.27E-09,5.80E-09,6.37E-09,6.99E-09,7.65E-09,8.35E-09,9.09E-09,9.86E-09,1.06E-08,1.14E-08,1.22E-08,1.29E-08,1.35E-08,1.39E-08,1.42E-08,1.43E-08,1.42E-08,1.39E-08,1.33E-08,1.25E-08,1.14E-08,1.02E-08,8.73E-09,7.12E-09,5.37E-09,3.59E-09,1.90E-09,5.57E-10,2.37E-15
5.651943198,3.95E-13,9.85E-13,2.27E-12,4.70E-12,8.19E-12,1.32E-11,1.99E-11,2.87E-11,3.99E-11,5.38E-11,7.08E-11,9.14E-11,1.16E-10,1.45E-10,1.78E-10,2.17E-10,2.62E-10,3.13E-10,3.72E-10,4.38E-10,5.12E-10,5.96E-10,6.90E-10,7.94E-10,9.11E-10,1.04E-09,1.18E-09,1.34E-09,1.52E-09,1.71E-09,1.92E-09,2.16E-09,2.41E-09,2.69E-09,3.00E-09,3.34E-09,3.71E-09,4.11E-09,4.55E-09,5.03E-09,5.55E-09,6.12E-09,6.74E-09,7.40E-09,8.12E-09,8.88E-09,9.70E-09,1.06E-08,1.14E-08,1.24E-08,1.33E-08,1.41E-08,1.49E-08,1.56E-08,1.62E-08,1.65E-08,1.66E-08,1.65E-08,1.61E-08,1.54E-08,1.45E-08,1.33E-08,1.18E-08,1.01E-08,8.26E-09,6.24E-09,4.17E-09,2.20E-09,6.47E-10,2.75E-15
5.646301284,4.59E-13,1.14E-12,2.64E-12,5.45E-12,9.50E-12,1.53E-11,2.31E-11,3.33E-11,4.63E-11,6.24E-11,8.22E-11,1.06E-10,1.34E-10,1.68E-10,2.07E-10,2.52E-10,3.04E-10,3.64E-10,4.31E-10,5.08E-10,5.95E-10,6.92E-10,8.00E-10,9.22E-10,1.06E-09,1.21E-09,1.37E-09,1.56E-09,1.76E-09,1.98E-09,2.23E-09,2.50E-09,2.80E-09,3.13E-09,3.48E-09,3.87E-09,4.30E-09,4.77E-09,5.28E-09,5.84E-09,6.44E-09,7.10E-09,7.82E-09,8.59E-09,9.42E-09,1.03E-08,1.13E-08,1.22E-08,1.33E-08,1.43E-08,1.54E-08,1.64E-08,1.73E-08,1.81E-08,1.88E-08,1.92E-08,1.93E-08,1.91E-08,1.87E-08,1.79E-08,1.68E-08,1.54E-08,1.37E-08,1.18E-08,9.59E-09,7.24E-09,4.83E-09,2.55E-09,7.50E-10,3.19E-15
5.64065937,5.32E-13,1.33E-12,3.06E-12,6.32E-12,1.10E-11,1.77E-11,2.68E-11,3.86E-11,5.37E-11,7.24E-11,9.53E-11,1.23E-10,1.56E-10,1.95E-10,2.40E-10,2.92E-10,3.53E-10,4.22E-10,5.00E-10,5.89E-10,6.90E-10,8.02E-10,9.28E-10,1.07E-09,1.23E-09,1.40E-09,1.59E-09,1.81E-09,2.04E-09,2.30E-09,2.59E-09,2.90E-09,3.25E-09,3.63E-09,4.04E-09,4.49E-09,4.99E-09,5.53E-09,6.13E-09,6.77E-09,7.47E-09,8.24E-09,9.07E-09,9.96E-09,1.09E-08,1.20E-08,1.31E-08,1.42E-08,1.54E-08,1.66E-08,1.78E-08,1.90E-08,2.01E-08,2.10E-08,2.17E-08,2.22E-08,2.24E-08,2.22E-08,2.17E-08,2.08E-08,1.95E-08,1.79E-08,1.59E-08,1.37E-08,1.11E-08,8.40E-09,5.61E-09,2.96E-09,8.70E-10,3.70E-15
5.635017456,6.17E-13,1.54E-12,3.55E-12,7.33E-12,1.28E-11,2.05E-11,3.10E-11,4.47E-11,6.22E-11,8.39E-11,1.11E-10,1.43E-10,1.81E-10,2.26E-10,2.78E-10,3.39E-10,4.09E-10,4.89E-10,5.80E-10,6.83E-10,7.99E-10,9.30E-10,1.08E-09,1.24E-09,1.42E-09,1.62E-09,1.85E-09,2.09E-09,2.37E-09,2.67E-09,3.00E-09,3.36E-09,3.76E-09,4.20E-09,4.68E-09,5.21E-09,5.79E-09,6.42E-09,7.10E-09,7.85E-09,8.67E-09,9.55E-09,1.05E-08,1.15E-08,1.27E-08,1.39E-08,1.51E-08,1.65E-08,1.79E-08,1.93E-08,2.07E-08,2.20E-08,2.33E-08,2.44E-08,2.52E-08,2.58E-08,2.59E-08,2.57E-08,2.51E-08,2.41E-08,2.26E-08,2.07E-08,1.85E-08,1.58E-08,1.29E-08,9.74E-09,6.50E-09,3.44E-09,1.01E-09,4.29E-15
5.629375542,7.15E-13,1.78E-12,4.11E-12,8.49E-12,1.48E-11,2.38E-11,3.60E-11,5.18E-11,7.21E-11,9.73E-11,1.28E-10,1.65E-10,2.09E-10,2.62E-10,3.22E-10,3.93E-10,4.74E-10,5.67E-10,6.72E-10,7.92E-10,9.26E-10,1.08E-09,1.25E-09,1.44E-09,1.65E-09,1.88E-09,2.14E-09,2.43E-09,2.74E-09,3.09E-09,3.48E-09,3.90E-09,4.36E-09,4.87E-09,5.43E-09,6.04E-09,6.70E-09,7.43E-09,8.23E-09,9.10E-09,1.00E-08,1.11E-08,1.22E-08,1.34E-08,1.47E-08,1.61E-08,1.75E-08,1.91E-08,2.07E-08,2.23E-08,2.40E-08,2.55E-08,2.70E-08,2.82E-08,2.92E-08,2.98E-08,3.01E-08,2.98E-08,2.91E-08,2.79E-08,2.62E-08,2.40E-08,2.14E-08,1.83E-08,1.49E-08,1.13E-08,7.53E-09,3.98E-09,1.17E-09,4.97E-15
5.623733627,8.28E-13,2.06E-12,4.76E-12,9.83E-12,1.72E-11,2.76E-11,4.16E-11,6.01E-11,8.35E-11,1.13E-10,1.48E-10,1.91E-10,2.43E-10,3.03E-10,3.73E-10,4.55E-10,5.49E-10,6.56E-10,7.78E-10,9.17E-10,1.07E-09,1.25E-09,1.44E-09,1.66E-09,1.91E-09,2.18E-09,2.48E-09,2.81E-09,3.18E-09,3.58E-09,4.03E-09,4.51E-09,5.05E-09,5.64E-09,6.29E-09,6.99E-09,7.76E-09,8.61E-09,9.53E-09,1.05E-08,1.16E-08,1.28E-08,1.41E-08,1.55E-08,1.70E-08,1.86E-08,2.03E-08,2.21E-08,2.40E-08,2.59E-08,2.78E-08,2.96E-08,3.13E-08,3.27E-08,3.38E-08,3.46E-08,3.48E-08,3.46E-08,3.37E-08,3.23E-08,3.03E-08,2.78E-08,2.48E-08,2.12E-08,1.73E-08,1.31E-08,8.73E-09,4.61E-09,1.35E-09,5.76E-15
5.618091713,9.59E-13,2.39E-12,5.51E-12,1.14E-11,1.99E-11,3.19E-11,4.82E-11,6.95E-11,9.66E-11,1.30E-10,1.72E-10,2.21E-10,2.81E-10,3.51E-10,4.32E-10,5.27E-10,6.35E-10,7.60E-10,9.01E-10,1.06E-09,1.24E-09,1.44E-09,1.67E-09,1.93E-09,2.21E-09,2.52E-09,2.87E-09,3.25E-09,3.68E-09,4.15E-09,4.66E-09,5.23E-09,5.85E-09,6.53E-09,7.28E-09,8.09E-09,8.99E-09,9.97E-09,1.10E-08,1.22E-08,1.35E-08,1.48E-08,1.63E-08,1.79E-08,1.97E-08,2.15E-08,2.35E-08,2.56E-08,2.77E-08,2.99E-08,3.21E-08,3.42E-08,3.62E-08,3.79E-08,3.92E-08,4.00E-08,4.03E-08,4.00E-08,3.90E-08,3.74E-08,3.51E-08,3.22E-08,2.87E-08,2.46E-08,2.00E-08,1.51E-08,1.01E-08,5.34E-09,1.57E-09,6.67E-15
5.612449799,1.11E-12,2.76E-12,6.37E-12,1.32E-11,2.30E-11,3.69E-11,5.58E-11,8.04E-11,1.12E-10,1.51E-10,1.99E-10,2.56E-10,3.25E-10,4.06E-10,5.00E-10,6.09E-10,7.35E-10,8.79E-10,1.04E-09,1.23E-09,1.44E-09,1.67E-09,1.93E-09,2.23E-09,2.55E-09,2.92E-09,3.32E-09,3.76E-09,4.25E-09,4.80E-09,5.39E-09,6.05E-09,6.77E-09,7.55E-09,8.42E-09,9.36E-09,1.04E-08,1.15E-08,1.28E-08,1.41E-08,1.56E-08,1.72E-08,1.89E-08,2.08E-08,2.28E-08,2.49E-08,2.72E-08,2.96E-08,3.21E-08,3.46E-08,3.72E-08,3.96E-08,4.19E-08,4.38E-08,4.53E-08,4.63E-08,4.66E-08,4.63E-08,4.52E-08,4.33E-08,4.06E-08,3.73E-08,3.32E-08,2.84E-08,2.32E-08,1.75E-08,1.17E-08,6.17E-09,1.81E-09,7.71E-15
5.606807885,1.28E-12,3.20E-12,7.37E-12,1.52E-11,2.66E-11,4.27E-11,6.45E-11,9.30E-11,1.29E-10,1.74E-10,2.30E-10,2.96E-10,3.76E-10,4.69E-10,5.78E-10,7.05E-10,8.50E-10,1.02E-09,1.21E-09,1.42E-09,1.66E-09,1.93E-09,2.24E-09,2.58E-09,2.95E-09,3.37E-09,3.84E-09,4.35E-09,4.92E-09,5.55E-09,6.23E-09,6.99E-09,7.82E-09,8.74E-09,9.74E-09,1.08E-08,1.20E-08,1.33E-08,1.48E-08,1.63E-08,1.80E-08,1.99E-08,2.18E-08,2.40E-08,2.63E-08,2.88E-08,3.15E-08,3.42E-08,3.71E-08,4.01E-08,4.30E-08,4.58E-08,4.84E-08,5.07E-08,5.24E-08,5.35E-08,5.39E-08,5.35E-08,5.22E-08,5.01E-08,4.70E-08,4.31E-08,3.84E-08,3.29E-08,2.68E-08,2.02E-08,1.35E-08,7.14E-09,2.10E-09,8.92E-15
5.60116597,1.48E-12,3.69E-12,8.52E-12,1.76E-11,3.07E-11,4.93E-11,7.45E-11,1.07E-10,1.49E-10,2.02E-10,2.66E-10,3.43E-10,4.34E-10,5.42E-10,6.68E-10,8.14E-10,9.83E-10,1.17E-09,1.39E-09,1.64E-09,1.92E-09,2.23E-09,2.59E-09,2.98E-09,3.41E-09,3.90E-09,4.44E-09,5.03E-09,5.69E-09,6.41E-09,7.21E-09,8.08E-09,9.04E-09,1.01E-08,1.13E-08,1.25E-08,1.39E-08,1.54E-08,1.71E-08,1.89E-08,2.08E-08,2.29E-08,2.52E-08,2.77E-08,3.04E-08,3.33E-08,3.64E-08,3.96E-08,4.29E-08,4.63E-08,4.97E-08,5.30E-08,5.60E-08,5.85E-08,6.06E-08,6.19E-08,6.23E-08,6.18E-08,6.04E-08,5.79E-08,5.43E-08,4.98E-08,4.43E-08,3.80E-08,3.10E-08,2.34E-08,1.56E-08,8.25E-09,2.42E-09,1.03E-14
5.595524056,1.71E-12,4.27E-12,9.84E-12,2.03E-11,3.55E-11,5.70E-11,8.61E-11,1.24E-10,1.73E-10,2.33E-10,3.07E-10,3.96E-10,5.02E-10,6.26E-10,7.72E-10,9.41E-10,1.14E-09,1.36E-09,1.61E-09,1.90E-09,2.22E-09,2.58E-09,2.99E-09,3.44E-09,3.94E-09,4.50E-09,5.12E-09,5.81E-09,6.57E-09,7.40E-09,8.32E-09,9.34E-09,1.04E-08,1.17E-08,1.30E-08,1.45E-08,1.61E-08,1.78E-08,1.97E-08,2.18E-08,2.40E-08,2.65E-08,2.92E-08,3.20E-08,3.51E-08,3.85E-08,4.20E-08,4.57E-08,4.96E-08,5.35E-08,5.74E-08,6.12E-08,6.46E-08,6.76E-08,7.00E-08,7.15E-08,7.20E-08,7.14E-08,6.97E-08,6.68E-08,6.28E-08,5.75E-08,5.12E-08,4.39E-08,3.58E-08,2.70E-08,1.80E-08,9.53E-09,2.80E-09,1.19E-14
5.589882142,1.98E-12,4.93E-12,1.14E-11,2.35E-11,4.10E-11,6.58E-11,9.94E-11,1.43E-10,1.99E-10,2.69E-10,3.54E-10,4.57E-10,5.79E-10,7.23E-10,8.91E-10,1.09E-09,1.31E-09,1.57E-09,1.86E-09,2.19E-09,2.56E-09,2.98E-09,3.45E-09,3.97E-09,4.55E-09,5.20E-09,5.92E-09,6.71E-09,7.59E-09,8.55E-09,9.61E-09,1.08E-08,1.21E-08,1.35E-08,1.50E-08,1.67E-08,1.85E-08,2.06E-08,2.28E-08,2.52E-08,2.78E-08,3.06E-08,3.37E-08,3.70E-08,4.06E-08,4.44E-08,4.85E-08,5.28E-08,5.72E-08,6.18E-08,6.63E-08,7.06E-08,7.46E-08,7.81E-08,8.08E-08,8.25E-08,8.31E-08,8.25E-08,8.05E-08,7.72E-08,7.25E-08,6.64E-08,5.91E-08,5.07E-08,4.13E-08,3.12E-08,2.08E-08,1.10E-08,3.23E-09,1.37E-14
5.584240228,2.28E-12,5.69E-12,1.31E-11,2.71E-11,4.73E-11,7.59E-11,1.15E-10,1.65E-10,2.30E-10,3.10E-10,4.09E-10,5.27E-10,6.68E-10,8.35E-10,1.03E-09,1.25E-09,1.51E-09,1.81E-09,2.15E-09,2.53E-09,2.96E-09,3.44E-09,3.98E-09,4.58E-09,5.26E-09,6.00E-09,6.83E-09,7.74E-09,8.75E-09,9.87E-09,1.11E-08,1.24E-08,1.39E-08,1.55E-08,1.73E-08,1.93E-08,2.14E-08,2.37E-08,2.63E-08,2.90E-08,3.20E-08,3.53E-08,3.89E-08,4.27E-08,4.68E-08,5.13E-08,5.60E-08,6.09E-08,6.60E-08,7.13E-08,7.65E-08,8.15E-08,8.61E-08,9.01E-08,9.32E-08,9.52E-08,9.59E-08,9.52E-08,9.29E-08,8.91E-08,8.36E-08,7.67E-08,6.83E-08,5.85E-08,4.77E-08,3.60E-08,2.40E-08,1.27E-08,3.73E-09,1.59E-14
5.578598314,2.63E-12,6.56E-12,1.51E-11,3.13E-11,5.45E-11,8.76E-11,1.32E-10,1.91E-10,2.65E-10,3.58E-10,4.71E-10,6.08E-10,7.71E-10,9.63E-10,1.19E-09,1.45E-09,1.74E-09,2.09E-09,2.47E-09,2.91E-09,3.41E-09,3.97E-09,4.59E-09,5.29E-09,6.06E-09,6.92E-09,7.88E-09,8.93E-09,1.01E-08,1.14E-08,1.28E-08,1.43E-08,1.61E-08,1.79E-08,2.00E-08,2.22E-08,2.47E-08,2.74E-08,3.03E-08,3.35E-08,3.70E-08,4.07E-08,4.48E-08,4.93E-08,5.40E-08,5.91E-08,6.45E-08,7.02E-08,7.62E-08,8.22E-08,8.82E-08,9.40E-08,9.94E-08,1.04E-07,1.08E-07,1.10E-07,1.11E-07,1.10E-07,1.07E-07,1.03E-07,9.65E-08,8.84E-08,7.87E-08,6.75E-08,5.50E-08,4.15E-08,2.77E-08,1.47E-08,4.30E-09,1.83E-14
5.572956399,3.03E-12,7.56E-12,1.74E-11,3.60E-11,6.28E-11,1.01E-10,1.53E-10,2.20E-10,3.06E-10,4.13E-10,5.43E-10,7.01E-10,8.89E-10,1.11E-09,1.37E-09,1.67E-09,2.01E-09,2.40E-09,2.85E-09,3.36E-09,3.93E-09,4.57E-09,5.29E-09,6.10E-09,6.99E-09,7.98E-09,9.08E-09,1.03E-08,1.16E-08,1.31E-08,1.48E-08,1.65E-08,1.85E-08,2.07E-08,2.30E-08,2.56E-08,2.85E-08,3.15E-08,3.49E-08,3.86E-08,4.26E-08,4.70E-08,5.17E-08,5.68E-08,6.23E-08,6.82E-08,7.44E-08,8.10E-08,8.78E-08,9.48E-08,1.02E-07,1.08E-07,1.15E-07,1.20E-07,1.24E-07,1.27E-07,1.28E-07,1.27E-07,1.24E-07,1.18E-07,1.11E-07,1.02E-07,9.08E-08,7.78E-08,6.34E-08,4.79E-08,3.20E-08,1.69E-08,4.96E-09,2.11E-14
5.567314485,3.50E-12,8.71E-12,2.01E-11,4.15E-11,7.24E-11,1.16E-10,1.76E-10,2.54E-10,3.52E-10,4.76E-10,6.26E-10,8.08E-10,1.02E-09,1.28E-09,1.58E-09,1.92E-09,2.32E-09,2.77E-09,3.29E-09,3.87E-09,4.53E-09,5.27E-09,6.10E-09,7.02E-09,8.05E-09,9.20E-09,1.05E-08,1.19E-08,1.34E-08,1.51E-08,1.70E-08,1.91E-08,2.13E-08,2.38E-08,2.65E-08,2.95E-08,3.28E-08,3.63E-08,4.02E-08,4.45E-08,4.91E-08,5.41E-08,5.96E-08,6.54E-08,7.18E-08,7.85E-08,8.57E-08,9.33E-08,1.01E-07,1.09E-07,1.17E-07,1.25E-07,1.32E-07,1.38E-07,1.43E-07,1.46E-07,1.47E-07,1.46E-07,1.42E-07,1.36E-07,1.28E-07,1.17E-07,1.05E-07,8.97E-08,7.31E-08,5.52E-08,3.68E-08,1.95E-08,5.72E-09,2.43E-14
5.561672571,4.03E-12,1.00E-11,2.31E-11,4.78E-11,8.34E-11,1.34E-10,2.02E-10,2.92E-10,4.06E-10,5.48E-10,7.21E-10,9.30E-10,1.18E-09,1.47E-09,1.82E-09,2.21E-09,2.67E-09,3.19E-09,3.79E-09,4.46E-09,5.22E-09,6.07E-09,7.02E-09,8.09E-09,9.27E-09,1.06E-08,1.21E-08,1.37E-08,1.54E-08,1.74E-08,1.96E-08,2.20E-08,2.46E-08,2.74E-08,3.06E-08,3.40E-08,3.78E-08,4.19E-08,4.63E-08,5.12E-08,5.65E-08,6.23E-08,6.86E-08,7.54E-08,8.26E-08,9.05E-08,9.87E-08,1.07E-07,1.17E-07,1.26E-07,1.35E-07,1.44E-07,1.52E-07,1.59E-07,1.65E-07,1.68E-07,1.69E-07,1.68E-07,1.64E-07,1.57E-07,1.48E-07,1.35E-07,1.20E-07,1.03E-07,8.41E-08,6.35E-08,4.24E-08,2.24E-08,6.58E-09,2.80E-14
5.556030657,4.64E-12,1.15E-11,2.66E-11,5.50E-11,9.60E-11,1.54E-10,2.33E-10,3.36E-10,4.67E-10,6.30E-10,8.30E-10,1.07E-09,1.36E-09,1.70E-09,2.09E-09,2.55E-09,3.07E-09,3.67E-09,4.36E-09,5.13E-09,6.01E-09,6.99E-09,8.08E-09,9.31E-09,1.07E-08,1.22E-08,1.39E-08,1.57E-08,1.78E-08,2.00E-08,2.25E-08,2.53E-08,2.83E-08,3.16E-08,3.52E-08,3.91E-08,4.35E-08,4.82E-08,5.33E-08,5.90E-08,6.51E-08,7.17E-08,7.90E-08,8.67E-08,9.51E-08,1.04E-07,1.14E-07,1.24E-07,1.34E-07,1.45E-07,1.55E-07,1.66E-07,1.75E-07,1.83E-07,1.89E-07,1.93E-07,1.95E-07,1.93E-07,1.89E-07,1.81E-07,1.70E-07,1.56E-07,1.39E-07,1.19E-07,9.68E-08,7.31E-08,4.88E-08,2.58E-08,7.58E-09,3.22E-14
5.550388743,5.33E-12,1.33E-11,3.06E-11,6.33E-11,1.10E-10,1.77E-10,2.68E-10,3.87E-10,5.38E-10,7.25E-10,9.55E-10,1.23E-09,1.56E-09,1.95E-09,2.40E-09,2.93E-09,3.53E-09,4.23E-09,5.01E-09,5.90E-09,6.91E-09,8.04E-09,9.30E-09,1.07E-08,1.23E-08,1.40E-08,1.60E-08,1.81E-08,2.05E-08,2.31E-08,2.59E-08,2.91E-08,3.25E-08,3.63E-08,4.05E-08,4.50E-08,5.00E-08,5.54E-08,6.14E-08,6.78E-08,7.49E-08,8.25E-08,9.08E-08,9.98E-08,1.09E-07,1.20E-07,1.31E-07,1.42E-07,1.54E-07,1.67E-07,1.79E-07,1.90E-07,2.01E-07,2.11E-07,2.18E-07,2.23E-07,2.24E-07,2.22E-07,2.17E-07,2.08E-07,1.95E-07,1.79E-07,1.60E-07,1.37E-07,1.11E-07,8.42E-08,5.62E-08,2.97E-08,8.72E-09,3.71E-14
5.544746828,6.13E-12,1.53E-11,3.52E-11,7.28E-11,1.27E-10,2.04E-10,3.08E-10,4.45E-10,6.18E-10,8.34E-10,1.10E-09,1.42E-09,1.80E-09,2.24E-09,2.76E-09,3.37E-09,4.06E-09,4.86E-09,5.76E-09,6.79E-09,7.94E-09,9.24E-09,1.07E-08,1.23E-08,1.41E-08,1.61E-08,1.84E-08,2.08E-08,2.35E-08,2.65E-08,2.98E-08,3.34E-08,3.74E-08,4.18E-08,4.65E-08,5.18E-08,5.75E-08,6.38E-08,7.06E-08,7.80E-08,8.61E-08,9.49E-08,1.04E-07,1.15E-07,1.26E-07,1.38E-07,1.50E-07,1.64E-07,1.77E-07,1.92E-07,2.06E-07,2.19E-07,2.31E-07,2.42E-07,2.51E-07,2.56E-07,2.58E-07,2.56E-07,2.50E-07,2.39E-07,2.25E-07,2.06E-07,1.83E-07,1.57E-07,1.28E-07,9.68E-08,6.46E-08,3.41E-08,1.00E-08,4.26E-14
5.539104914,7.05E-12,1.76E-11,4.05E-11,8.37E-11,1.46E-10,2.34E-10,3.54E-10,5.11E-10,7.10E-10,9.59E-10,1.26E-09,1.63E-09,2.06E-09,2.58E-09,3.18E-09,3.87E-09,4.67E-09,5.59E-09,6.63E-09,7.80E-09,9.13E-09,1.06E-08,1.23E-08,1.42E-08,1.62E-08,1.85E-08,2.11E-08,2.39E-08,2.70E-08,3.05E-08,3.43E-08,3.84E-08,4.30E-08,4.80E-08,5.35E-08,5.95E-08,6.61E-08,7.33E-08,8.11E-08,8.97E-08,9.90E-08,1.09E-07,1.20E-07,1.32E-07,1.45E-07,1.58E-07,1.73E-07,1.88E-07,2.04E-07,2.20E-07,2.36E-07,2.52E-07,2.66E-07,2.78E-07,2.88E-07,2.94E-07,2.96E-07,2.94E-07,2.87E-07,2.75E-07,2.58E-07,2.37E-07,2.11E-07,1.81E-07,1.47E-07,1.11E-07,7.43E-08,3.92E-08,1.15E-08,4.90E-14
5.533463,8.10E-12,2.02E-11,4.65E-11,9.61E-11,1.68E-10,2.69E-10,4.07E-10,5.87E-10,8.16E-10,1.10E-09,1.45E-09,1.87E-09,2.37E-09,2.96E-09,3.65E-09,4.45E-09,5.37E-09,6.42E-09,7.61E-09,8.96E-09,1.05E-08,1.22E-08,1.41E-08,1.63E-08,1.86E-08,2.13E-08,2.42E-08,2.75E-08,3.11E-08,3.50E-08,3.94E-08,4.41E-08,4.94E-08,5.51E-08,6.15E-08,6.84E-08,7.59E-08,8.42E-08,9.32E-08,1.03E-07,1.14E-07,1.25E-07,1.38E-07,1.52E-07,1.66E-07,1.82E-07,1.99E-07,2.16E-07,2.34E-07,2.53E-07,2.71E-07,2.89E-07,3.06E-07,3.20E-07,3.31E-07,3.38E-07,3.40E-07,3.38E-07,3.30E-07,3.16E-07,2.97E-07,2.72E-07,2.42E-07,2.08E-07,1.69E-07,1.28E-07,8.53E-08,4.51E-08,1.32E-08,5.63E-14
5.527821086,9.30E-12,2.32E-11,5.34E-11,1.10E-10,1.93E-10,3.09E-10,4.67E-10,6.74E-10,9.37E-10,1.26E-09,1.67E-09,2.15E-09,2.72E-09,3.40E-09,4.19E-09,5.11E-09,6.16E-09,7.37E-09,8.74E-09,1.03E-08,1.20E-08,1.40E-08,1.62E-08,1.87E-08,2.14E-08,2.45E-08,2.78E-08,3.15E-08,3.57E-08,4.02E-08,4.52E-08,5.07E-08,5.67E-08,6.33E-08,7.06E-08,7.85E-08,8.72E-08,9.66E-08,1.07E-07,1.18E-07,1.31E-07,1.44E-07,1.58E-07,1.74E-07,1.91E-07,2.09E-07,2.28E-07,2.48E-07,2.69E-07,2.90E-07,3.12E-07,3.32E-07,3.51E-07,3.67E-07,3.80E-07,3.88E-07,3.91E-07,3.88E-07,3.79E-07,3.63E-07,3.41E-07,3.12E-07,2.78E-07,2.38E-07,1.94E-07,1.47E-07,9.79E-08,5.18E-08,1.52E-08,6.46E-14
5.522179172,1.07E-11,2.66E-11,6.13E-11,1.27E-10,2.21E-10,3.55E-10,5.36E-10,7.74E-10,1.08E-09,1.45E-09,1.91E-09,2.46E-09,3.12E-09,3.90E-09,4.81E-09,5.86E-09,7.07E-09,8.45E-09,1.00E-08,1.18E-08,1.38E-08,1.61E-08,1.86E-08,2.14E-08,2.46E-08,2.81E-08,3.19E-08,3.62E-08,4.09E-08,4.61E-08,5.19E-08,5.82E-08,6.51E-08,7.27E-08,8.10E-08,9.01E-08,1.00E-07,1.11E-07,1.23E-07,1.36E-07,1.50E-07,1.65E-07,1.82E-07,2.00E-07,2.19E-07,2.40E-07,2.62E-07,2.85E-07,3.09E-07,3.33E-07,3.58E-07,3.81E-07,4.03E-07,4.21E-07,4.36E-07,4.45E-07,4.49E-07,4.45E-07,4.34E-07,4.16E-07,3.91E-07,3.58E-07,3.19E-07,2.74E-07,2.23E-07,1.68E-07,1.12E-07,5.94E-08,1.74E-08,7.42E-14
5.516537257,1.22E-11,3.05E-11,7.03E-11,1.45E-10,2.53E-10,4.07E-10,6.15E-10,8.87E-10,1.23E-09,1.66E-09,2.19E-09,2.83E-09,3.58E-09,4.48E-09,5.52E-09,6.72E-09,8.11E-09,9.70E-09,1.15E-08,1.35E-08,1.59E-08,1.84E-08,2.13E-08,2.46E-08,2.82E-08,3.22E-08,3.66E-08,4.15E-08,4.69E-08,5.29E-08,5.95E-08,6.67E-08,7.46E-08,8.33E-08,9.29E-08,1.03E-07,1.15E-07,1.27E-07,1.41E-07,1.56E-07,1.72E-07,1.89E-07,2.08E-07,2.29E-07,2.51E-07,2.75E-07,3.00E-07,3.27E-07,3.54E-07,3.82E-07,4.10E-07,4.37E-07,4.62E-07,4.83E-07,5.00E-07,5.11E-07,5.15E-07,5.11E-07,4.98E-07,4.78E-07,4.48E-07,4.11E-07,3.66E-07,3.14E-07,2.56E-07,1.93E-07,1.29E-07,6.81E-08,2.00E-08,8.51E-14
5.510895343,1.40E-11,3.50E-11,8.06E-11,1.67E-10,2.91E-10,4.67E-10,7.05E-10,1.02E-09,1.41E-09,1.91E-09,2.51E-09,3.24E-09,4.11E-09,5.13E-09,6.32E-09,7.71E-09,9.30E-09,1.11E-08,1.32E-08,1.55E-08,1.82E-08,2.11E-08,2.45E-08,2.82E-08,3.23E-08,3.69E-08,4.20E-08,4.76E-08,5.38E-08,6.07E-08,6.82E-08,7.65E-08,8.56E-08,9.55E-08,1.06E-07,1.18E-07,1.32E-07,1.46E-07,1.61E-07,1.78E-07,1.97E-07,2.17E-07,2.39E-07,2.63E-07,2.88E-07,3.15E-07,3.44E-07,3.74E-07,4.06E-07,4.38E-07,4.70E-07,5.01E-07,5.30E-07,5.54E-07,5.73E-07,5.86E-07,5.90E-07,5.85E-07,5.71E-07,5.48E-07,5.14E-07,4.71E-07,4.20E-07,3.60E-07,2.93E-07,2.21E-07,1.48E-07,7.81E-08,2.29E-08,9.75E-14
5.505253429,1.61E-11,4.00E-11,9.24E-11,1.91E-10,3.33E-10,5.35E-10,8.08E-10,1.17E-09,1.62E-09,2.19E-09,2.88E-09,3.71E-09,4.71E-09,5.88E-09,7.25E-09,8.83E-09,1.07E-08,1.27E-08,1.51E-08,1.78E-08,2.08E-08,2.42E-08,2.80E-08,3.23E-08,3.70E-08,4.23E-08,4.81E-08,5.45E-08,6.17E-08,6.95E-08,7.81E-08,8.76E-08,9.81E-08,1.09E-07,1.22E-07,1.36E-07,1.51E-07,1.67E-07,1.85E-07,2.04E-07,2.26E-07,2.49E-07,2.74E-07,3.01E-07,3.30E-07,3.61E-07,3.94E-07,4.29E-07,4.65E-07,5.02E-07,5.39E-07,5.74E-07,6.07E-07,6.35E-07,6.57E-07,6.71E-07,6.76E-07,6.71E-07,6.55E-07,6.27E-07,5.89E-07,5.40E-07,4.81E-07,4.12E-07,3.36E-07,2.54E-07,1.69E-07,8.95E-08,2.63E-08,1.12E-13
5.499611515,1.84E-11,4.59E-11,1.06E-10,2.19E-10,3.81E-10,6.12E-10,9.26E-10,1.33E-09,1.86E-09,2.50E-09,3.30E-09,4.25E-09,5.39E-09,6.73E-09,8.30E-09,1.01E-08,1.22E-08,1.46E-08,1.73E-08,2.04E-08,2.38E-08,2.77E-08,3.21E-08,3.70E-08,4.24E-08,4.84E-08,5.51E-08,6.25E-08,7.06E-08,7.96E-08,8.95E-08,1.00E-07,1.12E-07,1.25E-07,1.40E-07,1.55E-07,1.73E-07,1.91E-07,2.12E-07,2.34E-07,2.59E-07,2.85E-07,3.14E-07,3.45E-07,3.78E-07,4.14E-07,4.51E-07,4.91E-07,5.33E-07,5.75E-07,6.17E-07,6.58E-07,6.95E-07,7.27E-07,7.52E-07,7.68E-07,7.74E-07,7.68E-07,7.50E-07,7.18E-07,6.75E-07,6.18E-07,5.51E-07,4.72E-07,3.85E-07,2.91E-07,1.94E-07,1.02E-07,3.01E-08,1.28E-13
5.4939696,2.11E-11,5.25E-11,1.21E-10,2.50E-10,4.36E-10,7.01E-10,1.06E-09,1.53E-09,2.12E-09,2.87E-09,3.77E-09,4.87E-09,6.17E-09,7.71E-09,9.50E-09,1.16E-08,1.40E-08,1.67E-08,1.98E-08,2.33E-08,2.73E-08,3.18E-08,3.68E-08,4.23E-08,4.85E-08,5.54E-08,6.31E-08,7.15E-08,8.08E-08,9.11E-08,1.02E-07,1.15E-07,1.29E-07,1.44E-07,1.60E-07,1.78E-07,1.98E-07,2.19E-07,2.43E-07,2.68E-07,2.96E-07,3.26E-07,3.59E-07,3.94E-07,4.33E-07,4.73E-07,5.17E-07,5.62E-07,6.10E-07,6.58E-07,7.06E-07,7.53E-07,7.95E-07,8.32E-07,8.61E-07,8.80E-07,8.86E-07,8.79E-07,8.58E-07,8.22E-07,7.72E-07,7.08E-07,6.30E-07,5.40E-07,4.40E-07,3.33E-07,2.22E-07,1.17E-07,3.45E-08,1.47E-13
5.488327686,2.41E-11,6.01E-11,1.39E-10,2.86E-10,4.99E-10,8.02E-10,1.21E-09,1.75E-09,2.43E-09,3.28E-09,4.32E-09,5.57E-09,7.06E-09,8.82E-09,1.09E-08,1.32E-08,1.60E-08,1.91E-08,2.27E-08,2.67E-08,3.12E-08,3.63E-08,4.20E-08,4.84E-08,5.55E-08,6.34E-08,7.21E-08,8.18E-08,9.25E-08,1.04E-07,1.17E-07,1.31E-07,1.47E-07,1.64E-07,1.83E-07,2.04E-07,2.26E-07,2.51E-07,2.77E-07,3.07E-07,3.39E-07,3.73E-07,4.11E-07,4.51E-07,4.95E-07,5.42E-07,5.91E-07,6.43E-07,6.98E-07,7.53E-07,8.08E-07,8.61E-07,9.10E-07,9.52E-07,9.85E-07,1.01E-06,1.01E-06,1.01E-06,9.82E-07,9.41E-07,8.83E-07,8.10E-07,7.21E-07,6.18E-07,5.04E-07,3.80E-07,2.54E-07,1.34E-07,3.94E-08,1.68E-13
5.482685772,2.76E-11,6.87E-11,1.58E-10,3.27E-10,5.71E-10,9.17E-10,1.39E-09,2.00E-09,2.78E-09,3.75E-09,4.94E-09,6.37E-09,8.07E-09,1.01E-08,1.24E-08,1.51E-08,1.83E-08,2.18E-08,2.59E-08,3.05E-08,3.57E-08,4.16E-08,4.81E-08,5.54E-08,6.35E-08,7.25E-08,8.25E-08,9.36E-08,1.06E-07,1.19E-07,1.34E-07,1.50E-07,1.68E-07,1.88E-07,2.09E-07,2.33E-07,2.58E-07,2.87E-07,3.17E-07,3.51E-07,3.87E-07,4.27E-07,4.70E-07,5.16E-07,5.66E-07,6.19E-07,6.76E-07,7.36E-07,7.98E-07,8.61E-07,9.24E-07,9.85E-07,1.04E-06,1.09E-06,1.13E-06,1.15E-06,1.16E-06,1.15E-06,1.12E-06,1.08E-06,1.01E-06,9.26E-07,8.25E-07,7.07E-07,5.76E-07,4.35E-07,2.90E-07,1.53E-07,4.51E-08,1.92E-13
5.477043858,3.15E-11,7.85E-11,1.81E-10,3.74E-10,6.53E-10,1.05E-09,1.58E-09,2.28E-09,3.18E-09,4.29E-09,5.64E-09,7.28E-09,9.23E-09,1.15E-08,1.42E-08,1.73E-08,2.09E-08,2.50E-08,2.96E-08,3.49E-08,4.08E-08,4.75E-08,5.50E-08,6.33E-08,7.26E-08,8.29E-08,9.43E-08,1.07E-07,1.21E-07,1.36E-07,1.53E-07,1.72E-07,1.92E-07,2.15E-07,2.39E-07,2.66E-07,2.95E-07,3.28E-07,3.63E-07,4.01E-07,4.42E-07,4.88E-07,5.37E-07,5.90E-07,6.47E-07,7.08E-07,7.73E-07,8.41E-07,9.12E-07,9.84E-07,1.06E-06,1.13E-06,1.19E-06,1.24E-06,1.29E-06,1.32E-06,1.32E-06,1.31E-06,1.28E-06,1.23E-06,1.15E-06,1.06E-06,9.42E-07,8.08E-07,6.58E-07,4.97E-07,3.32E-07,1.75E-07,5.15E-08,2.19E-13
5.471401944,3.60E-11,8.97E-11,2.07E-10,4.27E-10,7.45E-10,1.20E-09,1.81E-09,2.61E-09,3.63E-09,4.90E-09,6.45E-09,8.32E-09,1.05E-08,1.32E-08,1.62E-08,1.98E-08,2.39E-08,2.85E-08,3.38E-08,3.98E-08,4.66E-08,5.42E-08,6.28E-08,7.23E-08,8.29E-08,9.47E-08,1.08E-07,1.22E-07,1.38E-07,1.56E-07,1.75E-07,1.96E-07,2.20E-07,2.45E-07,2.73E-07,3.04E-07,3.37E-07,3.74E-07,4.14E-07,4.58E-07,5.05E-07,5.57E-07,6.13E-07,6.74E-07,7.39E-07,8.09E-07,8.83E-07,9.61E-07,1.04E-06,1.12E-06,1.21E-06,1.29E-06,1.36E-06,1.42E-06,1.47E-06,1.50E-06,1.51E-06,1.50E-06,1.47E-06,1.40E-06,1.32E-06,1.21E-06,1.08E-06,9.23E-07,7.52E-07,5.68E-07,3.79E-07,2.00E-07,5.89E-08,2.50E-13
5.465760029,4.11E-11,1.02E-10,2.36E-10,4.88E-10,8.51E-10,1.37E-09,2.07E-09,2.98E-09,4.14E-09,5.59E-09,7.36E-09,9.50E-09,1.20E-08,1.50E-08,1.85E-08,2.26E-08,2.72E-08,3.26E-08,3.86E-08,4.55E-08,5.32E-08,6.19E-08,7.17E-08,8.25E-08,9.47E-08,1.08E-07,1.23E-07,1.39E-07,1.58E-07,1.78E-07,2.00E-07,2.24E-07,2.51E-07,2.80E-07,3.12E-07,3.47E-07,3.85E-07,4.27E-07,4.73E-07,5.23E-07,5.77E-07,6.36E-07,7.00E-07,7.69E-07,8.43E-07,9.23E-07,1.01E-06,1.10E-06,1.19E-06,1.28E-06,1.38E-06,1.47E-06,1.55E-06,1.62E-06,1.68E-06,1.72E-06,1.73E-06,1.71E-06,1.67E-06,1.60E-06,1.51E-06,1.38E-06,1.23E-06,1.05E-06,8.59E-07,6.49E-07,4.33E-07,2.29E-07,6.72E-08,2.86E-13
5.460118115,4.69E-11,1.17E-10,2.69E-10,5.57E-10,9.71E-10,1.56E-09,2.36E-09,3.40E-09,4.73E-09,6.38E-09,8.40E-09,1.08E-08,1.37E-08,1.72E-08,2.11E-08,2.58E-08,3.11E-08,3.72E-08,4.41E-08,5.19E-08,6.08E-08,7.07E-08,8.18E-08,9.42E-08,1.08E-07,1.23E-07,1.40E-07,1.59E-07,1.80E-07,2.03E-07,2.28E-07,2.56E-07,2.86E-07,3.19E-07,3.56E-07,3.96E-07,4.40E-07,4.88E-07,5.40E-07,5.97E-07,6.59E-07,7.26E-07,7.99E-07,8.78E-07,9.63E-07,1.05E-06,1.15E-06,1.25E-06,1.36E-06,1.46E-06,1.57E-06,1.68E-06,1.77E-06,1.85E-06,1.92E-06,1.96E-06,1.97E-06,1.96E-06,1.91E-06,1.83E-06,1.72E-06,1.58E-06,1.40E-06,1.20E-06,9.80E-07,7.40E-07,4.94E-07,2.61E-07,7.67E-08,3.26E-13
5.454476201,5.35E-11,1.33E-10,3.07E-10,6.35E-10,1.11E-09,1.78E-09,2.69E-09,3.88E-09,5.39E-09,7.28E-09,9.58E-09,1.24E-08,1.57E-08,1.96E-08,2.41E-08,2.94E-08,3.55E-08,4.24E-08,5.03E-08,5.92E-08,6.93E-08,8.06E-08,9.33E-08,1.07E-07,1.23E-07,1.41E-07,1.60E-07,1.82E-07,2.05E-07,2.31E-07,2.60E-07,2.92E-07,3.26E-07,3.64E-07,4.06E-07,4.52E-07,5.02E-07,5.56E-07,6.16E-07,6.80E-07,7.51E-07,8.28E-07,9.11E-07,1.00E-06,1.10E-06,1.20E-06,1.31E-06,1.43E-06,1.55E-06,1.67E-06,1.79E-06,1.91E-06,2.02E-06,2.11E-06,2.19E-06,2.23E-06,2.25E-06,2.23E-06,2.18E-06,2.09E-06,1.96E-06,1.80E-06,1.60E-06,1.37E-06,1.12E-06,8.44E-07,5.64E-07,2.98E-07,8.75E-08,3.72E-13
5.448834287,6.10E-11,1.52E-10,3.50E-10,7.24E-10,1.26E-09,2.03E-09,3.07E-09,4.42E-09,6.15E-09,8.29E-09,1.09E-08,1.41E-08,1.79E-08,2.23E-08,2.75E-08,3.35E-08,4.04E-08,4.83E-08,5.73E-08,6.75E-08,7.90E-08,9.19E-08,1.06E-07,1.22E-07,1.40E-07,1.60E-07,1.82E-07,2.07E-07,2.34E-07,2.64E-07,2.96E-07,3.32E-07,3.72E-07,4.15E-07,4.63E-07,5.15E-07,5.72E-07,6.34E-07,7.02E-07,7.76E-07,8.56E-07,9.44E-07,1.04E-06,1.14E-06,1.25E-06,1.37E-06,1.50E-06,1.63E-06,1.76E-06,1.90E-06,2.04E-06,2.18E-06,2.30E-06,2.41E-06,2.49E-06,2.55E-06,2.56E-06,2.54E-06,2.48E-06,2.38E-06,2.23E-06,2.05E-06,1.82E-06,1.56E-06,1.27E-06,9.62E-07,6.42E-07,3.40E-07,9.97E-08,4.24E-13
5.443192373,6.95E-11,1.73E-10,3.99E-10,8.25E-10,1.44E-09,2.31E-09,3.49E-09,5.04E-09,7.00E-09,9.45E-09,1.24E-08,1.61E-08,2.04E-08,2.54E-08,3.13E-08,3.82E-08,4.61E-08,5.51E-08,6.53E-08,7.69E-08,9.00E-08,1.05E-07,1.21E-07,1.40E-07,1.60E-07,1.83E-07,2.08E-07,2.36E-07,2.67E-07,3.00E-07,3.38E-07,3.79E-07,4.24E-07,4.73E-07,5.27E-07,5.87E-07,6.52E-07,7.22E-07,8.00E-07,8.84E-07,9.76E-07,1.08E-06,1.18E-06,1.30E-06,1.43E-06,1.56E-06,1.70E-06,1.85E-06,2.01E-06,2.17E-06,2.33E-06,2.48E-06,2.62E-06,2.74E-06,2.84E-06,2.90E-06,2.92E-06,2.90E-06,2.83E-06,2.71E-06,2.55E-06,2.33E-06,2.08E-06,1.78E-06,1.45E-06,1.10E-06,7.32E-07,3.87E-07,1.14E-07,4.83E-13
5.437550458,7.91E-11,1.97E-10,4.55E-10,9.40E-10,1.64E-09,2.63E-09,3.98E-09,5.74E-09,7.98E-09,1.08E-08,1.42E-08,1.83E-08,2.32E-08,2.89E-08,3.57E-08,4.35E-08,5.24E-08,6.27E-08,7.44E-08,8.76E-08,1.03E-07,1.19E-07,1.38E-07,1.59E-07,1.82E-07,2.08E-07,2.37E-07,2.69E-07,3.04E-07,3.42E-07,3.85E-07,4.31E-07,4.83E-07,5.39E-07,6.01E-07,6.68E-07,7.42E-07,8.23E-07,9.11E-07,1.01E-06,1.11E-06,1.22E-06,1.35E-06,1.48E-06,1.62E-06,1.78E-06,1.94E-06,2.11E-06,2.29E-06,2.47E-06,2.65E-06,2.83E-06,2.99E-06,3.13E-06,3.23E-06,3.30E-06,3.33E-06,3.30E-06,3.22E-06,3.09E-06,2.90E-06,2.66E-06,2.37E-06,2.03E-06,1.65E-06,1.25E-06,8.34E-07,4.41E-07,1.29E-07,5.50E-13
5.431908544,9.01E-11,2.24E-10,5.18E-10,1.07E-09,1.87E-09,3.00E-09,4.53E-09,6.53E-09,9.08E-09,1.23E-08,1.61E-08,2.08E-08,2.64E-08,3.29E-08,4.06E-08,4.95E-08,5.97E-08,7.14E-08,8.47E-08,9.97E-08,1.17E-07,1.36E-07,1.57E-07,1.81E-07,2.07E-07,2.37E-07,2.70E-07,3.06E-07,3.46E-07,3.89E-07,4.38E-07,4.91E-07,5.49E-07,6.13E-07,6.84E-07,7.61E-07,8.45E-07,9.36E-07,1.04E-06,1.15E-06,1.26E-06,1.39E-06,1.53E-06,1.69E-06,1.85E-06,2.02E-06,2.21E-06,2.40E-06,2.61E-06,2.81E-06,3.02E-06,3.22E-06,3.40E-06,3.56E-06,3.68E-06,3.76E-06,3.79E-06,3.76E-06,3.67E-06,3.52E-06,3.30E-06,3.03E-06,2.69E-06,2.31E-06,1.88E-06,1.42E-06,9.49E-07,5.01E-07,1.47E-07,6.26E-13
5.42626663,1.02E-10,2.55E-10,5.89E-10,1.22E-09,2.12E-09,3.41E-09,5.15E-09,7.43E-09,1.03E-08,1.39E-08,1.84E-08,2.37E-08,3.00E-08,3.75E-08,4.62E-08,5.63E-08,6.79E-08,8.12E-08,9.63E-08,1.13E-07,1.33E-07,1.54E-07,1.79E-07,2.06E-07,2.36E-07,2.70E-07,3.07E-07,3.48E-07,3.93E-07,4.43E-07,4.98E-07,5.59E-07,6.25E-07,6.98E-07,7.78E-07,8.65E-07,9.61E-07,1.07E-06,1.18E-06,1.30E-06,1.44E-06,1.59E-06,1.75E-06,1.92E-06,2.10E-06,2.30E-06,2.51E-06,2.74E-06,2.97E-06,3.20E-06,3.44E-06,3.66E-06,3.87E-06,4.05E-06,4.19E-06,4.28E-06,4.31E-06,4.28E-06,4.17E-06,4.00E-06,3.76E-06,3.44E-06,3.07E-06,2.63E-06,2.14E-06,1.62E-06,1.08E-06,5.71E-07,1.68E-07,7.13E-13
5.420624716,1.17E-10,2.90E-10,6.70E-10,1.38E-09,2.41E-09,3.88E-09,5.86E-09,8.45E-09,1.17E-08,1.59E-08,2.09E-08,2.69E-08,3.41E-08,4.26E-08,5.25E-08,6.40E-08,7.72E-08,9.23E-08,1.10E-07,1.29E-07,1.51E-07,1.76E-07,2.03E-07,2.34E-07,2.68E-07,3.06E-07,3.49E-07,3.95E-07,4.47E-07,5.04E-07,5.66E-07,6.35E-07,7.11E-07,7.94E-07,8.84E-07,9.84E-07,1.09E-06,1.21E-06,1.34E-06,1.48E-06,1.64E-06,1.80E-06,1.98E-06,2.18E-06,2.39E-06,2.62E-06,2.86E-06,3.11E-06,3.37E-06,3.64E-06,3.91E-06,4.16E-06,4.40E-06,4.60E-06,4.76E-06,4.86E-06,4.90E-06,4.86E-06,4.75E-06,4.55E-06,4.27E-06,3.91E-06,3.49E-06,2.99E-06,2.43E-06,1.84E-06,1.23E-06,6.49E-07,1.91E-07,8.10E-13
5.414982801,1.32E-10,3.30E-10,7.61E-10,1.57E-09,2.74E-09,4.41E-09,6.66E-09,9.60E-09,1.33E-08,1.80E-08,2.37E-08,3.06E-08,3.88E-08,4.84E-08,5.97E-08,7.28E-08,8.78E-08,1.05E-07,1.24E-07,1.47E-07,1.72E-07,2.00E-07,2.31E-07,2.66E-07,3.05E-07,3.48E-07,3.96E-07,4.49E-07,5.08E-07,5.73E-07,6.44E-07,7.22E-07,8.08E-07,9.02E-07,1.01E-06,1.12E-06,1.24E-06,1.38E-06,1.52E-06,1.68E-06,1.86E-06,2.05E-06,2.26E-06,2.48E-06,2.72E-06,2.97E-06,3.25E-06,3.53E-06,3.83E-06,4.14E-06,4.44E-06,4.73E-06,5.00E-06,5.23E-06,5.41E-06,5.53E-06,5.57E-06,5.53E-06,5.39E-06,5.17E-06,4.85E-06,4.45E-06,3.96E-06,3.40E-06,2.77E-06,2.09E-06,1.40E-06,7.37E-07,2.17E-07,9.21E-13
5.409340887,1.50E-10,3.75E-10,8.64E-10,1.79E-09,3.12E-09,5.01E-09,7.56E-09,1.09E-08,1.52E-08,2.05E-08,2.69E-08,3.48E-08,4.41E-08,5.50E-08,6.78E-08,8.27E-08,9.97E-08,1.19E-07,1.41E-07,1.67E-07,1.95E-07,2.27E-07,2.62E-07,3.02E-07,3.47E-07,3.96E-07,4.50E-07,5.11E-07,5.77E-07,6.51E-07,7.31E-07,8.20E-07,9.18E-07,1.02E-06,1.14E-06,1.27E-06,1.41E-06,1.56E-06,1.73E-06,1.91E-06,2.11E-06,2.33E-06,2.56E-06,2.82E-06,3.09E-06,3.38E-06,3.69E-06,4.02E-06,4.35E-06,4.70E-06,5.04E-06,5.37E-06,5.68E-06,5.94E-06,6.15E-06,6.28E-06,6.33E-06,6.28E-06,6.13E-06,5.87E-06,5.51E-06,5.05E-06,4.50E-06,3.86E-06,3.14E-06,2.37E-06,1.59E-06,8.38E-07,2.46E-07,1.05E-12
5.403698973,1.71E-10,4.26E-10,9.82E-10,2.03E-09,3.54E-09,5.68E-09,8.59E-09,1.24E-08,1.72E-08,2.32E-08,3.06E-08,3.95E-08,5.00E-08,6.25E-08,7.70E-08,9.38E-08,1.13E-07,1.35E-07,1.61E-07,1.89E-07,2.21E-07,2.57E-07,2.98E-07,3.43E-07,3.93E-07,4.49E-07,5.11E-07,5.80E-07,6.55E-07,7.39E-07,8.30E-07,9.31E-07,1.04E-06,1.16E-06,1.30E-06,1.44E-06,1.60E-06,1.78E-06,1.97E-06,2.17E-06,2.40E-06,2.64E-06,2.91E-06,3.20E-06,3.51E-06,3.84E-06,4.19E-06,4.56E-06,4.94E-06,5.34E-06,5.73E-06,6.10E-06,6.45E-06,6.75E-06,6.98E-06,7.13E-06,7.18E-06,7.13E-06,6.96E-06,6.67E-06,6.26E-06,5.74E-06,5.11E-06,4.38E-06,3.57E-06,2.70E-06,1.80E-06,9.51E-07,2.79E-07,1.19E-12
5.398057059,1.94E-10,4.83E-10,1.11E-09,2.30E-09,4.01E-09,6.45E-09,9.75E-09,1.41E-08,1.95E-08,2.64E-08,3.47E-08,4.48E-08,5.68E-08,7.09E-08,8.74E-08,1.06E-07,1.28E-07,1.54E-07,1.82E-07,2.15E-07,2.51E-07,2.92E-07,3.38E-07,3.89E-07,4.46E-07,5.10E-07,5.80E-07,6.58E-07,7.44E-07,8.38E-07,9.42E-07,1.06E-06,1.18E-06,1.32E-06,1.47E-06,1.64E-06,1.82E-06,2.02E-06,2.23E-06,2.47E-06,2.72E-06,3.00E-06,3.30E-06,3.63E-06,3.98E-06,4.35E-06,4.75E-06,5.17E-06,5.61E-06,6.05E-06,6.50E-06,6.92E-06,7.32E-06,7.66E-06,7.92E-06,8.09E-06,8.15E-06,8.09E-06,7.89E-06,7.57E-06,7.10E-06,6.51E-06,5.80E-06,4.97E-06,4.05E-06,3.06E-06,2.04E-06,1.08E-06,3.17E-07,1.35E-12
5.392415145,2.20E-10,5.48E-10,1.26E-09,2.61E-09,4.55E-09,7.31E-09,1.11E-08,1.59E-08,2.22E-08,2.99E-08,3.94E-08,5.08E-08,6.44E-08,8.04E-08,9.91E-08,1.21E-07,1.46E-07,1.74E-07,2.07E-07,2.43E-07,2.85E-07,3.31E-07,3.83E-07,4.42E-07,5.06E-07,5.78E-07,6.58E-07,7.46E-07,8.43E-07,9.51E-07,1.07E-06,1.20E-06,1.34E-06,1.50E-06,1.67E-06,1.86E-06,2.06E-06,2.29E-06,2.53E-06,2.80E-06,3.09E-06,3.40E-06,3.74E-06,4.11E-06,4.51E-06,4.94E-06,5.39E-06,5.87E-06,6.36E-06,6.87E-06,7.37E-06,7.85E-06,8.30E-06,8.68E-06,8.98E-06,9.18E-06,9.24E-06,9.17E-06,8.95E-06,8.58E-06,8.06E-06,7.39E-06,6.58E-06,5.64E-06,4.59E-06,3.47E-06,2.32E-06,1.22E-06,3.59E-07,1.53E-12
5.38677323,2.49E-10,6.21E-10,1.43E-09,2.96E-09,5.16E-09,8.29E-09,1.25E-08,1.81E-08,2.51E-08,3.39E-08,4.46E-08,5.76E-08,7.30E-08,9.12E-08,1.12E-07,1.37E-07,1.65E-07,1.98E-07,2.34E-07,2.76E-07,3.23E-07,3.76E-07,4.35E-07,5.01E-07,5.74E-07,6.56E-07,7.46E-07,8.46E-07,9.56E-07,1.08E-06,1.21E-06,1.36E-06,1.52E-06,1.70E-06,1.89E-06,2.10E-06,2.34E-06,2.59E-06,2.87E-06,3.17E-06,3.50E-06,3.86E-06,4.25E-06,4.66E-06,5.12E-06,5.60E-06,6.11E-06,6.65E-06,7.21E-06,7.79E-06,8.35E-06,8.90E-06,9.41E-06,9.84E-06,1.02E-05,1.04E-05,1.05E-05,1.04E-05,1.01E-05,9.73E-06,9.13E-06,8.37E-06,7.45E-06,6.39E-06,5.21E-06,3.93E-06,2.63E-06,1.39E-06,4.08E-07,1.73E-12
5.381131316,2.82E-10,7.04E-10,1.62E-09,3.35E-09,5.85E-09,9.40E-09,1.42E-08,2.05E-08,2.85E-08,3.84E-08,5.06E-08,6.52E-08,8.27E-08,1.03E-07,1.27E-07,1.55E-07,1.87E-07,2.24E-07,2.65E-07,3.13E-07,3.66E-07,4.26E-07,4.93E-07,5.67E-07,6.50E-07,7.43E-07,8.45E-07,9.58E-07,1.08E-06,1.22E-06,1.37E-06,1.54E-06,1.72E-06,1.92E-06,2.14E-06,2.38E-06,2.65E-06,2.94E-06,3.25E-06,3.59E-06,3.97E-06,4.37E-06,4.81E-06,5.29E-06,5.80E-06,6.34E-06,6.93E-06,7.54E-06,8.17E-06,8.82E-06,9.47E-06,1.01E-05,1.07E-05,1.12E-05,1.15E-05,1.18E-05,1.19E-05,1.18E-05,1.15E-05,1.10E-05,1.03E-05,9.49E-06,8.45E-06,7.24E-06,5.90E-06,4.46E-06,2.98E-06,1.57E-06,4.62E-07,1.96E-12
5.375489402,3.20E-10,7.97E-10,1.84E-09,3.80E-09,6.62E-09,1.06E-08,1.61E-08,2.32E-08,3.22E-08,4.35E-08,5.73E-08,7.39E-08,9.37E-08,1.17E-07,1.44E-07,1.76E-07,2.12E-07,2.53E-07,3.01E-07,3.54E-07,4.14E-07,4.82E-07,5.58E-07,6.42E-07,7.37E-07,8.41E-07,9.57E-07,1.09E-06,1.23E-06,1.38E-06,1.55E-06,1.74E-06,1.95E-06,2.18E-06,2.43E-06,2.70E-06,3.00E-06,3.32E-06,3.68E-06,4.07E-06,4.49E-06,4.95E-06,5.45E-06,5.99E-06,6.56E-06,7.18E-06,7.84E-06,8.54E-06,9.26E-06,9.99E-06,1.07E-05,1.14E-05,1.21E-05,1.26E-05,1.31E-05,1.33E-05,1.34E-05,1.33E-05,1.30E-05,1.25E-05,1.17E-05,1.07E-05,9.57E-06,8.20E-06,6.68E-06,5.05E-06,3.37E-06,1.78E-06,5.23E-07,2.22E-12
5.369847488,3.62E-10,9.02E-10,2.08E-09,4.30E-09,7.50E-09,1.20E-08,1.82E-08,2.62E-08,3.65E-08,4.92E-08,6.48E-08,8.36E-08,1.06E-07,1.32E-07,1.63E-07,1.99E-07,2.40E-07,2.87E-07,3.40E-07,4.01E-07,4.69E-07,5.46E-07,6.31E-07,7.27E-07,8.34E-07,9.52E-07,1.08E-06,1.23E-06,1.39E-06,1.57E-06,1.76E-06,1.97E-06,2.21E-06,2.47E-06,2.75E-06,3.06E-06,3.39E-06,3.76E-06,4.17E-06,4.61E-06,5.08E-06,5.60E-06,6.17E-06,6.77E-06,7.43E-06,8.13E-06,8.88E-06,9.66E-06,1.05E-05,1.13E-05,1.21E-05,1.29E-05,1.37E-05,1.43E-05,1.48E-05,1.51E-05,1.52E-05,1.51E-05,1.47E-05,1.41E-05,1.33E-05,1.22E-05,1.08E-05,9.29E-06,7.56E-06,5.71E-06,3.81E-06,2.02E-06,5.92E-07,2.52E-12
5.364205574,4.10E-10,1.02E-09,2.35E-09,4.86E-09,8.48E-09,1.36E-08,2.06E-08,2.97E-08,4.13E-08,5.57E-08,7.34E-08,9.46E-08,1.20E-07,1.50E-07,1.85E-07,2.25E-07,2.71E-07,3.25E-07,3.85E-07,4.53E-07,5.31E-07,6.17E-07,7.14E-07,8.23E-07,9.43E-07,1.08E-06,1.23E-06,1.39E-06,1.57E-06,1.77E-06,1.99E-06,2.23E-06,2.50E-06,2.79E-06,3.11E-06,3.46E-06,3.84E-06,4.26E-06,4.71E-06,5.21E-06,5.75E-06,6.34E-06,6.98E-06,7.66E-06,8.41E-06,9.20E-06,1.00E-05,1.09E-05,1.19E-05,1.28E-05,1.37E-05,1.46E-05,1.55E-05,1.62E-05,1.67E-05,1.71E-05,1.72E-05,1.71E-05,1.67E-05,1.60E-05,1.50E-05,1.38E-05,1.22E-05,1.05E-05,8.56E-06,6.46E-06,4.31E-06,2.28E-06,6.70E-07,2.85E-12
5.358563659,4.63E-10,1.15E-09,2.66E-09,5.50E-09,9.59E-09,1.54E-08,2.33E-08,3.36E-08,4.67E-08,6.30E-08,8.29E-08,1.07E-07,1.36E-07,1.69E-07,2.09E-07,2.54E-07,3.07E-07,3.67E-07,4.35E-07,5.13E-07,6.00E-07,6.98E-07,8.08E-07,9.30E-07,1.07E-06,1.22E-06,1.39E-06,1.57E-06,1.78E-06,2.00E-06,2.25E-06,2.52E-06,2.82E-06,3.15E-06,3.52E-06,3.91E-06,4.34E-06,4.81E-06,5.33E-06,5.89E-06,6.50E-06,7.17E-06,7.89E-06,8.67E-06,9.51E-06,1.04E-05,1.14E-05,1.24E-05,1.34E-05,1.45E-05,1.55E-05,1.65E-05,1.75E-05,1.83E-05,1.89E-05,1.93E-05,1.95E-05,1.93E-05,1.89E-05,1.81E-05,1.70E-05,1.56E-05,1.39E-05,1.19E-05,9.68E-06,7.31E-06,4.88E-06,2.58E-06,7.57E-07,3.22E-12
5.352921745,5.23E-10,1.30E-09,3.01E-09,6.22E-09,1.08E-08,1.74E-08,2.63E-08,3.80E-08,5.28E-08,7.12E-08,9.37E-08,1.21E-07,1.53E-07,1.91E-07,2.36E-07,2.88E-07,3.47E-07,4.15E-07,4.92E-07,5.79E-07,6.78E-07,7.89E-07,9.13E-07,1.05E-06,1.21E-06,1.38E-06,1.57E-06,1.78E-06,2.01E-06,2.26E-06,2.54E-06,2.85E-06,3.19E-06,3.56E-06,3.97E-06,4.42E-06,4.91E-06,5.44E-06,6.02E-06,6.66E-06,7.35E-06,8.10E-06,8.92E-06,9.80E-06,1.07E-05,1.18E-05,1.28E-05,1.40E-05,1.51E-05,1.63E-05,1.75E-05,1.87E-05,1.98E-05,2.07E-05,2.14E-05,2.18E-05,2.20E-05,2.18E-05,2.13E-05,2.04E-05,1.92E-05,1.76E-05,1.57E-05,1.34E-05,1.09E-05,8.26E-06,5.51E-06,2.91E-06,8.56E-07,3.64E-12
5.347279831,5.91E-10,1.47E-09,3.40E-09,7.02E-09,1.22E-08,1.97E-08,2.97E-08,4.29E-08,5.96E-08,8.04E-08,1.06E-07,1.37E-07,1.73E-07,2.16E-07,2.67E-07,3.25E-07,3.92E-07,4.69E-07,5.56E-07,6.55E-07,7.66E-07,8.91E-07,1.03E-06,1.19E-06,1.36E-06,1.56E-06,1.77E-06,2.01E-06,2.27E-06,2.56E-06,2.87E-06,3.22E-06,3.61E-06,4.03E-06,4.49E-06,4.99E-06,5.54E-06,6.15E-06,6.80E-06,7.52E-06,8.30E-06,9.15E-06,1.01E-05,1.11E-05,1.21E-05,1.33E-05,1.45E-05,1.58E-05,1.71E-05,1.85E-05,1.98E-05,2.11E-05,2.23E-05,2.34E-05,2.42E-05,2.47E-05,2.49E-05,2.47E-05,2.41E-05,2.31E-05,2.17E-05,1.99E-05,1.77E-05,1.52E-05,1.24E-05,9.33E-06,6.23E-06,3.29E-06,9.67E-07,4.11E-12
5.341637917,6.68E-10,1.66E-09,3.84E-09,7.93E-09,1.38E-08,2.22E-08,3.36E-08,4.84E-08,6.73E-08,9.08E-08,1.20E-07,1.54E-07,1.96E-07,2.44E-07,3.01E-07,3.67E-07,4.42E-07,5.29E-07,6.28E-07,7.39E-07,8.65E-07,1.01E-06,1.16E-06,1.34E-06,1.54E-06,1.76E-06,2.00E-06,2.27E-06,2.56E-06,2.89E-06,3.24E-06,3.64E-06,4.07E-06,4.55E-06,5.07E-06,5.64E-06,6.26E-06,6.94E-06,7.68E-06,8.49E-06,9.37E-06,1.03E-05,1.14E-05,1.25E-05,1.37E-05,1.50E-05,1.64E-05,1.78E-05,1.93E-05,2.09E-05,2.24E-05,2.38E-05,2.52E-05,2.64E-05,2.73E-05,2.79E-05,2.81E-05,2.79E-05,2.72E-05,2.61E-05,2.45E-05,2.24E-05,2.00E-05,1.71E-05,1.39E-05,1.05E-05,7.03E-06,3.72E-06,1.09E-06,4.64E-12
5.335996002,7.53E-10,1.88E-09,4.33E-09,8.95E-09,1.56E-08,2.51E-08,3.79E-08,5.46E-08,7.59E-08,1.02E-07,1.35E-07,1.74E-07,2.21E-07,2.76E-07,3.40E-07,4.14E-07,4.99E-07,5.97E-07,7.08E-07,8.34E-07,9.76E-07,1.14E-06,1.31E-06,1.51E-06,1.73E-06,1.98E-06,2.25E-06,2.56E-06,2.89E-06,3.26E-06,3.66E-06,4.11E-06,4.59E-06,5.13E-06,5.72E-06,6.36E-06,7.06E-06,7.83E-06,8.67E-06,9.58E-06,1.06E-05,1.17E-05,1.28E-05,1.41E-05,1.55E-05,1.69E-05,1.85E-05,2.01E-05,2.18E-05,2.35E-05,2.53E-05,2.69E-05,2.84E-05,2.98E-05,3.08E-05,3.14E-05,3.17E-05,3.14E-05,3.07E-05,2.94E-05,2.76E-05,2.53E-05,2.25E-05,1.93E-05,1.57E-05,1.19E-05,7.94E-06,4.19E-06,1.23E-06,5.24E-12
5.330354088,8.50E-10,2.12E-09,4.88E-09,1.01E-08,1.76E-08,2.83E-08,4.27E-08,6.16E-08,8.56E-08,1.16E-07,1.52E-07,1.96E-07,2.49E-07,3.11E-07,3.83E-07,4.67E-07,5.63E-07,6.73E-07,7.99E-07,9.41E-07,1.10E-06,1.28E-06,1.48E-06,1.71E-06,1.96E-06,2.23E-06,2.54E-06,2.88E-06,3.26E-06,3.67E-06,4.13E-06,4.63E-06,5.18E-06,5.79E-06,6.45E-06,7.17E-06,7.97E-06,8.83E-06,9.78E-06,1.08E-05,1.19E-05,1.31E-05,1.45E-05,1.59E-05,1.74E-05,1.91E-05,2.08E-05,2.27E-05,2.46E-05,2.65E-05,2.85E-05,3.03E-05,3.21E-05,3.36E-05,3.47E-05,3.55E-05,3.57E-05,3.54E-05,3.46E-05,3.32E-05,3.11E-05,2.85E-05,2.54E-05,2.18E-05,1.78E-05,1.34E-05,8.95E-06,4.73E-06,1.39E-06,5.91E-12
5.324712174,9.58E-10,2.39E-09,5.50E-09,1.14E-08,1.98E-08,3.19E-08,4.82E-08,6.95E-08,9.65E-08,1.30E-07,1.72E-07,2.21E-07,2.81E-07,3.50E-07,4.32E-07,5.26E-07,6.35E-07,7.59E-07,9.00E-07,1.06E-06,1.24E-06,1.44E-06,1.67E-06,1.92E-06,2.21E-06,2.52E-06,2.87E-06,3.25E-06,3.67E-06,4.14E-06,4.66E-06,5.22E-06,5.84E-06,6.52E-06,7.27E-06,8.09E-06,8.98E-06,9.96E-06,1.10E-05,1.22E-05,1.34E-05,1.48E-05,1.63E-05,1.79E-05,1.97E-05,2.15E-05,2.35E-05,2.56E-05,2.77E-05,2.99E-05,3.21E-05,3.42E-05,3.62E-05,3.78E-05,3.91E-05,4.00E-05,4.03E-05,4.00E-05,3.90E-05,3.74E-05,3.51E-05,3.22E-05,2.86E-05,2.46E-05,2.00E-05,1.51E-05,1.01E-05,5.33E-06,1.57E-06,6.66E-12
5.31907026,1.08E-09,2.69E-09,6.20E-09,1.28E-08,2.24E-08,3.59E-08,5.43E-08,7.83E-08,1.09E-07,1.47E-07,1.93E-07,2.49E-07,3.16E-07,3.95E-07,4.87E-07,5.93E-07,7.15E-07,8.55E-07,1.01E-06,1.19E-06,1.40E-06,1.63E-06,1.88E-06,2.17E-06,2.49E-06,2.84E-06,3.23E-06,3.66E-06,4.14E-06,4.67E-06,5.25E-06,5.88E-06,6.58E-06,7.35E-06,8.19E-06,9.11E-06,1.01E-05,1.12E-05,1.24E-05,1.37E-05,1.52E-05,1.67E-05,1.84E-05,2.02E-05,2.21E-05,2.42E-05,2.65E-05,2.88E-05,3.12E-05,3.37E-05,3.62E-05,3.86E-05,4.07E-05,4.26E-05,4.41E-05,4.50E-05,4.54E-05,4.50E-05,4.39E-05,4.21E-05,3.95E-05,3.63E-05,3.23E-05,2.77E-05,2.25E-05,1.70E-05,1.14E-05,6.01E-06,1.76E-06,7.50E-12
5.313428346,1.22E-09,3.03E-09,6.98E-09,1.44E-08,2.52E-08,4.04E-08,6.11E-08,8.81E-08,1.23E-07,1.65E-07,2.18E-07,2.81E-07,3.56E-07,4.45E-07,5.48E-07,6.68E-07,8.05E-07,9.63E-07,1.14E-06,1.35E-06,1.57E-06,1.83E-06,2.12E-06,2.44E-06,2.80E-06,3.20E-06,3.64E-06,4.12E-06,4.66E-06,5.26E-06,5.91E-06,6.63E-06,7.41E-06,8.28E-06,9.22E-06,1.03E-05,1.14E-05,1.26E-05,1.40E-05,1.55E-05,1.71E-05,1.88E-05,2.07E-05,2.27E-05,2.49E-05,2.73E-05,2.98E-05,3.24E-05,3.52E-05,3.80E-05,4.07E-05,4.34E-05,4.59E-05,4.80E-05,4.97E-05,5.07E-05,5.11E-05,5.07E-05,4.95E-05,4.74E-05,4.45E-05,4.08E-05,3.64E-05,3.12E-05,2.54E-05,1.92E-05,1.28E-05,6.77E-06,1.99E-06,8.45E-12
5.307786431,1.37E-09,3.41E-09,7.86E-09,1.62E-08,2.83E-08,4.55E-08,6.88E-08,9.92E-08,1.38E-07,1.86E-07,2.45E-07,3.16E-07,4.01E-07,5.00E-07,6.17E-07,7.52E-07,9.07E-07,1.08E-06,1.29E-06,1.51E-06,1.77E-06,2.06E-06,2.39E-06,2.75E-06,3.15E-06,3.60E-06,4.09E-06,4.64E-06,5.25E-06,5.92E-06,6.65E-06,7.46E-06,8.34E-06,9.32E-06,1.04E-05,1.16E-05,1.28E-05,1.42E-05,1.57E-05,1.74E-05,1.92E-05,2.12E-05,2.33E-05,2.56E-05,2.81E-05,3.07E-05,3.35E-05,3.65E-05,3.96E-05,4.27E-05,4.59E-05,4.89E-05,5.16E-05,5.40E-05,5.59E-05,5.71E-05,5.75E-05,5.71E-05,5.57E-05,5.34E-05,5.01E-05,4.60E-05,4.09E-05,3.51E-05,2.86E-05,2.16E-05,1.44E-05,7.62E-06,2.24E-06,9.51E-12
5.302144517,1.54E-09,3.83E-09,8.84E-09,1.83E-08,3.19E-08,5.12E-08,7.74E-08,1.12E-07,1.55E-07,2.09E-07,2.76E-07,3.56E-07,4.51E-07,5.63E-07,6.94E-07,8.45E-07,1.02E-06,1.22E-06,1.45E-06,1.70E-06,1.99E-06,2.32E-06,2.68E-06,3.09E-06,3.54E-06,4.05E-06,4.61E-06,5.22E-06,5.90E-06,6.65E-06,7.48E-06,8.39E-06,9.39E-06,1.05E-05,1.17E-05,1.30E-05,1.44E-05,1.60E-05,1.77E-05,1.96E-05,2.16E-05,2.38E-05,2.62E-05,2.88E-05,3.16E-05,3.46E-05,3.77E-05,4.11E-05,4.45E-05,4.81E-05,5.16E-05,5.50E-05,5.81E-05,6.08E-05,6.29E-05,6.42E-05,6.47E-05,6.42E-05,6.27E-05,6.01E-05,5.64E-05,5.17E-05,4.60E-05,3.95E-05,3.22E-05,2.43E-05,1.62E-05,8.57E-06,2.52E-06,1.07E-11
5.296502603,1.73E-09,4.31E-09,9.94E-09,2.06E-08,3.58E-08,5.76E-08,8.70E-08,1.25E-07,1.74E-07,2.35E-07,3.10E-07,4.00E-07,5.07E-07,6.33E-07,7.80E-07,9.51E-07,1.15E-06,1.37E-06,1.63E-06,1.92E-06,2.24E-06,2.61E-06,3.02E-06,3.48E-06,3.99E-06,4.55E-06,5.18E-06,5.87E-06,6.64E-06,7.48E-06,8.41E-06,9.43E-06,1.06E-05,1.18E-05,1.31E-05,1.46E-05,1.62E-05,1.80E-05,1.99E-05,2.20E-05,2.43E-05,2.68E-05,2.95E-05,3.24E-05,3.55E-05,3.89E-05,4.24E-05,4.62E-05,5.01E-05,5.41E-05,5.80E-05,6.18E-05,6.53E-05,6.83E-05,7.07E-05,7.22E-05,7.28E-05,7.22E-05,7.05E-05,6.75E-05,6.34E-05,5.81E-05,5.18E-05,4.44E-05,3.62E-05,2.73E-05,1.82E-05,9.63E-06,2.83E-06,1.20E-11
5.290860689,1.95E-09,4.85E-09,1.12E-08,2.31E-08,4.03E-08,6.47E-08,9.78E-08,1.41E-07,1.96E-07,2.65E-07,3.48E-07,4.49E-07,5.70E-07,7.11E-07,8.77E-07,1.07E-06,1.29E-06,1.54E-06,1.83E-06,2.15E-06,2.52E-06,2.93E-06,3.39E-06,3.91E-06,4.48E-06,5.12E-06,5.82E-06,6.60E-06,7.46E-06,8.41E-06,9.45E-06,1.06E-05,1.19E-05,1.32E-05,1.48E-05,1.64E-05,1.82E-05,2.02E-05,2.24E-05,2.47E-05,2.73E-05,3.01E-05,3.31E-05,3.64E-05,3.99E-05,4.37E-05,4.77E-05,5.19E-05,5.63E-05,6.08E-05,6.52E-05,6.95E-05,7.34E-05,7.68E-05,7.95E-05,8.12E-05,8.18E-05,8.11E-05,7.92E-05,7.59E-05,7.13E-05,6.53E-05,5.82E-05,4.99E-05,4.06E-05,3.07E-05,2.05E-05,1.08E-05,3.18E-06,1.35E-11
5.285218775,2.18E-09,5.44E-09,1.26E-08,2.59E-08,4.52E-08,7.27E-08,1.10E-07,1.58E-07,2.20E-07,2.97E-07,3.91E-07,5.05E-07,6.40E-07,7.99E-07,9.85E-07,1.20E-06,1.45E-06,1.73E-06,2.05E-06,2.42E-06,2.83E-06,3.29E-06,3.81E-06,4.39E-06,5.03E-06,5.75E-06,6.54E-06,7.41E-06,8.38E-06,9.45E-06,1.06E-05,1.19E-05,1.33E-05,1.49E-05,1.66E-05,1.84E-05,2.05E-05,2.27E-05,2.51E-05,2.78E-05,3.07E-05,3.38E-05,3.72E-05,4.09E-05,4.48E-05,4.91E-05,5.36E-05,5.83E-05,6.32E-05,6.82E-05,7.32E-05,7.80E-05,8.25E-05,8.63E-05,8.93E-05,9.12E-05,9.19E-05,9.11E-05,8.90E-05,8.53E-05,8.01E-05,7.34E-05,6.53E-05,5.60E-05,4.56E-05,3.45E-05,2.30E-05,1.22E-05,3.57E-06,1.52E-11
5.27957686,2.45E-09,6.11E-09,1.41E-08,2.91E-08,5.08E-08,8.16E-08,1.23E-07,1.78E-07,2.47E-07,3.34E-07,4.39E-07,5.67E-07,7.18E-07,8.97E-07,1.11E-06,1.35E-06,1.63E-06,1.94E-06,2.31E-06,2.72E-06,3.18E-06,3.70E-06,4.28E-06,4.93E-06,5.65E-06,6.45E-06,7.34E-06,8.32E-06,9.41E-06,1.06E-05,1.19E-05,1.34E-05,1.50E-05,1.67E-05,1.86E-05,2.07E-05,2.30E-05,2.55E-05,2.82E-05,3.12E-05,3.44E-05,3.80E-05,4.18E-05,4.59E-05,5.03E-05,5.51E-05,6.01E-05,6.55E-05,7.10E-05,7.66E-05,8.22E-05,8.76E-05,9.26E-05,9.69E-05,0.000100222,0.000102378,0.000103134,0.000102334,9.99E-05,9.57E-05,8.99E-05,8.24E-05,7.34E-05,6.29E-05,5.13E-05,3.87E-05,2.58E-05,1.37E-05,4.01E-06,1.71E-11
5.273934946,2.75E-09,6.86E-09,1.58E-08,3.27E-08,5.70E-08,9.16E-08,1.38E-07,2.00E-07,2.77E-07,3.74E-07,4.93E-07,6.36E-07,8.06E-07,1.01E-06,1.24E-06,1.51E-06,1.82E-06,2.18E-06,2.59E-06,3.05E-06,3.57E-06,4.15E-06,4.80E-06,5.53E-06,6.34E-06,7.24E-06,8.24E-06,9.34E-06,1.06E-05,1.19E-05,1.34E-05,1.50E-05,1.68E-05,1.87E-05,2.09E-05,2.32E-05,2.58E-05,2.86E-05,3.17E-05,3.50E-05,3.87E-05,4.26E-05,4.69E-05,5.15E-05,5.65E-05,6.18E-05,6.75E-05,7.35E-05,7.97E-05,8.60E-05,9.23E-05,9.83E-05,0.000103898,0.00010871,0.000112465,0.000114884,0.000115733,0.000114835,0.000112081,0.000107422,0.000100866,9.25E-05,8.23E-05,7.06E-05,5.75E-05,4.34E-05,2.90E-05,1.53E-05,4.50E-06,1.91E-11
5.268293032,3.09E-09,7.69E-09,1.77E-08,3.67E-08,6.39E-08,1.03E-07,1.55E-07,2.24E-07,3.11E-07,4.20E-07,5.53E-07,7.13E-07,9.04E-07,1.13E-06,1.39E-06,1.70E-06,2.05E-06,2.45E-06,2.90E-06,3.42E-06,4.00E-06,4.65E-06,5.38E-06,6.20E-06,7.11E-06,8.12E-06,9.24E-06,1.05E-05,1.18E-05,1.33E-05,1.50E-05,1.68E-05,1.88E-05,2.10E-05,2.34E-05,2.61E-05,2.89E-05,3.21E-05,3.55E-05,3.93E-05,4.33E-05,4.78E-05,5.26E-05,5.78E-05,6.34E-05,6.93E-05,7.57E-05,8.24E-05,8.93E-05,9.64E-05,0.000103483,0.000110277,0.000116531,0.000121928,0.000126139,0.000128853,0.000129805,0.000128798,0.000125709,0.000120483,0.00011313,0.00010371,9.23E-05,7.92E-05,6.45E-05,4.87E-05,3.25E-05,1.72E-05,5.05E-06,2.15E-11
5.262651118,3.46E-09,8.62E-09,1.99E-08,4.11E-08,7.17E-08,1.15E-07,1.74E-07,2.51E-07,3.49E-07,4.71E-07,6.20E-07,8.00E-07,1.01E-06,1.27E-06,1.56E-06,1.90E-06,2.29E-06,2.74E-06,3.25E-06,3.83E-06,4.48E-06,5.22E-06,6.04E-06,6.95E-06,7.97E-06,9.10E-06,1.04E-05,1.17E-05,1.33E-05,1.50E-05,1.68E-05,1.89E-05,2.11E-05,2.36E-05,2.63E-05,2.92E-05,3.24E-05,3.60E-05,3.98E-05,4.40E-05,4.86E-05,5.36E-05,5.89E-05,6.48E-05,7.10E-05,7.77E-05,8.49E-05,9.24E-05,0.000100156,0.0001081,0.000116007,0.000123622,0.000130633,0.000136683,0.000141404,0.000144446,0.000145513,0.000144384,0.000140921,0.000135064,0.00012682,0.00011626,0.00010351,8.88E-05,7.23E-05,5.46E-05,3.65E-05,1.93E-05,5.66E-06,2.41E-11
5.257009204,3.88E-09,9.66E-09,2.23E-08,4.60E-08,8.03E-08,1.29E-07,1.95E-07,2.81E-07,3.91E-07,5.27E-07,6.94E-07,8.96E-07,1.14E-06,1.42E-06,1.75E-06,2.13E-06,2.57E-06,3.07E-06,3.65E-06,4.29E-06,5.02E-06,5.84E-06,6.76E-06,7.79E-06,8.93E-06,1.02E-05,1.16E-05,1.32E-05,1.49E-05,1.68E-05,1.88E-05,2.11E-05,2.37E-05,2.64E-05,2.94E-05,3.27E-05,3.64E-05,4.03E-05,4.46E-05,4.93E-05,5.44E-05,6.00E-05,6.60E-05,7.26E-05,7.96E-05,8.71E-05,9.51E-05,0.000103491,0.000112219,0.00012112,0.000129979,0.000138512,0.000146367,0.000153146,0.000158435,0.000161844,0.000163039,0.000161775,0.000157894,0.000151331,0.000142095,0.000130263,0.000115977,9.95E-05,8.10E-05,6.12E-05,4.09E-05,2.16E-05,6.34E-06,2.70E-11
5.251367289,4.34E-09,1.08E-08,2.50E-08,5.16E-08,8.99E-08,1.44E-07,2.18E-07,3.15E-07,4.38E-07,5.91E-07,7.78E-07,1.00E-06,1.27E-06,1.59E-06,1.96E-06,2.39E-06,2.88E-06,3.44E-06,4.08E-06,4.81E-06,5.63E-06,6.54E-06,7.57E-06,8.72E-06,1.00E-05,1.14E-05,1.30E-05,1.47E-05,1.67E-05,1.88E-05,2.11E-05,2.37E-05,2.65E-05,2.96E-05,3.30E-05,3.67E-05,4.07E-05,4.51E-05,5.00E-05,5.52E-05,6.10E-05,6.72E-05,7.40E-05,8.13E-05,8.91E-05,9.75E-05,0.000106485,0.000115897,0.000125671,0.000135639,0.00014556,0.000155116,0.000163913,0.000171504,0.000177428,0.000181244,0.000182583,0.000181167,0.000176822,0.000169472,0.000159129,0.000145879,0.00012988,0.000111375,9.07E-05,6.85E-05,4.57E-05,2.42E-05,7.10E-06,3.02E-11
5.245725375,4.86E-09,1.21E-08,2.79E-08,5.77E-08,1.01E-07,1.62E-07,2.44E-07,3.52E-07,4.90E-07,6.61E-07,8.71E-07,1.12E-06,1.42E-06,1.78E-06,2.19E-06,2.67E-06,3.22E-06,3.85E-06,4.57E-06,5.38E-06,6.30E-06,7.33E-06,8.48E-06,9.76E-06,1.12E-05,1.28E-05,1.45E-05,1.65E-05,1.86E-05,2.10E-05,2.36E-05,2.65E-05,2.96E-05,3.31E-05,3.69E-05,4.10E-05,4.56E-05,5.05E-05,5.59E-05,6.18E-05,6.83E-05,7.52E-05,8.28E-05,9.10E-05,9.98E-05,0.000109177,0.000119189,0.000129724,0.000140664,0.000151821,0.000162926,0.000173622,0.000183468,0.000191966,0.000198596,0.000202868,0.000204366,0.000202781,0.000197917,0.000189691,0.000178114,0.000163283,0.000145375,0.000124663,0.000101555,7.67E-05,5.12E-05,2.71E-05,7.95E-06,3.38E-11
5.240083461,5.44E-09,1.35E-08,3.12E-08,6.46E-08,1.13E-07,1.81E-07,2.73E-07,3.94E-07,5.48E-07,7.40E-07,9.74E-07,1.26E-06,1.59E-06,1.99E-06,2.45E-06,2.99E-06,3.60E-06,4.31E-06,5.11E-06,6.02E-06,7.04E-06,8.20E-06,9.48E-06,1.09E-05,1.25E-05,1.43E-05,1.63E-05,1.85E-05,2.09E-05,2.35E-05,2.64E-05,2.96E-05,3.32E-05,3.70E-05,4.13E-05,4.59E-05,5.10E-05,5.65E-05,6.26E-05,6.92E-05,7.64E-05,8.42E-05,9.26E-05,0.00010176,0.000111602,0.00012214,0.000133341,0.000145127,0.000157366,0.000169848,0.000182271,0.000194236,0.000205252,0.000214759,0.000222176,0.000226955,0.000228632,0.000226858,0.000221417,0.000212214,0.000199262,0.00018267,0.000162636,0.000139464,0.000113614,8.58E-05,5.73E-05,3.03E-05,8.89E-06,3.78E-11
5.234441547,6.08E-09,1.51E-08,3.49E-08,7.22E-08,1.26E-07,2.02E-07,3.06E-07,4.41E-07,6.13E-07,8.27E-07,1.09E-06,1.40E-06,1.78E-06,2.22E-06,2.74E-06,3.34E-06,4.03E-06,4.82E-06,5.72E-06,6.73E-06,7.88E-06,9.16E-06,1.06E-05,1.22E-05,1.40E-05,1.60E-05,1.82E-05,2.06E-05,2.33E-05,2.63E-05,2.96E-05,3.31E-05,3.71E-05,4.14E-05,4.61E-05,5.13E-05,5.70E-05,6.32E-05,7.00E-05,7.73E-05,8.54E-05,9.41E-05,0.00010356,0.000113784,0.00012479,0.000136573,0.000149097,0.000162276,0.000175961,0.000189917,0.000203809,0.000217188,0.000229505,0.000240135,0.000248429,0.000253773,0.000255648,0.000253665,0.000247581,0.00023729,0.000222807,0.000204255,0.000181854,0.000155944,0.000127039,9.59E-05,6.41E-05,3.38E-05,9.94E-06,4.23E-11
5.228799632,6.80E-09,1.69E-08,3.90E-08,8.07E-08,1.41E-07,2.26E-07,3.42E-07,4.93E-07,6.85E-07,9.24E-07,1.22E-06,1.57E-06,1.99E-06,2.49E-06,3.06E-06,3.73E-06,4.50E-06,5.38E-06,6.39E-06,7.52E-06,8.80E-06,1.02E-05,1.19E-05,1.36E-05,1.57E-05,1.79E-05,2.03E-05,2.31E-05,2.61E-05,2.94E-05,3.30E-05,3.70E-05,4.14E-05,4.63E-05,5.16E-05,5.74E-05,6.37E-05,7.06E-05,7.82E-05,8.64E-05,9.54E-05,0.000105167,0.000115738,0.000127164,0.000139464,0.000152633,0.00016663,0.000181359,0.000196653,0.000212251,0.000227776,0.000242728,0.000256494,0.000268374,0.000277643,0.000283615,0.000285711,0.000283495,0.000276695,0.000265194,0.000249008,0.000228274,0.000203239,0.000174283,0.000141978,0.000107233,7.16E-05,3.78E-05,1.11E-05,4.72E-11
5.223157718,7.59E-09,1.89E-08,4.36E-08,9.01E-08,1.57E-07,2.53E-07,3.82E-07,5.50E-07,7.65E-07,1.03E-06,1.36E-06,1.75E-06,2.22E-06,2.78E-06,3.42E-06,4.17E-06,5.03E-06,6.02E-06,7.14E-06,8.40E-06,9.83E-06,1.14E-05,1.32E-05,1.52E-05,1.75E-05,2.00E-05,2.27E-05,2.58E-05,2.91E-05,3.28E-05,3.69E-05,4.14E-05,4.63E-05,5.17E-05,5.76E-05,6.41E-05,7.12E-05,7.89E-05,8.74E-05,9.66E-05,0.000106582,0.000117474,0.000129283,0.000142046,0.000155785,0.000170495,0.00018613,0.000202583,0.000219667,0.00023709,0.000254431,0.000271134,0.00028651,0.000299781,0.000310134,0.000316806,0.000319146,0.000316671,0.000309075,0.000296228,0.000278149,0.000254988,0.000227023,0.000194678,0.000158593,0.000119782,8.00E-05,4.23E-05,1.24E-05,5.28E-11
5.217515804,8.48E-09,2.11E-08,4.87E-08,1.01E-07,1.76E-07,2.82E-07,4.26E-07,6.14E-07,8.54E-07,1.15E-06,1.52E-06,1.96E-06,2.48E-06,3.10E-06,3.82E-06,4.66E-06,5.62E-06,6.72E-06,7.97E-06,9.38E-06,1.10E-05,1.28E-05,1.48E-05,1.70E-05,1.95E-05,2.23E-05,2.54E-05,2.88E-05,3.25E-05,3.66E-05,4.12E-05,4.62E-05,5.17E-05,5.77E-05,6.43E-05,7.15E-05,7.95E-05,8.81E-05,9.75E-05,0.000107804,0.000118995,0.000131155,0.000144339,0.000158588,0.000173928,0.000190351,0.000207806,0.000226175,0.000245249,0.000264701,0.000284062,0.00030271,0.000319877,0.000334693,0.000346252,0.0003537,0.000356313,0.000353549,0.00034507,0.000330726,0.000310541,0.000284684,0.000253462,0.00021735,0.000177062,0.000133731,8.93E-05,4.72E-05,1.39E-05,5.89E-11
5.21187389,9.46E-09,2.36E-08,5.43E-08,1.12E-07,1.96E-07,3.15E-07,4.75E-07,6.86E-07,9.53E-07,1.29E-06,1.69E-06,2.18E-06,2.77E-06,3.46E-06,4.26E-06,5.19E-06,6.27E-06,7.49E-06,8.89E-06,1.05E-05,1.23E-05,1.43E-05,1.65E-05,1.90E-05,2.18E-05,2.49E-05,2.83E-05,3.21E-05,3.63E-05,4.09E-05,4.60E-05,5.16E-05,5.77E-05,6.44E-05,7.18E-05,7.98E-05,8.87E-05,9.83E-05,0.000108826,0.000120297,0.000132785,0.000146355,0.000161066,0.000176967,0.000194084,0.00021241,0.000231888,0.000252386,0.00027367,0.000295376,0.000316981,0.00033779,0.000356947,0.00037348,0.000386378,0.00039469,0.000397606,0.000394522,0.000385059,0.000369054,0.00034653,0.000317675,0.000282835,0.000242538,0.000197582,0.000149229,9.96E-05,5.26E-05,1.55E-05,6.57E-11
5.206231976,1.05E-08,2.63E-08,6.06E-08,1.25E-07,2.18E-07,3.51E-07,5.30E-07,7.65E-07,1.06E-06,1.43E-06,1.89E-06,2.44E-06,3.09E-06,3.86E-06,4.75E-06,5.79E-06,6.99E-06,8.36E-06,9.91E-06,1.17E-05,1.37E-05,1.59E-05,1.84E-05,2.12E-05,2.43E-05,2.77E-05,3.16E-05,3.58E-05,4.05E-05,4.56E-05,5.13E-05,5.75E-05,6.43E-05,7.18E-05,8.01E-05,8.90E-05,9.89E-05,0.00010964,0.000121376,0.00013417,0.000148098,0.000163232,0.00017964,0.000197375,0.000216466,0.000236906,0.00025863,0.000281491,0.00030523,0.000329439,0.000353536,0.000376744,0.00039811,0.00041655,0.000430936,0.000440206,0.000443458,0.000440018,0.000429465,0.000411613,0.000386492,0.00035431,0.000315452,0.000270508,0.000220367,0.000166439,0.000111115,5.87E-05,1.72E-05,7.33E-11
5.200590061,1.18E-08,2.93E-08,6.76E-08,1.40E-07,2.44E-07,3.91E-07,5.91E-07,8.53E-07,1.19E-06,1.60E-06,2.11E-06,2.72E-06,3.44E-06,4.30E-06,5.30E-06,6.46E-06,7.79E-06,9.32E-06,1.11E-05,1.30E-05,1.52E-05,1.77E-05,2.05E-05,2.36E-05,2.71E-05,3.09E-05,3.52E-05,3.99E-05,4.51E-05,5.08E-05,5.72E-05,6.41E-05,7.17E-05,8.01E-05,8.92E-05,9.93E-05,0.000110236,0.000122222,0.000135304,0.000149566,0.000165092,0.000181964,0.000200254,0.000220024,0.000241306,0.000264091,0.000288308,0.000313793,0.000340256,0.000367243,0.000394105,0.000419977,0.000443794,0.00046435,0.000480387,0.000490721,0.000494346,0.000490512,0.000478747,0.000458847,0.000430843,0.000394968,0.000351651,0.000301549,0.000245655,0.000185538,0.000123865,6.55E-05,1.92E-05,8.17E-11
5.194948147,1.31E-08,3.26E-08,7.53E-08,1.56E-07,2.71E-07,4.36E-07,6.59E-07,9.50E-07,1.32E-06,1.78E-06,2.35E-06,3.03E-06,3.84E-06,4.79E-06,5.91E-06,7.20E-06,8.68E-06,1.04E-05,1.23E-05,1.45E-05,1.70E-05,1.97E-05,2.28E-05,2.63E-05,3.02E-05,3.45E-05,3.92E-05,4.45E-05,5.03E-05,5.66E-05,6.37E-05,7.14E-05,7.99E-05,8.92E-05,9.94E-05,0.000110601,0.000122823,0.000136178,0.000150754,0.000166645,0.000183943,0.000202741,0.000223121,0.000245148,0.000268859,0.000294247,0.000321229,0.000349624,0.000379108,0.000409177,0.000439106,0.000467932,0.000494469,0.000517372,0.00053524,0.000546754,0.000550793,0.000546521,0.000533413,0.000511241,0.000480038,0.000440067,0.000391804,0.000335982,0.000273705,0.000206724,0.000138009,7.29E-05,2.14E-05,9.11E-11
5.189306233,1.46E-08,3.63E-08,8.38E-08,1.73E-07,3.02E-07,4.85E-07,7.33E-07,1.06E-06,1.47E-06,1.98E-06,2.61E-06,3.37E-06,4.27E-06,5.34E-06,6.58E-06,8.01E-06,9.67E-06,1.16E-05,1.37E-05,1.62E-05,1.89E-05,2.20E-05,2.54E-05,2.93E-05,3.36E-05,3.84E-05,4.37E-05,4.95E-05,5.60E-05,6.31E-05,7.09E-05,7.95E-05,8.90E-05,9.94E-05,0.000110723,0.000123168,0.000136778,0.00015165,0.000167882,0.000185579,0.000204843,0.000225776,0.000248471,0.000273001,0.000299407,0.000327678,0.000357726,0.000389347,0.000422182,0.000455667,0.000488996,0.000521097,0.00055065,0.000576154,0.000596053,0.000608875,0.000613373,0.000608616,0.000594018,0.000569327,0.000534579,0.000490067,0.00043632,0.000374155,0.000304802,0.000230211,0.000153689,8.12E-05,2.39E-05,1.01E-10
5.183664319,1.62E-08,4.05E-08,9.33E-08,1.93E-07,3.36E-07,5.40E-07,8.16E-07,1.18E-06,1.64E-06,2.21E-06,2.91E-06,3.75E-06,4.76E-06,5.94E-06,7.32E-06,8.92E-06,1.08E-05,1.29E-05,1.53E-05,1.80E-05,2.10E-05,2.45E-05,2.83E-05,3.26E-05,3.74E-05,4.27E-05,4.86E-05,5.51E-05,6.23E-05,7.02E-05,7.89E-05,8.85E-05,9.90E-05,0.000110588,0.000123241,0.000137092,0.000152241,0.000168794,0.000186862,0.000206558,0.000228,0.0002513,0.000276561,0.000303864,0.000333255,0.000364722,0.000398167,0.000433363,0.00046991,0.000507181,0.000544278,0.000580008,0.000612901,0.000641289,0.000663437,0.000677708,0.000682715,0.00067742,0.000661172,0.000633689,0.000595014,0.000545469,0.000485647,0.000416454,0.000339261,0.000256237,0.000171064,9.04E-05,2.65E-05,1.13E-10
5.178022405,1.81E-08,4.50E-08,1.04E-07,2.15E-07,3.74E-07,6.01E-07,9.08E-07,1.31E-06,1.82E-06,2.46E-06,3.24E-06,4.17E-06,5.29E-06,6.61E-06,8.14E-06,9.92E-06,1.20E-05,1.43E-05,1.70E-05,2.00E-05,2.34E-05,2.72E-05,3.15E-05,3.63E-05,4.16E-05,4.75E-05,5.41E-05,6.13E-05,6.93E-05,7.81E-05,8.78E-05,9.85E-05,0.000110182,0.000123027,0.000137103,0.000152513,0.000169366,0.000187781,0.000207881,0.000229793,0.000253647,0.000279568,0.00030767,0.000338044,0.000370741,0.000405748,0.000442955,0.00048211,0.000522767,0.00056423,0.0006055,0.00064525,0.000681843,0.000713424,0.000738063,0.00075394,0.00075951,0.000753619,0.000735543,0.00070497,0.000661944,0.000606826,0.000540274,0.000463299,0.000377422,0.000285059,0.000190306,0.000100564,2.95E-05,1.26E-10
5.17238049,2.01E-08,5.00E-08,1.15E-07,2.39E-07,4.16E-07,6.68E-07,1.01E-06,1.46E-06,2.02E-06,2.73E-06,3.60E-06,4.64E-06,5.88E-06,7.35E-06,9.05E-06,1.10E-05,1.33E-05,1.59E-05,1.89E-05,2.22E-05,2.60E-05,3.03E-05,3.50E-05,4.03E-05,4.63E-05,5.28E-05,6.01E-05,6.82E-05,7.70E-05,8.68E-05,9.76E-05,0.000109492,0.000122514,0.000136796,0.000152447,0.000169581,0.000188321,0.000208797,0.000231146,0.000255511,0.000282034,0.000310856,0.000342103,0.000375877,0.000412233,0.000451158,0.000492529,0.000536066,0.000581274,0.000627378,0.000673267,0.000717464,0.000758153,0.000793269,0.000820666,0.000838319,0.000844513,0.000837962,0.000817864,0.000783868,0.000736027,0.00067474,0.000600741,0.00051515,0.000419662,0.000316962,0.000211604,0.000111819,3.28E-05,1.40E-10
5.166738576,2.23E-08,5.56E-08,1.28E-07,2.65E-07,4.62E-07,7.43E-07,1.12E-06,1.62E-06,2.25E-06,3.04E-06,4.00E-06,5.16E-06,6.54E-06,8.16E-06,1.01E-05,1.23E-05,1.48E-05,1.77E-05,2.10E-05,2.47E-05,2.89E-05,3.36E-05,3.89E-05,4.48E-05,5.14E-05,5.87E-05,6.68E-05,7.57E-05,8.56E-05,9.65E-05,0.000108506,0.000121685,0.000136156,0.000152029,0.000169423,0.000188465,0.000209291,0.000232047,0.000256884,0.000283962,0.000313439,0.000345471,0.000380197,0.000417731,0.000458136,0.000501396,0.000547373,0.000595758,0.000646,0.000697237,0.000748236,0.000797355,0.000842575,0.0008816,0.000912048,0.000931667,0.00093855,0.000931271,0.000908934,0.000871153,0.000817985,0.000749874,0.000667634,0.000572513,0.000466392,0.000352257,0.000235167,0.00012427,3.65E-05,1.55E-10
5.161096662,2.48E-08,6.18E-08,1.42E-07,2.94E-07,5.14E-07,8.25E-07,1.25E-06,1.80E-06,2.50E-06,3.37E-06,4.44E-06,5.73E-06,7.26E-06,9.07E-06,1.12E-05,1.36E-05,1.64E-05,1.96E-05,2.33E-05,2.75E-05,3.21E-05,3.74E-05,4.32E-05,4.98E-05,5.71E-05,6.52E-05,7.42E-05,8.41E-05,9.51E-05,0.000107211,0.000120527,0.000135165,0.00015124,0.000168872,0.000188192,0.000209344,0.000232477,0.000257754,0.000285344,0.000315421,0.000348164,0.000383744,0.000422317,0.00046401,0.000508891,0.000556943,0.000608014,0.000661759,0.000717567,0.000774481,0.00083113,0.000885691,0.00093592,0.000979269,0.00101309,0.001034883,0.001042528,0.001034442,0.001009631,0.000967664,0.000908606,0.000832949,0.000741598,0.000635939,0.000518062,0.000391282,0.00026122,0.000138038,4.05E-05,1.72E-10
5.155454748,2.75E-08,6.86E-08,1.58E-07,3.27E-07,5.70E-07,9.16E-07,1.38E-06,2.00E-06,2.77E-06,3.74E-06,4.93E-06,6.36E-06,8.06E-06,1.01E-05,1.24E-05,1.51E-05,1.82E-05,2.18E-05,2.59E-05,3.05E-05,3.57E-05,4.15E-05,4.80E-05,5.53E-05,6.34E-05,7.24E-05,8.24E-05,9.34E-05,0.000105598,0.000119028,0.000133811,0.000150063,0.000167909,0.000187485,0.000208935,0.000232418,0.000258101,0.000286164,0.000316794,0.000350187,0.000386539,0.00042604,0.000468865,0.000515153,0.000564981,0.000618329,0.00067503,0.000734699,0.000796657,0.000859844,0.000922737,0.000983312,0.001039077,0.001087204,0.001124753,0.001148948,0.001157436,0.001148459,0.001120913,0.00107432,0.001008752,0.000924757,0.000823337,0.000706032,0.000575163,0.000434409,0.000290012,0.000153252,4.50E-05,1.91E-10
5.149812833,3.05E-08,7.61E-08,1.76E-07,3.63E-07,6.33E-07,1.02E-06,1.54E-06,2.21E-06,3.08E-06,4.15E-06,5.47E-06,7.06E-06,8.95E-06,1.12E-05,1.38E-05,1.68E-05,2.02E-05,2.42E-05,2.87E-05,3.38E-05,3.96E-05,4.60E-05,5.33E-05,6.14E-05,7.04E-05,8.03E-05,9.14E-05,0.000103658,0.000117177,0.00013208,0.000148484,0.000166519,0.000186321,0.000208043,0.000231846,0.000257903,0.000286403,0.000317543,0.000351532,0.000388587,0.000428924,0.000472757,0.000520279,0.000571642,0.000626934,0.000686132,0.00074905,0.000815262,0.000884015,0.000954131,0.00102392,0.001091137,0.001153017,0.001206421,0.001248087,0.001274935,0.001284354,0.001274393,0.001243826,0.001192125,0.001119367,0.001026161,0.00091362,0.000783452,0.000638232,0.000482044,0.000321813,0.000170057,4.99E-05,2.12E-10
5.144170919,3.39E-08,8.44E-08,1.95E-07,4.02E-07,7.02E-07,1.13E-06,1.70E-06,2.46E-06,3.41E-06,4.61E-06,6.07E-06,7.83E-06,9.92E-06,1.24E-05,1.53E-05,1.86E-05,2.25E-05,2.68E-05,3.18E-05,3.75E-05,4.39E-05,5.11E-05,5.91E-05,6.80E-05,7.80E-05,8.91E-05,0.000101385,0.000114966,0.00012996,0.000146488,0.000164682,0.000184684,0.000206647,0.000230739,0.000257138,0.000286038,0.000317647,0.000352184,0.000389881,0.000430977,0.000475716,0.00052433,0.000577036,0.000634002,0.000695326,0.000760982,0.000830764,0.000904199,0.000980452,0.001058216,0.001135619,0.001210168,0.001278799,0.00133803,0.001384241,0.001414018,0.001424464,0.001413416,0.001379515,0.001322173,0.001241478,0.001138104,0.001013287,0.000868918,0.000707857,0.00053463,0.000356919,0.000188609,5.54E-05,2.36E-10
5.138529005,3.76E-08,9.36E-08,2.16E-07,4.46E-07,7.78E-07,1.25E-06,1.89E-06,2.72E-06,3.79E-06,5.11E-06,6.73E-06,8.68E-06,1.10E-05,1.37E-05,1.69E-05,2.06E-05,2.49E-05,2.98E-05,3.53E-05,4.16E-05,4.87E-05,5.66E-05,6.55E-05,7.54E-05,8.65E-05,9.88E-05,0.000112388,0.000127443,0.000144064,0.000162386,0.000182554,0.000204727,0.000229074,0.000255779,0.000285044,0.00031708,0.000352119,0.000390404,0.000432193,0.000477749,0.000527343,0.000581233,0.000639658,0.000702807,0.000770786,0.000843568,0.000920922,0.001002327,0.001086855,0.001173059,0.001258862,0.001341502,0.001417581,0.001483239,0.001534466,0.001567474,0.001579054,0.001566807,0.001529227,0.001465662,0.00137621,0.001261617,0.001123254,0.000963218,0.000784677,0.00059265,0.000395654,0.000209077,6.14E-05,2.61E-10
5.132887091,4.16E-08,1.04E-07,2.39E-07,4.94E-07,8.62E-07,1.38E-06,2.09E-06,3.02E-06,4.19E-06,5.66E-06,7.45E-06,9.61E-06,1.22E-05,1.52E-05,1.88E-05,2.29E-05,2.76E-05,3.30E-05,3.91E-05,4.61E-05,5.39E-05,6.27E-05,7.26E-05,8.36E-05,9.58E-05,0.000109441,0.000124522,0.000141201,0.000159617,0.000179917,0.000202263,0.000226829,0.000253805,0.000283394,0.000315817,0.000351312,0.000390134,0.000432553,0.000478852,0.000529327,0.000584275,0.000643984,0.000708716,0.000778683,0.000854001,0.00093464,0.001020346,0.001110539,0.001204193,0.001299704,0.001394769,0.001486331,0.001570624,0.001643371,0.001700128,0.001736699,0.00174953,0.00173596,0.001694323,0.001623896,0.001524786,0.001397822,0.001244521,0.001067207,0.000869391,0.000656633,0.000438369,0.00023165,6.80E-05,2.89E-10
5.127245177,4.61E-08,1.15E-07,2.65E-07,5.47E-07,9.54E-07,1.53E-06,2.32E-06,3.34E-06,4.64E-06,6.27E-06,8.25E-06,1.06E-05,1.35E-05,1.69E-05,2.08E-05,2.53E-05,3.05E-05,3.65E-05,4.33E-05,5.10E-05,5.97E-05,6.94E-05,8.04E-05,9.26E-05,0.000106124,0.000121194,0.000137895,0.000156366,0.000176759,0.00019924,0.000223986,0.00025119,0.000281062,0.000313829,0.000349735,0.000389042,0.000432033,0.000479007,0.00053028,0.000586175,0.000647024,0.000713145,0.00078483,0.000862311,0.000945717,0.001035017,0.001129927,0.001229807,0.001333519,0.001439287,0.001544563,0.001645958,0.001739304,0.001819863,0.001882715,0.001923215,0.001937423,0.001922396,0.001876288,0.001798297,0.001688543,0.001547944,0.001378179,0.001181822,0.000962761,0.000727154,0.000485448,0.000256528,7.53E-05,3.20E-10
5.121603262,5.10E-08,1.27E-07,2.93E-07,6.06E-07,1.06E-06,1.70E-06,2.56E-06,3.70E-06,5.14E-06,6.94E-06,9.13E-06,1.18E-05,1.49E-05,1.87E-05,2.30E-05,2.80E-05,3.38E-05,4.04E-05,4.79E-05,5.65E-05,6.61E-05,7.69E-05,8.90E-05,0.000102443,0.000117462,0.000134142,0.000152627,0.000173071,0.000195643,0.000220525,0.000247915,0.000278025,0.000311089,0.000347356,0.000387098,0.000430605,0.000478189,0.000530181,0.000586931,0.000648798,0.000716147,0.000789333,0.000868676,0.000954433,0.001046751,0.00114559,0.00125064,0.00136119,0.001475983,0.00159305,0.001709572,0.0018218,0.001925118,0.002014284,0.002083851,0.002128677,0.002144403,0.002127771,0.002076736,0.001990414,0.001868935,0.001713314,0.001525413,0.001308079,0.001065615,0.000804837,0.00053731,0.000283934,8.34E-05,3.55E-10
5.115961348,5.64E-08,1.41E-07,3.24E-07,6.70E-07,1.17E-06,1.88E-06,2.84E-06,4.09E-06,5.69E-06,7.67E-06,1.01E-05,1.30E-05,1.65E-05,2.06E-05,2.54E-05,3.10E-05,3.74E-05,4.47E-05,5.30E-05,6.25E-05,7.31E-05,8.50E-05,9.84E-05,0.000113329,0.000129945,0.000148397,0.000168846,0.000191463,0.000216434,0.00024396,0.00027426,0.000307571,0.000344148,0.000384269,0.000428234,0.000476365,0.000529005,0.000586523,0.000649303,0.000717745,0.000792252,0.000873214,0.000960989,0.00105586,0.001157988,0.001267331,0.001383545,0.001505843,0.001632834,0.001762342,0.001891247,0.002015401,0.002129699,0.00222834,0.0023053,0.00235489,0.002372287,0.002353887,0.002297429,0.002201933,0.002067545,0.001895387,0.001687517,0.001447087,0.001178857,0.000890367,0.00059441,0.000314107,9.22E-05,3.92E-10
5.110319434,6.24E-08,1.55E-07,3.58E-07,7.41E-07,1.29E-06,2.08E-06,3.14E-06,4.52E-06,6.29E-06,8.49E-06,1.12E-05,1.44E-05,1.83E-05,2.28E-05,2.81E-05,3.43E-05,4.13E-05,4.94E-05,5.86E-05,6.91E-05,8.08E-05,9.40E-05,0.000108807,0.000125309,0.00014368,0.000164084,0.000186694,0.000211702,0.000239312,0.000269748,0.000303251,0.000340083,0.000380527,0.000424889,0.000473501,0.000526719,0.000584924,0.000648522,0.000717938,0.000793615,0.000875997,0.000965518,0.001062571,0.001167471,0.001280394,0.001401296,0.001529793,0.001665019,0.001805434,0.001948632,0.002091163,0.002228441,0.00235482,0.002463889,0.002548984,0.002603815,0.002623052,0.002602707,0.002540281,0.00243469,0.002286096,0.00209574,0.001865898,0.001600053,0.001303469,0.000984484,0.000657242,0.00034731,0.000102,4.34E-10
5.10467752,6.89E-08,1.72E-07,3.96E-07,8.19E-07,1.43E-06,2.29E-06,3.47E-06,5.00E-06,6.95E-06,9.38E-06,1.23E-05,1.59E-05,2.02E-05,2.52E-05,3.11E-05,3.79E-05,4.57E-05,5.46E-05,6.48E-05,7.63E-05,8.93E-05,0.000103909,0.000120247,0.000138484,0.000158787,0.000181336,0.000206324,0.000233961,0.000264474,0.00029811,0.000335136,0.00037584,0.000420536,0.000469563,0.000523286,0.0005821,0.000646425,0.000716709,0.000793425,0.000877058,0.000968102,0.001067035,0.001174293,0.001290222,0.001415018,0.001548632,0.00169064,0.001840084,0.001995262,0.002153517,0.002311034,0.002462746,0.002602413,0.002722949,0.002816991,0.002877588,0.002898847,0.002876363,0.002807373,0.002690681,0.002526463,0.002316092,0.002062084,0.001768287,0.001440519,0.001087995,0.000726346,0.000383827,0.000112725,4.79E-10
5.099035606,7.62E-08,1.90E-07,4.38E-07,9.04E-07,1.58E-06,2.53E-06,3.83E-06,5.52E-06,7.68E-06,1.04E-05,1.36E-05,1.76E-05,2.23E-05,2.79E-05,3.43E-05,4.18E-05,5.05E-05,6.03E-05,7.16E-05,8.43E-05,9.87E-05,0.000114776,0.000132822,0.000152967,0.000175393,0.0002003,0.000227901,0.000258428,0.000292133,0.000329287,0.000370184,0.000415145,0.000464516,0.00051867,0.000578012,0.000642976,0.000714028,0.000791663,0.000876401,0.000968781,0.001069346,0.001178626,0.0012971,0.001425154,0.001563001,0.001710588,0.001867448,0.00203252,0.002203927,0.002378732,0.002552722,0.0027203,0.002874573,0.003007715,0.003111592,0.003178526,0.003202009,0.003177173,0.003100969,0.002972072,0.002790681,0.00255831,0.002277736,0.001953215,0.001591169,0.001201778,0.000802308,0.000423968,0.000124514,5.29E-10
5.093393691,8.41E-08,2.09E-07,4.83E-07,9.98E-07,1.74E-06,2.80E-06,4.23E-06,6.10E-06,8.47E-06,1.14E-05,1.51E-05,1.94E-05,2.46E-05,3.07E-05,3.79E-05,4.62E-05,5.57E-05,6.66E-05,7.90E-05,9.31E-05,0.00010892,0.000126715,0.000146638,0.000168878,0.000193637,0.000221135,0.000251607,0.000285309,0.00032252,0.000363538,0.00040869,0.000458328,0.000512834,0.000572621,0.000638135,0.000709857,0.000788299,0.00087401,0.000967562,0.001069551,0.001180577,0.001301224,0.001432022,0.001573395,0.001725581,0.001888519,0.002061695,0.002243938,0.002433175,0.002626162,0.00281825,0.003003259,0.00317358,0.003320571,0.003435253,0.003509149,0.003535074,0.003507656,0.003423524,0.00328122,0.003080961,0.002824419,0.002514661,0.002156384,0.001756679,0.001326784,0.000885762,0.000468068,0.000137465,5.85E-10
5.087751777,9.28E-08,2.31E-07,5.33E-07,1.10E-06,1.92E-06,3.09E-06,4.66E-06,6.73E-06,9.35E-06,1.26E-05,1.66E-05,2.14E-05,2.72E-05,3.39E-05,4.18E-05,5.10E-05,6.15E-05,7.35E-05,8.72E-05,0.00010271,0.000120189,0.000139824,0.000161809,0.00018635,0.00021367,0.000244012,0.000277637,0.000314826,0.000355886,0.000401148,0.000450971,0.000505744,0.000565889,0.000631862,0.000704154,0.000783295,0.000869853,0.000964431,0.001067662,0.001180202,0.001302715,0.001435843,0.001580172,0.001736171,0.001904102,0.002083897,0.002274989,0.002476086,0.0026849,0.002897853,0.003109814,0.003313963,0.003501904,0.003664103,0.003790649,0.00387219,0.003900797,0.003870542,0.003777707,0.003620681,0.003399703,0.003116621,0.002774817,0.002379473,0.001938417,0.001464047,0.000977399,0.000516492,0.000151687,6.45E-10
5.082109863,1.02E-07,2.55E-07,5.88E-07,1.22E-06,2.12E-06,3.40E-06,5.14E-06,7.42E-06,1.03E-05,1.39E-05,1.83E-05,2.36E-05,3.00E-05,3.74E-05,4.61E-05,5.62E-05,6.78E-05,8.11E-05,9.62E-05,0.000113278,0.000132556,0.000154211,0.000178458,0.000205524,0.000235656,0.00026912,0.000306204,0.00034722,0.000392505,0.000442424,0.000497373,0.000557782,0.000624116,0.000696876,0.000776607,0.000863891,0.000959356,0.001063665,0.001177518,0.001301638,0.001436756,0.001583582,0.001742762,0.001914812,0.002100022,0.002298317,0.002509071,0.002730859,0.002961159,0.003196024,0.003429794,0.003654949,0.003862228,0.004041116,0.004180683,0.004270614,0.004302165,0.004268797,0.00416641,0.003993226,0.003749511,0.003437302,0.003060328,0.002624306,0.002137868,0.001614688,0.001077967,0.000569636,0.000167295,7.11E-10
5.076467949,1.13E-07,2.81E-07,6.48E-07,1.34E-06,2.34E-06,3.75E-06,5.67E-06,8.18E-06,1.14E-05,1.53E-05,2.02E-05,2.61E-05,3.30E-05,4.13E-05,5.08E-05,6.20E-05,7.48E-05,8.94E-05,0.000106025,0.00012487,0.00014612,0.000169992,0.00019672,0.000226555,0.000259771,0.000296659,0.000337538,0.000382752,0.000432671,0.000487698,0.000548271,0.000614862,0.000687983,0.000768189,0.000856079,0.000952295,0.001057529,0.001172512,0.001298015,0.001434837,0.001583782,0.001745633,0.001921103,0.002110759,0.002314922,0.002533509,0.00276583,0.003010314,0.003264181,0.00352308,0.003780773,0.004028968,0.004257458,0.004454652,0.004608501,0.004707636,0.004742415,0.004705632,0.004592767,0.004401862,0.004133207,0.003789048,0.003373498,0.002892857,0.002356641,0.001779923,0.001188278,0.000627928,0.000184414,7.84E-10
5.070826035,1.24E-07,3.10E-07,7.14E-07,1.48E-06,2.57E-06,4.13E-06,6.25E-06,9.01E-06,1.25E-05,1.69E-05,2.23E-05,2.87E-05,3.64E-05,4.54E-05,5.60E-05,6.83E-05,8.24E-05,9.85E-05,0.000116815,0.000137579,0.000160991,0.000187292,0.00021674,0.000249612,0.000286208,0.000326851,0.00037189,0.000421705,0.000476704,0.000537332,0.000604069,0.000677437,0.000758,0.000846368,0.000943203,0.001049211,0.001165154,0.00129184,0.001430116,0.001580862,0.001744965,0.001923288,0.002116615,0.002325573,0.002550514,0.002791346,0.003047311,0.003316677,0.00359638,0.003881627,0.004165545,0.004439,0.004690744,0.004908006,0.005077512,0.005186736,0.005225054,0.005184528,0.005060177,0.004849843,0.004553847,0.004174663,0.003716822,0.003187266,0.002596478,0.001961067,0.00130921,0.000691833,0.000203182,8.64E-10
5.06518412,1.37E-07,3.41E-07,7.86E-07,1.63E-06,2.83E-06,4.55E-06,6.88E-06,9.92E-06,1.38E-05,1.86E-05,2.45E-05,3.16E-05,4.01E-05,5.00E-05,6.17E-05,7.52E-05,9.07E-05,0.000108446,0.000128638,0.000151503,0.000177285,0.000206248,0.000238676,0.000274875,0.000315175,0.000359931,0.000409529,0.000464385,0.000524951,0.000591715,0.000665206,0.000746,0.000834717,0.000932029,0.001038664,0.001155402,0.00128308,0.001422587,0.001574858,0.001740861,0.001921573,0.002117944,0.002330838,0.002560944,0.002808651,0.003073858,0.003355729,0.003652357,0.003960369,0.004274486,0.00458714,0.004888271,0.005165493,0.005404745,0.005591407,0.005711685,0.005753882,0.005709254,0.005572317,0.005340695,0.005014742,0.00459718,0.004093002,0.003509849,0.002859267,0.002159546,0.001441715,0.000761853,0.000223746,9.51E-10
5.059542206,1.51E-07,3.75E-07,8.65E-07,1.79E-06,3.12E-06,5.01E-06,7.57E-06,1.09E-05,1.52E-05,2.05E-05,2.70E-05,3.48E-05,4.41E-05,5.51E-05,6.79E-05,8.27E-05,9.98E-05,0.00011936,0.000141585,0.000166751,0.000195129,0.000227007,0.000262699,0.000302541,0.000346897,0.000396158,0.000450748,0.000511125,0.000577787,0.00065127,0.000732159,0.000821084,0.00091873,0.001025837,0.001143205,0.001271692,0.001412221,0.001565769,0.001733366,0.001916077,0.002114978,0.002331113,0.002565435,0.002818701,0.003091339,0.00338324,0.00369348,0.004019964,0.004358977,0.00470471,0.005048832,0.005380271,0.005685396,0.005948728,0.006154178,0.006286561,0.006333005,0.006283886,0.006133167,0.005878232,0.005519471,0.005059883,0.004504959,0.003863112,0.00314705,0.002376903,0.001586823,0.000838533,0.000246266,1.05E-09
5.053900292,1.66E-07,4.13E-07,9.52E-07,1.97E-06,3.43E-06,5.51E-06,8.33E-06,1.20E-05,1.67E-05,2.25E-05,2.97E-05,3.83E-05,4.85E-05,6.06E-05,7.47E-05,9.10E-05,0.000109816,0.000131307,0.000155757,0.000183441,0.000214659,0.000249728,0.000288992,0.000332822,0.000381617,0.000435809,0.000495863,0.000562283,0.000635617,0.000716455,0.00080544,0.000903265,0.001010685,0.001128512,0.001257627,0.001398974,0.001553568,0.001722485,0.001906856,0.002107855,0.002326663,0.002564432,0.002822206,0.003100822,0.003400748,0.003721864,0.004063156,0.004422317,0.004795262,0.005175599,0.005554163,0.005918776,0.00625444,0.006544129,0.006770142,0.006915776,0.006966868,0.006912832,0.006747028,0.006466577,0.006071909,0.00556632,0.004955855,0.004249767,0.003462035,0.002614804,0.001745646,0.000922461,0.000270915,1.15E-09
5.048258378,1.82E-07,4.54E-07,1.05E-06,2.16E-06,3.77E-06,6.06E-06,9.16E-06,1.32E-05,1.84E-05,2.48E-05,3.26E-05,4.21E-05,5.34E-05,6.66E-05,8.21E-05,0.000100086,0.000120746,0.000144376,0.000171259,0.000201699,0.000236023,0.000274583,0.000317755,0.000365948,0.000419599,0.000479184,0.000545215,0.000618246,0.000698879,0.000787763,0.000885604,0.000993166,0.001111277,0.001240831,0.001382797,0.001538212,0.001708193,0.001893921,0.002096643,0.002317646,0.002558233,0.002819666,0.003103096,0.003409442,0.003739219,0.004092296,0.004467557,0.004862465,0.005272528,0.005690719,0.006106961,0.006507864,0.006876936,0.007195457,0.007443965,0.007604093,0.007660271,0.007600857,0.00741855,0.007110187,0.006676237,0.006120329,0.005449104,0.00467274,0.003806607,0.002875052,0.001919388,0.001014272,0.000297879,1.27E-09
5.042616463,2.00E-07,4.99E-07,1.15E-06,2.38E-06,4.15E-06,6.66E-06,1.01E-05,1.45E-05,2.02E-05,2.72E-05,3.59E-05,4.63E-05,5.86E-05,7.32E-05,9.03E-05,0.000109992,0.000132696,0.000158665,0.000188208,0.000221661,0.000259382,0.000301758,0.000349203,0.000402165,0.000461127,0.000526609,0.000599174,0.000679434,0.000768046,0.000865727,0.000973251,0.001091459,0.001221259,0.001363635,0.00151965,0.001690447,0.00187725,0.00208136,0.002304145,0.002547021,0.002811418,0.003098725,0.003410206,0.003746871,0.004109285,0.004497306,0.004909705,0.005343697,0.005794344,0.006253923,0.00671136,0.007151939,0.007557539,0.007907583,0.008180685,0.008356662,0.008418399,0.008353105,0.008152755,0.007813874,0.007336977,0.00672605,0.005988396,0.005135196,0.004183342,0.003159593,0.002109347,0.001114653,0.000327359,1.39E-09
5.036974549,2.20E-07,5.48E-07,1.26E-06,2.61E-06,4.55E-06,7.32E-06,1.11E-05,1.59E-05,2.22E-05,2.99E-05,3.94E-05,5.08E-05,6.44E-05,8.04E-05,9.91E-05,0.000120816,0.000145755,0.000174279,0.000206729,0.000243475,0.000284908,0.000331454,0.000383568,0.000441742,0.000506506,0.000578432,0.000658139,0.000746296,0.000843629,0.000950923,0.001069028,0.001198868,0.001341442,0.001497829,0.001669198,0.001856803,0.002061989,0.002286185,0.002530894,0.002797672,0.003088087,0.003403668,0.003745802,0.004115597,0.004513677,0.004939882,0.005392866,0.005869566,0.00636456,0.006869367,0.00737182,0.007855756,0.00830127,0.008685762,0.00898574,0.009179034,0.009246847,0.009175128,0.008955062,0.008582831,0.008059003,0.007387956,0.006577709,0.005640546,0.004595021,0.003470526,0.002316926,0.001224345,0.000359574,1.53E-09
5.031332635,2.41E-07,6.02E-07,1.39E-06,2.87E-06,5.00E-06,8.03E-06,1.21E-05,1.75E-05,2.43E-05,3.28E-05,4.32E-05,5.58E-05,7.07E-05,8.83E-05,0.000108842,0.000132638,0.000160017,0.000191332,0.000226958,0.000267298,0.000312786,0.000363887,0.0004211,0.000484966,0.000556067,0.000635031,0.000722537,0.000819321,0.000926178,0.00104397,0.001173633,0.001316177,0.001472702,0.001644392,0.001832529,0.002038491,0.002263755,0.002509889,0.002778542,0.003071424,0.003390257,0.003736717,0.004112328,0.004518308,0.00495534,0.005423249,0.005920558,0.006443903,0.006987333,0.007541534,0.008093152,0.008624442,0.009113549,0.009535664,0.009864995,0.010077203,0.010151651,0.010072914,0.009831314,0.009422661,0.008847576,0.008110867,0.007221338,0.006192474,0.005044644,0.003810117,0.002543638,0.001344148,0.000394759,1.68E-09
5.025690721,2.65E-07,6.60E-07,1.52E-06,3.15E-06,5.49E-06,8.81E-06,1.33E-05,1.92E-05,2.67E-05,3.60E-05,4.75E-05,6.12E-05,7.76E-05,9.69E-05,0.000119432,0.000145542,0.000175585,0.000209947,0.000249039,0.000293304,0.000343218,0.000399289,0.000462069,0.000532149,0.000610168,0.000696814,0.000792834,0.000899034,0.001016287,0.001145539,0.001287816,0.00144423,0.001615982,0.001804376,0.002010817,0.002236818,0.002483998,0.002754078,0.00304887,0.003370246,0.003720098,0.004100266,0.004512421,0.004957899,0.00543745,0.005950883,0.006496574,0.007070836,0.007667137,0.008275257,0.008880543,0.009463522,0.010000216,0.010463398,0.01082477,0.011057623,0.011139315,0.011052917,0.010787813,0.010339401,0.009708366,0.008899981,0.007923909,0.006794945,0.005535442,0.004180807,0.002791111,0.001474921,0.000433165,1.84E-09
5.020048807,2.91E-07,7.24E-07,1.67E-06,3.45E-06,6.02E-06,9.67E-06,1.46E-05,2.11E-05,2.93E-05,3.95E-05,5.20E-05,6.71E-05,8.51E-05,0.000106267,0.000130985,0.000159621,0.00019257,0.000230255,0.000273129,0.000321676,0.000376418,0.000437914,0.000506766,0.000583625,0.00066919,0.000764218,0.000869526,0.000985999,0.001114594,0.00125635,0.00141239,0.001583933,0.0017723,0.001978918,0.002205328,0.00245319,0.00272428,0.003020486,0.003343794,0.003696257,0.004079952,0.004496894,0.004948917,0.005437488,0.005963427,0.006526525,0.007125003,0.007754815,0.008408796,0.009075741,0.009739578,0.01037895,0.010967559,0.011475546,0.011871874,0.012127252,0.012216846,0.012122091,0.011831342,0.011339555,0.010647478,0.009760897,0.008690407,0.007452236,0.006070898,0.004585225,0.003061101,0.001617593,0.000475066,2.02E-09
5.014406892,3.19E-07,7.94E-07,1.83E-06,3.78E-06,6.60E-06,1.06E-05,1.60E-05,2.31E-05,3.21E-05,4.33E-05,5.70E-05,7.36E-05,9.33E-05,0.000116487,0.000143582,0.000174972,0.00021109,0.0002524,0.000299397,0.000352613,0.000412619,0.00048003,0.000555504,0.000639755,0.000733549,0.000837716,0.000953152,0.001080827,0.001221789,0.001377178,0.001548225,0.001736266,0.001942749,0.002169238,0.002417423,0.002689123,0.002986285,0.003310978,0.003665379,0.00405174,0.004472336,0.004929377,0.005424874,0.005960432,0.006536953,0.007154206,0.007810242,0.008500625,0.009217503,0.00994859,0.010676271,0.011377133,0.012022351,0.012579194,0.013013638,0.013293577,0.013391787,0.013287919,0.012969208,0.012430123,0.011671487,0.01069964,0.009526196,0.008168946,0.00665476,0.005026204,0.003355499,0.001773164,0.000520755,2.21E-09
5.008764978,3.49E-07,8.69E-07,2.01E-06,4.14E-06,7.23E-06,1.16E-05,1.75E-05,2.53E-05,3.52E-05,4.75E-05,6.25E-05,8.06E-05,0.000102201,0.000127625,0.00015731,0.000191702,0.000231274,0.000276533,0.000328024,0.000386328,0.000452072,0.000525928,0.000608619,0.000700925,0.000803688,0.000917815,0.001044289,0.001184171,0.001338612,0.001508858,0.00169626,0.001902281,0.002128506,0.002376651,0.002648567,0.002946246,0.003271821,0.00362756,0.004015847,0.00443915,0.004899962,0.005400703,0.005943577,0.006530343,0.007161988,0.00783826,0.008557023,0.009313418,0.010098841,0.010899832,0.01169709,0.012464966,0.013171877,0.013781962,0.014257946,0.014564652,0.014672253,0.014558453,0.014209268,0.013618638,0.012787464,0.011722693,0.01043705,0.008950026,0.00729106,0.005506788,0.003676337,0.001942706,0.000570548,2.43E-09
5.003123064,3.82E-07,9.52E-07,2.20E-06,4.54E-06,7.91E-06,1.27E-05,1.92E-05,2.77E-05,3.85E-05,5.20E-05,6.84E-05,8.83E-05,0.000111916,0.000139756,0.000172264,0.000209925,0.000253258,0.00030282,0.000359205,0.000423052,0.000495045,0.000575921,0.000666473,0.000767554,0.000880085,0.001005061,0.001143556,0.001296735,0.001465857,0.001652286,0.001857502,0.002083107,0.002330837,0.00260257,0.002900334,0.003226309,0.003582833,0.003972388,0.004397585,0.004861126,0.005365742,0.005914083,0.006508561,0.007151103,0.007842792,0.008583349,0.009370436,0.010198732,0.011058815,0.011935947,0.01280899,0.013649859,0.014423967,0.015092046,0.015613276,0.015949136,0.016066965,0.015942349,0.015559971,0.014913197,0.014003013,0.012837027,0.011429174,0.009800796,0.007984132,0.006030252,0.004025802,0.002127375,0.000624783,2.66E-09
4.99748115,4.18E-07,1.04E-06,2.40E-06,4.97E-06,8.66E-06,1.39E-05,2.10E-05,3.03E-05,4.22E-05,5.69E-05,7.49E-05,9.66E-05,0.000122492,0.000152963,0.000188543,0.000229763,0.000277191,0.000331437,0.00039315,0.00046303,0.000541827,0.000630346,0.000729455,0.000840088,0.000963253,0.001100039,0.001251623,0.001419277,0.001604381,0.001808428,0.002033037,0.002279962,0.002551102,0.002848514,0.003174416,0.003531197,0.003921412,0.004347779,0.004813158,0.005320504,0.005872806,0.006472965,0.007123622,0.007826885,0.008583938,0.009394478,0.010255945,0.011162515,0.012103876,0.013063897,0.014019443,0.014939775,0.015787037,0.016518249,0.017088735,0.017456334,0.017585298,0.017448905,0.017030392,0.016322498,0.015326302,0.01405013,0.012509234,0.010726974,0.008738635,0.006600112,0.004406242,0.002328413,0.000683825,2.91E-09
4.991839236,4.58E-07,1.14E-06,2.63E-06,5.43E-06,9.48E-06,1.52E-05,2.30E-05,3.32E-05,4.61E-05,6.22E-05,8.19E-05,0.000105707,0.000133999,0.000167333,0.000206255,0.000251347,0.000303231,0.000362573,0.000430084,0.000506529,0.000592728,0.000689563,0.000797982,0.000919008,0.001053744,0.00120338,0.001369204,0.001552608,0.001755101,0.001978317,0.002224026,0.002494148,0.00279076,0.003116112,0.00347263,0.003862928,0.004289801,0.004756223,0.00526532,0.005820328,0.006424515,0.007081055,0.007792836,0.008562166,0.009390338,0.010277023,0.011219419,0.012211155,0.013240951,0.014291159,0.015336472,0.016343262,0.017270118,0.018070022,0.018694102,0.019096235,0.019237314,0.019088108,0.018630278,0.017855883,0.016766101,0.015370042,0.013684389,0.011734698,0.009559569,0.007220147,0.004820177,0.002547151,0.000748065,3.18E-09
4.986197321,5.00E-07,1.25E-06,2.87E-06,5.94E-06,1.04E-05,1.66E-05,2.52E-05,3.63E-05,5.04E-05,6.80E-05,8.96E-05,0.000115579,0.000146513,0.00018296,0.000225517,0.00027482,0.000331549,0.000396432,0.000470248,0.000553832,0.00064808,0.000753958,0.000872502,0.001004831,0.001152149,0.001315759,0.001497068,0.0016976,0.001919003,0.002163064,0.002431719,0.002727066,0.003051378,0.003407113,0.003796926,0.004223671,0.004690408,0.005200387,0.005757027,0.006363866,0.007024475,0.007742326,0.008520578,0.009361752,0.010267265,0.011236753,0.012267155,0.013351506,0.01447747,0.015625753,0.016768684,0.017869494,0.018882905,0.019757509,0.020439869,0.020879556,0.02103381,0.02087067,0.020370085,0.019523372,0.01833182,0.016805388,0.01496232,0.012830555,0.010452298,0.007894407,0.005270314,0.002785019,0.000817924,3.48E-09
4.980555407,5.47E-07,1.36E-06,3.14E-06,6.49E-06,1.13E-05,1.82E-05,2.75E-05,3.96E-05,5.51E-05,7.44E-05,9.79E-05,0.000126308,0.000160113,0.000199944,0.000246451,0.000300331,0.000362326,0.000433232,0.0005139,0.000605243,0.000708241,0.000823948,0.000953496,0.001098108,0.001259102,0.0014379,0.00163604,0.001855187,0.002097143,0.00236386,0.002657454,0.002980218,0.003334636,0.003723393,0.004149391,0.004615751,0.005125815,0.005683136,0.006291448,0.006954619,0.007676552,0.008461041,0.009311537,0.010230797,0.011220367,0.012279853,0.013405907,0.014590916,0.015821403,0.01707628,0.018325308,0.019528306,0.020635792,0.021591585,0.022337288,0.02281779,0.022986363,0.022808079,0.022261026,0.021335712,0.020033549,0.01836542,0.016351261,0.014021606,0.011422578,0.008627239,0.005759554,0.003043551,0.000893851,3.80E-09
4.974913493,5.97E-07,1.49E-06,3.43E-06,7.09E-06,1.24E-05,1.99E-05,3.00E-05,4.33E-05,6.02E-05,8.12E-05,0.00010695,0.000137962,0.000174888,0.000218393,0.000269192,0.000328043,0.000395759,0.000473208,0.00056132,0.000661091,0.000773593,0.000899976,0.001041478,0.001199434,0.001375283,0.001570579,0.001787002,0.002026371,0.002290652,0.00258198,0.002902665,0.003255211,0.003642332,0.004066961,0.004532268,0.00504166,0.005598789,0.006207535,0.006871978,0.007596341,0.008384889,0.009241765,0.010170739,0.011174821,0.012255702,0.01341295,0.014642908,0.015937262,0.017281289,0.018651957,0.020016237,0.021330238,0.022539915,0.023583902,0.024398413,0.024923252,0.02510738,0.024912645,0.024315114,0.023304419,0.021882102,0.02006005,0.017860038,0.015315419,0.012476571,0.009423299,0.006291004,0.003324388,0.00097633,4.15E-09
4.969271579,6.52E-07,1.62E-06,3.75E-06,7.74E-06,1.35E-05,2.17E-05,3.28E-05,4.73E-05,6.57E-05,8.87E-05,0.000116759,0.000150616,0.000190928,0.000238424,0.000293881,0.000358131,0.000432057,0.000516609,0.000612802,0.000721724,0.000844544,0.000982518,0.001136999,0.001309442,0.001501419,0.001714627,0.0019509,0.002212223,0.002500743,0.002818791,0.003168888,0.003553768,0.003976394,0.004439969,0.004947952,0.005504064,0.006112291,0.006776869,0.007502253,0.008293052,0.009153923,0.010089389,0.011103565,0.012199739,0.013379755,0.014643141,0.015985907,0.017398975,0.018866272,0.020362653,0.02185206,0.023286577,0.024607201,0.025746939,0.026636155,0.02720913,0.027410146,0.02719755,0.026545216,0.025441824,0.023889056,0.021899891,0.019498102,0.016720099,0.013620881,0.010287573,0.006867994,0.003629289,0.001065875,4.53E-09
4.963629664,7.11E-07,1.77E-06,4.09E-06,8.45E-06,1.47E-05,2.37E-05,3.58E-05,5.16E-05,7.17E-05,9.68E-05,0.000127403,0.000164346,0.000208333,0.000260159,0.000320672,0.000390778,0.000471444,0.000563704,0.000668665,0.000787517,0.000921533,0.001072086,0.001240649,0.001428812,0.00163829,0.001870934,0.002128746,0.002413891,0.002728713,0.003075754,0.003457766,0.003877733,0.004338886,0.004844721,0.005399011,0.006005819,0.006669493,0.007394654,0.008186165,0.009049054,0.009988402,0.011009146,0.012115775,0.013311877,0.014599464,0.015978022,0.017443195,0.018985079,0.020586136,0.022218929,0.023844112,0.0254094,0.026850414,0.028094051,0.029064328,0.029689537,0.029908877,0.029676901,0.028965099,0.027761121,0.026066802,0.023896303,0.021275565,0.018244317,0.014862572,0.011225397,0.007494086,0.003960138,0.001163041,4.95E-09
4.95798775,7.76E-07,1.93E-06,4.46E-06,9.21E-06,1.61E-05,2.58E-05,3.90E-05,5.63E-05,7.82E-05,0.000105522,0.000138946,0.000179237,0.000227209,0.00028373,0.000349726,0.000426185,0.000514159,0.000614778,0.00072925,0.00085887,0.001005029,0.001169222,0.001353058,0.00155827,0.001786728,0.002040451,0.002321621,0.002632602,0.002975949,0.003354433,0.003771058,0.004229076,0.004732012,0.005283678,0.00588819,0.006549978,0.007273784,0.008064649,0.008927874,0.009868945,0.010893404,0.012006632,0.013213528,0.014518003,0.015922252,0.017425714,0.01902364,0.020705227,0.022451348,0.02423208,0.026004513,0.027711625,0.029283202,0.030639519,0.031697709,0.032379564,0.032618778,0.032365784,0.031589489,0.030276424,0.02842859,0.026061433,0.023203242,0.019897347,0.016209199,0.012242477,0.00817309,0.004318948,0.001268419,5.39E-09
4.952345836,8.46E-07,2.11E-06,4.86E-06,1.00E-05,1.75E-05,2.81E-05,4.25E-05,6.13E-05,8.52E-05,0.000115025,0.000151458,0.000195377,0.000247669,0.00030928,0.000381219,0.000464562,0.000560459,0.000670139,0.000794919,0.000936211,0.001095532,0.001274511,0.001474901,0.001698592,0.001947622,0.002224193,0.002530683,0.002869667,0.003243933,0.0036565,0.004110641,0.004609904,0.005158129,0.005759473,0.006418421,0.007139803,0.007928788,0.00879087,0.009731828,0.010757643,0.011874354,0.013087829,0.014403406,0.015825348,0.01735605,0.018994899,0.020736717,0.022569731,0.024473091,0.026414178,0.028346218,0.030207055,0.031920153,0.033398606,0.034552085,0.035295342,0.035556097,0.035280321,0.03443412,0.033002814,0.030988583,0.028408264,0.025292693,0.021689102,0.017668836,0.013344911,0.008909076,0.004707869,0.00138264,5.88E-09
4.946703922,9.21E-07,2.30E-06,5.29E-06,1.09E-05,1.91E-05,3.07E-05,4.63E-05,6.68E-05,9.29E-05,0.000125319,0.000165013,0.000212862,0.000269834,0.000336959,0.000415337,0.000506138,0.000610617,0.000730113,0.00086606,0.001019997,0.001193577,0.001388573,0.001606897,0.001850607,0.002121925,0.002423247,0.002757166,0.003126488,0.003534248,0.003983738,0.004478523,0.005022467,0.005619755,0.006274916,0.006992837,0.007778779,0.008638374,0.009577608,0.010602777,0.011720398,0.012937048,0.014259123,0.015692437,0.017241636,0.018909328,0.020694845,0.022592548,0.024589608,0.026663308,0.028778112,0.03088306,0.032910433,0.034776844,0.036387612,0.037644321,0.038454095,0.038738187,0.03843773,0.037515799,0.035956398,0.033761904,0.030950659,0.02755626,0.023630166,0.019250107,0.014539212,0.009706393,0.005129199,0.001506379,6.41E-09
4.941062008,1.00E-06,2.50E-06,5.76E-06,1.19E-05,2.08E-05,3.34E-05,5.04E-05,7.27E-05,0.000101128,0.000136465,0.00017969,0.000231794,0.000293833,0.000366928,0.000452277,0.000551154,0.000664926,0.000795049,0.000943088,0.001110716,0.001299734,0.001512073,0.001749815,0.002015201,0.002310649,0.002638771,0.003002389,0.003404558,0.003848585,0.004338052,0.004876843,0.005469166,0.006119577,0.006833008,0.007614782,0.008470625,0.009406672,0.010429442,0.01154579,0.012762812,0.014087672,0.015527332,0.017088125,0.018775111,0.020591127,0.022535449,0.024601933,0.026776612,0.029034747,0.031337642,0.033629805,0.035837493,0.037869902,0.039623932,0.040992414,0.041874209,0.042183568,0.041856388,0.040852461,0.039154366,0.036764693,0.033703416,0.030007119,0.025731838,0.020962215,0.015832332,0.010569681,0.005585391,0.001640357,6.98E-09
4.935420093,1.09E-06,2.72E-06,6.27E-06,1.30E-05,2.26E-05,3.63E-05,5.49E-05,7.92E-05,0.000110066,0.000148526,0.000195572,0.000252282,0.000319804,0.00039936,0.000492251,0.000599869,0.000723696,0.00086532,0.001026443,0.001208888,0.001414611,0.001645718,0.001904473,0.002193316,0.002514877,0.002872001,0.003267758,0.003705473,0.004188745,0.004721474,0.005307887,0.005952562,0.00666046,0.007436949,0.00828782,0.009219307,0.010238088,0.011351256,0.012566273,0.013890862,0.015332821,0.016899726,0.018598471,0.020434562,0.022411089,0.02452726,0.026776393,0.029143282,0.031601004,0.034107442,0.036602199,0.039005015,0.041217061,0.043126122,0.044615558,0.045575292,0.045911993,0.045555896,0.044463235,0.042615053,0.040014167,0.036682317,0.03265932,0.028006165,0.022814975,0.017231685,0.01150389,0.00607906,0.001785341,7.59E-09
4.929778179,1.19E-06,2.96E-06,6.83E-06,1.41E-05,2.46E-05,3.95E-05,5.97E-05,8.61E-05,0.000119733,0.000161571,0.000212749,0.00027444,0.000347893,0.000434436,0.000535487,0.000652556,0.000787259,0.000941323,0.001116597,0.001315066,0.001538859,0.001790264,0.002071746,0.002385958,0.002735763,0.003124253,0.00355477,0.00403093,0.004556649,0.005136169,0.005774087,0.006475385,0.007245459,0.008090147,0.009015752,0.010029053,0.011137315,0.012348254,0.013669989,0.015110918,0.016679526,0.018384055,0.020232004,0.022229361,0.02437949,0.026681528,0.029128205,0.031702981,0.034376569,0.037103152,0.039817027,0.042430886,0.044837219,0.046913956,0.048534211,0.04957824,0.049944515,0.04955714,0.04836851,0.046357999,0.043528673,0.039904181,0.035527838,0.030465989,0.02481885,0.01874517,0.012514294,0.006612993,0.00194215,8.26E-09
4.924136265,1.29E-06,3.22E-06,7.42E-06,1.53E-05,2.67E-05,4.30E-05,6.49E-05,9.36E-05,0.000130183,0.000175673,0.000231317,0.000298392,0.000378256,0.000472353,0.000582223,0.00070951,0.000855969,0.001023479,0.001214051,0.001429842,0.001673167,0.001946515,0.002252563,0.002594199,0.002974534,0.00339693,0.003865022,0.00438274,0.004954343,0.005584442,0.006278035,0.007040541,0.007877826,0.008796236,0.009802625,0.010904366,0.012109353,0.013425981,0.014863073,0.016429764,0.018135276,0.019988573,0.021997806,0.024169488,0.026507274,0.029010229,0.031670447,0.034469943,0.037376876,0.040341428,0.043292164,0.046134154,0.048750507,0.051008496,0.052770163,0.053905313,0.054303555,0.053882371,0.05259,0.050404017,0.047327754,0.043386925,0.038628625,0.033124989,0.026984981,0.020381205,0.013606513,0.007190159,0.002111657,8.98E-09
4.918494351,1.40E-06,3.50E-06,8.06E-06,1.67E-05,2.91E-05,4.67E-05,7.06E-05,0.000101769,0.000141474,0.000190908,0.000251378,0.00032427,0.00041106,0.000513317,0.000632715,0.000771041,0.000930202,0.001112239,0.001319339,0.001553844,0.001818271,0.002115324,0.002447915,0.002819178,0.003232497,0.003691526,0.004200212,0.004762829,0.005384003,0.006068747,0.006822492,0.007651125,0.008561023,0.009559082,0.010652749,0.011850037,0.013159526,0.014590336,0.016152059,0.017854619,0.01970804,0.021722063,0.023905545,0.026265564,0.028806092,0.031526113,0.034417036,0.037459316,0.04061835,0.04384,0.047046635,0.050135095,0.052978348,0.055432159,0.057346605,0.0585802,0.059012979,0.058555269,0.057150818,0.054775257,0.051432208,0.047149615,0.041978656,0.035997723,0.029325228,0.022148745,0.014786524,0.007813719,0.002294788,9.76E-09
4.912852437,1.52E-06,3.80E-06,8.76E-06,1.81E-05,3.16E-05,5.07E-05,7.66E-05,0.000110538,0.000153664,0.000207359,0.000273039,0.000352213,0.000446481,0.00055755,0.000687237,0.000837482,0.001010358,0.001208082,0.001433027,0.00168774,0.001974952,0.002297603,0.002658853,0.003062109,0.003511044,0.004009627,0.004562148,0.005173246,0.005847947,0.006591695,0.007410391,0.008310428,0.009298732,0.010382795,0.011570704,0.012871163,0.014293491,0.015847596,0.017543894,0.019393165,0.021406297,0.023593868,0.025965503,0.028528886,0.031288334,0.034242741,0.037382777,0.040687213,0.044118462,0.047617725,0.051100678,0.054455272,0.057543531,0.060208789,0.062288204,0.063628098,0.06409817,0.063601019,0.062075545,0.059495281,0.055864159,0.051212531,0.045595987,0.039099672,0.031852204,0.024057319,0.01606069,0.008487033,0.002492532,1.06E-08
4.907210522,1.66E-06,4.12E-06,9.51E-06,1.97E-05,3.43E-05,5.51E-05,8.32E-05,0.000120002,0.000166821,0.000225112,0.000296416,0.000382368,0.000484708,0.000605286,0.000746077,0.000909186,0.001096863,0.001311515,0.00155572,0.00183224,0.002144043,0.002494319,0.002886498,0.003324279,0.003811652,0.004352922,0.004952748,0.005616167,0.006348634,0.007156061,0.008044852,0.009021948,0.010094868,0.011271745,0.01256136,0.013973162,0.015517267,0.01720443,0.019045961,0.021053562,0.023239054,0.025613921,0.028188609,0.030971463,0.033967169,0.037174525,0.040583403,0.044170757,0.047895782,0.051694644,0.055475799,0.059117606,0.062470274,0.065363725,0.067621175,0.069075788,0.069586106,0.06904639,0.067390309,0.064589128,0.060647119,0.055597229,0.049499809,0.042447296,0.034579316,0.02611705,0.017435769,0.009213673,0.002705936,1.15E-08
4.901568608,1.80E-06,4.47E-06,1.03E-05,2.13E-05,3.72E-05,5.97E-05,9.03E-05,0.00013021,0.000181011,0.000244261,0.000321631,0.000414894,0.000525939,0.000656775,0.000809541,0.000986525,0.001190167,0.001423079,0.001688057,0.001988099,0.002326426,0.002706498,0.003132038,0.003607059,0.004135889,0.004723203,0.005374053,0.006093906,0.006888681,0.007764791,0.008729186,0.009789399,0.010953587,0.012230575,0.013629891,0.015161788,0.016837242,0.018667924,0.020666104,0.022844482,0.025215882,0.027792767,0.03058647,0.033606048,0.036856583,0.040336773,0.044035627,0.047928139,0.051970033,0.056092044,0.060194843,0.06414644,0.067784302,0.070923885,0.073373365,0.074951714,0.075505442,0.074919815,0.07312286,0.070083397,0.06580606,0.060326602,0.053710506,0.046058071,0.037520802,0.028338695,0.018918941,0.009997433,0.002936117,1.25E-08
4.895926694,1.95E-06,4.85E-06,1.12E-05,2.31E-05,4.03E-05,6.48E-05,9.79E-05,0.000141215,0.000196309,0.000264905,0.000348813,0.000449958,0.000570388,0.00071228,0.000877958,0.001069899,0.001290751,0.001543347,0.001830718,0.002156118,0.002523038,0.00293523,0.003396734,0.0039119,0.004485423,0.005122373,0.005828227,0.006608917,0.00747086,0.008421012,0.009466911,0.010616725,0.011879301,0.013264211,0.014781787,0.016443147,0.018260198,0.020245595,0.022412647,0.024775125,0.027346938,0.030141601,0.033171407,0.036446177,0.039971422,0.043745732,0.047757185,0.051978662,0.056362147,0.060832519,0.065282056,0.069567612,0.073512919,0.076917835,0.079574326,0.081286065,0.081886591,0.081251471,0.07930265,0.076006315,0.071367491,0.06542495,0.058249711,0.049950551,0.040691776,0.030733667,0.020517827,0.010842341,0.003184255,1.35E-08
4.89028478,2.11E-06,5.26E-06,1.21E-05,2.51E-05,4.37E-05,7.02E-05,0.000106134,0.000153071,0.000212791,0.000287146,0.000378099,0.000487737,0.000618278,0.000772083,0.000951671,0.001159728,0.001399123,0.001672927,0.001984426,0.002337147,0.002734873,0.003181673,0.003681924,0.004240344,0.004862021,0.005552448,0.006317567,0.007163803,0.008098115,0.009128042,0.010261755,0.011508108,0.01287669,0.014377877,0.016022869,0.017823718,0.019793329,0.02194542,0.024294418,0.02685525,0.029642993,0.032672297,0.035956486,0.039506207,0.043327432,0.047418634,0.051766889,0.056342803,0.061094326,0.065940031,0.070763152,0.075408525,0.07968508,0.083375874,0.086255405,0.088110862,0.088761808,0.088073363,0.085960919,0.082387823,0.077359522,0.070918044,0.063140371,0.05414441,0.044108267,0.033314073,0.022240508,0.011752666,0.003451606,1.47E-08
4.884642865,2.29E-06,5.70E-06,1.31E-05,2.72E-05,4.74E-05,7.61E-05,0.000114986,0.000165838,0.00023054,0.000311096,0.000409636,0.000528418,0.000669847,0.000836481,0.001031049,0.001256459,0.001515822,0.001812462,0.002149944,0.002532084,0.002962984,0.003447051,0.003989027,0.004594024,0.005267554,0.006015569,0.006844504,0.007761323,0.008773565,0.009889397,0.011117671,0.01246798,0.013950713,0.015577112,0.017359309,0.019310364,0.021444257,0.023775851,0.026320774,0.029095201,0.032115465,0.035397438,0.038955556,0.042801353,0.0469413,0.051373742,0.056084678,0.061042261,0.0661901,0.071439978,0.076665388,0.081698223,0.086331478,0.090330115,0.093449823,0.09546004,0.096165281,0.095419414,0.093130774,0.089259652,0.083811949,0.076833198,0.068406802,0.058660504,0.047787263,0.036092743,0.024095551,0.012732936,0.003739498,1.59E-08
4.879000951,2.48E-06,6.17E-06,1.42E-05,2.94E-05,5.13E-05,8.24E-05,0.000124514,0.000179579,0.000249642,0.000336873,0.000443577,0.000572201,0.000725348,0.00090579,0.001116478,0.001360565,0.001641417,0.001962637,0.002328081,0.002741884,0.003208487,0.003732662,0.004319545,0.00497467,0.005704005,0.006513999,0.007411617,0.008404401,0.009500513,0.010708799,0.012038844,0.013501035,0.015106623,0.016867779,0.018797644,0.020910356,0.023221057,0.025745839,0.028501626,0.031505932,0.034776445,0.038330352,0.042183284,0.04634773,0.0508307,0.055630399,0.060731668,0.06610002,0.071674392,0.077359257,0.083017627,0.088467466,0.093484617,0.097814568,0.101192764,0.103369542,0.104133216,0.103325549,0.100847281,0.09665541,0.090756328,0.083199342,0.074074763,0.063520919,0.051746757,0.039083268,0.026092029,0.013787945,0.004049341,1.72E-08
4.873359037,2.68E-06,6.68E-06,1.54E-05,3.18E-05,5.55E-05,8.92E-05,0.000134762,0.000194359,0.000270188,0.000364599,0.000480086,0.000619296,0.000785048,0.000980341,0.00120837,0.001472547,0.001776515,0.002124173,0.002519694,0.002967556,0.003472563,0.00403988,0.004675066,0.005384111,0.006173475,0.007050135,0.008021633,0.009096128,0.010282456,0.01159019,0.013029705,0.014612242,0.016349978,0.018256087,0.02034479,0.02263139,0.025132273,0.027864858,0.030847461,0.034099038,0.037638732,0.041485143,0.045655192,0.050162395,0.055014337,0.060209077,0.065730207,0.071540403,0.077573575,0.083726335,0.089850418,0.095748808,0.101178898,0.105865227,0.109521466,0.111877404,0.112703933,0.111829791,0.109147548,0.104610664,0.098226056,0.09004709,0.080171509,0.068749028,0.05600579,0.042300029,0.028239541,0.014922766,0.004382623,1.86E-08
4.867717123,2.90E-06,7.22E-06,1.67E-05,3.44E-05,6.01E-05,9.65E-05,0.000145779,0.000210249,0.000292277,0.000394407,0.000519335,0.000669926,0.000849229,0.001060488,0.001307159,0.001592934,0.001921752,0.002297833,0.00272569,0.003210166,0.003756459,0.004370157,0.005057273,0.005824285,0.006678183,0.007626514,0.008677435,0.009839775,0.01112309,0.012537737,0.014094938,0.015806855,0.017686658,0.0197486,0.022008063,0.024481602,0.027186943,0.030142928,0.033369372,0.036886779,0.040715857,0.04487673,0.049387698,0.054263383,0.059511992,0.065131424,0.07110393,0.077389134,0.083915544,0.090571318,0.097196071,0.103576679,0.109450702,0.114520158,0.11847531,0.121023856,0.121917957,0.120972351,0.118070823,0.11316303,0.106256453,0.097408821,0.08672587,0.074369552,0.060584501,0.045758235,0.030548243,0.016142765,0.004740921,2.02E-08
4.862075209,3.14E-06,7.81E-06,1.80E-05,3.72E-05,6.49E-05,0.000104303,0.000157617,0.000227322,0.000316011,0.000426434,0.000561506,0.000724327,0.00091819,0.001146603,0.001413305,0.001722285,0.002077805,0.002484425,0.002947025,0.003470843,0.004061497,0.004725029,0.005467941,0.006297237,0.007220475,0.008245813,0.009382073,0.010638798,0.012026324,0.013555845,0.015239496,0.017090426,0.019122876,0.021352254,0.023795193,0.026469592,0.029394616,0.032590638,0.03607908,0.039882112,0.044022125,0.048520875,0.053398149,0.058669757,0.064344571,0.07042032,0.076877814,0.083673398,0.090729775,0.097926021,0.105088727,0.111987462,0.118338476,0.123819589,0.128095914,0.13085141,0.131818115,0.130795722,0.12765858,0.122352257,0.114884842,0.105318752,0.093768309,0.080408616,0.065504171,0.049473962,0.033028866,0.017453613,0.0051259,2.18E-08
4.856433294,3.39E-06,8.44E-06,1.95E-05,4.02E-05,7.02E-05,0.000112715,0.000170329,0.000245656,0.000341499,0.000460827,0.000606793,0.000782746,0.000992245,0.00123908,0.001527292,0.001861193,0.002245386,0.002684801,0.003184711,0.003750776,0.004389068,0.005106116,0.005908946,0.006805128,0.007802827,0.008910862,0.010138764,0.011496849,0.012996282,0.014649163,0.016468606,0.018468818,0.020665192,0.023074376,0.025714345,0.028604442,0.031765378,0.035219168,0.038988963,0.043098721,0.047572638,0.052434225,0.057704866,0.063401645,0.069534149,0.076099925,0.083078234,0.090421902,0.098047397,0.105824041,0.11356444,0.121019579,0.127882821,0.133806001,0.138427224,0.141404959,0.142449632,0.14134478,0.137954618,0.132220325,0.124150641,0.113813018,0.101330998,0.086893806,0.070787274,0.053464181,0.035692741,0.018861298,0.005539319,2.36E-08
4.85079138,3.66E-06,9.12E-06,2.10E-05,4.35E-05,7.58E-05,0.000121744,0.000183973,0.000265334,0.000368854,0.000497741,0.000655399,0.000845446,0.001071726,0.001338334,0.001649633,0.002010279,0.002425248,0.00289986,0.003439815,0.004051223,0.004740645,0.00551513,0.006382269,0.007350237,0.008427855,0.009624646,0.010950907,0.012417777,0.014037319,0.015822601,0.017787785,0.01994822,0.022320529,0.024922695,0.027774133,0.030895735,0.03430987,0.038040318,0.042112084,0.046551045,0.051383335,0.056634348,0.062327181,0.068480287,0.075104021,0.082195734,0.089733025,0.09766494,0.105901257,0.114300831,0.122661257,0.130713573,0.138126579,0.144524222,0.149515617,0.152731877,0.153860231,0.152666877,0.149005154,0.142811529,0.134095442,0.122929747,0.109447883,0.093854234,0.076457525,0.057746806,0.038551825,0.020372139,0.005983033,2.54E-08
4.845149466,3.95E-06,9.84E-06,2.27E-05,4.69E-05,8.18E-05,0.000131429,0.000198609,0.000286442,0.000398197,0.000537337,0.000707538,0.000912703,0.001156985,0.001444802,0.001780865,0.002170202,0.002618183,0.003130552,0.003713462,0.004373509,0.005117776,0.005953874,0.006889996,0.007934969,0.009098313,0.010390313,0.011822081,0.013405645,0.015154026,0.017081332,0.019202852,0.021535156,0.024096189,0.026905364,0.029983642,0.033353575,0.037039314,0.04106653,0.045462216,0.050254308,0.05547102,0.061139765,0.067285479,0.073928081,0.081078752,0.088734629,0.096871532,0.105434453,0.114325992,0.123393775,0.132419296,0.141112195,0.149114926,0.156021519,0.161409994,0.164882116,0.166100233,0.164811945,0.160858922,0.154172576,0.144763101,0.132709145,0.118154762,0.101320595,0.082539931,0.062340723,0.041618728,0.021992798,0.006459,2.75E-08
4.839507552,4.26E-06,1.06E-05,2.45E-05,5.06E-05,8.83E-05,0.000141813,0.0002143,0.000309072,0.000429656,0.000579788,0.000763436,0.00098481,0.00124839,0.001558946,0.001921559,0.002341655,0.002825028,0.003377876,0.004006837,0.00471903,0.005522096,0.006424248,0.007434327,0.008561855,0.009817108,0.011211179,0.012756062,0.014464732,0.016351241,0.018430809,0.020719936,0.023236499,0.025999861,0.02903097,0.032352441,0.03598861,0.039965533,0.044310911,0.04905387,0.054224552,0.0598534,0.065969993,0.072601238,0.079768626,0.087484221,0.095744936,0.10452468,0.113764098,0.123358095,0.133142261,0.142880826,0.15226049,0.160895461,0.168347696,0.174161877,0.177908308,0.17922266,0.177832593,0.173567269,0.166352682,0.156199829,0.143193574,0.12748935,0.109325232,0.089060838,0.067265831,0.044906735,0.023730297,0.006969281,2.96E-08
4.833865638,4.60E-06,1.15E-05,2.64E-05,5.46E-05,9.52E-05,0.000152938,0.000231112,0.00033332,0.000463364,0.000625275,0.00082333,0.001062072,0.001346331,0.001681251,0.002072313,0.002525366,0.003046661,0.003642882,0.004321188,0.005089255,0.005955324,0.006928254,0.008017577,0.009233564,0.010587296,0.012090737,0.013756822,0.015599543,0.017634055,0.019876774,0.022345491,0.025059488,0.028039646,0.031308556,0.034890609,0.038812048,0.043100976,0.047787265,0.052902326,0.058478667,0.064549119,0.071145581,0.078297071,0.086026767,0.094347679,0.103256478,0.112725024,0.122689308,0.13303599,0.143587759,0.15409035,0.164205884,0.1735183,0.18155519,0.187825515,0.191865867,0.193283335,0.191784212,0.187184258,0.17940366,0.168454278,0.154427634,0.137491357,0.117902197,0.096047987,0.072543082,0.048429833,0.025592026,0.007516047,3.20E-08
4.828223723,4.96E-06,1.23E-05,2.85E-05,5.88E-05,0.000102624,0.000164853,0.000249117,0.000359287,0.000499462,0.000673987,0.000887471,0.001144812,0.001451216,0.001812228,0.002233755,0.002722104,0.00328401,0.003926679,0.004657828,0.005485731,0.006419271,0.007467996,0.008642182,0.009952901,0.011412095,0.013032661,0.014828541,0.016814819,0.019007828,0.021425265,0.024086307,0.027011736,0.030224062,0.033747635,0.037608746,0.041835683,0.046458738,0.05151011,0.057023658,0.063034421,0.069577789,0.076688146,0.084396769,0.092728643,0.101697793,0.111300627,0.121506816,0.132247364,0.143400098,0.154773899,0.166094689,0.176998269,0.187036165,0.195699166,0.202457977,0.20681309,0.208340986,0.206725074,0.201766763,0.193380021,0.181577633,0.16645825,0.148202559,0.127087315,0.103530562,0.078194518,0.052202738,0.027585761,0.008101581,3.45E-08
4.822581809,5.34E-06,1.33E-05,3.07E-05,6.34E-05,0.000110563,0.000177605,0.000268387,0.00038708,0.000538098,0.000726123,0.000956122,0.00123337,0.001563476,0.001952414,0.002406549,0.002932674,0.003538047,0.00423043,0.005018138,0.005910084,0.006915839,0.008045689,0.009310705,0.010722815,0.012294885,0.014040812,0.015975613,0.018115541,0.020478193,0.023082632,0.02594952,0.029101248,0.032562065,0.036358208,0.040517997,0.045071912,0.050052587,0.055494711,0.061434763,0.067910494,0.074960028,0.082620412,0.090925341,0.099901734,0.109564698,0.119910366,0.130906063,0.142477453,0.154492915,0.166746544,0.178943063,0.190690097,0.201504481,0.210837614,0.218119258,0.222811265,0.224457351,0.22271644,0.217374575,0.20833907,0.1956237,0.179334746,0.159666874,0.136918245,0.111539243,0.08424331,0.056240918,0.029719677,0.008728284,3.71E-08
4.816939895,5.75E-06,1.43E-05,3.30E-05,6.83E-05,0.000119055,0.000191247,0.000289002,0.00041681,0.000579428,0.000781895,0.001029559,0.001328101,0.001683562,0.002102373,0.002591389,0.003157924,0.003809794,0.004555358,0.005403567,0.006364021,0.007447024,0.008663655,0.010025833,0.011546404,0.013239221,0.015119246,0.017202655,0.019506944,0.022051064,0.024855543,0.027942629,0.031336432,0.035063065,0.039150778,0.04363007,0.048533758,0.053896984,0.059757102,0.066153393,0.073126506,0.080717495,0.088966251,0.097909058,0.107574902,0.117980051,0.129120341,0.140960585,0.153420741,0.166359077,0.179553873,0.192687171,0.205336461,0.216981468,0.227031452,0.234872378,0.239924764,0.241697283,0.239822656,0.234070498,0.224341002,0.210649,0.193108938,0.171930432,0.147434546,0.120106255,0.0907138,0.060560623,0.032002361,0.009398679,4.00E-08
4.811297981,6.19E-06,1.54E-05,3.55E-05,7.35E-05,0.000128134,0.000205831,0.00031104,0.000448596,0.000623614,0.000841521,0.001108072,0.001429381,0.001811949,0.002262698,0.002789005,0.003398744,0.004100325,0.004902744,0.005815637,0.006849334,0.008014926,0.009324336,0.010790392,0.012426919,0.014248829,0.016272223,0.01851451,0.020994522,0.023732654,0.026750999,0.030073503,0.033726113,0.037736935,0.042136373,0.04695725,0.052234888,0.058007108,0.064314112,0.071198177,0.078703051,0.086872921,0.095750718,0.105375493,0.115778443,0.126977077,0.138966913,0.151710082,0.165120435,0.179045434,0.19324645,0.207381278,0.22099519,0.233528231,0.244344616,0.252783483,0.258221158,0.260128847,0.258111264,0.251920452,0.241448996,0.226712857,0.20783521,0.185041654,0.158677739,0.129265423,0.097631532,0.065178908,0.034442825,0.010115412,4.30E-08
4.805656067,6.66E-06,1.66E-05,3.82E-05,7.90E-05,0.000137835,0.000221415,0.00033459,0.000482559,0.000670829,0.000905234,0.001191965,0.0015376,0.001949133,0.002434009,0.003000163,0.003656066,0.004410764,0.005273935,0.006255944,0.007367903,0.008621743,0.010030289,0.011607342,0.013367772,0.01532762,0.017504208,0.01991626,0.022584036,0.025529474,0.028776341,0.032350394,0.036279547,0.040594032,0.045326555,0.050512425,0.056189637,0.062398877,0.06918339,0.076588653,0.084661729,0.093450146,0.103000089,0.113353565,0.124544131,0.136590624,0.149488221,0.163196186,0.177621848,0.192601121,0.207877309,0.223082298,0.23772693,0.251208859,0.262844162,0.271921943,0.27777131,0.279823431,0.277653095,0.270993571,0.259729312,0.243877487,0.223570597,0.199051321,0.170691371,0.139052223,0.105023302,0.070113661,0.037050522,0.010881259,4.63E-08
4.800014152,7.16E-06,1.78E-05,4.11E-05,8.50E-05,0.000148195,0.000238057,0.000359738,0.00051883,0.00072125,0.000973274,0.001281557,0.001653171,0.002095636,0.002616956,0.003225665,0.003930868,0.004742291,0.005670341,0.00672616,0.007921698,0.009269781,0.010784198,0.012479787,0.014372536,0.016479693,0.018819879,0.021413229,0.024281523,0.02744835,0.030939262,0.034781952,0.039006432,0.043645208,0.048733442,0.054309098,0.060413028,0.067088974,0.074383432,0.082345299,0.091025172,0.100474154,0.110741901,0.121873577,0.133905262,0.146857207,0.160724228,0.175462527,0.190972468,0.207077631,0.223502025,0.239849869,0.255595238,0.270090512,0.282600361,0.292360456,0.29864948,0.300855845,0.298522379,0.291362305,0.279251388,0.262208091,0.24037487,0.214012648,0.183521074,0.149503827,0.112917185,0.075383625,0.039835356,0.011699128,4.97E-08
4.794372238,7.69E-06,1.92E-05,4.42E-05,9.13E-05,0.000159252,0.00025582,0.000386581,0.000557543,0.000775067,0.001045895,0.001377182,0.001776524,0.002252003,0.002812222,0.003466351,0.004224172,0.005096141,0.006093438,0.007228038,0.008512781,0.009961452,0.011588868,0.013410975,0.015444954,0.017709337,0.020224138,0.023010992,0.026093307,0.029496428,0.033247817,0.037377233,0.041916926,0.046901826,0.052369723,0.058361411,0.06492079,0.072094866,0.079933606,0.088489553,0.097817081,0.107971106,0.119004988,0.130967262,0.1438967,0.157815064,0.172716783,0.18855479,0.205222017,0.222528878,0.24017879,0.25774644,0.274666661,0.29024351,0.303686791,0.314175143,0.320933426,0.323304421,0.320796842,0.313102514,0.300087932,0.281772937,0.258310614,0.229981356,0.197214632,0.160659163,0.121342583,0.081008429,0.0428077,0.012572067,5.35E-08
4.788730324,8.26E-06,2.06E-05,4.75E-05,9.81E-05,0.000171048,0.000274768,0.000415214,0.000598839,0.000832475,0.001123363,0.001479187,0.001908108,0.002418806,0.00302052,0.003723098,0.004537051,0.005473605,0.00654477,0.007763408,0.00914331,0.010699283,0.012447239,0.014404307,0.016588939,0.019021042,0.021722111,0.024715383,0.028026001,0.031681186,0.035710435,0.04014571,0.045021652,0.050375777,0.056248673,0.062684156,0.069729379,0.077434829,0.085854173,0.095043846,0.105062251,0.11596837,0.127819516,0.140667819,0.154554922,0.169504198,0.185509666,0.202520772,0.220422516,0.239011271,0.257968487,0.276837348,0.295010826,0.311741429,0.326180434,0.337445643,0.344704503,0.347251114,0.344557803,0.336293566,0.322315013,0.302643453,0.277443309,0.247015744,0.211822035,0.172558956,0.130330253,0.087008606,0.045978405,0.013503262,5.74E-08
4.78308841,8.87E-06,2.21E-05,5.09E-05,0.000105282,0.000183624,0.000294969,0.000445741,0.000642867,0.00089368,0.001205955,0.00158794,0.002048396,0.002596641,0.003242593,0.003996827,0.004870622,0.005876033,0.007025952,0.008334187,0.009815542,0.011485912,0.013362381,0.015463336,0.017808586,0.020419501,0.023319157,0.0265325,0.030086519,0.03401044,0.038335926,0.04309729,0.048331719,0.054079489,0.060384169,0.067292801,0.074856,0.083127967,0.092166316,0.102031629,0.112786604,0.12449456,0.137217022,0.151009953,0.165918059,0.181966431,0.199148648,0.217410439,0.236628349,0.256583781,0.276934763,0.297190894,0.316700516,0.334661182,0.350161767,0.362255213,0.370047757,0.372781598,0.36989027,0.361018434,0.346012154,0.324894307,0.297841407,0.265176756,0.227395547,0.18524578,0.139912352,0.093405625,0.049358814,0.014496045,6.16E-08
4.777446495,9.51E-06,2.37E-05,5.47E-05,0.000112965,0.000197024,0.000316495,0.000478269,0.00068978,0.000958897,0.00129396,0.00170382,0.002197878,0.002786131,0.003479222,0.004288495,0.005226056,0.006304837,0.007538672,0.008942375,0.010531832,0.012324097,0.014337502,0.016591774,0.019108169,0.021909615,0.025020874,0.028468711,0.032282085,0.036492355,0.041133493,0.046242318,0.05185873,0.058025943,0.064790709,0.072203498,0.080318622,0.089194237,0.098892159,0.109477395,0.121017215,0.133579559,0.147230444,0.162029915,0.178025941,0.195245445,0.213681535,0.233275982,0.25389632,0.275308001,0.297144097,0.318878421,0.33981176,0.359083107,0.375714848,0.388690814,0.397052019,0.399985363,0.39688304,0.38736378,0.371262416,0.348603493,0.319576406,0.284528049,0.243989753,0.198764105,0.150122466,0.100221907,0.052960777,0.015553895,6.61E-08
4.771804581,1.02E-05,2.54E-05,5.86E-05,0.000121147,0.000211294,0.000339418,0.00051291,0.00073974,0.001028348,0.00138768,0.001827225,0.002357067,0.002987927,0.003731218,0.004599106,0.005604573,0.006761489,0.008084688,0.00959006,0.011294639,0.013216716,0.015375949,0.017793495,0.020492149,0.023496501,0.026833105,0.030530664,0.034620236,0.03913545,0.04411274,0.049591591,0.055614793,0.06222869,0.069483418,0.077433107,0.086135999,0.095654464,0.106054795,0.117406706,0.12978234,0.143254559,0.15789416,0.173765539,0.190920137,0.209386828,0.229158221,0.250171869,0.272285713,0.295248215,0.318665872,0.341974386,0.3644239,0.385091046,0.402927404,0.416843202,0.425809999,0.428955802,0.425628781,0.415420053,0.398152488,0.373852407,0.342722924,0.305136059,0.261661626,0.21316034,0.160995648,0.107480855,0.05679666,0.016680444,7.09E-08
4.766162667,1.09E-05,2.72E-05,6.28E-05,0.000129856,0.000226482,0.000363816,0.000549779,0.000792914,0.001102269,0.00148743,0.001958571,0.0025265,0.003202707,0.003999428,0.004929702,0.006007445,0.007247523,0.008665837,0.010279419,0.012106528,0.014166769,0.016481214,0.01907254,0.02196518,0.025185493,0.028761941,0.03272529,0.037108832,0.041948612,0.047283683,0.053156369,0.059612534,0.066701856,0.074478074,0.082999207,0.092327687,0.102530365,0.1136783,0.125846216,0.139111445,0.153552084,0.169244019,0.186256275,0.204643992,0.224438118,0.245630733,0.268154898,0.291858345,0.316471454,0.341572435,0.366556428,0.390619673,0.41277243,0.431890913,0.446807017,0.456418371,0.459790302,0.456224127,0.445281568,0.426772763,0.400725927,0.367358773,0.327070063,0.28047057,0.228482881,0.17256845,0.115206869,0.060879357,0.017879479,7.60E-08
4.760520753,1.17E-05,2.92E-05,6.73E-05,0.000139119,0.000242639,0.00038977,0.000588999,0.000849479,0.001180901,0.001593538,0.00209829,0.002706732,0.003431178,0.004284734,0.005281372,0.006435997,0.007764539,0.009284032,0.011012721,0.012970171,0.015177383,0.017656933,0.020433116,0.023532109,0.026982149,0.030813729,0.035059812,0.039756062,0.044941097,0.050656756,0.056948381,0.063865109,0.071460161,0.079791111,0.088920116,0.098914061,0.109844566,0.12178776,0.134823699,0.149035228,0.164506018,0.181317367,0.199543225,0.219242666,0.240448844,0.263153275,0.287284245,0.312678623,0.339047555,0.365939164,0.392705438,0.418485281,0.442218347,0.462700684,0.478680857,0.488977856,0.492590331,0.488769755,0.477046588,0.457217422,0.429312484,0.39356502,0.350402237,0.300478479,0.244782148,0.184878953,0.123425373,0.065222304,0.019154946,8.15E-08
4.754878839,1.25E-05,3.13E-05,7.21E-05,0.000148968,0.000259816,0.000417362,0.000630695,0.000909614,0.001264499,0.001706347,0.002246831,0.002898346,0.003674076,0.004588057,0.005655248,0.006891611,0.008314201,0.009941261,0.011792328,0.013888348,0.016251812,0.018906893,0.021879606,0.025197981,0.028892254,0.032995077,0.037541747,0.042570451,0.048122542,0.05424282,0.060979839,0.068386212,0.076518929,0.085439639,0.095214899,0.10591633,0.117620621,0.130409291,0.144368063,0.159585646,0.176151635,0.194153084,0.213669177,0.234763169,0.257470564,0.281782273,0.30762151,0.334813592,0.363049219,0.391844523,0.42050562,0.448110456,0.47352362,0.495455931,0.512567363,0.523593301,0.527461508,0.523370469,0.510817401,0.4895845,0.459704132,0.421426053,0.375207715,0.321749782,0.262110628,0.1979668,0.132162832,0.069839484,0.020510952,8.72E-08
4.749236924,1.34E-05,3.35E-05,7.71E-05,0.000159432,0.000278067,0.00044668,0.000674999,0.000973511,0.001353325,0.001826212,0.002404662,0.003101944,0.003932166,0.004910351,0.006052507,0.00737572,0.008898243,0.010639598,0.012620694,0.014863952,0.01739344,0.02023503,0.023416565,0.026968044,0.030921826,0.035312857,0.040178913,0.045560864,0.051502969,0.058053174,0.065263442,0.073190085,0.081894095,0.091441451,0.101903386,0.113356552,0.125883025,0.139570051,0.154509374,0.170795935,0.188525622,0.207791605,0.22867863,0.251254395,0.275556898,0.301576414,0.329230759,0.358332982,0.388552055,0.419370121,0.450044551,0.479588523,0.506786866,0.530259838,0.548573285,0.560373753,0.564513687,0.560135267,0.546700394,0.523975962,0.491996611,0.451029642,0.401564639,0.344351489,0.280522909,0.21187322,0.141446772,0.074745444,0.021951769,9.33E-08
4.74359501,1.44E-05,3.58E-05,8.25E-05,0.000170545,0.000297448,0.000477814,0.000722047,0.001041366,0.001447654,0.001953501,0.00257227,0.003318153,0.004206243,0.005252608,0.006474375,0.007889818,0.009518462,0.011381191,0.013500373,0.015899988,0.018605785,0.021645438,0.02504873,0.028847751,0.033077117,0.037774209,0.042979434,0.048736515,0.055092792,0.062099554,0.069812388,0.078291528,0.087602218,0.097815037,0.109006183,0.121257649,0.134657234,0.149298263,0.165278876,0.182700631,0.201666101,0.222274947,0.244617824,0.268767149,0.294763568,0.322596677,0.352178566,0.383309252,0.415634633,0.448600757,0.481413235,0.51301646,0.542110562,0.567219631,0.586809548,0.599432524,0.603861017,0.599177416,0.584806115,0.560497761,0.526289407,0.482466988,0.429554211,0.368353231,0.300075717,0.226641056,0.151305794,0.079955298,0.023481836,9.99E-08
4.737953096,1.54E-05,3.83E-05,8.82E-05,0.000182339,0.000318019,0.000510858,0.000771981,0.001113384,0.001547768,0.002088599,0.002750159,0.003547625,0.004497133,0.005615861,0.006922121,0.008435451,0.010176726,0.012168276,0.014434013,0.016999578,0.019892499,0.023142364,0.026781016,0.030842764,0.035364619,0.040386545,0.045951747,0.052106968,0.058902824,0.06639415,0.074640377,0.083705907,0.093660492,0.104579595,0.116544683,0.129643419,0.143969674,0.159623227,0.176709005,0.195335591,0.215612648,0.237646733,0.261534768,0.287354179,0.315148422,0.344906375,0.376534048,0.409817627,0.444378522,0.479624473,0.514706151,0.548494948,0.5796011,0.606446628,0.627391317,0.640887256,0.645622008,0.640614505,0.625249333,0.599259895,0.562685808,0.515832777,0.459260732,0.393827298,0.320827941,0.242314787,0.161769592,0.085484737,0.02510576,1.07E-07
4.732311182,1.64E-05,4.09E-05,9.43E-05,0.00019485,0.000339839,0.00054591,0.000824948,0.001189775,0.001653964,0.002231902,0.002938854,0.003791036,0.004805691,0.006001178,0.007397063,0.009014226,0.010874974,0.013003169,0.015424363,0.018165957,0.021257368,0.024730213,0.028618521,0.032958955,0.037791065,0.043157557,0.0491046,0.055682144,0.062944279,0.070949602,0.079761621,0.089449157,0.100086749,0.111755036,0.124541075,0.138538545,0.153847757,0.170575335,0.188833407,0.208738004,0.230406316,0.253952209,0.279479256,0.307070194,0.336771463,0.368571176,0.402368894,0.437936134,0.474868331,0.512532585,0.550021295,0.586128417,0.619368832,0.648056292,0.670438044,0.684859969,0.689919583,0.684568504,0.668149094,0.640376462,0.601292944,0.551225222,0.490771642,0.420848673,0.342840666,0.258940548,0.172868967,0.091350036,0.026828323,1.14E-07
4.726669268,1.75E-05,4.37E-05,0.000100702,0.000208113,0.000362971,0.000583069,0.000881101,0.001270761,0.001766547,0.002383823,0.003138896,0.004049085,0.005132806,0.006409667,0.007900567,0.009627808,0.011615214,0.01388827,0.016474271,0.01940248,0.022704317,0.026413553,0.030566531,0.03520241,0.040363432,0.046095212,0.052447058,0.059472324,0.067228779,0.075779009,0.085190846,0.095537794,0.106899468,0.119361994,0.133018354,0.147968606,0.164319887,0.182186081,0.201686946,0.222946412,0.246089645,0.271238263,0.298502889,0.327971891,0.35969487,0.393659131,0.429757396,0.467745632,0.507191735,0.547419724,0.587460222,0.626025089,0.661528117,0.692168279,0.716073515,0.731477114,0.736881126,0.731165809,0.71362876,0.683965697,0.642221837,0.588746098,0.524177554,0.449495059,0.366177193,0.27656615,0.184635836,0.097568064,0.028654477,1.22E-07
4.721027353,1.87E-05,4.66E-05,0.000107502,0.000222166,0.00038748,0.00062244,0.000940597,0.001356569,0.001885831,0.002544789,0.003350848,0.004322496,0.005479395,0.006842475,0.008434048,0.010277919,0.012399523,0.014826066,0.017586684,0.020712619,0.024237411,0.02819711,0.032630515,0.037579429,0.043088945,0.049207759,0.05598851,0.063488152,0.071768356,0.080895935,0.090943299,0.101988918,0.114117781,0.12742183,0.142000327,0.157960085,0.175415475,0.194488071,0.215305718,0.238000715,0.262706679,0.289553441,0.318659091,0.350117968,0.383983019,0.420240693,0.458776469,0.499329835,0.541439508,0.584383865,0.62712807,0.668297002,0.706197348,0.738906466,0.764425886,0.780869603,0.786638518,0.780537278,0.761816052,0.73015001,0.685587425,0.628500773,0.559572283,0.479846904,0.390903056,0.295241089,0.197103244,0.10415628,0.030589351,1.30E-07
4.715385439,2.00E-05,4.97E-05,0.000114702,0.000237046,0.000413434,0.000664131,0.001003599,0.001447433,0.002012146,0.002715241,0.003575291,0.00461202,0.005846409,0.00730079,0.008998967,0.010966342,0.013230052,0.015819127,0.018764654,0.022099966,0.025860851,0.030085774,0.034816131,0.040096528,0.045975075,0.052503732,0.059738663,0.067740637,0.076575455,0.086314406,0.097034751,0.108820214,0.121761477,0.135956641,0.151511618,0.168540372,0.187164937,0.20751503,0.229727059,0.253942184,0.280302973,0.308947951,0.34000312,0.373569136,0.409702495,0.448388735,0.489505666,0.532775327,0.577705539,0.623526341,0.669133586,0.713060045,0.753498985,0.788398984,0.815627715,0.833172844,0.839328165,0.832818259,0.812843071,0.779056014,0.731508593,0.670598234,0.597052861,0.511987415,0.417086041,0.315016562,0.21030537,0.111132747,0.032638249,1.39E-07
4.709743525,2.13E-05,5.30E-05,0.000122323,0.000252795,0.000440902,0.000708255,0.001070275,0.001543596,0.002145828,0.002895635,0.003812824,0.004918431,0.00623483,0.007785836,0.009596835,0.011694918,0.014109024,0.01687011,0.02001133,0.023568232,0.027578981,0.032084597,0.037129228,0.04276044,0.049029544,0.055991948,0.06370755,0.072241155,0.081662936,0.092048919,0.103481496,0.116049955,0.129851003,0.144989259,0.161577669,0.179737771,0.199599705,0.221301808,0.244989548,0.270813465,0.298925598,0.329473676,0.362592073,0.398388131,0.436922099,0.478178556,0.522027193,0.568171582,0.616086843,0.664951865,0.71358914,0.760433963,0.803559564,0.840778232,0.869815971,0.888526754,0.89509102,0.888148612,0.866846323,0.830814539,0.780108186,0.715151096,0.636719554,0.546002573,0.444796189,0.335945471,0.22427753,0.118516127,0.034806652,1.48E-07
4.704101611,2.27E-05,5.65E-05,0.000130383,0.000269453,0.000469955,0.000754925,0.001140801,0.001645311,0.002287226,0.003086442,0.004064068,0.005242529,0.00664567,0.008298879,0.010229214,0.012465548,0.015038731,0.017981758,0.021329967,0.025121249,0.029396284,0.034198795,0.039575839,0.045578118,0.052260321,0.059681509,0.067905526,0.077001449,0.087044073,0.098114435,0.110300356,0.123697008,0.138407469,0.154543252,0.172224747,0.191581499,0.212752226,0.235884377,0.261133009,0.28865858,0.318623148,0.351184176,0.386484893,0.424639714,0.465712858,0.509687888,0.556425909,0.605610958,0.656683572,0.708768529,0.760610733,0.810542371,0.856509712,0.896180885,0.927132051,0.947075772,0.954072586,0.946672712,0.923966719,0.885560639,0.831513017,0.762275613,0.678675864,0.581981134,0.474105808,0.358082426,0.239056184,0.126325687,0.037100219,1.58E-07
4.698459696,2.42E-05,6.02E-05,0.000138904,0.000287062,0.000500667,0.00080426,0.001215354,0.001752835,0.0024367,0.003288146,0.004329662,0.005585137,0.007079977,0.008841226,0.010897711,0.013280194,0.016021538,0.019156897,0.022723918,0.026762967,0.031317383,0.036433747,0.04216219,0.048556728,0.055675625,0.063581801,0.072343273,0.08203363,0.092732557,0.104526387,0.11750868,0.131780826,0.147452642,0.164642927,0.183479939,0.204101689,0.22665596,0.251299839,0.278198513,0.307522929,0.339445734,0.374134684,0.411742364,0.45239067,0.496148017,0.542996893,0.592789327,0.645188706,0.699599005,0.755087807,0.81031799,0.863512749,0.912484137,0.954747892,0.987721771,1.00896885,1.016422918,1.008539449,0.984349579,0.943433594,0.885853864,0.812091673,0.723028533,0.620014631,0.505089461,0.381483747,0.254678928,0.134581294,0.039524784,1.68E-07
4.692817782,2.57E-05,6.41E-05,0.000147906,0.000305667,0.000533115,0.000856384,0.00129412,0.001866435,0.002594621,0.003501249,0.004610264,0.005947106,0.007538825,0.00941422,0.011603984,0.014140874,0.017059884,0.020398443,0.02419664,0.028497457,0.033347041,0.038794993,0.044894694,0.051703657,0.059283925,0.067702495,0.077031791,0.087350174,0.098742492,0.111300672,0.125124338,0.140321453,0.157008948,0.175313324,0.19537115,0.217329382,0.24134538,0.267586412,0.296228371,0.327453283,0.361444983,0.3983821,0.438427109,0.481709804,0.528303035,0.578188155,0.631207603,0.687002951,0.744939544,0.804024538,0.862834152,0.919476428,0.971621618,1.016624458,1.051735352,1.07435944,1.082296601,1.07390221,1.048144611,1.004576888,0.943265455,0.864722786,0.769887524,0.660197361,0.537823968,0.406207451,0.271184498,0.143303417,0.042086358,1.79E-07
4.687175868,2.74E-05,6.83E-05,0.000157412,0.000325311,0.000567377,0.000911421,0.00137729,0.001986385,0.00276137,0.003726264,0.004906553,0.00632931,0.008023324,0.010019245,0.01234974,0.015049668,0.018156274,0.021709393,0.025751689,0.030328908,0.035490161,0.041288237,0.047779948,0.055026504,0.063093934,0.072053542,0.081982405,0.092963921,0.105088391,0.118453649,0.133165724,0.149339514,0.167099467,0.186580213,0.207927098,0.231296524,0.256855962,0.28478343,0.315266126,0.348497774,0.384674025,0.423984985,0.466603573,0.512667924,0.562255569,0.615346664,0.671773521,0.731154677,0.792814691,0.855696909,0.918286049,0.978568563,1.034064977,1.081960021,1.119327393,1.143405466,1.151852726,1.142918851,1.115505885,1.069138188,1.003886443,0.920296061,0.819366006,0.702626368,0.572388385,0.432313248,0.288612754,0.15251312,0.044791129,1.90E-07
4.681533954,2.91E-05,7.26E-05,0.000167443,0.000346041,0.000603533,0.000969502,0.001465058,0.002112968,0.002937339,0.003963721,0.005219224,0.006732647,0.008534613,0.010657724,0.01313673,0.016008712,0.019313287,0.02309283,0.027392722,0.032261625,0.037751781,0.043919341,0.050824738,0.058533082,0.067114612,0.076645173,0.087206756,0.098888072,0.111785176,0.126002139,0.141651745,0.158856214,0.177747925,0.198470087,0.221177307,0.246035956,0.273224176,0.302931329,0.335356543,0.370705887,0.409187478,0.45100354,0.496338009,0.545337823,0.598085454,0.654559793,0.714582466,0.777747702,0.843337016,0.91022642,0.97680407,1.040928103,1.099961041,1.150908209,1.190656827,1.216269281,1.225254845,1.215751657,1.186591792,1.137269302,1.067859372,0.97894217,0.871580321,0.747401419,0.608863986,0.459862524,0.307004678,0.162232059,0.047645455,2.03E-07
4.67589204,3.10E-05,7.72E-05,0.000178023,0.000367906,0.000641666,0.001030758,0.001557626,0.002246473,0.003122931,0.004214163,0.005548994,0.00715804,0.009073861,0.011331118,0.013966757,0.017020201,0.020533571,0.024551919,0.029123494,0.034300032,0.040137076,0.046694325,0.05403603,0.062231416,0.071355158,0.081487894,0.092716797,0.105136181,0.118848172,0.133963414,0.150601818,0.168893329,0.188978687,0.211010151,0.235152096,0.261581405,0.290487476,0.322071635,0.356545593,0.394128437,0.435041436,0.479499589,0.527698454,0.579794256,0.635874675,0.695917268,0.759732392,0.826888638,0.896622125,0.967737846,1.038522115,1.106697738,1.169460592,1.223626788,1.265886868,1.293117611,1.302670916,1.292567282,1.26156499,1.209126125,1.135330623,1.040795308,0.926649945,0.794624966,0.647334234,0.488918316,0.326402354,0.172482473,0.050655869,2.15E-07
4.670250125,3.29E-05,8.20E-05,0.000189175,0.000390952,0.000681862,0.001095328,0.001655199,0.002387198,0.003318559,0.004478148,0.005896596,0.007606436,0.009642268,0.012040925,0.014841666,0.018086386,0.021819841,0.026089908,0.030947857,0.036448666,0.042651355,0.049619365,0.057420972,0.066129736,0.075825009,0.086592484,0.098524791,0.111722154,0.126293095,0.142355191,0.160035864,0.179473196,0.200816748,0.224228313,0.249882566,0.277967467,0.308684281,0.342246946,0.378880432,0.418817552,0.462293435,0.509536549,0.560754703,0.616113905,0.675707331,0.739511131,0.807323782,0.87868685,0.952788604,1.028359177,1.103577536,1.176023837,1.242718301,1.300277593,1.345184942,1.374121481,1.384273227,1.373536678,1.340592331,1.284868575,1.206450352,1.105993127,0.984697435,0.844402108,0.687884744,0.519545287,0.34684895,0.183287173,0.053829069,2.29E-07
4.664608211,3.50E-05,8.71E-05,0.000200922,0.000415231,0.000724206,0.001163349,0.001757989,0.002535446,0.003524645,0.004756247,0.006262782,0.008078806,0.010241065,0.012788681,0.015763352,0.019209573,0.023174881,0.027710123,0.032869757,0.038712173,0.045300057,0.05270079,0.060986885,0.070236474,0.080533837,0.091969985,0.104643303,0.118660238,0.134136053,0.151195626,0.16997429,0.190618705,0.213287717,0.23815317,0.265400584,0.295229592,0.327853958,0.363500906,0.402409377,0.444826642,0.491002432,0.541179402,0.595578267,0.654375344,0.717669596,0.785435691,0.857459592,0.933254395,1.011957959,1.092221559,1.172111071,1.249056378,1.319892651,1.381026446,1.428722598,1.459456132,1.470238314,1.458835012,1.42384478,1.364660509,1.281372417,1.174676674,1.045848369,0.896840527,0.730603241,0.551809695,0.368388701,0.194669534,0.057171922,2.43E-07
4.658966297,3.71E-05,9.25E-05,0.000213291,0.000440792,0.000768789,0.001234965,0.001866211,0.002691529,0.003741624,0.005049044,0.006648321,0.008576141,0.01087151,0.013575958,0.016733751,0.020392123,0.024601537,0.029415971,0.034893234,0.041095312,0.048088749,0.055945074,0.064741265,0.074560263,0.085491536,0.097631699,0.111085192,0.125965016,0.142393529,0.160503297,0.180437984,0.202353278,0.226417806,0.252813987,0.281738764,0.31340406,0.348036797,0.385878186,0.42718188,0.472210371,0.521228764,0.574494651,0.632242334,0.694658986,0.761849661,0.833787468,0.910245192,0.990705958,1.074254549,1.159459213,1.244266759,1.325948854,1.40114584,1.466043059,1.516675407,1.549300912,1.56074685,1.548641555,1.511497309,1.448669627,1.360254283,1.246990301,1.110231268,0.952050436,0.775579507,0.58577935,0.391066876,0.206653478,0.060691451,2.58E-07
4.653324383,3.94E-05,9.81E-05,0.000226306,0.00046769,0.0008157,0.001310323,0.001980087,0.002855766,0.003969938,0.005357136,0.007054002,0.009099456,0.011534888,0.014404363,0.017754844,0.021636449,0.026102721,0.031210932,0.037022417,0.043602945,0.051023121,0.059358839,0.068691773,0.079109926,0.090708224,0.103589179,0.117863603,0.133651393,0.151082374,0.170297198,0.191448299,0.214700863,0.240233806,0.268240681,0.298930446,0.332527956,0.36927398,0.409424449,0.453248492,0.501024619,0.553034111,0.609550279,0.670821722,0.737047035,0.80833768,0.884665128,0.965788298,1.051158774,1.139805496,1.230209342,1.32019184,1.406858172,1.486643673,1.555500917,1.609222847,1.643839158,1.655983526,1.643139567,1.603728782,1.537067359,1.443256916,1.323081573,1.177977511,1.010144495,0.822905321,0.621523569,0.414929753,0.219263461,0.064394839,2.74E-07
4.647682469,4.18E-05,0.000104061,0.000239993,0.000495975,0.000865033,0.00138957,0.002099843,0.003028482,0.004210038,0.005681134,0.007480626,0.009649788,0.012232515,0.015275534,0.018828652,0.022945015,0.027681406,0.03309856,0.039261522,0.046240038,0.054108984,0.062948844,0.072846231,0.083894471,0.096194231,0.109854222,0.124991959,0.14173459,0.16021979,0.180596721,0.203027034,0.227685907,0.254763075,0.284463797,0.31700967,0.352639147,0.39160756,0.434186317,0.480660825,0.531326437,0.586481447,0.646415697,0.711392819,0.781623418,0.8572257,0.938169409,1.024198884,1.114732541,1.208740589,1.304612034,1.400036646,1.491944531,1.576555435,1.649577144,1.706548161,1.743258056,1.756136912,1.742516155,1.700721816,1.630028731,1.53054466,1.403101148,1.249221237,1.07123773,0.872674387,0.659113128,0.440024579,0.232524449,0.06828942,2.90E-07
4.642040554,4.43E-05,0.000110298,0.000254379,0.000525704,0.000916883,0.001472861,0.002225707,0.003210008,0.004462387,0.00602166,0.007929012,0.010228194,0.012965729,0.016191146,0.019957236,0.024320333,0.029340622,0.035082479,0.041614847,0.049011654,0.057352263,0.066721981,0.077212615,0.088923083,0.101960087,0.116438855,0.132483944,0.150230123,0.169823322,0.191421641,0.215196421,0.24133334,0.270033506,0.301514481,0.336011145,0.373776244,0.415080413,0.46021133,0.509471508,0.563174004,0.62163499,0.685161682,0.754033516,0.828473719,0.908607582,0.994403035,1.085589094,1.181549315,1.281192181,1.382810134,1.483954472,1.581371291,1.671053751,1.748452362,1.808838207,1.847748483,1.861399294,1.846962112,1.802662632,1.727732222,1.622285102,1.48720266,1.324099228,1.135447436,0.924982259,0.698620195,0.466399536,0.246461903,0.07238267,3.08E-07
4.63639864,4.69E-05,0.00011685,0.000269489,0.000556931,0.000971346,0.001560349,0.002357914,0.003400683,0.004727453,0.006379346,0.008399996,0.010835749,0.013735894,0.0171529,0.021142697,0.025764962,0.031083456,0.037166379,0.044086771,0.051922948,0.06075899,0.07068527,0.081799048,0.094205118,0.108016521,0.123355328,0.140353496,0.1591538,0.179910835,0.202792096,0.227979098,0.255668551,0.286073509,0.319424456,0.355970223,0.39597857,0.439736209,0.487547904,0.539734139,0.596626566,0.658560138,0.725860318,0.798823142,0.877685096,0.962578914,1.053470621,1.150073137,1.251733399,1.357295056,1.46494912,1.572101437,1.67530482,1.770314422,1.852310514,1.91628328,1.957504829,1.971966499,1.956671748,1.909740876,1.830359596,1.718648913,1.575542567,1.402750783,1.202893067,0.979926248,0.740118267,0.494103691,0.261101751,0.076682204,3.26E-07
4.630756726,4.97E-05,0.000123728,0.000285351,0.000589712,0.00102852,0.001652192,0.002496702,0.003600849,0.005005714,0.006754839,0.008894425,0.011473549,0.014544397,0.018162531,0.022387169,0.027281504,0.032913048,0.039354016,0.046681747,0.054979166,0.064335302,0.074845849,0.086613792,0.099750091,0.114374442,0.130616101,0.148614792,0.168521693,0.190500501,0.214728567,0.241398092,0.270717364,0.302911976,0.338225981,0.376922855,0.41928612,0.465619361,0.516245282,0.571503232,0.631744383,0.697323404,0.768584916,0.845842377,0.929346196,1.019236918,1.115478568,1.217767169,1.325411219,1.437186301,1.551176952,1.664636322,1.773914321,1.874516248,1.961338682,2.029076926,2.072724801,2.088037694,2.071842684,2.022149432,1.938095719,1.819809675,1.668279999,1.485317582,1.273696114,1.037605327,0.783682096,0.523186946,0.276470366,0.081195767,3.45E-07
4.625114812,5.26E-05,0.000130944,0.000301993,0.000624105,0.001088505,0.00174855,0.002642313,0.003810856,0.005297654,0.007148791,0.009413161,0.012142703,0.015392648,0.019221797,0.023692822,0.028872602,0.034832586,0.041649201,0.049404296,0.058185633,0.068087433,0.079210971,0.091665237,0.105567665,0.12104493,0.138233827,0.157282228,0.17835013,0.201610775,0.227251857,0.255476789,0.286506005,0.320578255,0.357951825,0.398905559,0.443739512,0.492774977,0.546353478,0.604834153,0.668588658,0.737992346,0.813409935,0.895173168,0.983547054,1.078680337,1.180534944,1.288789168,1.40271118,1.521005152,1.641643907,1.761720397,1.877371653,1.983840834,2.075726882,2.147415722,2.193609206,2.20981517,2.192675642,2.140084206,2.051128355,1.925943692,1.765576579,1.57194352,1.347979973,1.098120019,0.829387606,0.55369999,0.29259453,0.085931225,3.65E-07
4.619472898,5.56E-05,0.00013851,0.000319443,0.000660167,0.001151402,0.001849586,0.002794993,0.004031057,0.005603767,0.007561867,0.009957078,0.01284434,0.016282076,0.020332483,0.025061856,0.030540937,0.036845304,0.044055801,0.052259006,0.061547752,0.072021704,0.083787989,0.096961896,0.111667643,0.128039224,0.14622134,0.166370409,0.188655669,0.213260375,0.240383067,0.27023891,0.303061075,0.339102109,0.378635223,0.421955371,0.469379947,0.52124881,0.577923218,0.63978306,0.707221468,0.780635483,0.860410899,0.946898626,1.040378987,1.141009321,1.248749355,1.363258793,1.483763518,1.608892827,1.736502406,1.863517232,1.98585112,2.098472371,2.195667836,2.271499045,2.320361711,2.337504098,2.319374203,2.263743895,2.169647942,2.03722978,1.867596234,1.662774548,1.425869798,1.161572279,0.877311801,0.585694231,0.309501411,0.090896557,3.87E-07
4.613830983,5.88E-05,0.000146439,0.000337729,0.000697958,0.001217313,0.001955464,0.00295499,0.004261811,0.005924549,0.007994739,0.010527062,0.013579602,0.017214127,0.021496396,0.026496498,0.032289223,0.038954478,0.046577733,0.055250522,0.065070994,0.076144517,0.088584352,0.102512386,0.118059949,0.135368706,0.15459164,0.175894122,0.199455081,0.22546826,0.254143564,0.285708476,0.320409514,0.358513683,0.400309831,0.446109799,0.49624915,0.551087196,0.611005876,0.676406825,0.74770568,0.82532221,0.909664293,1.001102926,1.099934481,1.206325301,1.32023281,1.44129723,1.568700132,1.700992348,1.835906815,1.970192482,2.099529256,2.218597402,2.321356728,2.401528821,2.453188583,2.471312269,2.452144547,2.393329735,2.29384735,2.153849037,1.974504982,1.757958476,1.507492342,1.228065366,0.927532671,0.619221733,0.327218521,0.096099843,4.09E-07
4.608189069,6.21E-05,0.000154743,0.00035688,0.000737536,0.001286341,0.00206635,0.003122555,0.00450348,0.006260505,0.008448086,0.011124006,0.014349643,0.018190267,0.022715365,0.027999001,0.034120207,0.04116342,0.049218957,0.058383543,0.068760891,0.080462347,0.093607592,0.108325425,0.124754624,0.143044887,0.163357871,0.185868325,0.210765325,0.2382536,0.268554958,0.301909781,0.338578567,0.37884346,0.423009689,0.471406777,0.524389316,0.582336993,0.645653405,0.714762962,0.790104869,0.8721227,0.961247462,1.057871189,1.162307059,1.274730847,1.395097563,1.523027029,1.657654404,1.797448345,1.940013235,2.081913667,2.218584576,2.344404567,2.452990935,2.537709244,2.59229841,2.611449813,2.591195171,2.529045223,2.423921617,2.2759846,2.086470711,1.857644779,1.592975782,1.297703698,0.980129079,0.654335148,0.345773683,0.101549254,4.32E-07
4.602547155,6.56E-05,0.000163435,0.000376926,0.000778962,0.001358592,0.002182412,0.003297941,0.00475643,0.006612143,0.008922596,0.011748816,0.01515563,0.019211972,0.023991234,0.02957164,0.03603666,0.043475474,0.051983472,0.061662811,0.072623031,0.08498173,0.098865313,0.114409813,0.131761801,0.151079386,0.172533303,0.196308118,0.222603524,0.251635752,0.283639066,0.318867352,0.357595739,0.400122217,0.446769161,0.497884602,0.553843047,0.61504551,0.681918258,0.754909539,0.834483226,0.921107808,1.015238501,1.117289358,1.227591148,1.34632952,1.473456955,1.608571922,1.750761004,1.898406846,2.048979274,2.198849924,2.343197321,2.476084329,2.590769741,2.680246482,2.737901794,2.758128887,2.736736589,2.671095823,2.560067668,2.403821371,2.203662927,1.961984374,1.682449534,1.370592702,1.035180655,0.691087634,0.365194989,0.10725304,4.56E-07
4.596905241,6.93E-05,0.000172527,0.000397894,0.000822296,0.00143417,0.00230382,0.003481406,0.00502103,0.006979976,0.009418959,0.012402402,0.015998736,0.020280732,0.025325864,0.031216707,0.038041376,0.045894011,0.054875308,0.065093108,0.076663044,0.089709256,0.104365181,0.12077442,0.139091699,0.159483918,0.182131315,0.207228721,0.234986938,0.265634226,0.299417882,0.336605915,0.377488758,0.42238098,0.47162289,0.525581877,0.584653286,0.649260437,0.719853309,0.796905088,0.880905453,0.972348953,1.071716127,1.179444065,1.295881934,1.42122571,1.555425233,1.698056633,1.848155681,2.004015049,2.162963808,2.321171749,2.473549178,2.613828678,2.73489403,2.829348353,2.890211025,2.91156335,2.888981,2.819688644,2.702484002,2.537545739,2.326252498,2.071129389,1.77604405,1.446838651,1.092767662,0.729532777,0.385510753,0.113219517,4.81E-07
4.591263326,7.31E-05,0.000182032,0.000419815,0.000867598,0.001513182,0.002430743,0.003673205,0.005297651,0.00736452,0.009937872,0.01308568,0.016880145,0.021398047,0.026721128,0.032936511,0.040137167,0.048422423,0.057898521,0.068679244,0.080886596,0.094651556,0.110114911,0.127428175,0.146754596,0.168270273,0.192165369,0.218645452,0.247932937,0.280268657,0.315913537,0.355150348,0.398285525,0.445650969,0.497605734,0.554537453,0.616863248,0.685029763,0.759511767,0.840808515,0.929436662,1.025918006,1.130759558,1.244422488,1.3672752,1.499524468,1.641117367,1.791606675,1.949975043,2.114421079,2.282126709,2.449050708,2.609822978,2.757830815,2.885565949,2.985223989,3.049439733,3.071968408,3.048141942,2.975032103,2.851370375,2.677345264,2.454411368,2.18523291,1.873890608,1.526548488,1.152970872,0.7697245,0.406749472,0.119457053,5.08E-07
4.585621412,7.71E-05,0.000191962,0.000442718,0.00091493,0.001595734,0.002563352,0.003873597,0.005586665,0.007766292,0.010480035,0.013799572,0.017801044,0.022565421,0.028178904,0.034733369,0.042326858,0.051064117,0.061057186,0.072426054,0.08529938,0.09981529,0.116122252,0.134380044,0.154760822,0.17745029,0.202648989,0.230573697,0.261458966,0.295558769,0.333148261,0.374525644,0.42001407,0.469963545,0.524752712,0.584790352,0.650516342,0.722401695,0.80094708,0.886678987,0.980142261,1.081887162,1.192448366,1.312312199,1.441867165,1.581331318,1.730648845,1.889348127,2.056356311,2.229773733,2.406628577,2.582659146,2.752202379,2.908284813,3.042988562,3.148083466,3.215802512,3.239560244,3.21443392,3.137335559,3.006927441,2.823408356,2.588312259,2.304448718,1.976121075,1.609829638,1.215871423,0.81171697,0.428939768,0.125974056,5.36E-07
4.579979498,8.12E-05,0.000202332,0.000466633,0.000964353,0.001681933,0.00270182,0.004082842,0.005888447,0.008185814,0.011046148,0.014545001,0.018762626,0.023784366,0.029701079,0.036609605,0.044613281,0.053822512,0.064355388,0.076338382,0.089907103,0.105207137,0.122394972,0.141639018,0.16312073,0.187035844,0.213595732,0.243028884,0.275582522,0.311524335,0.351144347,0.394756863,0.442702494,0.495350152,0.553098934,0.616379702,0.685656095,0.761424569,0.844212837,0.934575833,1.033087828,1.140328811,1.256862337,1.383201004,1.519754303,1.666752065,1.824135463,1.991407402,2.167437076,2.350222203,2.536630435,2.722169868,2.900871529,3.065385262,3.207365471,3.318137418,3.389514529,3.414555611,3.388072008,3.306808929,3.169356393,2.975923928,2.728128352,2.428930999,2.082867673,1.696789814,1.281550666,0.855564499,0.452110343,0.132778954,5.65E-07
4.574337584,8.56E-05,0.000213153,0.000491589,0.001015928,0.001771885,0.002846318,0.004301199,0.00620337,0.008623604,0.011636913,0.01532289,0.019766081,0.025056391,0.031289539,0.038567544,0.04699927,0.056701024,0.067797216,0.080421079,0.094715476,0.11083378,0.128940848,0.149214096,0.171844684,0.197038815,0.225019168,0.256026451,0.290321108,0.328185147,0.369924099,0.415869081,0.46637892,0.521842257,0.582679535,0.649344658,0.722326062,0.802146753,0.889362668,0.984558419,1.088338991,1.201315391,1.324081313,1.457176771,1.601033154,1.755892588,1.921693098,2.097911004,2.283355022,2.475915785,2.672293423,2.867755796,3.056014704,3.22932689,3.378900424,3.495596629,3.5707911,3.597171419,3.569271431,3.483662274,3.33885856,3.135081023,2.874032949,2.558834051,2.194262714,1.787536804,1.350090013,0.901321435,0.476289916,0.139880181,5.95E-07
4.56869567,9.01E-05,0.000224439,0.000517616,0.001069717,0.001865698,0.002997017,0.004528927,0.006531809,0.009080182,0.012253032,0.016134163,0.020812599,0.026383006,0.032946169,0.040609509,0.049487654,0.05970307,0.071386751,0.084678987,0.099730204,0.116701894,0.135767643,0.157114262,0.18094303,0.20747107,0.236932847,0.269581816,0.30569221,0.345560967,0.389509794,0.437887342,0.491071433,0.549471286,0.613529604,0.683724323,0.760569741,0.844616551,0.936450129,1.036686035,1.145961287,1.264919242,1.394185027,1.534327247,1.685800132,1.848858625,2.023437472,2.208985265,2.404247649,2.607003575,2.813778461,3.019589623,3.217815931,3.400304161,3.557796892,3.680671598,3.759847253,3.787624283,3.758247124,3.668105376,3.515635005,3.301068431,3.026199121,2.694311963,2.310438333,1.882178249,1.421570762,0.949042054,0.501507168,0.147286162,6.26E-07
4.563053755,9.48E-05,0.000236201,0.000544744,0.001125779,0.001963478,0.003154087,0.004766283,0.006874135,0.009556066,0.012895201,0.016979739,0.021903368,0.027765715,0.034672847,0.042737815,0.052081255,0.062832051,0.075128063,0.089116932,0.104956969,0.122818129,0.142883096,0.165348471,0.190426082,0.21834443,0.249350271,0.283710342,0.321713247,0.363671487,0.409923631,0.4608366,0.516808018,0.578268552,0.645684105,0.719557663,0.800430475,0.888882099,0.985528586,1.09101776,1.206020025,1.331212452,1.467252934,1.614739874,1.774151308,1.945755541,2.129483898,2.324756074,2.530251973,2.743634144,2.961245904,3.177843434,3.386458593,3.578510857,3.744257632,3.873572083,3.956897259,3.986130056,3.955213269,3.860347278,3.69988608,3.474074277,3.184799329,2.835518282,2.431526201,1.980821415,1.496073929,0.998780442,0.52779068,0.155005289,6.59E-07
4.557411841,9.97E-05,0.000248454,0.000573002,0.001184177,0.00206533,0.0033177,0.005013526,0.007230718,0.01005177,0.013564117,0.017860533,0.023039565,0.029206011,0.036471438,0.044954762,0.054782876,0.06609135,0.079025195,0.093739712,0.110401422,0.129189097,0.150294898,0.173925623,0.20030409,0.229670653,0.262284865,0.298427302,0.33840154,0.382536288,0.431187678,0.484741665,0.543616499,0.608265187,0.6791778,0.756883415,0.841951358,0.93499125,1.036651099,1.147612333,1.268580132,1.40026669,1.543364026,1.698501584,1.866182197,2.04668809,2.239947023,2.44534859,2.661504217,2.885955202,3.114855179,3.342688313,3.562125006,3.764139634,3.938484223,4.074506628,4.162154146,4.192903342,4.160382803,4.06059581,3.891810977,3.654285595,3.350005033,2.982605663,2.557657224,2.083572943,1.573680058,1.050590371,0.555168867,0.163045908,6.93E-07
4.551769927,0.00010485,0.000261209,0.000602418,0.00124497,0.002171359,0.003488023,0.005270908,0.007601926,0.010567804,0.014260466,0.01877745,0.024222361,0.030705378,0.038343794,0.047262632,0.057595298,0.069484322,0.08308216,0.098552084,0.116069167,0.135821357,0.158010679,0.182854549,0.210587223,0.241461395,0.275749943,0.313747847,0.355774266,0.402174786,0.453323822,0.509627143,0.57152447,0.639492067,0.714045164,0.79574,0.885175128,0.982991465,1.089870288,1.206528007,1.333706003,1.472153034,1.622596645,1.785698595,1.96198753,2.151760163,2.354940548,2.570886941,2.798139481,3.034113243,3.274764397,3.51429394,3.744995988,3.957381564,4.140676587,4.283682057,4.37582919,4.408156976,4.373966909,4.269057091,4.091607249,3.841887881,3.521986282,3.135725507,2.688961231,2.190538596,1.65446903,1.104525169,0.583669909,0.171416295,7.29E-07
4.546128013,0.000110177,0.000274479,0.000633023,0.001308217,0.002281669,0.003665223,0.005538682,0.007988121,0.011104673,0.01498493,0.019731387,0.025452913,0.032265282,0.040291747,0.049663682,0.060521271,0.073014285,0.087302925,0.103558757,0.121965747,0.142721394,0.166037985,0.192143981,0.221285539,0.253728189,0.289758675,0.329686959,0.373848417,0.42260619,0.476353715,0.535517374,0.600559228,0.671979735,0.750320301,0.836165422,0.93014406,1.032929693,1.145238206,1.267822405,1.401461336,1.546941795,1.705028287,1.876416191,2.06166101,2.261074529,2.474576945,2.701493911,2.940291403,3.188253175,3.441129961,3.692828156,3.935250399,4.15842565,4.351032483,4.501302959,4.598131378,4.63210149,4.59617449,4.485935012,4.299470309,4.037064623,3.700911287,3.295027576,2.825566647,2.301822996,1.738519862,1.160637588,0.613321683,0.180124637,7.66E-07
4.540486099,0.000115715,0.000288276,0.000664843,0.001373978,0.002396362,0.003849463,0.005817097,0.008389662,0.011662874,0.015738182,0.02072323,0.026732361,0.033887169,0.042317103,0.05216014,0.06356351,0.076684513,0.091691404,0.108764373,0.128096632,0.149895608,0.17438426,0.201802533,0.232408957,0.266482411,0.30432405,0.346259421,0.392640754,0.443849447,0.500298713,0.562436367,0.630747697,0.705758318,0.78803685,0.87819717,0.976899857,1.084852242,1.202806197,1.331552368,1.471908962,1.624702326,1.790735394,1.970738499,2.165295068,2.374732559,2.598967158,2.837290619,3.088091807,3.348517938,3.614106149,3.878456523,4.133064669,4.36745833,4.56974698,4.727571143,4.829266861,4.864944558,4.827211606,4.71143069,4.515592917,4.239996816,3.886945971,3.460659597,2.967600151,2.41752934,1.825910499,1.218979664,0.644151686,0.18917901,8.04E-07
4.534844184,0.00012147,0.000302613,0.000697908,0.00144231,0.002515539,0.004040907,0.006106396,0.008806901,0.012242898,0.016520881,0.021753848,0.028061829,0.035572463,0.044421639,0.054754194,0.066724682,0.080498226,0.096251446,0.114173497,0.134467198,0.157350291,0.183056825,0.211838677,0.243967236,0.279735248,0.319458846,0.363479767,0.41216776,0.46592319,0.525179819,0.590407734,0.662116357,0.740857443,0.827227892,0.921872111,1.025483529,1.138804656,1.262624756,1.397773796,1.545110675,1.705502834,1.879793142,2.068748251,2.272980604,2.492833946,2.728220291,2.978396174,3.241670332,3.515048106,3.793844682,4.071341861,4.338612307,4.58466295,4.797011921,4.962685074,5.069438375,5.106890412,5.067280906,4.945741916,4.740164641,4.450862457,4.080253511,3.63276685,3.115186325,2.537759117,1.916717592,1.27960257,0.676186959,0.198587355,8.44E-07
4.52920227,0.000127446,0.000317501,0.000732243,0.001513268,0.002639299,0.004239711,0.006406818,0.009240183,0.012845224,0.017333676,0.022824094,0.029442415,0.037322557,0.046607095,0.057447991,0.070007404,0.084458578,0.100986826,0.119790605,0.141082716,0.165091612,0.192062857,0.222260719,0.255969938,0.293497665,0.335175585,0.381362248,0.432445593,0.488845683,0.55101762,0.619454618,0.694691163,0.777306154,0.867925857,0.967226382,1.075935276,1.194831577,1.324743379,1.466541483,1.621127042,1.789410176,1.97227522,2.170526544,2.384806722,2.615476411,2.862443295,3.124927333,3.401154055,3.687981471,3.980494284,4.271643771,4.552063391,4.810219235,5.033015353,5.206839295,5.318844645,5.358139248,5.316581033,5.189062567,4.9733713,4.669836024,4.280993856,3.811491743,3.268447287,2.662611811,2.01101628,1.342556468,0.709454011,0.208357457,8.86E-07
4.523560356,0.000133648,0.000332952,0.000767877,0.00158691,0.002767737,0.004446032,0.006718598,0.009689846,0.013470322,0.018177198,0.023934801,0.030875194,0.039138814,0.048875173,0.060243628,0.07341423,0.088568653,0.105901228,0.12562007,0.147948335,0.173125596,0.201409363,0.233076767,0.268426405,0.307780373,0.351486499,0.399920779,0.453490034,0.512634766,0.577832225,0.649599627,0.728497467,0.815132816,0.910162417,1.014295283,1.128294363,1.252976608,1.38921041,1.537908947,1.700017226,1.876489655,2.068253604,2.276152589,2.500860452,2.742755402,3.00174063,3.276998136,3.566667097,3.867452622,4.174200216,4.47951814,4.773584041,5.044302727,5.277940947,5.460223821,5.577679776,5.618886603,5.575306008,5.441582011,5.215394389,4.897087937,4.489323236,3.996973371,3.427502315,2.792184589,2.108879951,1.407890352,0.743978731,0.21849692,9.29E-07
4.517918442,0.000140081,0.000348977,0.000804835,0.001663288,0.002900948,0.004660019,0.007041964,0.010156217,0.014118646,0.019052064,0.02508678,0.032361213,0.041022559,0.051227527,0.063143144,0.076947645,0.092831448,0.110998237,0.131666144,0.155069065,0.181458103,0.211103164,0.244294715,0.281345725,0.322593794,0.368403488,0.419168903,0.475316437,0.537307795,0.605643198,0.680864754,0.763559934,0.854365029,0.95396839,1.063113153,1.182598991,1.313282173,1.456072886,1.61192826,1.781838784,1.966804803,2.167798321,2.385703451,2.621226468,2.874763783,3.146213929,3.434719535,3.738330217,4.053592501,4.375103808,4.695116636,5.003335881,5.287084215,5.531967406,5.723023525,5.846132616,5.889322722,5.843644599,5.703484487,5.466410491,5.132784,4.705393649,4.189347063,3.592467456,2.926571989,2.210380008,1.47565189,0.779786309,0.229013142,9.74E-07
4.512276527,0.000146748,0.000365587,0.000843142,0.001742454,0.003039022,0.004881818,0.007377134,0.010639614,0.01479064,0.019958869,0.026280814,0.033901482,0.042975076,0.053665761,0.066148516,0.080610058,0.097249869,0.116281327,0.137932948,0.162449758,0.190094813,0.221150865,0.255922207,0.294736703,0.337948021,0.385938082,0.439119735,0.497939677,0.562881586,0.634469492,0.713271305,0.799902459,0.895029528,0.999373627,1.113713263,1.238886168,1.375789368,1.525376372,1.688649864,1.866647478,2.06041717,2.270977208,2.499253786,2.745986796,3.011591515,3.295961648,3.598199013,3.916260399,4.24652796,4.583341972,4.918586183,5.241475483,5.538729148,5.79526784,5.995417498,6.12438611,6.169631899,6.121779673,5.974948477,5.726590668,5.377084835,4.929352343,4.388743918,3.763455131,3.065865593,2.31558562,1.545887261,0.816901147,0.23991329,1.02E-06
4.506634613,0.000153655,0.000382793,0.000882823,0.001824459,0.003182047,0.00511157,0.007724323,0.011140343,0.015486728,0.020898189,0.027517662,0.03549698,0.044997602,0.05619142,0.069261648,0.08440379,0.101826717,0.121753848,0.144424453,0.170095092,0.1990412,0.231558835,0.267966612,0.308607826,0.353852788,0.404101393,0.459785923,0.521374093,0.589372348,0.664329378,0.746839822,0.837548077,0.937152089,1.046406909,1.166127684,1.297191572,1.440537815,1.597164796,1.768122389,1.954497062,2.157386091,2.377855666,2.61687557,2.875220517,3.153325327,3.451078704,3.767540194,4.100570428,4.446381291,4.799046701,5.15006843,5.488153792,5.799397036,6.068009147,6.2775784,6.412616631,6.459991812,6.409887528,6.256146051,5.996099837,5.630145295,5.161341275,4.595290325,3.940573721,3.210153693,2.424563473,1.618640984,0.85534677,0.251204272,1.07E-06
4.500992699,0.000160804,0.000400604,0.000923901,0.00190935,0.003330107,0.00534941,0.008083733,0.0116587,0.01620732,0.021870574,0.028798049,0.037148641,0.047091323,0.058805986,0.072484367,0.088331067,0.106564676,0.127419009,0.15114447,0.178009554,0.208302513,0.242333182,0.280434999,0.322967234,0.370317427,0.422904081,0.481179591,0.545633436,0.616795624,0.695240378,0.781590002,0.876518878,0.980757428,1.095095834,1.220387172,1.357549415,1.507565505,1.671480281,1.850392468,2.045439085,2.257768465,2.488496408,2.738637819,3.009003461,3.300048384,3.611656115,3.942842441,4.291368448,4.653269762,5.022344563,5.389699203,5.743515551,6.069240828,6.350351361,6.569671793,6.710993303,6.760572833,6.708137216,6.547242205,6.275096137,5.892113866,5.401496569,4.809107479,4.123927154,3.359520953,2.537377511,1.693955749,0.895145738,0.262892713,1.12E-06
4.495350785,0.000168201,0.000419031,0.000966397,0.001997174,0.003483281,0.005595465,0.008455558,0.012194962,0.016952805,0.02287655,0.030122666,0.038857359,0.049257372,0.061510872,0.075818414,0.092394011,0.111466307,0.133279872,0.158096627,0.186197418,0.217883755,0.253479725,0.293334103,0.337822683,0.387350832,0.442356302,0.503312297,0.57073081,0.64516623,0.727219188,0.817540616,0.916835914,1.0258691,1.145466703,1.276521038,1.4199923,1.576908645,1.748362972,1.935504541,2.139522672,2.361618517,2.6029592,2.864606308,3.147407895,3.451839944,3.777780623,4.12420045,4.488757526,4.867305132,5.25335618,5.637607946,6.007698703,6.348406289,6.642446998,6.871855462,7.019677305,7.071537333,7.016689847,6.848394185,6.563730278,6.16313206,5.649947953,5.030310879,4.313614474,3.514048059,2.654088676,1.771872238,0.936319549,0.274984928,1.17E-06
4.489708871,0.000175848,0.000438082,0.001010334,0.002087974,0.003641646,0.005849859,0.008839984,0.012749396,0.01772355,0.023916613,0.031492168,0.040623977,0.051496818,0.064307413,0.079265436,0.096594628,0.116534031,0.139339332,0.16528436,0.194662731,0.227789662,0.265003973,0.306670297,0.353181513,0.404961419,0.462467668,0.526194977,0.596678618,0.674498182,0.760281611,0.854709428,0.958519105,1.072509396,1.197544406,1.334557018,1.484551083,1.648601501,1.827850858,2.023500665,2.236794312,2.468987563,2.721300601,2.99484328,3.290502208,3.608775011,3.949534315,4.311703835,4.692835199,5.08859316,5.492195702,5.893917159,6.280833788,6.637031365,6.944440393,7.184278724,7.338821165,7.393038967,7.335697885,7.159750799,6.862144882,6.443333795,5.906818194,5.25900983,4.509729411,3.673811366,2.774754637,1.852428954,0.978888548,0.287486892,1.22E-06
4.484066956,0.00018375,0.000457766,0.00105573,0.002181791,0.003805272,0.006112704,0.009237181,0.013322251,0.018519902,0.024991231,0.03290717,0.042449288,0.053810666,0.067196865,0.082826979,0.100934805,0.121770122,0.145600107,0.172710894,0.20340929,0.238024675,0.276911094,0.320449564,0.369050616,0.423157089,0.483247201,0.549837896,0.623488498,0.70480464,0.794442478,0.893113113,1.001587151,1.120699238,1.251352303,1.394521147,1.551254725,1.722676233,1.909979597,2.114420313,2.337297641,2.579923766,2.843573698,3.129407158,3.438350593,3.770923984,4.126994237,4.505436707,4.903693012,5.317233115,5.73897027,6.158741819,6.563043331,6.935245528,7.256467016,7.507081729,7.66856805,7.725221958,7.665304434,7.481451719,7.170473814,6.732844766,6.172222522,5.495306923,4.712359941,3.838882544,2.899429523,1.935662032,1.022871831,0.300404213,1.28E-06
4.478425042,0.000191909,0.000478091,0.001102605,0.002278662,0.003974225,0.006384107,0.00964731,0.013913756,0.019342183,0.026100838,0.034368243,0.044334028,0.05619985,0.070180393,0.086504482,0.105416291,0.127176693,0.152064725,0.180379225,0.212440624,0.248592926,0.289205895,0.334677465,0.385436394,0.441945185,0.504703286,0.574250596,0.65117127,0.736097834,0.829715575,0.932767167,1.046057433,1.170458074,1.306912111,1.456437624,1.620130144,1.799162735,1.994782333,2.208300178,2.441073218,2.694471898,2.969827837,3.268352249,3.591012714,3.938352302,4.310232007,4.705477252,5.121416063,5.553317268,5.993779474,6.432188801,6.854441225,7.243169129,7.57865279,7.84039475,8.009051033,8.068220365,8.005642514,7.813626772,7.488841507,7.031781811,6.446268044,5.739297519,4.921587839,4.009328209,3.02816365,2.021605063,1.068287148,0.313742104,1.33E-06
4.472783128,0.000200327,0.000499064,0.001150974,0.002378623,0.004148567,0.006664165,0.010070519,0.014524126,0.020190686,0.02724583,0.03587591,0.046278875,0.058665227,0.073259069,0.090299264,0.110040697,0.132755685,0.158735506,0.188292108,0.221759977,0.259498209,0.30189279,0.349359108,0.402344732,0.461332452,0.526843628,0.599441842,0.679736875,0.768389001,0.866113568,0.973685831,1.091945918,1.221803771,1.364243779,1.520328683,1.691202071,1.87808847,2.082289516,2.30517397,2.548158306,2.812673088,3.100108352,3.411728443,3.748543389,4.111120082,4.49931342,4.911897297,5.346082527,5.79693039,6.256714807,6.714356291,7.155132099,7.560912733,7.911113404,8.184337469,8.360392372,8.422157346,8.356834328,8.156395232,7.817362275,7.340252269,6.729053163,5.99106923,5.137488231,4.185209563,3.161003242,2.110288907,1.115150808,0.327505353,1.39E-06
4.467141214,0.000209009,0.000520692,0.001200854,0.002481705,0.004328352,0.006952968,0.01050694,0.015153551,0.021065681,0.02842657,0.037430648,0.048284441,0.061207575,0.076433864,0.09421252,0.11480948,0.138508856,0.165614552,0.196452035,0.231370285,0.270743962,0.314975776,0.36449912,0.419780957,0.481325,0.549675203,0.625419572,0.709194313,0.801688314,0.903647925,1.015881997,1.139267066,1.274752507,1.423365371,1.586214453,1.764492901,1.959478308,2.172528718,2.405072212,2.658586645,2.93456458,3.234456291,3.559580916,3.910992253,4.289281762,4.694298053,5.124761883,5.577763194,6.048149239,6.527859118,7.005333195,7.465210698,7.888576457,8.253953609,8.539018257,8.722702769,8.787144422,8.718990531,8.509865101,8.156139632,7.658353333,7.020666979,6.250701383,5.360129146,4.366582024,3.297990155,2.201741506,1.163477574,0.341698299,1.45E-06
4.4614993,0.000217956,0.000542981,0.001252257,0.002587935,0.004513629,0.007250592,0.010956693,0.015802204,0.021967404,0.029643378,0.039032878,0.050351272,0.063827583,0.079705638,0.098245315,0.119723933,0.144437768,0.172703732,0.204861222,0.241274159,0.282333237,0.328458407,0.380101612,0.437749805,0.501928259,0.573204212,0.652190841,0.739551585,0.836004819,0.942328841,1.059367125,1.188033729,1.329318664,1.484292945,1.654112831,1.840022541,2.043354356,2.265524451,2.508022038,2.772388231,3.060179483,3.372908147,3.711949828,4.078403431,4.472885734,4.895238866,5.344128828,5.816520994,6.307042052,6.807286054,7.30519855,7.784761245,8.2262493,8.607266529,8.904533454,9.096080635,9.163280733,9.092209494,8.874132389,8.505265596,7.986171408,7.321188701,6.5182645,5.589571056,4.553494856,3.439161597,2.295987701,1.213280575,0.356324796,1.52E-06
4.455857385,0.000227171,0.000565935,0.001305195,0.002697339,0.00470444,0.007557106,0.011419881,0.016470231,0.022896062,0.030896533,0.040682967,0.052479838,0.066525852,0.083075141,0.102398571,0.124785183,0.150543778,0.180004667,0.213521593,0.251473863,0.294268686,0.342343766,0.396170154,0.456255385,0.52314694,0.597436037,0.679761772,0.770815633,0.871346363,0.982165162,1.104151162,1.23825706,1.385514721,1.547040436,1.724039343,1.917808262,2.129735793,2.361297981,2.61404699,2.889589088,3.189546522,3.515495581,3.868870022,4.250815206,4.661973984,5.102181812,5.570048297,6.062410525,6.573668033,7.095059515,7.614020928,8.113856815,8.574008482,8.97113296,9.280966645,9.480611355,9.550652291,9.476576564,9.249280394,8.864820005,8.323781458,7.630687052,6.793819768,5.82586643,4.745990803,3.584549851,2.393049044,1.264571199,0.371388188,1.58E-06
4.450215471,0.000236654,0.00058956,0.001359679,0.002809936,0.00490082,0.007872567,0.011896588,0.017157759,0.023851827,0.032186267,0.042381223,0.054670538,0.069302883,0.086542999,0.10667306,0.12999417,0.156828023,0.187518717,0.222434761,0.261971296,0.306552531,0.35663444,0.412707737,0.475301144,0.544984996,0.62237519,0.708137501,0.802992281,0.907719529,1.023164307,1.150242446,1.289946412,1.443351144,1.61161953,1.796007015,1.997864552,2.21863871,2.459867145,2.723166817,3.010211044,3.322689792,3.66224515,4.030370725,4.42825969,4.85658173,5.315165434,5.802562367,6.315477585,6.84807684,7.391233099,7.931857849,8.452558703,8.931918774,9.345620671,9.668387941,9.876366547,9.949331247,9.872163329,9.635378991,9.234869827,8.671246363,7.949219677,7.077418509,6.069059279,4.944105717,3.734181996,2.492943612,1.317359,0.386891281,1.65E-06
4.444573557,0.000246408,0.000613858,0.001415717,0.002925743,0.005102799,0.008197022,0.012386885,0.017864886,0.024834838,0.033512766,0.044127889,0.056923687,0.072159078,0.090109715,0.111069399,0.135351648,0.16329141,0.195246966,0.231602013,0.272767975,0.319186546,0.371332491,0.429716748,0.494889831,0.567445579,0.648025271,0.737322122,0.836086172,0.945129567,1.065332195,1.197647632,1.343109247,1.502836281,1.678039547,1.870026233,2.080202968,2.310075938,2.561246172,2.835397269,3.134271511,3.459628512,3.813178037,4.196475249,4.610762496,5.056737064,5.534220475,6.041704601,6.575758703,7.130308084,7.695849557,8.258755189,8.800915798,9.300031838,9.730783719,10.06685326,10.28340334,10.35937515,10.27902689,10.03248391,9.615468477,9.02861628,8.276832554,7.36910166,6.319184707,5.147868195,3.888079631,2.595685827,1.371651596,0.402836314,1.71E-06
4.438931643,0.000256433,0.000638832,0.001473313,0.003044772,0.005310397,0.008530502,0.012890822,0.018591685,0.025845195,0.034876169,0.045923147,0.059239517,0.07509473,0.093775654,0.115588043,0.140858167,0.169934605,0.20319021,0.241024291,0.283865011,0.332172031,0.386439433,0.44719894,0.515023463,0.590531,0.674388921,0.767318641,0.870100715,0.983580328,1.108673167,1.246371601,1.397751039,1.563976257,1.746307328,1.946104619,2.164831987,2.404056892,2.665445499,2.950749902,3.261783261,3.60037678,3.968309781,4.367200696,4.798342415,5.262460592,5.759369489,6.287499622,6.843280677,7.420390823,8.008940253,8.594746608,9.158963968,9.678385575,10.12666176,10.47640364,10.70176363,10.78082621,10.69720914,10.44063604,10.00665514,9.395928002,8.613559415,7.668899252,6.576268467,5.357299216,4.046258601,2.701286264,1.427454577,0.419224927,1.78E-06
4.433289729,0.00026673,0.000664484,0.001532472,0.003167029,0.005523627,0.008873029,0.01340843,0.0193382,0.026882962,0.036276558,0.047767108,0.061618172,0.078110023,0.097541045,0.12022927,0.14651407,0.176758019,0.211348942,0.250702182,0.295263093,0.345509793,0.401956203,0.465155398,0.53570329,0.614242695,0.701467777,0.79812892,0.905038021,1.023074201,1.153189914,1.296417377,1.453875181,1.626774868,1.816427111,2.024246897,2.251756863,2.500587407,2.772471597,3.069231877,3.392754213,3.744943336,4.127650015,4.542557667,4.991011094,5.473765089,5.990626455,6.539962689,7.118060118,7.718343069,8.330524626,8.939852966,9.526725444,10.06700348,10.53327937,10.8970645,11.13147341,11.2137106,11.12673604,10.85986072,10.40845411,9.773204336,8.959421167,7.9768299,6.84032652,5.572411785,4.208728728,2.809751482,1.48477141,0.436058139,1.85E-06
4.427647814,0.0002773,0.000690814,0.001593194,0.003292519,0.005742494,0.009224611,0.01393972,0.020104449,0.027948162,0.037713965,0.049659811,0.064059704,0.08120502,0.101405968,0.124993182,0.15231948,0.183761801,0.21972334,0.260635895,0.306962468,0.359200121,0.417883139,0.483586511,0.556929762,0.638581177,0.729262428,0.82975363,0.94089885,1.063612043,1.198883404,1.347786049,1.511482891,1.69123348,1.888400419,2.104454766,2.340979486,2.599669582,2.882326792,3.19084577,3.527187213,3.893331323,4.291202203,4.722549973,5.188772722,5.690655149,6.227996402,6.799099293,7.400103,8.024171298,8.660609668,9.294081766,9.904208221,10.46589399,10.9506454,11.32884499,11.57254202,11.65803774,11.56761694,11.29016706,10.82087411,10.16045348,9.314425329,8.292900298,7.111364608,5.793210578,4.375493543,2.921083839,1.543603339,0.453336314,1.93E-06
4.4220059,0.000288141,0.000717822,0.00165548,0.003421238,0.005966993,0.009585241,0.014484684,0.020890418,0.029040774,0.039188363,0.051601223,0.066564068,0.084379667,0.105370356,0.129879693,0.158274291,0.190945825,0.228313252,0.270825252,0.318962925,0.373242768,0.434219953,0.502491946,0.578702494,0.663546008,0.757772371,0.862192197,0.977682552,1.105193121,1.245752811,1.400476688,1.570573129,1.757350926,1.962225952,2.186726774,2.432498243,2.701301625,2.995009096,3.315589382,3.66507983,4.045538057,4.458963387,4.907174359,5.39162372,5.913126847,6.471475035,7.064904746,7.689404221,8.33786998,8.999189408,9.657426601,10.29140547,10.87504991,11.37875229,11.7717373,12.02496147,12.11379958,12.01984384,11.73154728,11.2439077,10.55766844,9.678565479,8.617104729,7.389377828,6.0196916,4.54655003,3.035281319,1.6039493,0.471059142,2.00E-06
4.416363986,0.000299255,0.000745505,0.001719325,0.00355318,0.006197112,0.009954898,0.015043288,0.02169606,0.030160736,0.040699669,0.053591232,0.069131121,0.087633782,0.109433979,0.134888522,0.164378162,0.198309678,0.237118185,0.281269666,0.331263776,0.387636929,0.450965707,0.521870619,0.601020238,0.689135753,0.786995969,0.895442761,1.015387017,1.14781505,1.293795443,1.454486268,1.631142503,1.825123412,2.037899472,2.271058199,2.526307879,2.805477702,3.110512043,3.443455552,3.806424148,4.2015548,4.630923935,5.096420227,5.599552446,6.141167414,6.721048378,7.337363789,7.985947174,8.659421106,9.346244411,10.02986661,10.68829497,11.29444773,11.81757547,12.225716,12.4887058,12.58096996,12.48339081,12.18397605,11.67753058,10.96482641,10.05182072,8.949424582,7.674350221,6.251841851,4.72188837,3.15233737,1.66580583,0.489225604,2.08E-06
4.410722072,0.000310638,0.000773863,0.001784722,0.003688331,0.006432828,0.010333546,0.015615481,0.0225213,0.031307941,0.042247736,0.055629647,0.071760616,0.09096705,0.113596447,0.140019188,0.170630505,0.205852652,0.246137292,0.291968134,0.343863836,0.402381217,0.46811879,0.541720665,0.623880845,0.715347952,0.816930411,0.929502122,1.054008618,1.191473727,1.34300668,1.509809595,1.693185185,1.894544417,2.115413699,2.357440929,2.622399371,2.912187791,3.22882452,3.57443198,3.951206571,4.361366545,4.807067308,5.290269373,5.812538897,6.374754913,6.976692424,7.616450214,8.289703334,8.988793745,9.701741291,10.41136598,11.09483853,11.72404713,12.26707273,12.69073743,12.96373039,13.05950394,12.95821324,12.64740984,12.12170104,11.38188821,10.43415513,9.289827891,7.966254375,6.489639001,4.901491697,3.272240729,1.729166978,0.507833953,2.16E-06
4.405080157,0.000322291,0.00080289,0.001851664,0.003826673,0.00667411,0.010721136,0.016201184,0.023366025,0.032482233,0.043832356,0.057716194,0.0744522,0.094379025,0.117857201,0.145271,0.17703048,0.213573733,0.255369361,0.302919216,0.356761412,0.417473651,0.485676896,0.562039415,0.647281242,0.742179079,0.847571673,0.9643657,1.093542161,1.236163284,1.393379904,1.566439229,1.756692834,1.965604607,2.194758209,2.445863348,2.720759798,3.021417543,3.349930619,3.708501054,4.09940763,4.524951802,4.98736982,5.48869573,6.030554434,6.613857935,7.238372796,7.902126492,8.600631855,9.325943608,10.06563225,10.80187339,11.5109815,12.16379032,12.72718362,13.16673904,13.44997137,13.54933718,13.44424729,13.12178634,12.57635936,11.80879778,10.82551732,9.638268882,8.265051037,6.733051071,5.085335859,3.394975274,1.794024224,0.526881686,2.24E-06
4.399438243,0.00033421,0.000832581,0.001920139,0.003968182,0.006920917,0.0111176,0.016800297,0.024230091,0.033683412,0.045453257,0.059850512,0.077205408,0.097869118,0.122215505,0.150643054,0.183576985,0.22147159,0.264812801,0.314121027,0.369954282,0.432911632,0.503637,0.58282337,0.6712174,0.769624514,0.878914476,1.000027492,1.133980838,1.281876023,1.444906439,1.624365417,1.821654511,2.038291744,2.275919339,2.536310228,2.82137222,3.133148147,3.473809483,3.845639684,4.251001802,4.692282397,5.171800417,5.691665124,6.253561509,6.8584353,7.506044428,8.194343424,8.918679187,9.670812629,10.43785461,11.2013216,11.9366522,12.61360158,13.1978289,13.65363888,13.94734501,14.05038531,13.94140925,13.60702384,13.04142723,12.24548159,11.22583987,9.994687545,8.570688749,6.982036142,5.273389194,3.520519867,1.860366399,0.546365524,2.32E-06
4.393796329,0.000346394,0.000862932,0.001990133,0.00411283,0.007173196,0.011522854,0.017412695,0.025113316,0.034911225,0.047110099,0.062032156,0.080019665,0.101436598,0.126670449,0.156134225,0.190268649,0.22954457,0.274465634,0.325571221,0.383439684,0.448691925,0.521995342,0.604068176,0.695684303,0.797678507,0.910952257,1.036480028,1.175316178,1.328602369,1.497575494,1.683576027,1.888056611,2.112590602,2.358880087,2.628762624,2.924215562,3.2473562,3.600435163,3.985819145,4.405957333,4.863323283,5.360320469,5.899135041,6.481513411,7.108435778,7.779651252,8.493039801,9.243778713,10.02332857,10.81833041,11.60962694,12.37176146,13.07338669,13.67890999,14.15133494,14.45574711,14.56254339,14.44959498,14.10302072,13.51680724,12.69184816,11.63503894,10.35900922,8.88310349,7.236542061,5.465612312,3.648848213,1.928179605,0.566281384,2.41E-06
4.388154415,0.000358839,0.000893933,0.002061627,0.00426058,0.007430886,0.0119368,0.018038226,0.026015483,0.036165371,0.048802475,0.064260588,0.082894277,0.105080588,0.131220934,0.161743162,0.197103823,0.237790685,0.284325485,0.337266979,0.397214296,0.464810646,0.5407474,0.625768603,0.72067593,0.826334154,0.943677127,1.073714333,1.217538006,1.37633082,1.551374102,1.744056481,1.955882785,2.188482892,2.443620032,2.723197775,3.029264507,3.364013585,3.729776487,4.129004928,4.564236078,5.038032352,5.552883567,6.111054408,6.714354023,7.363797827,8.059125913,8.798142092,9.575850401,10.38340466,11.20696598,12.0266889,12.81620219,13.54303247,14.17030846,14.65970472,14.97505252,15.08568534,14.96867939,14.60965486,14.00238236,13.14778761,12.05301379,10.73114423,9.202218351,7.496506174,5.661957894,3.779928718,1.99744715,0.586624366,2.49E-06
4.382512501,0.000371543,0.000925577,0.002134603,0.004411391,0.007693914,0.012359321,0.018676715,0.026936337,0.037445494,0.050529905,0.06653518,0.085828432,0.108800057,0.135865677,0.167468279,0.204080579,0.246207606,0.294389568,0.349204997,0.411274231,0.481263244,0.559887882,0.647918523,0.746185223,0.855583361,0.977079846,1.111719894,1.260634399,1.425047897,1.606287072,1.805789702,2.025113883,2.265947182,2.530115244,2.819589017,3.136489391,3.483087363,3.861796934,4.275156601,4.725793342,5.21636027,5.749435335,6.327363383,6.952017598,7.624449336,8.344389494,9.109564143,9.914800481,10.7509392,11.60365158,12.4523897,13.26984887,14.02240628,14.67188555,15.17860464,15.50511461,15.61966342,15.49851589,15.1267832,14.49801548,13.61317121,12.47964639,11.11098749,9.527943224,7.761855074,5.862370494,3.913724369,2.068149473,0.607388722,2.58E-06
4.376870586,0.0003845,0.000957853,0.002209037,0.004565214,0.007962196,0.012790282,0.019327958,0.027875586,0.038751188,0.052291841,0.068855206,0.088821198,0.112593824,0.140603199,0.173307757,0.211196696,0.254792657,0.304654683,0.36138148,0.425615015,0.498044485,0.579410697,0.670510893,0.772204069,0.885416827,1.011149791,1.150484623,1.30459165,1.474738107,1.662296938,1.868756055,2.095727884,2.344958836,2.618338213,2.91790569,3.245856111,3.60453966,3.996454512,4.424227679,4.89057774,5.398250321,5.94991326,6.547993167,7.194428544,7.890307406,8.635351265,9.427206904,10.26052115,11.12581532,12.00826105,12.88659394,13.73255722,14.51135567,15.18348173,15.70786969,16.04576478,16.16430781,16.03893597,15.65424128,15.00354896,14.08785092,12.91480106,11.49841818,9.860174507,8.032504364,6.066786372,4.050192612,2.140264088,0.628567851,2.67E-06
4.371228672,0.000397707,0.00099075,0.002284902,0.004721996,0.008235637,0.013229531,0.019991725,0.028832898,0.040081992,0.054087661,0.071219849,0.091871518,0.116460549,0.145431827,0.179259533,0.218449663,0.263542806,0.315117205,0.373792126,0.440231583,0.515148443,0.599308952,0.693537731,0.798723277,0.915824013,1.045874927,1.189994827,1.349394233,1.525383898,1.719383916,1.9329333,2.167699846,2.425489944,2.708257778,3.018113069,3.357326038,3.728327577,4.133701658,4.576165508,5.058531069,5.583638256,6.154246529,6.772865832,7.441501239,8.16127813,8.931908454,9.750958178,10.61289029,11.50790059,12.42065148,13.32914827,14.20416381,15.00970794,15.7049163,16.24731291,16.59681207,16.71942613,16.58974874,16.19184278,15.51880424,14.57165909,13.35832408,11.89329946,10.19879485,8.308358449,6.275133323,4.189285244,2.213765522,0.650154271,2.76E-06
4.365586758,0.000411158,0.001024255,0.00236217,0.004881675,0.008514132,0.013676897,0.020667759,0.029807901,0.041437389,0.055916668,0.073628191,0.094978207,0.12039873,0.150349689,0.185321298,0.225836664,0.272454658,0.325773074,0.386432121,0.455118267,0.532568483,0.619574927,0.716990106,0.825732561,0.946793126,1.081241786,1.230235182,1.39502477,1.576965627,1.777525866,1.998296544,2.241001855,2.507509272,2.799839061,3.120172287,3.470855935,3.854403104,4.27348514,4.730911158,5.229588186,5.772452172,6.36235589,7.001894158,7.693139853,8.437256411,9.233946039,10.0806924,10.97177124,11.89704682,12.8406629,13.77988103,14.68448572,15.51726978,16.23598701,16.79672507,17.15804275,17.28480307,17.15074057,16.73937919,16.04358147,15.06440806,13.81004344,12.29547818,10.54367293,8.589310334,6.48733054,4.330948317,2.288625267,0.672139608,2.86E-06
4.359944844,0.000424848,0.001058354,0.002440807,0.005044185,0.008797563,0.014132192,0.021355774,0.030800184,0.042816808,0.057778091,0.076079215,0.098139956,0.124406708,0.155354709,0.191490495,0.233354584,0.281524453,0.336617796,0.399296133,0.470268784,0.550297255,0.640200072,0.740858123,0.853220526,0.978311098,1.117235444,1.271188709,1.441464007,1.629461526,1.836698252,2.064818206,2.315602978,2.59098221,2.893043419,3.224040276,3.586397897,3.982713037,4.415745973,4.88839933,5.403676908,5.964612393,6.574153524,7.234981499,7.949238198,8.718125789,9.541336565,10.41627042,11.33701254,12.29308979,13.26811808,14.23860202,15.17332027,16.03382702,16.77646977,17.35587434,17.72921999,17.86020006,17.72167472,17.29661946,16.5776592,15.5658899,14.26976851,12.70478461,10.89466319,8.875241463,6.703288478,4.475122051,2.364811734,0.694514587,2.95E-06
4.35430293,0.000438771,0.001093032,0.002520778,0.00520945,0.009085801,0.014595209,0.022055457,0.031809295,0.044219621,0.059671081,0.078571806,0.101355324,0.128482655,0.160444608,0.197764312,0.240999998,0.290748059,0.347646428,0.412378299,0.485676232,0.568326681,0.66117499,0.765130907,0.881174646,1.010363569,1.153839502,1.312836747,1.488690786,1.68284768,1.896874116,2.132467978,2.391469229,2.675870727,2.987828388,3.329669715,3.703899283,4.113198922,4.560419343,5.048558272,5.580717923,6.160031374,6.78954294,7.472021664,8.209679602,9.003758306,9.853939989,10.75753936,11.70844782,12.69584909,13.70282229,14.70510226,15.67044474,16.55914433,17.32611833,17.92450597,18.31008356,18.44535494,18.30229109,17.86330971,17.12079411,16.07587616,14.73728986,13.12103228,11.25160574,9.166021571,6.92290875,4.621740763,2.442290213,0.717269014,3.05E-06
4.348661015,0.000452919,0.001128272,0.002602045,0.005377392,0.009378705,0.015065721,0.022766467,0.032834741,0.045645141,0.061594713,0.081104744,0.10462274,0.13262458,0.165616897,0.204139685,0.248769168,0.300120968,0.358853582,0.425672228,0.501333082,0.586647951,0.682489431,0.789796596,0.909581262,1.042934876,1.191036073,1.355158947,1.536682029,1.737098001,1.958024052,2.201212804,2.468563532,2.762133343,3.084147649,3.437008988,3.823302673,4.245796992,4.707434553,5.211309721,5.760624716,6.358613618,7.008418882,7.712898818,8.474336792,9.294014381,10.17160355,11.10433244,12.08589554,13.10512788,14.14456309,15.17915377,16.1756162,17.09296499,17.88466409,18.50234208,18.90034962,19.03998178,18.89230595,18.43917303,17.6727208,16.5941176,15.21237901,13.5440178,11.61432615,9.46150856,7.146084033,4.770732804,2.521022843,0.740391767,3.15E-06
4.343019101,0.000467285,0.001164055,0.002684563,0.005547921,0.009676123,0.015543483,0.023488432,0.033875987,0.047092626,0.063547984,0.083676711,0.1079405,0.136830324,0.170868882,0.210613289,0.256658046,0.309638295,0.370233416,0.439170991,0.517231173,0.605251515,0.704132285,0.814842335,0.938425568,1.076008042,1.228805769,1.398133246,1.585412722,1.79218421,2.020116187,2.27101685,2.546845705,2.849725093,3.181950997,3.546002144,3.944545831,4.380438133,4.856714973,5.376568844,5.943303512,6.560255616,7.230667264,7.957487407,8.743071819,9.58874272,10.49416167,11.45646892,12.46915898,13.52071283,14.59311023,15.66050947,16.68857134,17.63501076,18.45181593,19.0890815,19.49971051,19.64377062,19.49141175,19.02390925,18.23315157,17.12034411,15.69478833,13.97352067,11.98263536,9.761548412,7.372698001,4.922020514,2.600968585,0.763870797,3.25E-06
4.337377187,0.000481863,0.001200362,0.002768289,0.005720944,0.009977889,0.01602823,0.024220953,0.034932458,0.048561275,0.065529815,0.086286282,0.11130677,0.141097561,0.176197655,0.217181544,0.264662267,0.319294775,0.381779634,0.452867117,0.533361709,0.624127081,0.726091577,0.840254266,0.967691604,1.109564767,1.267127693,1.441735869,1.634855901,1.848075829,2.083116164,2.341841494,2.626272434,2.938597513,3.281184318,3.656588879,4.067561674,4.51704785,5.008178009,5.544244205,6.128653237,6.764845803,7.456165119,8.205652102,9.015735996,9.887780254,10.82143589,11.81375395,12.85802608,13.94237402,15.04821554,16.14890302,17.20902636,18.18498173,19.02726004,19.68439957,20.10783459,20.25638741,20.09927702,19.61719485,18.80177634,17.65426452,16.18425092,14.40930326,12.35632958,10.06597512,7.602625271,5.075520188,2.682083206,0.787693111,3.35E-06
4.331735273,0.000496642,0.001237171,0.002853173,0.00589636,0.010283829,0.01651968,0.024963602,0.036003535,0.050050229,0.067539046,0.088931933,0.11471958,0.145423794,0.181600101,0.223840608,0.27277715,0.329084759,0.393485483,0.466752598,0.549715256,0.643263609,0.748354465,0.866017526,0.997362254,1.143585428,1.305979432,1.485941316,1.684982652,1.904740173,2.146987142,2.413645317,2.70679727,3.028698631,3.38178958,3.768704519,4.19227826,4.65554625,5.161735081,5.714237744,6.316565497,6.972264532,7.684780572,8.457247773,9.292169864,10.1909521,11.1532348,12.17597858,13.25226942,14.36986484,15.50961286,16.64404881,17.73667687,18.74255627,19.6106599,20.28794816,20.72436622,20.87747386,20.71554628,20.21868285,19.37826258,18.1955666,16.68048052,14.85111072,12.73519027,10.37461065,7.835731376,5.231142055,2.764319269,0.811844778,3.45E-06
4.326093358,0.000511615,0.001274461,0.002939163,0.006074061,0.010593752,0.01701753,0.025715922,0.037088559,0.051558571,0.06957444,0.091612032,0.118176828,0.14980636,0.187072893,0.23058638,0.280997698,0.33900222,0.405343755,0.480818883,0.566281744,0.662649315,0.77090724,0.892116252,1.027419248,1.178049074,1.345337062,1.530722364,1.735762106,1.962142346,2.211689786,2.486384101,2.788370623,3.119972958,3.483704827,3.882280022,4.318618786,4.795848044,5.317291626,5.886444776,6.506924569,7.182384067,7.916372835,8.712119481,9.572203188,10.49807156,11.48935407,12.54291976,13.65164622,14.80292203,15.97701805,17.14564191,18.27119794,19.30739101,20.20165622,20.89935557,21.34892574,21.50664751,21.33983999,20.82800285,19.96225527,18.74391699,17.18317154,15.29867097,13.11898412,10.68726493,8.071872765,5.388790281,2.847626131,0.836310924,3.56E-06
4.320451444,0.000526771,0.001312206,0.003026203,0.006253932,0.010907459,0.017521458,0.026477427,0.03818683,0.053085327,0.07163468,0.09432485,0.121676281,0.154242425,0.192612494,0.237414501,0.289318597,0.349040747,0.417346786,0.495056881,0.583050465,0.682271669,0.793735325,0.918533574,1.057843158,1.21293343,1.385175144,1.576050071,1.787161443,2.020245247,2.277182279,2.560010833,2.87093977,3.212361504,3.58686419,3.99724198,4.446501594,4.937862551,5.474747104,6.060754,6.699607421,7.395068605,8.150792226,8.970102497,9.855654976,10.80894014,11.82957647,12.91434032,14.05589835,15.24126571,16.45012902,17.65335814,18.81224409,19.87912088,20.79986705,21.51822665,21.98110948,22.14350169,21.97175468,21.44476103,20.55337696,19.29896128,17.69199909,15.75169475,13.50746307,11.00373589,8.310896814,5.548362974,2.931949949,0.861075738,3.66E-06
4.31480953,0.0005421,0.001350382,0.003114235,0.00643585,0.011224738,0.018031123,0.0272476,0.039297603,0.054629463,0.073718375,0.09706855,0.125215572,0.158728991,0.198215158,0.244320353,0.29773422,0.359193552,0.429486457,0.509456962,0.600010079,0.702117402,0.816823281,0.945251627,1.088613409,1.248214904,1.425466737,1.62189378,1.839145901,2.079009583,2.343420327,2.634475719,2.954448871,3.305801785,3.691197901,4.113512647,4.5758402,5.081493727,5.633995029,6.237047531,6.894483743,7.610174308,8.387880208,9.231022349,10.14233353,11.12334759,12.17367191,13.28998906,14.46475242,15.68459941,16.92862581,18.16685412,19.35944943,20.45735923,21.40488781,22.14414285,22.62048989,22.78760572,22.61086298,22.06854029,21.15122789,19.86032411,18.20661905,16.20987567,13.90036441,11.3238095,8.552641873,5.709752216,3.017233695,0.88612247,3.77E-06
4.309167616,0.000557592,0.001388961,0.003203196,0.006619689,0.011545366,0.018546166,0.0280259,0.040420096,0.056189891,0.075824054,0.099841197,0.128792203,0.16326289,0.20387693,0.251299061,0.306238628,0.369453468,0.441754202,0.524008964,0.617148616,0.722172506,0.840154814,0.972251554,1.119708286,1.283868596,1.466183405,1.668221139,1.891678794,2.138393879,2.410357184,2.709726208,3.03883899,3.400227858,3.796632329,4.231009964,4.706543322,5.226640206,5.794923013,6.415200951,7.091416002,7.827549368,8.627469458,9.494694894,10.43203654,11.44107202,12.52139754,13.66960089,14.87791988,16.13261027,17.41217071,18.68576746,19.91242775,21.04169797,22.01629151,22.77666244,23.26661573,23.43850502,23.25671385,22.69890039,21.75538611,20.42760929,18.72666823,16.67289038,14.29741084,11.64725988,8.796937332,5.872844107,3.103417181,0.911433444,3.88E-06
4.303525702,0.000573235,0.001427916,0.003293022,0.006805314,0.011869106,0.019066209,0.028811754,0.041553484,0.057765464,0.077950169,0.102640753,0.132403546,0.167840792,0.20959365,0.2583455,0.314825574,0.379812959,0.454141008,0.538702195,0.634453486,0.742422249,0.863712784,0.99951352,1.151104943,1.319868313,1.507295234,1.714998112,1.944721526,2.198354509,2.477943672,2.785707012,3.124048126,3.495570348,3.903090012,4.349647609,4.838514936,5.373195352,5.957412825,6.595083374,7.290259514,8.047034081,8.869383954,9.760926416,10.72455114,11.76188001,12.87249789,14.0528969,15.29509719,16.58496913,17.90040849,19.20971692,20.47077281,21.63170779,22.63362896,23.41532072,23.91901231,24.09572139,23.90883278,23.33537821,22.36540777,21.00040005,19.25176455,17.14039872,14.69831065,11.97384939,9.043603711,6.037518827,3.190437089,0.936990064,3.98E-06
4.297883787,0.000589018,0.001467216,0.003383644,0.006992581,0.012195712,0.019590854,0.029604563,0.042696901,0.05935498,0.080095099,0.105465083,0.136046846,0.172459204,0.215360958,0.265454291,0.323488504,0.39026412,0.466637422,0.553525444,0.651911483,0.762851177,0.887479213,1.027016721,1.182779421,1.356186582,1.548770852,1.762189003,1.998233619,2.258845716,2.546128217,2.862360152,3.210011257,3.591756501,4.010489713,4.469335049,4.971654334,5.521047327,6.121340468,6.776557531,7.490862543,8.26846096,9.113439091,10.02951375,11.01965414,12.08552676,13.22670504,14.43958459,15.71596599,17.0413308,18.39296655,19.73830268,21.03405851,22.22693846,23.25642908,24.05963032,24.57718179,24.75875329,24.56672215,23.97748807,22.98082736,21.57825929,19.78150731,17.61204391,15.10275793,12.3033288,9.292452779,6.203650712,3.278227014,0.962772828,4.09E-06
4.292241873,0.000604928,0.001506832,0.00347499,0.007181344,0.012524925,0.020119687,0.0304037,0.043849445,0.060957181,0.082257146,0.108311952,0.139719221,0.177114472,0.22117429,0.272619813,0.332220566,0.400798683,0.47923356,0.568466985,0.669508797,0.783443131,0.911435302,1.054739402,1.214706667,1.392794677,1.590577451,1.809756484,2.052172748,2.319819651,2.614856884,2.939624995,3.296660386,3.688710233,4.118746479,4.589977611,5.105856202,5.670079182,6.286576277,6.959479878,7.693066412,8.491654856,9.359441821,10.30024446,11.3171121,12.41175625,13.58373882,14.82935811,16.14019339,17.50133431,18.8894553,20.27110663,21.60183932,22.82691916,23.88419923,24.70908161,25.24060355,25.42707628,25.22986157,24.62472206,23.60115808,22.16072993,20.3154775,18.0874529,15.51043275,12.63543751,9.543287696,6.371108352,3.366717515,0.988761343,4.20E-06
4.286599959,0.000620953,0.00154673,0.003566985,0.007371449,0.012856476,0.020652275,0.031208511,0.045010171,0.062570757,0.084434542,0.111179031,0.143417666,0.181802787,0.22702889,0.2798362,0.341014614,0.411408027,0.491919113,0.58351459,0.687231029,0.80418126,0.935561446,1.082658875,1.246860551,1.429662638,1.632680819,1.857661627,2.106494768,2.381226415,2.684073428,3.017438309,3.383924601,3.786352199,4.227771714,4.711476565,5.241010714,5.820168951,6.452985026,7.143700714,7.896705642,8.716433112,9.607190822,10.57289696,11.61668159,12.7403015,13.94330702,15.22189847,16.56743219,17.96460318,19.38946842,20.80769273,22.17365057,23.43115886,24.51642566,25.36314307,25.90873466,26.10014342,25.89770833,25.27655049,24.22589227,22.74733528,20.85323812,18.56623662,15.92100149,12.96990371,9.795903186,6.539754704,3.455836174,1.014934339,4.32E-06
4.280958045,0.000637078,0.001586877,0.003659553,0.007562734,0.013190086,0.021188169,0.032018316,0.046178098,0.064194344,0.086625446,0.114063897,0.147139054,0.186520186,0.232919808,0.287097354,0.349863215,0.422083185,0.50468336,0.598655542,0.705063198,0.825048034,0.959837252,1.110751542,1.279213897,1.466759303,1.675045367,1.905863942,2.161153765,2.443014105,2.753719344,3.095734324,3.471730144,3.884599869,4.337473267,4.833729214,5.377003632,5.971189775,6.62042606,7.329064329,8.10160811,8.942605737,9.856476687,10.84724082,11.9181094,13.07088482,14.30510574,15.61687388,16.9973213,18.43074585,19.89258327,21.34760744,22.74900893,24.03914686,25.15257398,26.02126189,26.5810104,26.7773858,26.56969796,25.93242241,24.85450188,23.33757953,21.39433464,19.04799038,16.33411711,13.30644472,10.05008573,6.709447222,3.545507662,1.041269694,4.43E-06
4.275316131,0.000653291,0.001627238,0.003752613,0.007755034,0.013525463,0.0217269,0.032832408,0.04735221,0.065826526,0.08882795,0.116964035,0.150880143,0.191262558,0.238841911,0.294396946,0.358758658,0.432814853,0.517515175,0.613876643,0.722989762,0.846025268,0.984241563,1.138992918,1.311738506,1.504052339,1.717634172,1.954321415,2.216102099,2.505128868,2.82373393,3.174444797,3.560000484,3.983367611,4.447755524,4.956629007,5.513716426,6.123010025,6.788753441,7.515409164,8.307595225,9.169975604,10.10708214,11.12303691,12.22113282,13.40321809,14.66881964,16.01394008,17.42948601,18.89935604,20.39836135,21.89038018,23.32741295,24.65035322,25.79208975,26.68286444,27.25684482,27.45821315,27.24524475,26.59176618,25.48643902,23.93094822,21.93829544,19.5322943,16.74941955,13.6447672,10.30561378,6.880038004,3.635653826,1.067744455,4.54E-06
4.269674216,0.000669576,0.001667777,0.003846081,0.007948175,0.013862307,0.022267987,0.033650059,0.048531451,0.06746584,0.091040075,0.119876843,0.154637575,0.196025647,0.244789885,0.301728425,0.367692959,0.443593401,0.530403044,0.629164234,0.740994634,0.867094135,1.008752478,1.167357659,1.344405189,1.54150828,1.760409015,2.002990561,2.27129046,2.567514961,2.894054355,3.253499096,3.648656408,4.082566793,4.558519518,5.080065651,5.65102641,6.275493457,6.957816111,7.702567991,8.514482135,9.39833867,10.3587823,11.40003773,12.5254799,13.73700305,15.03412231,16.41274075,17.86353851,19.37001322,20.90634877,22.43552387,23.90834356,25.26422947,26.43439905,27.34735701,27.93563142,28.1420145,27.92374248,27.2539901,26.1211366,24.52690888,22.48463237,20.01871376,17.16653612,13.98456754,10.56225803,7.051373962,3.726193766,1.094334863,4.65E-06
4.264032302,0.00068592,0.001708458,0.003939871,0.00814198,0.014200307,0.022810929,0.034470513,0.049714736,0.069110772,0.093259782,0.122799633,0.158407884,0.200805058,0.25075824,0.309085028,0.376657874,0.454408882,0.543335073,0.644504209,0.759061201,0.888235196,1.033347381,1.195819593,1.377183806,1.579092565,1.803330426,2.051826473,2.326667924,2.630114821,2.964615733,3.332824274,3.737616112,4.18210588,4.669663044,5.203925252,5.788806888,6.428499375,7.127458075,7.890368119,8.722077943,9.627484221,10.6113449,11.6779877,12.83086983,14.07193172,15.40067669,16.81290791,18.29907829,19.84228311,21.41607682,22.98253548,24.49126472,25.88020916,27.07890922,28.01412646,28.61674388,28.82815889,28.60456507,27.91848312,26.75800897,25.12491159,23.03284132,20.50679993,17.58508194,14.3255322,10.81978168,7.223297002,3.817043942,1.121016384,4.77E-06
4.258390388,0.000702306,0.001749241,0.004033895,0.008336265,0.014539143,0.023355214,0.035292993,0.050900941,0.070759765,0.095484968,0.125729637,0.162187496,0.205596263,0.256741324,0.316459782,0.385644911,0.46525105,0.556299012,0.659882033,0.777172345,0.90942842,1.058002968,1.224351752,1.410043299,1.616769583,1.846357739,2.100782879,2.382182022,2.692869135,3.035351209,3.412345172,3.826795308,4.281890562,4.781080796,5.328090453,5.926927312,6.581882805,7.297518597,8.078631607,8.930185954,9.857195145,10.86453065,11.95662345,13.13701325,14.40768677,15.76813548,17.21406241,18.73569268,20.31571823,21.92706251,23.53089675,25.07562413,26.49770866,27.7250096,28.68254104,29.29953685,29.51599621,29.28706746,28.58461566,27.39645269,25.72438975,23.58240288,20.99609036,18.00466044,14.66733813,11.07794071,7.395644229,3.908118272,1.147763735,4.88E-06
4.252748474,0.000718719,0.001790088,0.004128062,0.008530843,0.014878486,0.023900311,0.036116701,0.052088916,0.072411216,0.09771347,0.128664006,0.165972741,0.210394606,0.26273332,0.323845523,0.394645334,0.476109369,0.569282262,0.675282764,0.795310466,0.930653212,1.08269528,1.25292641,1.442951737,1.65450272,1.88944914,2.149812205,2.437778808,2.755716921,3.106192044,3.491984516,3.916107333,4.38182387,4.892664502,5.452440594,6.065253463,6.735494695,7.467832419,8.267175508,9.138603935,10.08724822,11.11809352,12.23567423,13.44361267,14.74394191,16.13614158,17.61581441,19.17295739,20.78985851,22.43880931,24.08007477,25.66085392,27.1161279,28.37207232,29.3519512,29.98334683,30.20485804,29.97058641,29.25174038,28.03584735,26.32476082,24.13278299,21.48610957,18.42486388,15.00965317,11.33648426,7.568248161,3.999328255,1.174550926,4.99E-06
4.247106559,0.000735143,0.001830957,0.004222278,0.008725519,0.015217999,0.024445679,0.036940817,0.053277478,0.074063482,0.099943071,0.131599821,0.169759848,0.215195311,0.268728265,0.331234898,0.403650186,0.486973029,0.582271897,0.69069107,0.813457509,0.951888442,1.107399736,1.281515121,1.475876358,1.692254414,1.932561733,2.198865642,2.493402934,2.818595612,3.177067715,3.571663021,4.005463279,4.481806321,5.004303079,5.576851884,6.203647635,6.889182123,7.638229993,8.455812124,9.347124404,10.31741441,11.37178107,12.51486222,13.75036284,15.0803624,16.50432864,18.01776397,19.61043712,21.26423195,22.95080775,24.62952285,26.24637149,27.73485125,29.01945323,30.02169053,30.66749306,30.89405861,30.65444148,29.91919315,28.67555644,26.92542712,24.68343374,21.97636975,18.84527396,15.35213654,11.59515495,7.74093697,4.090583089,1.20135129,5.11E-06
4.241464645,0.000751562,0.001871809,0.004316447,0.008920095,0.015557336,0.024990763,0.0377645,0.054465415,0.07571488,0.102171498,0.134534091,0.173544962,0.219993487,0.274720052,0.338620379,0.412650292,0.497830963,0.595254686,0.706091254,0.831594985,0.973112478,1.132091168,1.310088761,1.508783621,1.729986205,1.975651596,2.247893217,2.548997733,2.881441152,3.247906018,3.651299519,4.094772112,4.581736057,5.115882796,5.70119758,6.34196884,7.042788521,7.808537726,8.644349284,9.555534933,10.54745926,11.62533486,12.79390302,14.05695129,15.41660552,16.87232158,18.4195016,20.0476862,21.73835528,23.46253624,25.17868124,26.83158036,28.35324837,29.66649281,30.69107675,31.35127857,31.5828958,31.33793599,30.58629401,29.31492823,27.52577671,25.23379416,22.46637143,19.26546238,15.69443934,11.85368926,7.91353473,4.18178981,1.228137523,5.22E-06
4.235822731,0.000767959,0.001912599,0.004410472,0.009114369,0.015896143,0.025534994,0.038586895,0.055651492,0.077363689,0.104396432,0.137463759,0.17732414,0.224784138,0.28070244,0.345994274,0.42163628,0.508671864,0.608217108,0.721467278,0.849704006,0.994303216,1.156743862,1.338617571,1.541639255,1.767658797,2.018673854,2.296843871,2.604505308,2.94418809,3.318633179,3.730811069,4.183940824,4.681509007,5.227287448,5.825348181,6.480073024,7.196153915,7.978578251,8.832590633,9.763618471,10.77714317,11.87849084,13.072506,14.36305871,15.75232108,17.23973715,18.82060892,20.48424924,22.21173472,23.97346184,25.72697802,27.41587104,28.97067525,30.3125172,31.35941272,32.03399125,32.27065223,32.02035811,31.2523482,29.95329688,28.12518438,25.78329109,22.95560432,19.68499153,16.03620507,12.11181793,8.085861688,4.27285343,1.254881729,5.34E-06
4.230180817,0.000784317,0.001953287,0.004504254,0.009308136,0.016234062,0.026077795,0.039407126,0.056834447,0.079008157,0.106615506,0.140385711,0.181093362,0.229562168,0.286669067,0.353348742,0.430598591,0.5194842,0.621145375,0.736802786,0.867765311,1.015438117,1.181331596,1.367071207,1.574408314,1.80523212,2.061582746,2.345665537,2.659866617,3.006769686,3.38917397,3.810113101,4.272874569,4.781019048,5.33839854,5.949171636,6.617813292,7.349115179,8.148170705,9.020335952,9.971153692,11.00622184,12.13097973,13.35037485,14.66835951,16.08715201,17.60618455,19.22065929,20.9196619,22.68386677,24.48304111,26.27382998,27.99862207,29.58647516,30.95683926,32.02598756,32.71490492,32.95659635,32.700982,31.91664728,30.58998336,28.72301255,26.33134004,23.44354804,20.10341519,16.37707022,12.36926641,8.25773455,4.363677089,1.281555462,5.45E-06
4.224538903,0.000800618,0.001993827,0.00459769,0.009501184,0.016570725,0.026618577,0.040224304,0.058012996,0.080646499,0.108826313,0.143296775,0.184848538,0.234322391,0.292613457,0.3606758,0.439527499,0.530256238,0.634025456,0.752081137,0.885759296,1.036494242,1.205827685,1.395418788,1.607055233,1.842665396,2.104331703,2.394305228,2.715021575,3.06911802,3.45945183,3.889119547,4.361476827,4.88015818,5.449095482,6.072533556,6.755040152,7.501506301,8.317131026,9.207381474,10.17791535,11.23444666,12.38252751,13.62720797,14.97252234,16.42073489,17.97126606,19.61921852,21.35345161,23.154239,24.99072099,26.81864362,28.57920097,30.19997975,31.5987597,32.69007784,33.39328057,33.63998371,33.37906894,32.57847028,31.22429668,29.3186124,26.87734621,23.92967301,20.52027923,16.71666484,12.62575528,8.428966777,4.454162215,1.308129772,5.56E-06
4.218896988,0.000816846,0.002034176,0.004690678,0.009693301,0.016905761,0.027156742,0.041037524,0.059185836,0.082276903,0.111026406,0.146193731,0.188585514,0.239059542,0.298529034,0.367967341,0.448413126,0.540976059,0.6468431,0.767285424,0.903666054,1.057448295,1.230205024,1.423628948,1.639543888,1.879917205,2.146873424,2.442709126,2.769909155,3.131164103,3.529389,3.967742987,4.449649561,4.978816706,5.559255788,6.195297444,6.891601766,7.653158663,8.485272264,9.39352024,10.38367468,11.46156509,12.63285583,13.90269907,15.27521065,16.75270063,18.33457774,20.01584562,21.78513841,23.62233097,25.49593974,27.36081612,29.15696534,30.81051019,32.23756823,33.35094874,34.06836759,34.32005815,34.05386866,33.23708489,31.85553497,29.9113249,27.42070545,24.41344134,20.93512239,17.05461317,12.88100075,8.599368907,4.544208688,1.334575255,5.68E-06
4.213255074,0.000832982,0.002074288,0.004783114,0.009884272,0.017238793,0.027691683,0.041845872,0.060351646,0.083897531,0.113213306,0.149073313,0.192300077,0.243768281,0.30440913,0.375215148,0.457245455,0.55163158,0.659583861,0.782398511,0.9214654,1.078276657,1.254436139,1.451669892,1.671837662,1.916945561,2.18915996,2.490822675,2.824467493,3.192838003,3.598906651,4.045894804,4.53729339,5.07688343,5.668755298,6.317324932,7.027344213,7.803901336,8.652404904,9.578542449,10.58819975,11.68732114,12.88168255,14.17653763,15.57608328,17.08267507,18.69571008,20.41009354,22.21423572,24.08761508,25.99812793,27.89973639,29.73126398,31.41737836,32.87254486,34.00785539,34.73940509,34.99605315,34.72462058,33.89174879,32.48298677,30.500482,27.96080534,24.89430778,21.34747712,17.39053431,13.13471513,8.768748875,4.633715015,1.360862105,5.79E-06
4.20761316,0.000849009,0.002114119,0.004874892,0.010073876,0.017569438,0.028222789,0.042648419,0.061509088,0.085506525,0.115384505,0.15193222,0.195987967,0.248443206,0.310246999,0.382410905,0.466014355,0.562210577,0.672233122,0.79740306,0.939136916,1.098955434,1.278493229,1.47950945,1.703899507,1.953707984,2.231142798,2.538590677,2.878633999,3.254068966,3.667925033,4.123485341,4.624307768,5.174245844,5.777468388,6.438476025,7.162111766,7.953561383,8.818337205,9.762235838,10.79125593,11.91145583,13.12872221,14.44840949,15.87479505,17.41027965,19.05424879,20.80150999,22.64025127,24.54955753,26.49670942,28.43478615,30.30143803,32.01988803,33.50296112,34.66004417,35.40562323,35.66719318,35.39055519,34.54171092,33.10593224,31.0854078,28.49702626,25.37172066,21.75687032,17.72404289,13.38660734,8.936912365,4.722578512,1.386960164,5.90E-06
4.201971246,0.000864908,0.002153622,0.004965905,0.010261895,0.017897312,0.028749438,0.04344423,0.062656813,0.087102009,0.11753747,0.154767114,0.199644882,0.253078864,0.316035831,0.389546217,0.474709594,0.572700707,0.684776124,0.812281563,0.956659983,1.119460498,1.302348226,1.507115138,1.735692012,1.990161579,2.272772953,2.585957395,2.932345468,3.314785547,3.736363611,4.200424062,4.710591162,5.270790344,5.88526821,6.558609362,7.295747173,8.101964177,8.982875555,9.944386068,10.9926063,12.13370761,13.37368655,14.71799743,16.17099743,17.73513211,19.4097755,21.18963825,23.06268798,25.00761933,26.99110247,28.9653411,30.8668222,32.61733617,34.12808141,35.30675408,36.06624465,36.33269514,36.05089545,35.18621289,33.72364451,31.66541979,29.02874253,25.84512292,22.16282433,18.05474974,13.63638346,9.103663156,4.81069549,1.412838979,6.01E-06
4.196329332,0.000880661,0.002192751,0.005056048,0.010448105,0.018222027,0.029271009,0.044232362,0.06379346,0.088682089,0.119669648,0.157574636,0.203266484,0.257669756,0.321768761,0.396612623,0.483320861,0.583089531,0.697197993,0.827016378,0.974013818,1.139767532,1.32597284,1.53445422,1.767177474,2.026263114,2.314001054,2.632866657,2.985538204,3.37491574,3.804141224,4.276619725,4.796041249,5.366402436,5.992026922,6.677582473,7.428091954,8.248933725,9.145824823,10.12477712,11.19201205,12.35381294,13.61628508,14.98498173,16.46433914,18.0568472,19.7618686,21.57401804,23.48104487,25.46125725,27.48072074,29.49077205,31.42674599,33.20901426,34.7471644,35.94721818,36.7204859,36.9917698,36.70485827,35.82449038,34.33539102,32.23983013,29.55532357,26.31395314,22.5648577,18.38226269,13.8837473,9.268803498,4.897961449,1.438467862,6.12E-06
4.190687417,0.000896251,0.00223146,0.005145211,0.010632282,0.018543191,0.029786873,0.045011867,0.06491766,0.090244865,0.121778472,0.160351404,0.206848413,0.262210355,0.327438884,0.403601612,0.491837785,0.593364534,0.709483766,0.841589755,0.991177522,1.159852076,1.349338615,1.561493766,1.79831797,2.061969108,2.354777444,2.679261962,3.038148138,3.434387121,3.871176236,4.351980555,4.880555106,5.460966958,6.097615937,6.79525206,7.558986704,8.394293004,9.306988742,10.30319173,11.38923303,12.57150668,13.85622557,15.24904083,16.75446685,18.37503743,20.110104,21.95418638,23.89481804,25.9099249,27.96497453,30.01044612,31.98053499,33.79420964,35.35946442,36.58066504,37.36755896,37.64362331,37.35165595,36.45577458,34.94043494,32.80794695,30.07613514,26.77764664,22.96248619,18.70618724,14.12840089,9.432134483,4.984271281,1.463815942,6.22E-06
4.185045503,0.000911659,0.002269703,0.005233286,0.010814204,0.018860415,0.0302964,0.045781792,0.06602804,0.091788426,0.123861364,0.163094024,0.21038629,0.26669511,0.33303927,0.41050464,0.500249953,0.603513158,0.721618426,0.85598388,1.008130111,1.179689578,1.372416988,1.588200719,1.82907543,2.097235908,2.395052273,2.725086591,3.090110954,3.493126985,3.937386695,4.42641442,4.964029414,5.554368304,6.201906169,6.911474269,7.688271402,8.537864312,9.466170285,10.47941177,11.58402811,12.7865227,14.09321471,15.5098519,17.04102589,18.68931379,20.45405598,22.32967851,24.30350164,26.35307376,28.44327181,30.523728,32.52751216,34.37220689,35.96423292,37.20632027,38.00667278,38.28745878,37.99049777,37.07929375,35.53803659,33.36907572,30.59054053,27.23563652,23.35522371,19.0261274,14.37004516,9.593456434,5.069519469,1.488852232,6.33E-06
4.179403589,0.000926867,0.002307432,0.005320166,0.010993644,0.019173304,0.030798959,0.046541183,0.067123225,0.093310858,0.125915743,0.165799096,0.213875729,0.27111846,0.338562973,0.417313148,0.508546936,0.613522816,0.733586926,0.870180904,1.024850563,1.19925544,1.395179339,1.614541964,1.859411715,2.132019784,2.434775598,2.77028372,3.141362215,3.551062493,4.002690498,4.499829021,5.04636066,5.646490651,6.304768294,7.026104979,7.815785727,8.679469612,9.623172061,10.65321873,11.77615575,12.99859439,14.32695862,15.76709153,17.3236609,18.99928658,20.79329801,22.70002879,24.70658889,26.79015431,28.91501947,31.0299812,33.06699925,34.94228928,36.56071995,37.82340802,38.63703483,38.92247782,38.62059154,37.6942747,36.12745491,33.92252061,31.09790185,27.68735487,23.74258323,19.34168643,14.60838044,9.752569306,5.153600301,1.513545684,6.44E-06
4.173761675,0.000941857,0.002344602,0.005405743,0.011170379,0.019481467,0.03129392,0.047289087,0.068201837,0.09481025,0.127939025,0.168463221,0.217312344,0.275474846,0.344003051,0.424018578,0.516718303,0.623380929,0.745374219,0.884162981,1.041317862,1.218525065,1.417597057,1.640484387,1.889288691,2.16627701,2.473897487,2.814796534,3.191837497,3.608120815,4.067005554,4.572132072,5.127445351,5.737218197,6.40607301,7.139000093,7.941369389,8.8189309,9.777796709,10.82439411,11.96537442,13.20745514,14.55716346,16.02043635,17.60201659,19.30456614,21.12740365,23.06477168,25.10357308,27.22061713,29.37962451,31.52856933,33.59831808,35.50374017,37.1481757,38.43115258,39.2578527,39.54788218,39.24114521,38.29994435,36.70794898,34.46758591,31.59758132,28.13223386,24.12407783,19.65246764,14.84310714,9.909273085,5.236408085,1.537865258,6.54E-06
4.168119761,0.00095661,0.002381167,0.005489907,0.011344185,0.019784512,0.031780653,0.048024551,0.069262505,0.096284692,0.129928637,0.171083005,0.220691759,0.27975872,0.349352578,0.430612391,0.52475365,0.63307494,0.756965297,0.897912305,1.057511036,1.237473914,1.439641592,1.665994951,1.918668308,2.199963959,2.512368116,2.858568344,3.241472517,3.664229288,4.130249957,4.643231491,5.207180221,5.826435398,6.5056913,7.250015835,8.064862452,8.956070567,9.92984731,10.99271992,12.15144316,13.41283898,14.78353606,16.26956372,17.87573848,19.60476369,21.4559474,23.42344267,25.49394865,27.64391399,29.83649523,32.01885742,34.120792,36.05584454,37.72585203,39.02877996,39.86833576,40.16287537,39.85136845,38.89553136,37.27877952,35.00357746,32.08894259,28.5697069,24.49922165,19.95807526,15.07392633,10.0633682,5.31783736,1.561779983,6.64E-06
4.162477846,0.000971111,0.00241708,0.005572553,0.011514837,0.020082049,0.032258532,0.04874663,0.070303862,0.097732284,0.131882013,0.173655073,0.224009618,0.28396456,0.354604654,0.437086085,0.532642615,0.642592352,0.768345213,0.911411146,1.073409203,1.256077553,1.461284519,1.69104076,1.947512682,2.233037191,2.550137877,2.901542707,3.290203272,3.719315559,4.192342151,4.713035596,5.285462453,5.914027207,6.603494707,7.359009051,8.18610567,9.090711769,10.07912779,11.15797911,12.33412202,13.61448104,15.00578451,16.51415238,18.14447358,19.89949211,21.77850561,23.77557924,25.87721219,28.05949906,30.28504248,32.50021324,34.63374727,36.59789044,38.293004,39.61551951,40.46769679,40.76666436,40.4504744,39.48026772,37.83921042,35.52980409,32.57135203,28.99920987,24.86753095,20.25811518,15.30054035,10.21465595,5.397783123,1.585259019,6.74E-06
4.156835932,0.00098534,0.002452297,0.005653573,0.011682117,0.020373693,0.032726934,0.049454382,0.07132455,0.099151139,0.133796605,0.176176068,0.227261591,0.288086877,0.359752429,0.443431213,0.540374904,0.651920744,0.779499117,0.92464189,1.08899162,1.274311705,1.482497593,1.715589131,1.975784173,2.265453549,2.587157483,2.943663544,3.33796617,3.773307742,4.25320111,4.781453296,5.362189892,5.99987932,6.699355601,7.465837507,8.304940825,9.222678805,10.22544335,11.31995601,12.51317262,13.81211821,15.22361879,16.75388316,18.40787122,20.1883668,22.09465735,24.12072186,26.25286356,28.46683,30.72468094,32.97200863,35.13651451,37.12917053,38.84889152,40.19060557,41.05515363,41.35846122,41.03768124,40.05339037,38.38851036,36.0455791,33.04418012,29.4201823,25.22852508,20.55219588,15.52265349,10.36293891,5.476141047,1.608271727,6.84E-06
4.151194018,0.000999281,0.002486771,0.005732862,0.011845803,0.020659058,0.033185243,0.050146873,0.072323223,0.100539384,0.135669888,0.178642665,0.230443388,0.292120232,0.364789107,0.449639402,0.547940313,0.661047806,0.790412289,0.937587075,1.104237718,1.292152305,1.503252819,1.739607664,2.003445466,2.297170246,2.623378072,2.98487526,3.384698169,3.826134575,4.312746507,4.848394287,5.437261265,6.083878422,6.793147456,7.570360201,8.421211069,9.351797492,10.36860087,11.47843684,12.68835862,14.00548961,15.43675138,16.98843964,18.66558374,20.47100647,22.40398533,24.458415,26.62040694,28.86536918,31.15483032,33.43362088,35.62843011,37.64898356,39.39278086,40.75327907,41.62993092,41.93748485,41.6122139,40.61414284,38.9259543,36.55022172,33.50680277,29.83206853,25.58172759,20.83992919,15.73997258,10.50802135,5.552807708,1.630787734,6.93E-06
4.145552104,0.001012917,0.00252046,0.005810317,0.012005679,0.020937767,0.033632848,0.050823182,0.07329855,0.101895169,0.137499363,0.181051574,0.233550765,0.296059245,0.369707971,0.455702369,0.555328748,0.669961359,0.801070167,0.950229429,1.119127157,1.309575548,1.523522501,1.763064311,2.030459653,2.328144964,2.658751317,3.025122867,3.430336915,3.87772557,4.370898891,4.913769249,5.510576405,6.165912433,6.884745125,7.67243767,8.53476126,9.477895547,10.50840932,11.63321012,12.85944628,14.19433724,15.64489789,17.21750884,18.91726726,20.747034,22.70607681,24.78820805,26.97935191,29.25458484,31.57491667,33.88443405,36.1088377,38.15663595,39.92394631,41.30278925,42.19126171,42.50296265,42.1733058,41.16177692,39.45082514,37.04305859,33.95860271,30.23431899,25.92666719,21.1209312,15.95220765,10.64970969,5.62768081,1.652776996,7.03E-06
4.139910189,0.001026231,0.002553319,0.005885833,0.012161531,0.021209444,0.034069148,0.051482399,0.074249218,0.103216668,0.139282565,0.183399547,0.236579533,0.299898606,0.374502389,0.46161194,0.56253025,0.678649389,0.811458384,0.962551909,1.133639863,1.326557946,1.543279314,1.785927448,2.056790314,2.358335943,2.693229526,3.064352103,3.474820879,3.928011173,4.42757986,4.977490045,5.582036468,6.245870754,6.974025116,7.771932291,8.645438311,9.600802965,10.64468022,11.78406721,13.02620494,14.37840648,15.8477777,17.44078194,19.16258247,21.01607724,23.0005245,25.10965639,27.32921455,29.63395222,31.98437363,34.32384035,36.57708961,38.65144327,40.44167175,41.83839523,42.73838922,43.05413223,42.72020047,41.69555429,39.96241524,37.52342527,34.39897081,30.62639135,26.26287882,21.39482305,16.15907257,10.78781292,5.700659408,1.674209866,7.12E-06
4.134268275,0.001039208,0.002585306,0.005959312,0.01231315,0.021473723,0.034493551,0.052123627,0.075173934,0.104502083,0.141017068,0.185683391,0.23952557,0.303633089,0.379165835,0.467360072,0.569535014,0.687100066,0.821562797,0.974537737,1.147756078,1.343076375,1.562496358,1.808165948,2.082401599,2.387702076,2.726765757,3.102509555,3.518089493,3.976922918,4.482712239,5.039469913,5.651544157,6.323644517,7.060865868,7.868708595,8.753091527,9.720352396,10.77722803,11.93080268,13.18840754,14.55744671,16.04511457,17.65795493,19.40119534,21.27776987,23.28692751,25.42232234,27.66951848,30.00295479,32.3826437,34.7512415,37.03254826,39.13273182,40.94525225,42.35936776,43.2705685,43.59024315,43.25215325,42.21474816,40.46002803,37.99066771,34.82730748,31.00775179,26.58990471,21.66123181,16.36028567,10.92214298,5.771644136,1.695057163,7.21E-06
4.128626361,0.001051831,0.002616379,0.006030653,0.012460328,0.021730241,0.034905475,0.052745987,0.076071429,0.105749648,0.14270049,0.187899968,0.242384829,0.307257563,0.383691901,0.472938864,0.576333414,0.695301777,0.831369519,0.986170441,1.1614564,1.359108135,1.581147222,1.829749245,2.107258308,2.416203002,2.759313916,3.139542779,3.560083287,4.024393577,4.536220254,5.099623668,5.719003937,6.399126826,7.145148024,7.96263357,8.857572943,9.836379529,10.90587057,12.07321487,13.34583113,14.73121186,16.23663727,17.86872931,19.63277793,21.53175221,23.56489217,25.72577617,27.99979599,30.36108538,32.76917946,35.16605005,37.47458766,39.59984007,41.43399567,42.86499079,43.78706808,44.11055853,43.76843302,42.71864494,40.94297957,38.44414371,35.243024,31.37787614,26.90729538,21.91979133,16.55557039,11.05251526,5.840537429,1.715290233,7.29E-06
4.122984447,0.001064087,0.002646498,0.006099761,0.012602865,0.021978645,0.035304351,0.053348619,0.076940461,0.106957637,0.144330498,0.190046205,0.245153347,0.310767004,0.388074313,0.478340583,0.582916023,0.70324315,0.840864952,0.997433891,1.174721831,1.374630994,1.599206043,1.850647409,2.131325971,2.443799199,2.790828868,3.17540042,3.600744026,4.070357322,4.588029701,5.157867889,5.784322259,6.472213006,7.226754703,8.053576962,8.95873767,9.948723458,11.03042943,12.21110628,13.49825742,14.89946094,16.42208021,18.0728128,19.85700908,21.77767204,23.83403303,26.01959704,28.31958904,30.70784734,33.14344489,35.56769077,37.90259478,40.05212027,41.90722424,43.35456313,44.28717171,44.61435682,44.26832381,43.20654582,41.41060012,38.88322439,35.64554385,31.73625112,27.21461069,22.17014304,16.74465592,11.17874895,5.907243748,1.734881017,7.38E-06
4.117342533,0.00107596,0.002675622,0.006166541,0.012740563,0.022218591,0.035689625,0.053930681,0.077779816,0.108124361,0.145904814,0.192119104,0.247827253,0.314156504,0.392306942,0.483557675,0.589273638,0.71091308,0.850035817,1.008312335,1.187533821,1.389623242,1.616647564,1.870831214,2.154570928,2.470452071,2.821266536,3.210032327,3.640014844,4.114749868,4.638068121,5.214121117,5.847407768,6.542800838,7.305571772,8.14141158,9.056444217,10.05722706,11.15073041,12.34428405,13.64547322,15.06195864,16.60118402,18.26991996,20.07357518,22.01518542,24.09397364,26.30337403,28.62845037,31.04275568,33.50491653,35.95560191,38.31597104,40.48893984,42.36427609,43.82740006,44.77017992,45.10093341,44.75112647,43.67776843,41.86223564,39.30729566,36.03430407,32.08237551,27.51142081,22.41193679,16.9272778,11.3006675,5.971669797,1.753802115,7.46E-06
4.111700618,0.001087437,0.002703715,0.006230901,0.01287323,0.022449743,0.036060754,0.054491356,0.078588314,0.109248178,0.147421222,0.194115743,0.250402779,0.317421288,0.396383823,0.488582787,0.595397296,0.718300754,0.858869187,1.018790437,1.199874306,1.404063745,1.633447196,1.890272203,2.176960409,2.496124041,2.850584008,3.243389675,3.677840373,4.157508626,4.686264965,5.268304042,5.90817152,6.610790801,7.381488106,8.226013585,9.150554829,10.16173736,11.26660391,12.47256042,13.78727096,15.21847587,16.77369619,18.45977288,20.28217088,22.24395747,24.34434754,26.57670702,28.92594452,31.36533821,33.85308475,36.32923656,38.71413359,40.90968292,42.80450683,44.28283493,45.23541174,45.56960228,45.21616029,44.1316484,42.2972494,39.71575961,36.40875655,32.4157613,27.79730727,22.64483169,17.10317856,11.41809902,6.033724742,1.772026852,7.54E-06
4.106058704,0.001098504,0.002730738,0.006292755,0.013000683,0.022671776,0.036417216,0.05502985,0.079364808,0.110327495,0.14887757,0.196033289,0.25287627,0.320556719,0.400299167,0.493408781,0.6012783,0.72539568,0.867352513,1.028853313,1.211725758,1.417931988,1.649581073,1.908942759,2.198462604,2.52077864,2.878739635,3.275425074,3.714166876,4.198572852,4.732551761,5.320339687,5.966527191,6.676086303,7.454395853,8.307262784,9.240935805,10.26210588,11.37788529,12.59575314,13.9234492,15.36879025,16.93937162,18.64210185,20.48249985,22.46366318,24.584799,26.83920771,29.21164885,31.67513666,34.1874549,36.68806389,39.09651678,41.31375175,43.22729102,44.72022071,45.68220621,46.01969757,45.66276461,44.56754089,42.71502336,40.10803595,36.76836931,32.73593487,28.07186393,22.86849685,17.27210829,11.53087668,6.093320423,1.789529334,7.61E-06
4.10041679,0.001109151,0.002756658,0.006352017,0.013122741,0.022884374,0.036758502,0.055545396,0.08010819,0.111360769,0.150271776,0.197869,0.255244188,0.323558313,0.404047373,0.498028754,0.606908236,0.732187706,0.875473658,1.038486565,1.223071218,1.431208128,1.665026112,1.926816167,2.219046749,2.544380588,2.905693128,3.306092684,3.748942374,4.237883785,4.776862276,5.370153593,6.022391277,6.738593911,7.524190686,8.385042916,9.327457814,10.35818899,11.48441533,12.71368594,14.05381307,15.5126867,17.09797326,18.81664597,20.67427541,22.67398817,24.81498396,27.09050046,29.48515451,31.9717077,34.50754852,37.03157045,39.46257343,41.70056815,43.63202368,45.13893151,46.10992399,46.45057525,46.09030036,44.98482217,43.11495971,40.48356335,37.11262775,33.04243805,28.3346979,23.08261223,17.43382526,11.6388391,6.15037156,1.806284518,7.68E-06
4.094774876,0.001119365,0.00278144,0.006408604,0.013239232,0.023087236,0.037084125,0.056037254,0.080817394,0.112346515,0.151601834,0.199620235,0.257503124,0.326421749,0.407623044,0.502436054,0.612278997,0.73866705,0.883220925,1.047676318,1.233894344,1.443873041,1.679760062,1.943866678,2.238683188,2.566895885,2.931405657,3.335348325,3.782116765,4.275384792,4.819132674,5.417673994,6.075683296,6.79822357,7.590772053,8.459241922,9.409996205,10.44984827,11.58604053,12.82618891,14.17817477,15.6499579,17.24927259,18.98315376,20.85722129,22.87462942,25.03457079,27.33022323,29.74606748,32.25462408,34.81290444,37.35926134,39.81177616,42.0695748,44.01812171,45.53836411,46.51794885,46.86161452,46.49815158,45.38289105,43.49648226,40.84180078,37.44103591,33.33482926,28.58543051,23.28686935,17.58809649,11.74183073,6.204795961,1.822268264,7.75E-06
4.089132962,0.001129136,0.002805054,0.00646244,0.013349992,0.023280071,0.037393617,0.056504715,0.081491393,0.113283309,0.152865821,0.201284458,0.259649807,0.329142878,0.411020999,0.506624292,0.617382797,0.744824321,0.890583083,1.056409249,1.244179446,1.455908365,1.693761562,1.960069572,2.257343453,2.588291887,2.955839943,3.363149579,3.813641952,4.3110215,4.859301667,5.462831991,6.126325979,6.854888825,7.654043416,8.529752221,9.488431304,10.53695083,11.68261357,12.93309892,14.29635396,15.78040482,17.39305025,19.1413838,21.03107221,23.06529601,25.2432411,27.55802846,29.99400945,32.52347558,35.10307993,37.67066144,40.14361866,42.4202367,44.38502529,45.91793934,46.90568921,47.25221943,46.88572691,45.76117038,43.85903783,41.18222882,37.75311761,33.61268456,28.82369822,23.48097205,17.7346983,11.83970224,6.256514713,1.837457396,7.81E-06
4.083491047,0.001138454,0.002827469,0.00651345,0.013454863,0.023462602,0.037686531,0.056947101,0.08212921,0.114169785,0.154061896,0.202859246,0.261681109,0.331717734,0.414236284,0.510587362,0.622212195,0.750650539,0.897549397,1.064672623,1.253911523,1.467296548,1.707010192,1.975401218,2.275000327,2.608537387,2.978960346,3.389455896,3.843471953,4.34474193,4.897310664,5.505561715,6.174245459,6.90850702,7.713912487,8.596470965,9.562648704,10.6193696,11.77399356,13.03426004,14.40817828,15.90383719,17.52909651,19.2911053,21.1955746,23.24570983,25.44069052,27.77358384,30.22861876,32.77787004,35.37765172,37.96531651,40.45761689,42.75204233,44.73219925,46.27710356,47.27257947,47.62182021,47.25246104,46.11910836,44.20209758,41.50435092,38.04841765,33.87559866,29.04915349,23.6646372,17.87341684,11.93231088,6.305452379,1.851829759,7.87E-06
4.077849133,0.001147312,0.002848657,0.006561564,0.013553697,0.023634566,0.03796244,0.057363767,0.082729912,0.11500465,0.155188308,0.204342291,0.263594054,0.334142545,0.417264187,0.514319456,0.62676011,0.756137162,0.904109651,1.072454321,1.263076303,1.478020888,1.71948652,1.98983913,2.291627912,2.62760269,3.000732955,3.414228691,3.871563013,4.376496621,4.933103914,5.545800491,6.219371447,6.958999509,7.770291449,8.65930029,9.632539541,10.69698371,11.86004648,13.12952389,14.5134837,16.02007395,17.65721182,19.43209864,21.35048716,23.41560624,25.62662942,27.9765732,30.44955128,33.01743431,35.63621706,38.24279436,40.75331026,43.06450501,45.05913434,46.61532991,47.61808148,47.96987472,47.59781601,46.45617998,44.5251583,41.80769457,38.32650286,34.12318591,29.26146561,23.83759541,18.00404864,12.01952081,6.351537174,1.865364273,7.93E-06
4.072207219,0.001155701,0.002868593,0.006606718,0.013646353,0.023795714,0.038220944,0.057754105,0.083292619,0.115786676,0.156243401,0.205731412,0.265385826,0.336413738,0.420100247,0.517815073,0.631019841,0.761276104,0.910254174,1.079742873,1.271660277,1.488065575,1.731172153,2.00336202,2.307201695,2.645459687,3.02112567,3.437431439,3.897873715,4.406238753,4.966628643,5.583488989,6.261637406,7.006291843,7.823097172,8.718147554,9.698000762,10.7696787,11.94064543,13.21874998,14.61211494,16.12894371,17.77720728,19.56415591,21.49558147,23.57473474,25.80078364,28.16669723,30.65648123,33.24181515,35.8783947,38.50268585,41.03026278,43.35716401,45.36534849,46.9321197,47.94168579,48.29586976,47.9212826,46.77188821,44.82774364,42.0918125,38.5869632,34.35508124,29.46032152,23.99959163,18.12640108,12.10120343,6.394701148,1.87804098,7.99E-06
4.066565305,0.001163616,0.002887254,0.006648849,0.013732699,0.023945815,0.038461665,0.05811754,0.083816502,0.11651471,0.157225616,0.207024555,0.267053774,0.338527953,0.422740266,0.521069038,0.63498508,0.766059753,0.915973868,1.086527484,1.279650728,1.497415729,1.74204978,2.015949856,2.321698603,2.662081923,3.040108276,3.459029764,3.922365077,4.433924261,4.997835179,5.618571369,6.300980715,7.050313951,7.872251419,8.772925568,9.758935377,10.83734687,12.01567101,13.30180613,14.70392587,16.23028516,17.8889051,19.68708147,21.63064255,23.72285954,25.96289514,28.34367423,30.84910203,33.45068011,36.1038258,38.74460589,41.28806408,43.62958569,45.65038799,47.22700354,48.24291294,48.59932231,48.22238154,47.06576528,45.10940527,42.35628373,38.82941277,34.57094106,29.64542659,24.15038585,18.24029288,12.17723772,6.434880345,1.889841097,8.04E-06
4.06092339,0.001171051,0.002904617,0.006687902,0.013812614,0.02408465,0.03868425,0.058453538,0.084300787,0.117187673,0.158133498,0.2082198,0.268595421,0.340482048,0.425180319,0.524076513,0.638649929,0.770480996,0.921260223,1.092798059,1.287035768,1.506057438,1.752103216,2.027583907,2.335097062,2.677444662,3.057652526,3.478991524,3.945000652,4.459511943,5.02667708,5.65099542,6.33734282,7.091000318,7.917681034,8.823552808,9.815252699,10.89988751,12.08501154,13.37856872,14.78877984,16.32394748,17.99213902,19.80069235,21.75546938,23.85976019,26.11272266,28.5072408,31.027127,33.64371833,36.31217487,38.96819445,41.5263305,43.88136463,45.91382863,47.49954255,48.52131459,48.87978074,48.50066472,47.33737382,45.36972399,42.60071466,39.05349073,34.7704441,29.81650533,24.28975365,18.34555454,12.24751051,6.472014969,1.900747064,8.08E-06
4.055281476,0.001178003,0.002920666,0.006723825,0.013885984,0.024212018,0.038888374,0.058761604,0.084744756,0.117804566,0.158965694,0.209315368,0.270008468,0.342273109,0.427416766,0.526833009,0.642008916,0.774533228,0.926105344,1.098545231,1.293804366,1.513977793,1.761317439,2.03824679,2.347377055,2.691524949,3.073732204,3.497286891,3.965746616,4.482963562,5.053111249,5.68071269,6.370669385,7.128290144,7.95931813,8.869953618,9.866868569,10.95720715,12.14856342,13.44892304,14.86655006,16.40979071,18.08675479,19.90481879,21.86987544,23.98523212,26.25004227,28.65715252,31.19029008,33.82064134,36.50313054,39.17311738,41.74470596,44.11212455,46.15527672,47.74932946,48.77647472,49.13682594,48.75571625,47.58630793,45.60831078,42.82474,39.25886221,34.95329223,29.97330208,24.41748675,18.44202875,12.3119168,6.506049525,1.910742583,8.13E-06
4.049639562,0.00118447,0.002935382,0.006756573,0.013952708,0.024327736,0.039073737,0.059041281,0.085147751,0.118364471,0.159720964,0.210309621,0.271290802,0.343898454,0.429446257,0.529334396,0.645057009,0.778210377,0.930501967,1.103760386,1.299946372,1.521164915,1.769678633,2.047922515,2.358520164,2.704301667,3.088323194,3.513888424,3.984571852,4.504243945,5.077098034,5.707678604,6.400910422,7.162127495,7.997100251,8.912058397,9.913705564,11.00921984,12.2062313,13.51276356,14.93711986,16.48768607,18.17261047,19.99930459,21.9736891,24.0990871,26.37464802,28.7931845,31.33834655,33.98118375,36.67640638,39.35906731,41.94286289,44.32151932,46.37437007,47.97598958,49.00801057,49.37007233,48.98715356,47.81219421,45.82480776,43.02802372,39.44521915,35.11921118,30.11558164,24.53339355,18.52957079,12.37035997,6.536932961,1.919812659,8.16E-06
4.043997648,0.001190451,0.002948754,0.006786104,0.014012692,0.024431637,0.039240068,0.059292157,0.085509171,0.11886655,0.160398177,0.211201068,0.2724405,0.345355643,0.431265743,0.531576916,0.647789625,0.781506914,0.934443481,1.108435678,1.305452547,1.527607994,1.777174219,2.056596522,2.368509622,2.71575559,3.101403539,3.528771141,4.001448029,4.523321065,5.098601338,5.73185258,6.428020417,7.192461447,8.030970536,8.949803776,9.955693191,11.05584727,12.25792841,13.56999419,15.00038303,16.55751632,18.24957686,20.08400753,22.06675412,24.20115379,26.48635235,28.91513202,31.47107355,34.12510392,36.8317416,39.52576436,42.12050305,44.50923377,46.57077893,48.17918177,49.21557366,49.57916886,49.19462832,48.01469268,46.01888908,43.21025985,39.61228108,35.26795121,30.24312986,24.63729959,18.60804892,12.42275206,6.564618796,1.927943644,8.20E-06
4.038355734,0.001195946,0.00296077,0.006812383,0.014065856,0.024523575,0.039387125,0.059513861,0.08582848,0.119310055,0.160996319,0.211988372,0.273455832,0.346642484,0.432872485,0.533557188,0.650202645,0.784417868,0.937923942,1.112564055,1.310314584,1.533297306,1.783792884,2.064255723,2.377330353,2.72586943,3.112953496,3.541912578,4.016349676,4.540166126,5.117588701,5.753198127,6.451958447,7.219246207,8.060877854,8.983132776,9.992768067,11.09701906,12.30357669,13.62052853,15.05624408,16.61917606,18.31753775,20.15879976,22.14893001,24.29127808,26.58498663,29.02281098,31.58827073,34.25218459,36.96890168,39.67295687,42.27735827,44.67498453,46.74420681,48.35859927,49.39885064,49.76379986,49.37782731,48.19349764,46.19026174,43.37117328,39.75979578,35.39928779,30.3557542,24.72904803,18.67734465,12.46901397,6.589065234,1.935123261,8.23E-06
4.032713819,0.001200958,0.002971422,0.006835381,0.014112129,0.024603418,0.039514694,0.059706066,0.086105203,0.119694322,0.161514492,0.212670349,0.27433527,0.347757035,0.434264057,0.535272223,0.652292423,0.78693884,0.940938086,1.116139274,1.314525129,1.538224247,1.789524615,2.070888528,2.38496901,2.734627883,3.122955586,3.553292846,4.029254238,4.554753634,5.134031385,5.771682937,6.47268828,7.242441235,8.086776937,9.011994948,10.02487407,11.13267289,12.34310705,13.6642901,15.10461843,16.67257194,18.37639027,20.22356805,22.22009237,24.36932358,26.67040155,29.11605837,31.68976066,34.3622334,37.08767901,39.80042205,42.41319111,44.81852069,46.89439116,48.5139705,49.5575641,49.92368586,49.53647322,48.34833842,46.33866633,43.51052044,39.88753996,35.51302212,30.45328417,24.80849998,18.7373531,12.50907569,6.610235272,1.941340644,8.26E-06
4.027071905,0.00120549,0.002980706,0.006855072,0.01415145,0.024671055,0.039622592,0.059868491,0.086338929,0.120018778,0.161951918,0.213245973,0.275077488,0.348697615,0.435438357,0.536719426,0.654055796,0.78906601,0.943481348,1.119155917,1.318077801,1.542381346,1.794360723,2.07648488,2.391414009,2.742017665,3.131394639,3.562894683,4.040142141,4.56706146,5.147904448,5.787278968,6.490178467,7.262011342,8.108628493,9.036346506,10.0519625,11.16275467,12.37645951,13.70121251,15.14543271,16.71762295,18.42604514,20.27821415,22.28013324,24.43517185,26.74246754,29.19473273,31.77538939,34.45508338,37.18789338,39.90796649,42.52779549,44.93962449,47.02110415,48.64505974,49.69147321,50.05858427,49.67032535,48.47898011,46.46387771,43.62808991,39.99531981,35.60898162,30.5355718,24.87553489,18.78798321,12.54287642,6.62809679,1.94658636,8.28E-06
4.021429991,0.001209549,0.002988619,0.00687144,0.014183773,0.024726397,0.039710665,0.060000899,0.086529314,0.120282939,0.162307944,0.213714378,0.275681366,0.349462802,0.436393607,0.537896606,0.655490091,0.790796154,0.945549868,1.121609405,1.320967204,1.54576229,1.798293861,2.081036276,2.396655557,2.748027548,3.138257831,3.570703499,4.048996838,4.577070897,5.159186802,5.799962514,6.504402425,7.277926781,8.126399307,9.056150432,10.07399217,11.18721867,12.40358338,13.73123961,15.17862487,16.75426061,18.46642687,20.32265497,22.32896134,24.4887228,26.80107502,29.25871445,31.84502672,34.53059338,37.26939245,39.99542671,42.62099718,45.03811181,47.12415312,48.75166768,49.80037443,50.16829003,49.77918022,48.58522409,46.56570551,43.72370296,40.08297147,35.68702043,30.60249201,24.93005086,18.82915803,12.5703648,6.642622637,1.950852436,8.30E-06
4.015788077,0.001213141,0.002995162,0.006884472,0.01420906,0.02476937,0.039778792,0.0601031,0.086676079,0.120486415,0.162582037,0.214074861,0.276145995,0.35005144,0.437128362,0.538801978,0.656593132,0.792126646,0.947140506,1.12349601,1.323188947,1.548361938,1.801318048,2.084535793,2.40068568,2.752648387,3.143534716,3.576707407,4.055804852,4.58476671,5.167861274,5.809714268,6.515338496,7.29016332,8.140062323,9.071376575,10.09092955,11.20602764,12.42443735,13.75432569,15.20414436,16.78242914,18.49747397,20.35682286,22.36650233,24.5298949,26.84613476,29.3079061,31.89856663,34.58864841,37.33205211,40.06266954,42.69265426,45.11383269,47.20338118,48.83363201,49.8841019,50.25263607,49.86287207,48.6669086,46.64399468,43.79721399,40.15036149,35.74701972,30.65394288,24.97196488,18.86081486,12.59149895,6.653790695,1.954132376,8.31E-06
4.010146163,0.001216277,0.003000341,0.006894163,0.014227287,0.024799922,0.039826881,0.060174952,0.086779012,0.120628906,0.16277379,0.214326884,0.276470677,0.350462642,0.437641512,0.539434172,0.657363249,0.793055465,0.948250844,1.124812864,1.324739651,1.550176335,1.803428679,2.086978102,2.403498239,2.755873142,3.147217256,3.58089726,4.060555806,4.59013717,5.173914642,5.816519364,6.522970013,7.298702308,8.149596711,9.082001722,10.1027488,11.21915291,12.43898963,13.77043556,15.22195229,16.80208558,18.51913911,20.38066571,22.39269897,24.55862535,26.87757806,29.3422327,31.93592749,34.62915997,37.37577682,40.10959244,42.74265749,45.16667167,47.25866751,48.89082775,49.94252799,50.3114938,49.92127331,48.72390908,46.69862586,43.84851093,40.19738712,35.788888,30.68984597,25.00121304,18.88290542,12.60624667,6.661583938,1.95642118,8.32E-06
4.004504248,0.001218968,0.003004164,0.006900514,0.01423844,0.024818022,0.039854874,0.060216358,0.086837969,0.120710208,0.162882925,0.214470074,0.276654928,0.350695793,0.437932285,0.539792234,0.657799274,0.793581204,0.948879198,1.125557966,1.325616957,1.55120272,1.804622542,2.088359485,2.405088951,2.757696899,3.149299838,3.583266669,4.063242458,4.593174087,5.177337673,5.820367423,6.527285332,7.303530717,8.154987927,9.088009662,10.1094319,11.22657445,12.44721803,13.77954464,15.23202147,16.81319994,18.53138922,20.39414714,22.40751127,24.57487033,26.89535693,29.36164185,31.95705226,34.65206622,37.40049986,40.1361238,42.77093054,45.19654813,47.28992776,48.92316762,49.97556353,50.3447734,49.95429479,48.75613855,46.72951568,43.87751549,40.22397658,35.81256138,30.71014649,25.01775071,18.89539602,12.61458543,6.665990473,1.957715355,8.33E-06
3.998862334,0.001221226,0.003006641,0.00690353,0.014242519,0.024823657,0.039862743,0.06022727,0.086852876,0.120730212,0.162909287,0.214504227,0.276698481,0.350750549,0.438000249,0.539875629,0.657900555,0.793703071,0.949024618,1.125730189,1.325819537,1.551439535,1.804897823,2.088677839,2.405455393,2.758116882,3.149779287,3.583812024,4.06386071,4.593872829,5.178125147,5.821252575,6.528277871,7.304641178,8.156227742,9.089391226,10.11096865,11.22828092,12.44910996,13.78163901,15.23433653,16.81575525,18.53420561,20.39724656,22.41091663,24.57860502,26.89944423,29.36610391,31.96190871,34.65733219,37.40618348,40.14222312,42.77743024,45.20341643,47.29711417,48.93060223,49.98315806,50.35242404,49.9618861,48.7635478,46.73661696,43.88418338,40.23008927,35.81800371,30.71481346,25.02155264,18.89826757,12.61650253,6.667003574,1.958012928,8.33E-06
3.99322042,0.001223069,0.003007787,0.006903226,0.014239536,0.024816837,0.039850492,0.060207687,0.086823725,0.120688902,0.162852852,0.214429303,0.276601283,0.350626839,0.437845314,0.539684243,0.657666948,0.793420892,0.948686895,1.125329281,1.32534709,1.550886428,1.804254111,2.087932689,2.404597015,2.757132457,3.148654881,3.582532499,4.062409626,4.592232336,5.176275866,5.819173472,6.525946118,7.302032002,8.153314267,9.086144307,10.1073567,11.22426974,12.44466256,13.77671547,15.22889394,16.80974761,18.52758396,20.38995925,22.40290984,24.56982372,26.88983371,29.35561207,31.95048941,34.64494984,37.392819,40.12788108,42.76214667,45.18726609,47.28021578,48.91312022,49.96529999,50.33443405,49.94403565,48.7461255,46.71991886,43.86850442,40.21571587,35.80520669,30.70383972,25.01261302,18.8915157,12.61199501,6.664621694,1.957313445,8.32E-06
3.987578506,0.001224513,0.003007622,0.006899623,0.014229515,0.02479759,0.03981816,0.060157658,0.086750578,0.120586357,0.162713722,0.214245434,0.276363497,0.350324868,0.437467729,0.53921838,0.657098823,0.792735111,0.947866555,1.124355866,1.324200349,1.549544256,1.802692399,2.086125181,2.402515138,2.754745137,3.145928345,3.579430057,4.058891431,4.588255121,5.171792664,5.814133299,6.520293641,7.295707179,8.146251958,9.078273871,10.09860157,11.21454702,12.43388261,13.76478157,15.21570201,16.7951862,18.5115344,20.37229634,22.38350314,24.54853985,26.86654005,29.33018235,31.92281181,34.61493808,37.36042682,40.09311958,42.72510318,45.14812177,47.2392584,48.8707483,49.9220166,50.29083089,49.90077069,48.70389827,46.67944689,43.83050256,40.18087833,35.77418985,30.67724206,24.99094551,18.87515072,12.60106979,6.658848476,1.955617975,8.32E-06
3.981936592,0.001225581,0.003006167,0.006892747,0.014212491,0.024765966,0.039765814,0.060077278,0.086633565,0.120422754,0.162492127,0.213952917,0.275985503,0.349845112,0.436868088,0.538478769,0.656197063,0.791646789,0.946564865,1.122811442,1.322381079,1.547415078,1.800215084,2.083258087,2.39921295,2.750958576,3.141603852,3.574509444,4.053311504,4.581947266,5.164682391,5.806139756,6.511329077,7.285676372,8.135051603,9.065791938,10.08471664,11.19912762,12.41678658,13.74585551,15.1947809,16.77209326,18.48608144,20.3442848,22.35272615,24.51478591,26.82959883,29.28985359,31.87891815,34.56734274,37.30905641,40.0379917,42.66635631,45.08604325,47.17430456,48.80355116,49.85337397,50.22168115,49.83215729,48.63693058,46.61526283,43.77023582,40.12562984,35.72500056,30.63506109,24.9565832,18.84919762,12.58374353,6.649692734,1.952929108,8.31E-06
3.976294677,0.001226293,0.003003449,0.006882632,0.014188513,0.024722036,0.039693558,0.059966691,0.086472886,0.12019836,0.162188425,0.213552218,0.275467895,0.349188321,0.436047322,0.537466552,0.654963058,0.7901576,0.944783826,1.12069838,1.319892068,1.544502157,1.796825956,2.079335794,2.394695502,2.745778563,3.135688009,3.567778176,4.045678367,4.573318401,5.154955905,5.795205048,6.499066111,7.271954891,8.119730297,9.048717559,10.0657231,11.17803507,12.39340056,13.71996618,15.16616251,16.74050401,18.45126391,20.30596736,22.31062583,24.46861338,26.77906639,29.23468731,31.81887542,34.50223642,37.23878613,39.96258155,42.5859957,45.00112522,47.08545335,48.71163132,49.75947683,50.12709032,49.73830013,48.54532461,46.52746462,43.68779614,40.05005468,35.65771387,30.57736115,24.90957851,18.813696,12.56004268,6.637168441,1.94925095,8.29E-06
3.970652763,0.001226677,0.002999498,0.006869319,0.014157644,0.02466589,0.039601523,0.059826088,0.086268807,0.119913541,0.161803098,0.213043966,0.274811482,0.348355515,0.435006699,0.536183291,0.653398707,0.788269832,0.942526166,1.118019916,1.316737124,1.540809945,1.792530196,2.07436429,2.388969689,2.739213004,3.128189843,3.559246522,4.036003664,4.562381687,5.142628037,5.781345847,6.483523438,7.254563656,8.100311396,9.02707676,10.04164989,11.15130151,12.36376018,13.68715303,15.12989048,16.70046661,18.40713488,20.25740242,22.25726635,24.41009265,26.71501976,29.16476758,31.74277512,34.41971835,37.14972309,39.86700404,42.48414381,44.89349711,46.97284019,48.59512886,49.64046827,50.00720256,49.61934224,48.42921995,46.41618606,43.58330918,39.95426805,35.57243233,30.5042302,24.85000308,18.76869996,12.53000335,6.621294687,1.944589108,8.27E-06
3.965010849,0.001226762,0.002994348,0.006852856,0.014119956,0.024597641,0.039489876,0.059655707,0.086021663,0.119568751,0.161336757,0.212428958,0.274017285,0.347347981,0.433747824,0.534630957,0.651506408,0.785986375,0.939795341,1.114780143,1.312921064,1.536344077,1.787334354,2.068351156,2.382044239,2.731271902,3.119120778,3.548927478,4.024302128,4.549153778,5.127717558,5.764583252,6.46472472,7.23352914,8.076824458,9.000902482,10.01253367,11.11896765,12.32791057,13.64746602,15.08602,16.65204199,18.35376149,20.19866389,22.19272891,24.33931277,26.6375564,29.08020082,31.65073305,34.3199141,37.04200281,39.75140463,42.36095564,44.7633227,46.83663645,48.45422108,49.4965294,49.8622003,49.47546466,48.2887933,46.28159649,43.45693392,39.8384157,35.46928571,30.41577951,24.77794757,18.71427798,12.49367127,6.602095632,1.938950677,8.25E-06
3.959368935,0.001226577,0.002988039,0.006833298,0.014075536,0.024517421,0.039358813,0.059455835,0.085731856,0.119164541,0.160790133,0.211708151,0.273086532,0.346167273,0.432272631,0.532811929,0.649289057,0.783310716,0.936595515,1.110983999,1.308449701,1.531111353,1.781246339,2.061305541,2.373929686,2.721967335,3.108494602,3.536836731,4.010591546,4.533654779,5.110247127,5.744942739,6.442698524,7.208883305,8.049305172,8.970234492,9.978418653,11.08108259,12.28590619,13.60096542,15.03461772,16.59530371,18.29122484,20.12984101,22.11711155,24.25638125,26.54679398,28.98111548,31.54288904,34.20297529,36.91578894,39.61595892,42.21661833,44.61079974,46.67704903,48.28912203,49.32787887,49.69230384,49.30688594,48.12425798,46.12390036,43.30886237,39.70267363,35.34843071,30.31214346,24.69352145,18.65051275,12.45110163,6.579600445,1.932344227,8.22E-06
3.95372702,0.001226159,0.002980613,0.006810708,0.014024484,0.024425382,0.039208565,0.059226803,0.085399853,0.11870155,0.160164083,0.210882664,0.272020659,0.344815204,0.430583378,0.530728988,0.646750036,0.780246933,0.932931561,1.106637258,1.303329834,1.525119724,1.774275398,2.053238142,2.364638348,2.711313422,3.096327439,3.522992624,3.994892716,4.515908196,5.090243241,5.722454089,6.417478248,7.18066352,8.01779526,8.935119288,9.939356577,11.03770378,12.23781071,13.54772173,14.97576157,16.53033778,18.21961973,20.0510381,22.03052891,24.16142383,26.44287009,28.86766177,31.41940656,34.06907918,36.77127279,39.46087224,42.05135068,44.43615943,46.49431985,48.10008198,49.13477235,49.49777069,49.11386164,47.93586341,45.94333674,43.13931897,39.54724762,35.21005053,30.19347915,24.5968527,18.57750092,12.40235898,6.55384323,1.924779774,8.19E-06
3.948085106,0.001225544,0.002972118,0.006785154,0.01396691,0.024321696,0.039039389,0.05896899,0.085026186,0.118180509,0.159459581,0.209953774,0.270821307,0.343293846,0.428682646,0.528385308,0.643893208,0.776799682,0.928809041,1.101746516,1.297569224,1.518378269,1.76643209,2.044161177,2.35418429,2.69932629,3.082637702,3.507416104,3.97722939,4.49594088,5.06773616,5.697151322,6.38910204,7.14891247,7.982342382,8.895609979,9.895406514,10.98889681,12.18369688,13.48781548,14.90954054,16.45724245,18.13905444,19.96237434,21.9331119,24.05458409,26.32594189,28.74001125,31.28047234,33.91842825,36.6086729,39.28637909,41.86540258,44.23966585,46.28872522,47.88738678,48.91750183,49.27889504,48.89668363,47.72389446,45.74017865,42.9485601,39.37237269,35.05435444,30.05996604,24.48808752,18.49535291,12.34751701,6.524862943,1.916268761,8.15E-06
3.942443192,0.001224775,0.002962606,0.006756714,0.01390294,0.024206556,0.038851578,0.058682818,0.084611454,0.117602236,0.158677722,0.20892291,0.269490311,0.34160552,0.426573329,0.525784449,0.640722907,0.772974185,0.924234194,1.096319169,1.29117658,1.510897175,1.757728261,2.034088351,2.342583295,2.686024032,3.067446051,3.490130677,3.957628217,4.473782952,5.042759835,5.669072604,6.3576127,7.11367804,7.943000005,8.851766149,9.846634744,10.9347353,12.12364629,13.421337,14.83605451,16.37612795,18.04965046,19.86398341,21.82500743,23.93602313,26.19618569,28.5983564,31.12629589,33.75124966,36.42823445,39.09274259,41.65905444,44.02161531,46.06057516,47.65135716,48.67639494,49.03600692,48.65567941,47.48867078,45.51473245,42.73687341,39.17831254,34.8815772,29.91180543,24.3673899,18.40419259,12.28665843,6.492703287,1.906824026,8.11E-06
3.936801278,0.001223896,0.002952133,0.006725472,0.01383271,0.024080176,0.038645451,0.058368755,0.084156314,0.116967634,0.157819715,0.207791657,0.268029706,0.339752796,0.424258626,0.52293035,0.637243927,0.76877622,0.919213923,1.0903634,1.284161534,1.50268771,1.748177018,2.023034826,2.329852821,2.671426662,3.050775339,3.471162341,3.936118677,4.449467733,5.015351825,5.638260153,6.323057574,7.075013207,7.899827279,8.803653712,9.793114588,10.87530067,12.05774922,13.34838623,14.75541393,16.2871162,17.95154218,19.75601322,21.706378,23.80591918,26.05379653,28.44291015,30.95710894,33.5677947,36.23022867,38.88025381,41.43261642,43.78233554,45.81021261,47.3923479,48.41181409,48.76947142,48.39121122,47.23054592,45.267337,42.5045771,38.96535888,34.69197854,29.74922006,24.23494128,18.304157,12.21987474,6.457412609,1.896459768,8.07E-06
3.931159364,0.001222957,0.002940763,0.006691521,0.013756368,0.023942786,0.038421358,0.058027313,0.083661489,0.116277693,0.156886882,0.206561743,0.266441713,0.337738481,0.421742038,0.519827317,0.633461507,0.764212103,0.913755776,1.083888156,1.27653462,1.493762194,1.73779269,2.011017182,2.316011958,2.655556065,3.032650555,3.450539526,3.912733006,4.423031662,4.985553197,5.604760138,6.285488434,7.032975895,7.852888879,8.751344743,9.734926219,10.81068194,11.98610438,13.26907243,14.66773961,16.19034053,17.84487655,19.63862549,21.57740129,23.6644671,25.89898769,28.27390534,30.77316492,33.36833815,36.01495213,38.64923102,41.18642768,43.52218496,45.53801256,47.11074695,48.12415558,48.47968777,48.1036752,46.94990652,44.99836287,42.25201911,38.73383067,34.48584244,29.57245344,24.09094006,18.19539598,12.14726596,6.419043776,1.885191518,8.02E-06
3.925517449,0.001222009,0.002928562,0.006654958,0.013674076,0.023794639,0.03817968,0.057659043,0.083127759,0.115533483,0.155880655,0.205235044,0.264728739,0.335565619,0.419027354,0.516480013,0.629381324,0.759288676,0.907867927,1.07690313,1.268307245,1.484133972,1.726590796,1.998053373,2.30108138,2.638435943,3.013098764,3.428293022,3.887506114,4.394514199,4.953408429,5.568622556,6.244961347,6.987628839,7.802254853,8.6949173,9.672156467,10.74097553,11.90881867,13.18351396,14.57316234,16.08594535,17.72981272,19.51199538,21.43826975,23.51187795,25.73199015,28.09159412,30.57473827,33.15317762,35.78272602,38.4000189,40.92085555,43.24155172,45.24438114,46.80697446,47.8138486,48.16708834,47.79350036,46.64717131,44.70821138,41.97957627,38.48407337,34.26347647,29.38176933,23.93560109,18.07807182,12.06894044,6.377654044,1.873036092,7.97E-06
3.919875535,0.001221111,0.002915602,0.006615893,0.013586009,0.023636004,0.037920823,0.057264541,0.082555963,0.114736155,0.154802571,0.203813571,0.26289337,0.333237476,0.416118645,0.512893448,0.625009476,0.754013287,0.901559156,1.069418728,1.259491663,1.473817378,1.714588007,1.984162687,2.285083294,2.620091755,2.992149036,3.404455904,3.860475502,4.363957733,4.918965297,5.529901115,6.201536543,6.939039428,7.748000442,8.634455231,9.604898602,10.66628503,11.82600693,13.09183794,14.47182267,15.97408576,17.60652166,19.37631102,21.28919009,23.34837845,25.55305202,27.89624736,30.36212379,32.92263276,35.53389538,38.13298771,40.63629457,42.94085275,44.9297546,46.48148175,47.48135418,47.83213755,47.46114753,46.32279005,44.39731362,41.68765335,38.21645806,34.02521101,29.17745104,23.76915518,17.95235884,11.98501456,6.333304915,1.860011557,7.92E-06
3.914233621,0.001220324,0.002901962,0.006574439,0.013492352,0.02346717,0.037645224,0.05684444,0.081946996,0.113886935,0.153654273,0.202299472,0.260938365,0.330757537,0.413020255,0.509072967,0.620352467,0.748393775,0.894838829,1.061446055,1.250100944,1.4628277,1.701802104,1.969365695,2.268041388,2.600550657,2.969832379,3.379063445,3.831681167,4.331407472,4.882274757,5.488653097,6.155278257,6.887279534,7.690205896,8.570047965,9.5332521,10.5867209,11.73779164,12.99417996,14.36387047,15.85492719,17.4751857,19.23177307,21.13038277,23.17421037,25.36243792,27.68815395,30.13563592,32.67704452,35.26882819,37.84853235,40.33316559,42.62053273,44.59459823,46.13475018,47.12716402,47.47533074,47.10710822,45.97724247,44.06612935,41.37668207,37.93138049,33.77139843,28.95980074,23.59184849,17.81844295,11.89561245,6.286061986,1.84613718,7.86E-06
3.908591707,0.001219714,0.002887725,0.00653072,0.013393303,0.023288444,0.037353345,0.056399416,0.081301808,0.112987127,0.1524375,0.200695025,0.258866646,0.328129499,0.409736786,0.505024233,0.61541719,0.74243845,0.887716872,1.052996879,1.240148942,1.451181143,1.688251933,1.953684202,2.249980768,2.57984143,2.946181658,3.352153038,3.801165504,4.296911339,4.843390821,5.444939219,6.106254577,6.832425338,7.628956274,8.501790291,9.457322404,10.50240024,11.64430261,12.89068372,14.24946458,15.72864499,17.33599811,19.07859423,20.9620815,22.98963001,25.16042836,27.46762009,29.89560793,32.41677428,34.98791448,37.5470714,40.01191465,42.28106302,44.23940521,45.76728996,46.75179932,47.09719297,46.73190339,45.61103704,43.71514592,41.04712002,37.62926017,33.50241222,28.7291387,23.40394192,17.67652124,11.80086568,6.235994785,1.831433386,7.80E-06
3.902949793,0.001219353,0.002872982,0.006484867,0.013289073,0.023100153,0.037045675,0.055930179,0.080621402,0.112038102,0.151154089,0.199002632,0.256681299,0.325357257,0.406273093,0.50075322,0.610210914,0.73615607,0.880203752,1.044083606,1.229650261,1.43889479,1.673957363,1.937141192,2.230927901,2.557994417,2.921231518,3.323764096,3.768973202,4.260519845,4.802370423,5.398823482,6.054537275,6.774557146,7.564341241,8.429782129,9.377220659,10.41344645,11.54567669,12.78150073,14.12877248,15.595424,17.1891626,18.91699871,20.7845326,22.79490754,24.94731899,27.23496857,29.64239112,32.14220297,34.6915654,37.22904607,39.67301192,41.92294047,43.8646954,45.3796389,46.35580946,46.69827768,46.3360822,45.22470975,43.34487703,40.69944958,37.3105393,33.21864608,28.48580254,23.20571053,17.52680143,11.70091292,6.183176606,1.815921704,7.73E-06
3.897307878,0.001219318,0.002857827,0.00643702,0.013179884,0.022902637,0.036722729,0.055437477,0.079906832,0.111041305,0.149805966,0.197224811,0.254385559,0.322444899,0.402634269,0.496266193,0.604741263,0.729555825,0.872310446,1.03471925,1.21862022,1.42598656,1.658939232,1.919760778,2.210910546,2.535041442,2.895018298,3.293937961,3.735151136,4.222285977,4.759273281,5.350373019,6.000201634,6.713759189,7.496454844,8.354128283,9.293063447,10.31998902,11.44205741,12.66678986,14.0019698,15.45545809,17.03489287,18.74722165,20.59799445,22.59032631,24.72341993,26.99053795,29.37635399,31.85373016,34.38021221,36.89491916,39.3169506,41.54668622,43.47101407,44.97236112,45.93977069,46.27916536,45.92022066,44.81882278,42.95586152,40.33417668,36.9756817,32.92051297,28.23014638,22.9974428,17.36950141,11.59589966,6.127684324,1.799624715,7.67E-06
3.891665964,0.001219693,0.002842365,0.006387326,0.013065971,0.022696258,0.036385046,0.054922094,0.079159199,0.109998242,0.148395145,0.195364198,0.251982806,0.319396697,0.398825632,0.491569695,0.599016201,0.722647312,0.86404842,1.024917403,1.207074818,1.412475167,1.643219304,1.901568134,2.189957694,2.511015739,2.867579945,3.262717802,3.699748254,4.182265059,4.714161755,5.299657929,5.943326262,6.650119421,7.425395287,8.27493819,9.204972501,10.22216312,11.33359465,12.54671705,13.86923995,15.3089497,16.87341204,18.56950861,20.40273683,22.37618222,24.48905502,26.73468174,29.0978813,31.55177306,34.05430522,36.54517391,38.94424564,41.15284444,43.05893062,44.54604567,45.50428473,45.84046219,45.48492022,44.39396318,42.54866202,39.95182961,36.62517167,32.60844409,27.96254,22.77943996,17.20484871,11.48597779,6.069598215,1.782566002,7.60E-06
3.88602405,0.001220565,0.002826703,0.006335941,0.012947579,0.022481393,0.03603319,0.054384844,0.07837965,0.108910484,0.146923723,0.193423532,0.249476559,0.316217092,0.394852716,0.486670534,0.593044011,0.715440511,0.855429598,1.014692197,1.195030692,1.398380069,1.626820209,1.882589444,2.16809949,2.485951867,2.83895592,3.230148514,3.662815457,4.140514628,4.667100692,5.246751109,5.883992907,6.583729306,7.351264696,8.192325656,9.113074415,10.12010933,11.22044428,12.42145483,13.73077366,15.15610936,16.70495215,18.38411496,20.19904033,22.15278297,24.24456101,26.46776758,28.80737318,31.23676554,33.7143127,36.18031286,38.55543257,40.74198103,42.62903714,44.10130509,45.04997731,45.38279852,45.03080635,43.95074142,42.12386363,39.55295778,36.25951286,32.28288786,27.68336792,22.55201527,17.03307993,11.37130528,6.009001758,1.764770087,7.52E-06
3.880382136,0.001222031,0.002810959,0.00628303,0.012824967,0.022258434,0.035667746,0.053826578,0.077569379,0.107779661,0.145393876,0.191405656,0.246870464,0.31291069,0.390721256,0.481575764,0.586833276,0.707945764,0.846466334,1.004058279,1.182505081,1.383721431,1.609765397,1.862851836,2.145367169,2.459885633,2.809187108,3.196276608,3.624405481,4.097094292,4.618157277,5.191728083,5.82228626,6.514683603,7.274168871,8.106408583,9.017500338,10.0139733,11.10276776,12.29118196,13.58676851,14.99715516,16.52975358,18.19130524,19.98719559,21.92044732,23.99028676,26.19017633,28.50524416,30.90915708,33.36071979,35.80085662,38.15106617,40.31468224,42.18194704,43.63877399,44.57749668,44.9068274,44.55852704,43.48978993,41.6820725,39.13813034,35.87922706,31.94430882,27.39302851,22.31549326,16.85444019,11.25204576,5.945981441,1.746262378,7.45E-06
3.874740221,0.001224192,0.002795257,0.006228768,0.012698405,0.022027792,0.035289325,0.053248175,0.076729618,0.106607457,0.143807849,0.189313506,0.244168287,0.309482248,0.386437174,0.476292671,0.580392859,0.700173753,0.837171386,0.99303077,1.169515782,1.368520068,1.592079075,1.842383314,2.121792976,2.432854002,2.778315715,3.161150102,3.58457277,4.052065588,4.567400867,5.134666818,5.758293754,6.443080139,7.19421704,8.01730869,8.918385666,9.903905361,10.98073179,12.15608297,13.43742849,14.83231227,16.34806449,17.99135255,19.76750269,21.67950438,23.72659244,25.90230118,28.19192218,30.56941173,32.99402732,35.40734267,37.73171922,39.87155331,41.71829359,43.15910751,44.08751207,44.413223,44.06875124,43.01176162,41.22391441,38.70793488,35.48485292,31.59318658,27.09193304,22.07020898,16.66918255,11.12836821,5.880626549,1.727069104,7.37E-06
3.869098307,0.001227158,0.002779728,0.006173338,0.012568176,0.021789892,0.034898556,0.052650542,0.075861641,0.10539561,0.142167961,0.187150107,0.24137391,0.305936664,0.382006569,0.470828752,0.573731883,0.692135468,0.827557883,0.981625231,1.156081113,1.352797406,1.573786159,1.821212702,2.097410096,2.404895014,2.746385178,3.124818408,3.543373348,4.005491841,4.514902836,5.075647547,5.692105359,6.369019578,7.111521597,7.925151228,8.815869723,9.790060246,10.85450791,12.01634775,13.28296351,14.66181237,16.16014026,17.78453793,19.5402704,21.43029277,23.45384867,25.60454672,27.86784759,30.21800696,32.61475067,35.00032406,37.29798107,39.41321703,41.23872844,42.66297978,43.58071213,43.90267906,43.5621673,42.51732835,40.75003328,38.26297604,35.07694473,31.23001464,26.78050472,21.8165072,16.47756741,11.00044646,5.813028963,1.707217257,7.29E-06
3.863456393,0.001231046,0.002764512,0.006116931,0.012434572,0.021545174,0.034496089,0.052034617,0.074966759,0.104145908,0.140476591,0.184918566,0.238491315,0.302278965,0.377435699,0.465191705,0.56685971,0.683842189,0.817639298,0.969857631,1.142219866,1.336575423,1.554912206,1.799369567,2.072252571,2.376047696,2.713440055,3.087332217,3.500864689,3.957438015,4.460736401,5.014752574,5.623813372,6.292605188,7.026197845,7.830064684,8.710095433,9.672596665,10.72427208,11.87217111,13.12358889,14.48589314,15.96624285,17.57114967,19.30581548,21.17315989,23.17243563,25.29732801,27.53347214,29.85543261,32.2234185,34.58036814,36.85045631,38.94031228,40.74392005,42.15108238,43.05780331,43.37590724,43.03948138,42.00717933,40.26108969,37.80387406,34.65607111,30.85529926,26.45917767,21.55474158,16.2798619,10.86845886,5.743282937,1.686734529,7.20E-06
3.857814479,0.001235984,0.002749759,0.006059752,0.0122979,0.021294096,0.034082598,0.051401362,0.074046316,0.102860181,0.138736178,0.182622067,0.235524582,0.298514298,0.372730971,0.459389406,0.55978592,0.675305456,0.807429415,0.957744305,1.127951269,1.319876604,1.535483365,1.776884156,2.046355226,2.346351969,2.679525926,3.048743383,3.457105583,3.907970559,4.404976458,4.952066091,5.553512204,6.2139426,6.938363723,7.732180489,8.601208993,9.551676965,10.5902043,11.7237523,12.9595249,14.30479771,15.76664021,17.35148267,19.06446191,20.90846107,22.88274221,24.98106958,27.18925789,29.48218972,31.82057161,34.14805525,36.38976338,38.45349257,40.2345522,41.62412269,42.5195082,42.83363549,42.50141577,41.48201954,39.75775931,37.3312634,34.22281369,30.46955828,26.12839598,21.2852739,16.07633927,10.73258785,5.671484887,1.665649246,7.12E-06
3.852172565,0.001242104,0.002735627,0.006002012,0.012158477,0.021037127,0.03365877,0.050751765,0.073101688,0.101540304,0.136949216,0.180263859,0.232477876,0.294647919,0.367898922,0.453429892,0.55252029,0.666537046,0.796942298,0.945301921,1.113294936,1.302723891,1.515526311,1.753787328,2.019753589,2.315848556,2.644689291,3.009104803,3.412156006,3.857157263,4.347699409,4.887673981,5.481298161,6.13313957,6.848139544,7.631632713,8.489359536,9.427466756,10.45248818,11.57129458,12.79099621,14.11877406,15.56160569,17.12583773,18.81654022,20.63655879,22.5851651,24.65620451,26.83567621,29.0987894,31.40676162,33.70397737,35.91653312,37.95342452,39.71132239,41.0828223,41.96656394,42.27660637,41.94870729,40.94256813,39.24073141,36.84579125,33.77776577,30.07331996,25.78861264,21.00847319,15.86727825,10.59301952,5.597733165,1.643990305,7.03E-06
3.84653065,0.001249553,0.002722284,0.005943935,0.012016635,0.020774754,0.033225314,0.050086836,0.072134284,0.10018819,0.135118247,0.177847257,0.229355441,0.290685179,0.362946211,0.447321349,0.545072771,0.657548945,0.78619226,0.93254744,1.098270829,1.285140626,1.495068188,1.730110481,1.992483808,2.284578897,2.608977461,2.968470298,3.366076978,3.805067096,4.288982988,4.821663626,5.407269231,6.050305729,6.755647715,7.528557762,8.374698794,9.30013453,10.31131053,11.41500475,12.61823141,13.92807452,15.35141738,16.89452091,18.56238666,20.35782183,22.28010792,24.32317342,26.47320664,28.70575163,30.98254979,33.2487368,35.43140737,37.44078636,39.17494027,40.52791538,41.39972046,41.70557539,41.38210557,40.38955675,38.71070724,36.34811608,33.32153101,29.66712174,25.44028854,20.72471492,15.65296245,10.44994322,5.522127841,1.621787109,6.94E-06
3.840888736,0.001258483,0.002709907,0.005885754,0.011872715,0.020507477,0.032782956,0.049407607,0.071145538,0.098805784,0.133245857,0.175375628,0.226161588,0.286631515,0.357879599,0.441072084,0.537453466,0.648353321,0.775193832,0.919498082,1.08289921,1.267150505,1.474136547,1.705885485,1.964582574,2.252585048,2.572438454,2.926894492,3.318930429,3.751770058,4.228906087,4.754123708,5.33152486,5.965552344,6.661012465,7.423094073,8.257380757,9.169851288,10.16686093,11.25509268,12.4414625,13.73295516,15.13635753,16.65784282,18.3023425,20.07262446,21.96798027,23.98242347,26.10233587,28.30360416,30.54850569,32.78294478,34.93503751,36.91626641,38.62612603,39.96014699,40.81973887,41.12130927,40.80237141,39.82372796,38.16839848,35.83890615,32.85472203,29.25150907,25.08389141,20.43438014,15.43367967,10.3035511,5.444770478,1.599069498,6.85E-06
3.835246822,0.001269061,0.002698686,0.005827716,0.011727072,0.020235811,0.032332439,0.048715132,0.07013691,0.097395066,0.13133467,0.17285239,0.222900691,0.282492437,0.352705939,0.434690519,0.529672612,0.638962501,0.76396173,0.906171283,1.067200598,1.248777522,1.452759286,1.681144609,1.936087036,2.219909594,2.535120889,2.884432692,3.270779066,3.697337021,4.167548583,4.685144015,5.254165732,5.878992064,6.564359571,7.315381804,8.137561329,9.036790158,10.01933132,11.09177086,12.26092437,13.53367524,14.91671188,16.4161179,18.03675323,19.7813456,21.64919684,23.63440738,25.72355666,27.89288127,30.105206,32.30722017,34.428083,36.38056155,38.06560883,39.38027148,40.22738975,40.52458428,40.21027506,39.24583354,37.61452568,35.31883803,32.37795906,28.82703419,24.71989482,20.13785466,15.20972132,10.15403772,5.365763902,1.57586769,6.76E-06
3.829604908,0.001281463,0.002688821,0.005770076,0.011580073,0.019960283,0.031874521,0.048010483,0.069109881,0.095958042,0.129387347,0.170281002,0.219577173,0.278273517,0.347432159,0.428185163,0.521740552,0.62938894,0.752510827,0.892584663,1.051195724,1.230045917,1.430964589,1.655920454,1.907034724,2.18659555,2.497073878,2.841140766,3.221686227,3.641839575,4.104991161,4.614815244,5.175293551,5.79073868,6.46581608,7.205562532,8.015397992,8.901126014,9.868915606,10.92525393,12.07685424,13.33049662,14.69276905,16.16966381,17.76596786,19.48436799,21.32417651,23.27958244,25.33736669,27.47412264,29.6532332,31.82218804,33.91120997,35.83437567,37.49412517,38.78905079,39.62345143,39.91618452,39.60659452,38.65663284,37.04981664,34.7885951,31.8918686,28.39425488,24.34877711,19.83552816,14.98138175,10.00159961,5.285211984,1.552212208,6.66E-06
3.823962994,0.001295879,0.002680526,0.005713107,0.011432101,0.019681436,0.031409977,0.047294748,0.068065957,0.094496744,0.127406576,0.167664958,0.216195501,0.273980382,0.342065248,0.421564601,0.513667721,0.619645198,0.740856116,0.878755985,1.034905488,1.210980127,1.408780868,1.63024588,1.877463466,2.152686278,2.458346924,2.797075024,3.171715753,3.585349875,4.04131514,4.543228804,5.095010818,5.700906872,6.365510033,7.093778939,7.891049457,8.763035101,9.715809172,10.75575818,11.88949124,13.12368323,14.46481993,15.91880065,17.4903381,19.18207737,20.99334145,22.91840952,24.94426759,27.04787218,29.19317432,31.32847839,33.38508975,35.27841817,36.91241733,38.18725282,39.00870834,39.2969002,38.99211391,38.05689118,36.47500486,34.24886613,31.39708208,27.95373334,23.97102038,19.5277934,14.74895759,9.846434832,5.203219411,1.528133817,6.57E-06
3.818321079,0.001312511,0.002674027,0.005657089,0.011283548,0.019399827,0.030939596,0.046569035,0.067006658,0.093013222,0.12539507,0.165007782,0.212760174,0.269618695,0.336612244,0.414837473,0.505464617,0.609743913,0.729012681,0.864703119,1.018350913,1.191604732,1.386236697,1.604153937,1.847411307,2.118225383,2.418989812,2.752292096,3.120931846,3.527940483,3.9766023,4.470476621,5.013420614,5.609611971,6.263570198,6.980174516,7.764675333,8.622694658,9.560208521,10.58350115,11.69907581,12.91350047,14.23315705,15.66385036,17.21021765,18.87486164,20.65711618,22.55135207,24.54476375,26.61467684,28.72561971,30.82672472,32.85039744,34.71340247,36.32123173,37.57564979,38.38394931,38.66752599,38.36762174,37.44737815,35.89082797,33.70034371,30.89423443,27.50603488,23.58710943,19.21504533,14.51274719,9.688742569,5.119891467,1.503663461,6.47E-06
3.812679165,0.001331575,0.002669563,0.005602321,0.011134822,0.019116026,0.030464181,0.045834465,0.065933523,0.091509547,0.123355563,0.162313018,0.209275718,0.26519415,0.331080218,0.408012461,0.497141784,0.599697777,0.716995669,0.850444004,1.001553104,1.171944405,1.36336076,1.577677797,1.816916433,2.083256631,2.379052504,2.706848817,3.069398938,3.469684221,3.910934712,4.396650945,4.930626381,5.516969711,6.160125791,6.864893253,7.636435786,8.48028254,9.402310843,10.40870112,11.50584924,12.70021468,13.99807394,15.40513598,16.92596144,18.56311006,20.31592671,22.17887516,24.13936137,26.17508548,28.25116176,30.31756276,32.30781051,34.14004442,35.72131741,36.95501661,37.74996592,38.02885933,37.73390926,36.82886605,35.29802616,33.14372289,30.38396285,27.05172682,23.19753076,18.8976803,14.2730499,9.528722712,5.035333806,1.478832194,6.38E-06
3.807037251,0.001353305,0.002667389,0.005549112,0.010986347,0.018830618,0.029984551,0.045092173,0.064848104,0.089987804,0.121290803,0.159584228,0.205746677,0.260712459,0.32547626,0.401098264,0.488709791,0.589519506,0.704820255,0.835996614,0.984533201,1.15202386,1.340181785,1.550850686,1.786017087,2.047823855,2.338585041,2.660802104,3.017181557,3.410654017,3.844394564,4.321844161,4.846731714,5.423095992,6.055306213,6.748079346,7.506491208,8.335976857,9.2423136,10.23157669,11.31005315,12.48409254,13.75986455,15.14298099,16.63792489,18.24721243,19.97019963,21.8014445,23.72856732,25.72964772,27.77039369,29.8016291,31.75800734,33.5590609,35.11342446,36.32612928,37.10755086,37.38169878,37.09176884,36.20212825,34.69734068,32.57969969,29.86690539,26.59137728,22.80277156,18.57609521,14.03016555,9.366575438,4.94965224,1.453671119,6.28E-06
3.801395337,0.001377948,0.002667776,0.00549779,0.010838558,0.018544203,0.029501537,0.044343309,0.063751967,0.088450089,0.119203549,0.156824985,0.202177602,0.256179343,0.319807468,0.39410359,0.48017921,0.579221818,0.692501615,0.821378919,0.967312341,1.131867805,1.316728493,1.523705815,1.754751497,2.011970866,2.297637435,2.614208844,2.964344191,3.350922756,3.777063996,4.246148597,4.761840139,5.328106643,5.949240784,6.629876901,7.375001891,8.189955601,9.080414133,10.05234631,11.11192903,12.26540061,13.51882266,14.87770869,16.34646319,17.92755829,19.62036128,21.41952551,23.31288815,25.27891285,27.28390832,29.27955996,31.20166591,32.97116833,34.49830247,35.68976327,36.45749631,36.72684237,36.44199233,35.56793763,34.08951228,32.00896965,29.34369973,26.12555401,22.40331871,18.25068673,13.78439374,9.202500804,4.862952521,1.428211325,6.19E-06
3.795753422,0.001405768,0.002671012,0.005448698,0.010691908,0.018257393,0.029015985,0.043589032,0.062646687,0.086898508,0.117096568,0.154038863,0.198573046,0.251600518,0.314080933,0.387037134,0.471560595,0.568817411,0.680054893,0.806608851,0.949911615,1.111500891,1.293029534,1.496276316,1.723157796,1.975741366,2.256259576,2.567125781,2.910951168,3.290563137,3.709024938,4.169656341,4.676054918,5.23211719,5.842058487,6.510429644,7.242127704,8.042396299,8.916809258,9.871227861,10.91171769,12.04440469,13.27524123,14.6096415,16.05193061,17.60453616,19.26683685,21.03358238,22.89282907,24.82342865,26.79229691,28.75198983,30.63946237,32.3770812,33.87669903,35.04669202,35.80059234,36.06508601,35.78536949,34.92706499,33.47527976,31.43222651,28.81498184,25.65482325,21.99965781,17.92185046,13.5360333,9.036698347,4.775340128,1.402483826,6.09E-06
3.790111508,0.001437051,0.0026774,0.005402194,0.010546867,0.017970816,0.028528753,0.042830516,0.06153385,0.085335171,0.114972628,0.151229437,0.194937554,0.246981691,0.308303726,0.379907564,0.462864466,0.558318932,0.667495178,0.791704273,0.932352025,1.090947664,1.269113437,1.468595177,1.69127395,1.939178865,2.214501128,2.519609402,2.857066522,3.229647528,3.640358943,4.092459063,4.589478836,5.135242628,5.733887709,6.38988064,7.10802778,7.893475657,8.751694884,9.688438202,10.70965887,11.82136939,13.02941191,14.33910035,15.75467975,17.27853274,18.91004956,20.64407711,22.46889294,24.36374041,26.29614799,28.21955027,30.07206973,31.77751072,33.2493583,34.39768536,35.13762535,35.39722194,35.12268642,34.28027761,32.85537851,30.85016079,28.28138476,25.17974864,21.59227222,17.58998022,13.28538171,8.869366691,4.686920064,1.376519497,6.00E-06
3.784469594,0.0014721,0.002687266,0.005358657,0.010403918,0.017685118,0.028040713,0.042068944,0.060415046,0.083762194,0.112834495,0.148400273,0.19127566,0.242328542,0.302482887,0.372723505,0.454101286,0.547738963,0.654837468,0.77668294,0.914654448,1.070232521,1.245008555,1.440695178,1.659137685,1.902326593,2.172411437,2.471715833,2.802753875,3.168247827,3.571147036,4.01464783,4.502214007,5.037597201,5.624855997,6.268372015,6.972860205,7.743369219,8.585265631,9.504192777,10.5059907,11.59655755,12.78162439,14.06640406,15.45506089,16.94993221,18.55041983,20.25146871,22.04157932,23.9003898,25.79604619,27.68286868,29.50015659,31.17316339,32.61701949,33.74350808,34.46937659,34.72403716,34.45472404,33.62833769,32.23053905,30.26345846,27.74353738,24.70089012,21.18164214,17.25546721,13.03273447,8.700703168,4.597796653,1.350349019,5.90E-06
3.77882768,0.001511239,0.002700955,0.005318485,0.010263567,0.017400957,0.027552749,0.041305508,0.059291876,0.082181692,0.110684933,0.145554925,0.187591873,0.237646724,0.296625411,0.365493525,0.445281443,0.537089987,0.64209665,0.761562468,0.896839595,1.049379663,1.220743007,1.412608832,1.626786414,1.865227423,2.130039438,2.423500727,2.748076313,3.10643533,3.501469559,3.936312946,4.414361683,4.939294182,5.515089818,6.146044689,6.836781724,7.592251038,8.417714464,9.318705196,10.30094929,11.3702298,12.53216591,13.79186874,15.15342135,16.61911544,18.18836453,19.85621223,21.61138349,23.43391387,25.29257115,27.14256712,28.92438584,30.56473968,31.98041555,33.08491842,33.79662062,34.04631199,33.78225661,32.97200093,31.60148572,29.67279965,27.20206322,24.21880287,20.76824367,16.91869934,12.7783846,8.530903441,4.508073343,1.32400282,5.81E-06
3.773185766,0.001554817,0.002718832,0.005282095,0.010126335,0.01711901,0.027065761,0.040541411,0.05816594,0.08059578,0.108526693,0.14269693,0.183890676,0.232941845,0.290738239,0.358226117,0.436415235,0.526384378,0.629287471,0.746360307,0.878927975,1.02841305,1.196344635,1.384368322,1.594257173,1.82792379,2.087433567,2.375019167,2.693096273,3.044280591,3.43140602,3.857543772,4.326022062,4.840445671,5.404714319,6.023038113,6.699947446,7.440293351,8.249232334,9.132186836,10.0947683,11.14264402,12.28132071,13.51580719,14.85010478,16.28645934,17.82429613,19.45875799,21.17879556,22.96484406,24.78629647,26.59926112,28.34541342,29.95293276,31.34027175,32.42266671,33.12012392,33.36481857,33.10605031,32.31201517,30.96893526,29.0788574,26.6575793,23.73403627,20.35254795,16.58006045,12.52262206,8.360161149,4.417852515,1.29751102,5.72E-06
3.767543851,0.001603204,0.002741288,0.005249927,0.009992763,0.01683997,0.02658066,0.039777866,0.057038847,0.079006568,0.106362518,0.139829802,0.180176516,0.228219468,0.284828243,0.350929691,0.427512849,0.515634372,0.61642451,0.731093704,0.860939858,1.007356362,1.171840949,1.35600545,1.561586551,1.790457617,2.044641669,2.326325566,2.63787543,2.981853307,3.361034954,3.778428578,4.237294112,4.741162384,5.293853109,5.899490021,6.56251057,7.287666267,8.080007832,8.944846462,9.887678483,10.91405491,12.02936951,13.23852833,14.54545062,15.95233616,17.45862203,19.05955071,20.74429957,22.49370524,24.27778864,26.0535586,27.76388717,29.33842721,30.69730436,31.75749398,32.44064347,32.6803195,32.42686184,31.64911896,30.33359558,28.48229644,26.11069504,23.24713293,19.93502034,16.23992969,12.26573327,8.188667552,4.327235301,1.270903378,5.63E-06
3.761901937,0.001656799,0.002768737,0.005222444,0.009863416,0.016564548,0.026098374,0.039016094,0.055912206,0.077416162,0.104195134,0.136957027,0.176453801,0.223485094,0.278902222,0.343612555,0.418584347,0.504852048,0.603522157,0.715779679,0.842895242,0.986232957,1.147259081,1.327551574,1.528810628,1.752870241,2.00171092,2.277473569,2.582474589,2.919222184,3.290433784,3.699054378,4.148275394,4.641553464,5.182628034,5.775536182,6.424622107,7.134537472,7.910226862,8.756889863,9.679907302,10.68471355,11.77658902,12.96033668,14.23979343,15.61711283,17.09174378,18.65902879,20.30837266,22.02101476,23.76760605,25.50605882,27.18044567,28.72189782,30.05221946,31.09013069,31.75892546,31.99356649,31.7454371,30.98404035,29.69616447,27.88377199,25.56201113,22.75862771,19.51611954,15.89868079,12.00800055,8.016611203,4.236321411,1.244209241,5.55E-06
3.756260023,0.001716026,0.00280162,0.005200134,0.009738877,0.016293475,0.025619844,0.038257324,0.054787627,0.075826663,0.102027249,0.134082064,0.172726889,0.218744163,0.272966884,0.336282904,0.409639648,0.494049311,0.590594589,0.700434994,0.824813819,0.965065829,1.12262574,1.299037564,1.495964917,1.715202343,1.958687744,2.228515966,2.526953579,2.856454829,3.219678686,3.619506785,4.059061898,4.541726294,5.071158976,5.651310172,6.286430628,6.981071937,7.740072314,8.56851949,9.471678538,10.45486692,11.52325147,12.68153183,13.93346235,15.2811503,16.72405644,18.25762349,19.87148421,21.5472816,23.25629803,24.95735128,26.59571714,28.10400845,29.40571166,30.42129545,31.07570397,31.30529906,31.0625099,30.31749555,29.05732841,27.28392868,25.01211856,22.26904684,19.09629684,15.55668144,11.74970168,7.844177619,4.145208955,1.217457492,5.46E-06
3.750618109,0.001781341,0.002840406,0.005183511,0.009619758,0.016027503,0.025146026,0.037502797,0.053666723,0.074240159,0.099861551,0.131208333,0.16900009,0.214002038,0.267028842,0.328948812,0.400688517,0.483237874,0.577655748,0.685076128,0.806714943,0.943877578,1.097967168,1.270493743,1.463084299,1.677493881,1.915617737,2.179504603,2.47137116,2.793617634,3.148844467,3.53986987,3.969747878,4.441786315,4.959563645,5.52694315,6.148082013,6.827431645,7.569723767,8.379934127,9.263211913,10.22475755,11.26962414,12.40240791,13.62678057,14.944803,16.35594788,17.85575825,19.43409509,21.07300548,22.74440396,24.4080148,26.01031839,27.48541089,28.75846294,29.75169382,30.39169975,30.61624331,30.37880072,29.65018781,28.41776145,26.68339945,24.46159763,21.778907,18.67599537,15.2142927,11.49110944,7.671548982,4.05399429,1.190676509,5.38E-06
3.744976195,0.001853229,0.002885595,0.005173118,0.009506691,0.015767402,0.024677893,0.036753762,0.05255111,0.072658732,0.097700706,0.128339217,0.165277654,0.209264007,0.261094606,0.321618213,0.391740545,0.472429236,0.564719317,0.669719252,0.788617601,0.922690367,1.073309102,1.241949846,1.430202975,1.639784029,1.872545597,2.130490299,2.415784923,2.730775668,3.078004444,3.460226026,3.880425709,4.34183686,4.847957398,5.402563647,6.009719219,6.673775328,7.399357193,8.191328567,9.054722737,9.994623078,11.01596896,12.12325315,13.32006474,14.60841824,15.98779819,17.453848,18.9966569,20.59867609,22.23245235,23.85861656,25.42485385,26.86674385,28.1111416,29.08201718,29.70761908,29.92711075,29.69501558,28.98280625,27.7781241,26.08280454,23.91101696,21.28871453,18.25564938,14.87186841,11.23249114,7.49890384,3.962771862,1.163894114,5.31E-06
3.73933428,0.00193221,0.002937718,0.005169527,0.00940034,0.015513969,0.024216437,0.036011479,0.0514424,0.071084453,0.095547356,0.12547806,0.16156377,0.20453527,0.255170568,0.3142989,0.382805144,0.461634673,0.551798706,0.654380205,0.770540387,0.901525896,1.048676731,1.213434973,1.39735441,1.602111114,1.82951505,2.081522768,2.360251205,2.66799258,3.007230327,3.38065584,3.791185735,4.241978992,4.736453054,5.278297367,5.871482053,6.520258224,7.229144689,8.002893306,8.846421569,9.764695906,10.76254206,11.84434944,13.01362457,14.27233564,15.61997907,17.05229851,18.55961126,20.1247723,21.72096004,23.30971121,24.83991457,26.24863192,27.46440118,28.41294167,29.02415264,29.2385972,29.01184494,28.31602478,27.1390623,25.48275052,23.36093267,20.7989646,17.83568358,14.52975461,10.97410823,7.32641684,3.871634063,1.137137535,5.24E-06
3.733692366,0.00201884,0.002997342,0.005173345,0.009301393,0.015268023,0.023762666,0.035277216,0.050342212,0.069519382,0.093404116,0.122628159,0.157862563,0.199820938,0.249263002,0.306998505,0.373891526,0.450865216,0.538907029,0.639074473,0.752501469,0.880405364,1.02409466,1.184977545,1.364571286,1.564512559,1.786568792,2.032650546,2.304825002,2.605330504,2.936592115,3.301237974,3.702116142,4.142311352,4.625160726,5.154266994,5.733506966,6.367031838,7.059254212,7.814814262,8.638513905,9.535202846,10.50959341,11.56597184,12.70776228,13.93688664,15.25285324,16.65150578,18.12338917,19.65176143,21.21043145,22.76184005,24.25607739,25.63168466,26.81887948,27.74512712,28.3419745,28.55138172,28.32996262,27.65050112,26.50120645,24.88382937,22.81188751,20.31014051,17.41651247,14.18828906,10.71621592,7.154258458,3.780671096,1.110433369,5.17E-06
3.728050452,0.002113715,0.00306507,0.005185209,0.009210573,0.01503041,0.023317608,0.034552258,0.049252161,0.067965567,0.091273575,0.119792765,0.154178088,0.195126022,0.243378055,0.2997245,0.365008697,0.440131643,0.526057089,0.623817164,0.734518574,0.859349448,0.999586882,1.156605266,1.331885453,1.527024836,1.743748423,1.983920921,2.249559895,2.542849968,2.866157999,3.222049048,3.613302823,4.042930019,4.514187665,5.030592022,5.595926856,6.21424373,6.889849343,7.627272503,8.431199881,9.306364788,10.25736646,11.28838828,12.4027722,13.60239406,14.88677398,16.25185545,17.68841037,19.18009863,20.70135779,22.21553023,23.67390409,25.01649571,26.17519764,27.07921615,27.66174112,27.86612565,27.65002487,26.9868758,25.86517055,24.28661765,22.26441009,19.82271296,16.99853978,13.84780076,10.45906279,6.982594767,3.689970846,1.08380754,5.11E-06
3.722408538,0.002217468,0.003141544,0.005205798,0.009128633,0.014802004,0.022882315,0.033837897,0.048173868,0.066425045,0.089158291,0.116975083,0.150514326,0.190455437,0.237521738,0.292484181,0.356165447,0.42944446,0.513261362,0.608622996,0.716608957,0.838378267,0.975176737,1.128345087,1.299327891,1.489683411,1.701094395,1.93537987,2.194507974,2.480609813,2.795994261,3.143163543,3.524829268,3.943928377,4.40363811,4.907388588,5.458870883,6.062037308,6.721089058,7.440443998,8.224673992,9.078396402,10.0060978,11.01185909,12.09894039,13.26917159,14.52208459,15.85372231,17.25508275,18.71022618,20.19421645,21.67129406,23.09394059,24.40364196,25.53395931,26.41583326,26.98409045,27.18347171,26.97266945,26.32577134,25.23155126,23.69167568,21.71901415,19.33713945,16.58215789,13.50860946,10.20289045,6.811587205,3.59961876,1.05728527,5.06E-06
3.716766624,0.002330779,0.003227447,0.005235825,0.009056364,0.014583708,0.02245786,0.033135445,0.047108955,0.06489984,0.087060796,0.114178266,0.146875185,0.185813989,0.231699922,0.285284665,0.347370338,0.418813895,0.500531982,0.593506275,0.698789386,0.817511368,0.950886892,1.10022317,1.266928668,1.452522702,1.658645958,1.887072,2.139719772,2.418667116,2.726165197,3.064653696,3.436776451,3.845396994,4.293613153,4.784769317,5.322464303,5.91055164,6.553127519,7.254499388,8.019124844,8.851505848,9.756016839,10.73663675,11.79654421,12.9375234,14.15911797,15.45746977,16.82380185,18.24257296,19.68947032,21.12962829,22.51671627,23.79368283,24.89574981,25.75558402,26.30964113,26.50404311,26.29851479,25.66779139,24.6009272,23.09954684,21.1761979,18.85386361,16.16774736,13.17102527,9.947933272,6.641392369,3.509697744,1.030891046,5.01E-06
3.711124709,0.002454374,0.00332351,0.005276049,0.008994593,0.014376459,0.022045342,0.032446225,0.046059048,0.063391969,0.084983594,0.111405418,0.143264496,0.18120638,0.225918336,0.278132884,0.338631697,0.408249886,0.487880729,0.578480881,0.68107612,0.796767693,0.92673931,1.072264859,1.234716905,1.415576035,1.616441114,1.839040493,2.085244205,2.357077123,2.65673303,2.986589418,3.349222731,3.74742351,4.184210616,4.662843189,5.186828311,5.759921284,6.386113887,7.069603773,7.814734915,8.625894526,9.507345548,10.4629655,11.49585201,12.6077438,13.79819618,15.06344941,16.39495033,17.77755391,19.18756722,20.5910135,21.94274327,23.18715951,24.26113543,25.09905431,25.63899165,25.82844283,25.62815924,25.01352,23.97385822,22.51075687,20.63644338,18.37331472,15.75567641,12.8353483,9.694418044,6.472161826,3.42028806,1.004648593,4.97E-06
3.705482795,0.002589028,0.003430509,0.005327272,0.008944188,0.014181229,0.021645886,0.03177158,0.045025779,0.061903434,0.082929156,0.108659588,0.139686011,0.176637199,0.220182559,0.271035576,0.32995761,0.397762069,0.475319018,0.563560251,0.663484891,0.776165566,0.902755226,1.044494654,1.202720746,1.378875614,1.574516572,1.79132706,2.031128512,2.295893183,2.587757845,2.909038209,3.262243764,3.650092535,4.075524934,4.541715407,5.052079901,5.61027613,6.220192145,6.885916519,7.611680346,8.401756837,9.260298166,10.1910811,11.1971228,12.28011683,13.43963009,14.6720006,15.96889753,17.31556952,18.68893943,20.05591359,21.37251594,22.5845944,23.63066279,24.44680964,24.97271974,25.15725288,24.96218035,24.36352091,23.3508847,21.92581326,20.10021593,17.8959072,15.34630051,12.50186827,9.442563745,6.30404194,3.331467238,0.978580847,4.94E-06
3.699840881,0.002735569,0.003549271,0.005390345,0.008906061,0.013999025,0.021260649,0.031112873,0.044010786,0.060436232,0.080899929,0.105943778,0.136143401,0.172110923,0.21449802,0.263999285,0.321355913,0.387359773,0.462857887,0.548757374,0.646030895,0.755722675,0.878955128,1.016936181,1.170967323,1.342452476,1.532907714,1.743971892,1.977418209,2.235166691,2.519297522,2.832065087,3.175912417,3.55348556,3.967647056,4.421487287,4.918331738,5.46174126,6.055500943,6.703591087,7.410130745,8.17927997,9.01508099,9.921210573,10.900606,11.95491601,13.08371903,14.2834501,15.5459991,16.85700541,18.19400316,19.52477521,20.80651027,21.9864905,23.00485818,23.79939452,24.31138165,24.4910337,24.30113425,23.71833701,22.73252703,21.34520472,19.56796366,17.42204012,14.93996203,12.17086424,9.192581308,6.137173719,3.243309994,0.952709937,4.92E-06
3.694198967,0.002894884,0.003680678,0.005466168,0.008881168,0.013830898,0.020890818,0.030471488,0.043015716,0.058992351,0.078898329,0.103260934,0.132640259,0.167631913,0.208869994,0.257030353,0.312834191,0.377052013,0.450507991,0.53408477,0.628728772,0.73545605,0.855358739,0.989612175,1.139482738,1.306336474,1.491648555,1.697013625,1.924157045,2.174947041,2.451407679,2.755732524,3.090298702,3.457680873,3.860664354,4.302256155,4.785692048,5.314436822,5.892173457,6.522774878,7.21024902,7.958643718,8.771892161,9.653571945,10.60654113,11.63240403,12.73075047,13.89811173,15.12659659,16.40223194,17.70315813,18.99802733,20.2451834,21.3933309,22.38422712,23.15733194,23.65551167,23.83032356,23.64555511,23.07848972,22.11928504,20.76940069,19.04011702,16.95209687,14.53698986,11.84260429,8.944673406,5.971692676,3.155888162,0.927057162,4.91E-06
3.688557052,0.003067917,0.00382567,0.005555698,0.008870519,0.013677939,0.020537617,0.029848832,0.042042229,0.057573772,0.076926749,0.100613955,0.129180096,0.163204418,0.203303597,0.250134919,0.304399768,0.366847483,0.438279592,0.51955449,0.6115926,0.715382059,0.831984997,0.96254446,1.108292036,1.270556242,1.450771722,1.650489308,1.871386961,2.11528158,2.384141623,2.680100393,3.005469706,3.36275349,3.754660541,4.184115258,4.654264517,5.168477922,5.730337272,6.343609098,7.012191231,7.74002031,8.530921483,9.388374078,10.31515767,11.31283252,12.38099979,13.51628613,14.7110172,15.95160389,17.21678726,18.47608089,19.68897324,20.80557835,21.76925381,22.52112289,23.00562161,23.17563809,22.99595464,22.44447854,21.51163757,20.19885088,18.51708842,16.48644474,14.13769914,11.51734533,8.69903428,5.807728715,3.069270633,0.901642976,4.91E-06
3.682915138,0.003255677,0.003985249,0.005659949,0.008875173,0.013541289,0.020202308,0.029246344,0.041091995,0.056182476,0.074987555,0.098005687,0.125766343,0.158832569,0.197803793,0.243318917,0.29605971,0.356754553,0.426182556,0.505178107,0.594635884,0.695516389,0.808852046,0.935753933,1.077419191,1.235139179,1.410308419,1.604434368,1.819148057,2.056215569,2.317550309,2.605225915,2.921489545,3.268775098,3.64971561,4.067153692,4.524148209,5.023974528,5.570114275,6.166228644,6.81610646,7.523574275,8.292350269,9.125816485,10.02667479,10.99644185,12.03473004,13.13826044,14.29957344,15.50546013,16.73525631,17.95932839,19.1382981,20.22367491,21.16040081,21.89124591,22.36220035,22.52746988,22.35282166,21.81678067,20.91004209,19.63398495,17.99927187,16.02543471,13.74239101,11.19533289,8.455849583,5.64540603,2.983523306,0.876486977,4.92E-06
3.677273224,0.003459243,0.004160481,0.005779997,0.008896249,0.013422136,0.019886194,0.028665488,0.040166704,0.054820439,0.073083092,0.095438931,0.122402354,0.154520383,0.192375385,0.236588076,0.287820821,0.346781266,0.414226347,0.490966704,0.577871548,0.675874043,0.785977226,0.909260551,1.046887084,1.20011143,1.370288416,1.558882593,1.767478568,1.997792157,2.251682303,2.531163622,2.838419312,3.175813997,3.545905771,3.951456336,4.395437497,4.881031396,5.411620569,5.990762008,6.622136708,7.309462318,8.05635121,8.866089188,9.741301249,10.68346095,11.69219175,12.76430815,13.89256297,15.06412341,16.25891362,17.44814367,18.59355635,19.64804157,20.55810865,21.2681568,21.72571355,21.88628808,21.71662179,21.19585065,20.31493434,19.07521219,17.48704273,15.56940112,13.35135237,10.87680089,8.215296258,5.484843022,2.898709041,0.851607893,4.95E-06
3.67163131,0.003679765,0.004352504,0.005916986,0.008934925,0.013321725,0.019590623,0.028107766,0.039268062,0.053489641,0.071215685,0.092916439,0.119091406,0.150271766,0.187023023,0.229947919,0.279689638,0.336935335,0.402420027,0.476930879,0.561311933,0.65646933,0.763377061,0.883083322,1.016717502,1.165497871,1.330740027,1.513866111,1.716414843,1.940052353,2.186583755,2.457965327,2.756317048,3.083935069,3.44330341,3.837103803,4.268222002,4.739748005,5.254966404,5.817331199,6.430416805,7.097833234,7.823088271,8.609372605,9.459235257,10.37410717,11.35362277,12.39468891,13.49026838,14.62790016,15.78808992,16.94288166,18.05512625,19.07907805,19.96279559,20.65228833,21.09660335,21.25253816,21.08779712,20.58212008,19.72672812,18.52292128,16.98075747,15.11866155,12.96485575,10.5619716,7.977542433,5.326152236,2.814887635,0.827023579,5.00E-06
3.665989396,0.003918471,0.00456253,0.006072128,0.008992447,0.013241358,0.019316993,0.027574714,0.038397801,0.052192067,0.069387642,0.090440921,0.115836698,0.146090507,0.181751199,0.223403761,0.271672437,0.327224144,0.39077225,0.463080737,0.54496879,0.63731586,0.741067256,0.857240299,0.986931117,1.131322102,1.291690102,1.469415375,1.665991324,1.883035009,2.122298379,2.385680098,2.67523771,2.993199741,3.341977054,3.724172403,4.142586554,4.600218507,5.100256123,5.646051686,6.241074351,6.888827827,7.592716615,8.355837463,9.180664366,10.06858618,11.01924818,12.02964842,13.09295709,14.19708033,15.32309816,16.4438782,17.52336569,18.51716259,19.37485743,20.04405,20.47528814,20.6266417,20.46676604,19.97599743,19.14581506,17.97748009,16.48075352,14.67351661,12.58315917,10.25105546,7.742747357,5.169440314,2.732115794,0.802751007,5.06E-06
3.660347481,0.004176671,0.004791849,0.006246712,0.009070126,0.013182399,0.019066755,0.027067914,0.037557678,0.050929709,0.067601257,0.088015049,0.112641361,0.141980291,0.176564252,0.216960717,0.263775233,0.317654747,0.379291266,0.449425893,0.528853281,0.618426548,0.719062693,0.831748574,0.957547493,1.097606436,1.253164015,1.425559156,1.616240541,1.826776805,2.058867437,2.314354244,2.595233156,2.903665967,3.241991347,3.612734113,4.018611165,4.4625317,4.947588127,5.477032354,6.054229664,6.682578867,7.365382541,8.105644736,8.905765411,9.767091895,10.68928018,11.66941833,12.70088119,13.77193727,14.86423339,15.95144993,16.99861215,17.9626518,18.79466736,19.44382795,19.86216241,20.00899619,19.85392309,19.3778679,18.57256448,17.4392356,15.98734914,14.23424988,12.20650607,9.944251078,7.511061343,5.014807967,2.650447126,0.778806273,5.14E-06
3.654705567,0.004455762,0.005041837,0.006442107,0.009169353,0.013146282,0.018841418,0.02658899,0.036749482,0.049704574,0.065858814,0.085641454,0.109508455,0.137944692,0.171466374,0.210623697,0.256003778,0.308233872,0.36798492,0.435975468,0.512975981,0.599813607,0.697377432,0.806624277,0.928585076,1.064371903,1.215185668,1.38232454,1.567193104,1.771312251,1.996329736,2.244031304,2.516352134,2.815388218,3.14340704,3.502856569,3.896371007,4.326771007,4.797054855,5.310375485,5.869995763,6.479211061,7.14122346,7.858945611,8.634704474,9.469806439,10.36391807,11.31421618,12.31427747,13.35272773,14.41177271,15.46589425,16.48118252,17.41588062,18.22257584,18.85198482,19.2575967,19.399975,19.24963886,18.78809333,18.00732334,16.90851376,15.50084338,13.80112786,11.83512522,9.641745138,7.282625751,4.862349962,2.56993213,0.75520459,5.24E-06
3.649063653,0.004757236,0.00531396,0.006659769,0.009291596,0.013134509,0.018642554,0.026139619,0.035975038,0.048518683,0.064162592,0.083322737,0.106440976,0.133987185,0.166461605,0.204397415,0.24836357,0.298967922,0.356860659,0.4227381,0.497346877,0.581488553,0.676024713,0.78188258,0.900061201,1.031638247,1.177777484,1.339736924,1.518877707,1.716673676,1.934721621,2.17475205,2.438640283,2.728417478,3.046280986,3.394603055,3.775936414,4.19301447,4.648742777,5.146176753,5.688478353,6.278841042,6.920367885,7.615881482,8.367636874,9.176900122,10.04334821,10.96424543,11.93336733,12.93969179,13.96597525,14.98748922,15.97137319,16.87716226,17.65891067,18.26885978,18.66193756,18.79992735,18.65425999,18.20701219,17.45041623,16.38561956,15.02151604,13.37439992,11.4692308,9.343712442,7.057572989,4.712155123,2.490618206,0.731960298,5.36E-06
3.643421739,0.005082683,0.005609777,0.006901242,0.009438407,0.013148664,0.018471802,0.025721531,0.035236208,0.047374082,0.062514869,0.081061471,0.103441859,0.130111145,0.161553848,0.198286392,0.240859852,0.289862979,0.345925529,0.409721937,0.481975373,0.56346221,0.655016958,0.757537701,0.87199209,0.999423931,1.140960416,1.297820027,1.471321126,1.662891244,1.874076989,2.10655449,2.362140134,2.642801252,2.950666147,3.288032521,3.657372887,4.061334764,4.502732406,4.984525231,5.509775846,6.081577388,6.702935444,7.376583961,8.104707182,8.88853147,9.727744078,10.61969542,11.55835686,12.5330529,13.52708219,14.51649371,15.46946001,16.34678827,17.10397695,17.69476855,18.07550759,18.20917834,18.06810919,17.63493962,16.90214539,15.870837,14.54962774,12.9542984,11.10902235,9.050315926,6.836026538,4.564306359,2.412549672,0.709086868,5.51E-06
3.637779825,0.005433796,0.005930952,0.00716817,0.00961143,0.01319041,0.018330874,0.02533652,0.034534904,0.04627284,0.060917927,0.078860204,0.100513984,0.126319853,0.156746864,0.192294958,0.233497622,0.280924813,0.335186187,0.396934653,0.466870299,0.545744717,0.634365781,0.733602909,0.844392867,0.967746145,1.104753958,1.256595894,1.424548239,1.609992957,1.814427295,2.039473881,2.286891131,2.558583585,2.856611616,3.183199593,3.540741119,3.931799216,4.359098326,4.825503424,5.333979387,5.887520654,6.48903692,7.141174925,7.846049268,8.604847267,9.417266288,10.28074148,11.18943687,12.13301796,13.09531684,14.05314737,14.97569842,15.82502859,16.5580572,17.13000349,17.49860555,17.62802907,17.49148537,17.07216756,16.36279081,15.36442923,14.08541999,12.54103863,10.75468488,8.761706719,6.618101003,4.418880691,2.335767777,0.686596914,5.69E-06
3.63213791,0.005812382,0.006279254,0.007462298,0.009812407,0.013261502,0.018221563,0.024986445,0.033873086,0.045217062,0.059374056,0.076721468,0.097660183,0.122616504,0.152044285,0.186427263,0.226281633,0.272158882,0.324648905,0.38438345,0.452039915,0.528345532,0.614081992,0.710090534,0.817277564,0.93662082,1.069176151,1.216084915,1.378582031,1.558004676,1.75580157,1.973542754,2.212929652,2.47580508,2.764162639,3.08015461,3.426097023,3.804469845,4.217909228,4.66918731,5.161172902,5.696763422,6.278774308,6.909766576,7.591786372,8.32598264,9.112062699,9.947545016,10.826783,11.73977744,12.67088478,13.59767082,14.49032355,15.31213177,16.02141152,16.57483378,16.93150652,17.05675678,16.9246638,16.51896485,15.8326104,14.8666387,13.62911535,12.1348191,10.40638901,8.478024237,6.403902182,4.275949311,2.260310744,0.664502204,5.89E-06
3.626495996,0.006220365,0.006656568,0.007785481,0.01004318,0.013363789,0.018145745,0.024673236,0.033252773,0.044208889,0.057885566,0.074647784,0.09488324,0.119004211,0.147449617,0.180687279,0.219216408,0.263570346,0.314319578,0.372075067,0.437491921,0.511273447,0.594175613,0.687011981,0.790659133,0.906062639,1.034243605,1.176305837,1.333443623,1.506950143,1.698226452,1.908790933,2.140289033,2.394502937,2.673360654,2.978943658,3.313491783,3.679403407,4.079227965,4.515646402,4.991433165,5.509390378,6.072240892,6.682461528,7.342031194,8.052061154,8.812268515,9.6202536,10.47055588,11.35350547,12.25397397,13.15026581,14.01355042,14.80832505,15.49427778,16.02950559,16.37446209,16.49561508,16.36789631,15.9755775,15.3118402,14.37768731,13.18091758,11.73582159,10.06429102,8.199396301,6.19352716,4.135577642,2.186213798,0.642813677,6.13E-06
3.620854082,0.006659796,0.007064899,0.008139692,0.010305705,0.013499221,0.018105389,0.024398906,0.032676047,0.043250508,0.056454783,0.072641667,0.092185907,0.115486013,0.142966248,0.175078811,0.212306242,0.255164071,0.304203734,0.36001579,0.423233471,0.494536595,0.574655888,0.664377743,0.764549468,0.876085055,0.999971515,1.13727579,1.289152287,1.456851003,1.641726206,1.845245575,2.068999611,2.314710988,2.584243336,2.879608624,3.202971898,3.556651459,3.943111617,4.364943815,4.824829878,5.325478396,5.869521346,6.459352912,7.096886018,7.783194948,8.518006429,9.299001154,10.12090124,10.97436009,11.84475499,12.71111541,13.54557415,14.3138147,14.97687187,15.49424238,15.82770067,15.94483422,15.82141155,15.44222893,14.80069459,13.89777668,12.74101187,11.34421141,9.728533139,7.92593928,5.987064424,3.997825424,2.11350922,0.621541459,6.40E-06
3.615212168,0.007132858,0.007506384,0.008527025,0.010602052,0.013669858,0.018102562,0.024165551,0.03214506,0.042344157,0.055084068,0.070705634,0.089570903,0.112064882,0.138597457,0.169605504,0.205555213,0.246944643,0.294306544,0.348211465,0.40927118,0.478142471,0.555531301,0.642197417,0.738959415,0.846700316,0.966373685,1.09901031,1.245725482,1.407726841,1.586322765,1.782931203,1.999088763,2.236459749,2.496844645,2.78218725,3.094579259,3.436260424,3.809611573,4.21713636,4.661425766,5.145096645,5.670691848,6.240524512,6.856442847,7.519484882,8.229386797,8.983908127,9.777950161,10.60248344,11.44338125,12.28038427,13.08657028,13.82878625,14.469388,14.96924518,15.29142775,15.40462141,15.28541535,14.91912026,14.29936666,13.42708845,12.30956511,10.96013758,9.399243662,7.65775827,5.784593996,3.862746802,2.042226399,0.600694884,6.71E-06
3.609570253,0.007641876,0.007983292,0.008949709,0.010934416,0.013877877,0.018139438,0.02397536,0.031662043,0.041492133,0.053775815,0.068842212,0.087040927,0.108743731,0.134346421,0.164270853,0.19896719,0.238916372,0.284632834,0.33666751,0.395611143,0.462097938,0.536809589,0.620479724,0.7138988,0.817919482,0.933462553,1.06152337,1.203178881,1.359595213,1.532035769,1.721869754,1.930580956,2.15977647,2.411194891,2.686713205,2.988351211,3.318271682,3.67877362,4.072274639,4.501276688,4.968306712,5.475820214,6.026050901,6.620783569,7.261020722,7.946507822,8.675081703,9.441819293,10.238002,11.04998928,11.85821894,12.63669498,13.35340483,13.97199905,14.45469298,14.76582633,14.87516119,14.76009104,14.40643071,13.80802848,12.96578456,11.8867262,10.58373315,9.076537231,7.394947284,5.586187587,3.730390437,1.972391894,0.580282515,7.06E-06
3.603928339,0.008189323,0.008498042,0.00941011,0.011305126,0.014125578,0.018218302,0.023830626,0.031229311,0.0406968,0.052532462,0.067053946,0.084598663,0.105525424,0.130216224,0.159078209,0.192545849,0.231083311,0.275187095,0.325388925,0.382258946,0.44640925,0.518497762,0.59923253,0.689376448,0.789752454,0.901249224,1.024827409,1.161526409,1.312471691,1.478882607,1.662080627,1.863497803,2.084685201,2.327320802,2.593216155,2.884320646,3.202721654,3.550638044,3.930403163,4.344431765,4.79516274,5.28496605,5.815997615,6.389980135,7.007881333,7.669455781,8.372616044,9.112611102,9.881026856,10.664699,11.44474815,12.19608551,12.88781554,13.48485695,13.95074308,14.25105727,14.35661581,14.24559989,13.90431799,13.32683156,12.51400768,11.47262638,10.21511549,8.760515089,7.137589474,5.391908764,3.600799622,1.9040295,0.560312174,7.46E-06
3.598286425,0.008777834,0.009053205,0.009910743,0.01171665,0.014415392,0.018341564,0.023733748,0.030849273,0.039960597,0.051356502,0.065343407,0.082246794,0.102412785,0.126209868,0.154030797,0.186294676,0.223449263,0.265973502,0.314380314,0.369219688,0.431082071,0.500602126,0.578462867,0.665400213,0.762208003,0.869743494,0.98893337,1.120780281,1.266369901,1.426878471,1.603580737,1.797858123,2.011206857,2.245245597,2.501721851,2.78251609,3.08964191,3.425239743,3.79156047,4.190933508,4.625711575,5.098180917,5.610421335,6.164094762,6.760134901,7.39830526,8.076592546,8.790414163,9.531654068,10.2876141,11.04008319,11.76486053,12.43214385,13.00809309,13.45753156,13.74725978,13.84912575,13.74208155,13.41291873,12.85590723,12.07188157,11.06737961,9.854386625,8.451265375,6.885757376,5.201813144,3.474012418,1.837160327,0.540790962,7.91E-06
3.592644511,0.009410208,0.009651514,0.010454279,0.012171608,0.014749894,0.018511763,0.023687244,0.030524441,0.039286046,0.050250489,0.063713203,0.079988003,0.099408605,0.122330286,0.149131721,0.18021699,0.216017799,0.256995922,0.303645897,0.356497992,0.416121491,0.483128304,0.55817696,0.641976999,0.735293801,0.838953892,0.953850739,1.080951048,1.221301576,1.376036401,1.546384575,1.733678006,1.939359289,2.164989067,2.412252214,2.682961806,2.979059274,3.302608352,3.655779264,4.040817977,4.459992933,4.915508512,5.409370079,5.943180152,6.517839175,7.133119417,7.787080131,8.475303474,9.189964954,9.918822352,10.6443183,11.34312051,11.98649605,12.5418188,12.97517377,13.25455188,13.35281017,13.24965456,12.93234897,12.39536713,11.63951152,10.67108295,9.501633609,8.148863437,6.639513171,5.015948594,3.35006179,1.771802879,0.521725296,8.41E-06
3.587002597,0.010089426,0.010295876,0.011043558,0.012672776,0.015131807,0.018731577,0.023693758,0.030257438,0.038675762,0.049217046,0.062165985,0.077824993,0.096515658,0.118580348,0.144383978,0.174315944,0.208792266,0.248257937,0.293189525,0.344098031,0.401532049,0.466081257,0.538380254,0.619112795,0.70901645,0.808887713,0.919587582,1.042047639,1.177276605,1.326367352,1.490504274,1.670970885,1.869157368,2.086567665,2.324825437,2.585677896,2.870995949,3.182768369,3.523086561,3.894114934,4.298039577,4.736984864,5.212883425,5.727279722,6.281041717,6.873950265,7.504135548,8.167340785,8.856026469,9.558396051,10.25753111,10.93094825,11.5509597,12.08612586,12.50376483,12.77303097,12.86776743,12.76841686,12.4627047,11.9453037,11.21698485,10.28381704,9.156928904,7.853372181,6.398908971,4.834355453,3.228975763,1.70797314,0.503120934,8.97E-06
3.581360682,0.010818655,0.010989379,0.011681595,0.013223103,0.015564014,0.019003835,0.02375607,0.030051005,0.038132464,0.048258878,0.060704462,0.07576049,0.093736709,0.114962878,0.139790472,0.16859455,0.201775809,0.239762856,0.283014706,0.332023543,0.387317759,0.449465314,0.519077437,0.596812705,0.683381524,0.779551056,0.886150594,1.004077413,1.134303089,1.277880248,1.435949672,1.609747613,1.800613065,2.009994596,2.239456086,2.490680423,2.765469639,3.065739301,3.393503841,3.750848019,4.139877501,4.562638537,5.02099273,5.516427861,6.049780185,6.62083897,7.227803707,7.866574955,8.529891596,9.2063924,9.87978305,10.52840929,11.12560418,11.641087,12.04338017,12.30277434,12.39407572,12.29844638,12.00406239,11.50579072,10.8043714,9.905646554,8.820330813,7.564842429,6.163987117,4.657066762,3.110777585,1.645684671,0.484983012,9.60E-06
3.575718768,0.011601261,0.011735308,0.012371591,0.013825712,0.016049569,0.019331521,0.023877107,0.029908019,0.037658981,0.047378783,0.059331407,0.073797258,0.091074524,0.111480661,0.135354028,0.163055687,0.194971383,0.231513731,0.273124616,0.320277856,0.373482126,0.433284193,0.500272477,0.575080979,0.658393599,0.750948871,0.853545143,0.967046209,1.092387394,1.230582048,1.382728387,1.550016539,1.733735541,1.935279918,2.15615521,2.397981526,2.662493684,2.951535807,3.26704721,3.611034926,3.985526135,4.392490853,4.833721377,5.310650184,5.824082611,6.373816165,6.958118016,7.573042331,8.211599745,8.86285396,9.511119839,10.13555244,10.71048118,11.20675646,11.59407613,11.84383981,11.9317936,11.83980161,11.55647959,11.07688388,10.40172406,9.536620668,8.491883912,7.283313306,5.934780499,4.484108515,2.995485898,1.584948704,0.467316083,1.03E-05
3.570076854,0.012440823,0.01253715,0.013116946,0.01448392,0.016591706,0.019717794,0.024059952,0.029831493,0.037258266,0.046579659,0.058049671,0.07193811,0.088531889,0.108136464,0.131077403,0.157702117,0.188381772,0.22351338,0.263522124,0.308863909,0.36002818,0.417541034,0.481968647,0.553921053,0.634056297,0.723084995,0.821775316,0.930958402,1.05153422,1.184477814,1.330845892,1.491783594,1.668531239,1.862430643,2.074930451,2.307589548,2.5620772,2.840167857,3.143727576,3.474687591,3.834998547,4.226556117,4.65108502,5.109963818,5.603967713,6.132902284,6.695100747,7.286767134,7.901177184,8.527809109,9.15157199,9.752410288,10.30562529,10.7831706,11.15589054,11.39626631,11.48096063,11.39252224,11.11999553,10.65862135,10.00907933,9.176773599,8.171619522,7.008812641,5.711312892,4.315499916,2.883114918,1.52577425,0.450124147,1.11E-05
3.56443494,0.013341141,0.013398609,0.01392127,0.015201243,0.017193849,0.020165988,0.024307856,0.029824595,0.036933409,0.045864518,0.056862196,0.070185919,0.086111615,0.104933042,0.126963303,0.152536506,0.182009602,0.215764404,0.254209813,0.297784276,0.346958497,0.402238426,0.464168562,0.533335578,0.610372324,0.695962204,0.790843975,0.895816956,1.011746653,1.139570782,1.28030559,1.435052378,1.605003979,1.791450846,1.995786169,2.219509168,2.464225225,2.731640888,3.023550821,3.341812391,3.688301659,4.064841855,4.473091851,4.91437768,5.389445206,5.898107905,6.438763411,7.007761876,7.598637484,8.201272524,8.801155313,9.378999794,9.911054548,10.3703485,10.72884339,10.96007458,11.04159809,10.9566298,10.69463177,10.25102441,9.626457918,8.826125133,7.859556186,6.741357388,5.493599301,4.15125365,2.773674622,1.468168201,0.433410697,1.19E-05
3.558793026,0.014306252,0.014323618,0.014788393,0.015981411,0.017859629,0.020679635,0.024624248,0.029890657,0.036687643,0.045236497,0.055772023,0.068543633,0.083816555,0.101873157,0.123014398,0.147561432,0.175857367,0.208269208,0.245190001,0.287041189,0.334275224,0.387378436,0.446874208,0.513326463,0.58734351,0.669582254,0.760752804,0.861623484,0.973026242,1.095862432,1.231108899,1.379824247,1.543155062,1.722341771,1.91872356,2.133741537,2.368938868,2.625955973,2.90651799,3.212410348,3.545436476,3.907349064,4.299742867,4.723892781,5.180516125,5.669434106,6.189107148,6.736027777,7.303981973,7.883245672,8.45987145,9.015322809,9.526771072,9.968292581,10.31293745,10.53526777,10.61370956,10.53212838,10.28039285,9.854098084,9.253865304,8.484681184,7.555700172,6.480954061,5.281646325,3.99137616,2.667170949,1.412135449,0.417178756,1.29E-05
3.553151111,0.01534044,0.015316353,0.015722382,0.016828379,0.018592888,0.021262465,0.02501275,0.030033187,0.036524361,0.044698874,0.054782309,0.067014287,0.081649622,0.098959592,0.119233341,0.142779411,0.169927439,0.201030019,0.236464763,0.276636567,0.321980115,0.372962642,0.430086981,0.493894912,0.564970859,0.643945934,0.731502366,0.828378311,0.935373054,1.053352562,1.183255332,1.326098408,1.48298337,1.655101954,1.843740785,2.050284419,2.276215467,2.523109996,2.792625476,3.086477331,3.406398311,3.754072459,4.131032148,4.538502528,4.977173164,5.446872832,5.946123123,6.471555205,7.017200215,7.573717325,8.127708424,8.661366686,9.152761661,9.576989249,9.908158954,10.12183218,10.1972817,10.11900524,9.877266981,9.467831805,8.891292394,8.152434367,7.260045988,6.227599182,5.075452527,3.835867943,2.563605996,1.357678997,0.401430925,1.39E-05
3.547509197,0.016448255,0.016381245,0.016727549,0.01774634,0.019397702,0.021918432,0.025477186,0.030255881,0.036447127,0.044255074,0.05389634,0.065601019,0.079613796,0.096195166,0.115622779,0.138192911,0.164222095,0.19404891,0.228035957,0.266572035,0.31007455,0.358992164,0.41380772,0.475041463,0.543254586,0.619053113,0.703092155,0.79608053,0.898785752,1.012039371,1.136742583,1.273872015,1.424485469,1.589727329,1.7708331,1.969132331,2.186048746,2.423095819,2.681865216,2.96400428,3.271177023,3.605000741,3.966947149,4.358193038,4.77940102,5.230407273,5.709792943,6.214324121,6.738270488,7.27266408,7.804641201,8.317104873,8.78899844,9.19640958,9.514478287,9.719737969,9.792284899,9.717231592,9.48522674,9.092200067,8.538716145,7.829364586,6.972576914,5.981279743,4.875008819,3.684723843,2.462978229,1.304800085,0.386169421,1.51E-05
3.541867283,0.017634522,0.017522995,0.017808468,0.018739742,0.020278385,0.022651714,0.0260216,0.030562639,0.03645969,0.043908691,0.053117543,0.064307081,0.077712146,0.093582751,0.112185373,0.133804369,0.158743534,0.187327823,0.219905246,0.25684896,0.298559574,0.345467698,0.398036746,0.456766031,0.522194165,0.59490279,0.675520659,0.76472807,0.863261662,0.971919529,1.091566615,1.223140261,1.367655724,1.526211358,1.699992986,1.890276697,2.098428977,2.325902472,2.574224892,2.844977414,3.139757257,3.460116853,3.807468982,4.182943461,4.587176739,5.020012244,5.480089069,5.964304535,6.467160284,6.980050898,7.490632264,7.982497527,8.435439499,8.826509988,9.131850698,9.328939836,9.398674061,9.326763303,9.104229777,8.727163129,8.196100213,7.515439634,6.69326554,5.741973677,4.680298856,3.537933356,2.3652827,1.253498309,0.371396129,1.63E-05
3.536225369,0.018904361,0.018746588,0.018969992,0.019813297,0.021239509,0.02346674,0.026650266,0.030957575,0.036565998,0.043663496,0.052449501,0.063135858,0.075947843,0.091125288,0.10892382,0.129616214,0.153493896,0.180868586,0.212074124,0.24746847,0.28743592,0.332389547,0.382773896,0.439067947,0.501788378,0.571493149,0.64878541,0.734317759,0.828796843,0.932988262,1.047721748,1.173896484,1.312486398,1.464545145,1.631210286,1.813705988,2.013343146,2.231515326,2.469688125,2.729378463,3.012118691,3.319398256,3.652572719,4.0127263,4.400470077,4.815654576,5.256975247,5.721456968,6.203826807,6.695831637,7.185632195,7.657492134,8.092029555,8.467232913,8.760217008,8.949377789,9.016389306,8.947541629,8.734219545,8.372667706,7.863395618,7.21061581,6.422074322,5.509650338,4.49129943,3.395480945,2.27051126,1.20377175,0.357112648,1.77E-05
3.530583455,0.020263198,0.020057312,0.020217263,0.020972,0.022285917,0.024368192,0.027367703,0.031445035,0.036770214,0.043523454,0.051895971,0.06209088,0.074324175,0.088825806,0.105840864,0.125630886,0.148475287,0.174672946,0.204543943,0.238431489,0.276704044,0.31975766,0.368018565,0.421946002,0.48203536,0.548821609,0.622883048,0.704845389,0.795386163,0.895239433,1.00520075,1.126132258,1.258967775,1.404717562,1.56447234,1.73940588,1.930775121,2.139916285,2.368234687,2.617184884,2.888236279,3.182817199,3.502227688,3.847507742,4.219243858,4.61729351,5.040406933,5.485732921,5.948217486,6.419949611,6.889580261,7.342024135,7.758700621,8.118507525,8.399504332,8.580977873,8.645356738,8.579493968,8.375126034,8.028647685,7.540541412,6.914838534,6.15895614,5.284270992,4.307980884,3.257346355,2.178652786,1.155617105,0.343320337,1.92E-05
3.52494154,0.02171679,0.021460771,0.021555732,0.022221145,0.02342274,0.025361032,0.028178692,0.032029611,0.037076727,0.043492741,0.051460897,0.061175844,0.072844569,0.086687436,0.10293932,0.121850852,0.143689801,0.168742583,0.197315935,0.229738759,0.266364155,0.307571664,0.353769742,0.405398491,0.462932647,0.526884878,0.597809379,0.676305779,0.76302337,0.85866562,0.963994925,1.079837503,1.207088262,1.346715373,1.499764126,1.667359405,1.850705817,2.051083966,2.2698407,2.508370095,2.768080505,3.050340992,3.356397776,3.68724799,4.043454337,4.424881096,4.83033173,5.257075348,5.700270479,6.152338137,6.602405017,7.036017567,7.435372669,7.780250421,8.049626819,8.223652922,8.285489197,8.222534617,8.02686651,7.695024832,7.227465357,6.628042979,5.903854861,5.065789307,4.130307519,3.123504936,2.089693409,1.109029819,0.330020373,2.09E-05
3.519299626,0.023271234,0.022962902,0.022991176,0.023566339,0.024655409,0.026450509,0.029088291,0.032716156,0.037490173,0.043575757,0.051148428,0.060394623,0.071512602,0.084713436,0.100222092,0.118278635,0.139139539,0.163079141,0.190391243,0.221390876,0.256416249,0.295830897,0.340026052,0.389423254,0.444477222,0.505679007,0.573559433,0.648692847,0.731701167,0.823258202,0.924094209,1.03500058,1.156834506,1.290523361,1.437068391,1.597547101,1.773113368,1.964993891,2.174478848,2.402903698,2.651617633,2.921932287,3.215041733,3.531901595,3.873051565,4.23836259,4.626689826,5.03541913,5.459915198,5.892921094,6.324024894,6.739385698,7.121954316,7.452366342,7.710486376,7.877303312,7.936687027,7.87656553,7.689346266,7.371709521,6.924084613,6.350154702,5.656705918,4.854151854,3.958238011,2.993927968,2.003616739,1.06400422,0.317213795,2.27E-05
3.513657712,0.02493299,0.024569999,0.024529711,0.02501352,0.025989678,0.027642181,0.030101851,0.033509803,0.038015448,0.043777148,0.050962934,0.059751292,0.070332026,0.082907203,0.097692196,0.114916828,0.134826635,0.157684251,0.183770946,0.213388315,0.24686014,0.28453445,0.326785791,0.374017723,0.426665572,0.485199444,0.550127527,0.621999676,0.701411287,0.78900744,0.885487258,0.991608396,1.108191509,1.236124448,1.3763658,1.529947169,1.697973299,1.881618672,2.082118579,2.300751708,2.538809957,2.797549349,3.078113475,3.381417793,3.707979759,4.057676859,4.429414427,4.820691552,5.22707282,5.641613478,6.054348807,6.452031665,6.818343493,7.134748877,7.381973417,7.541817717,7.598838835,7.541477081,7.362459367,7.058601452,6.630306416,6.081090283,5.417436876,4.64929861,3.791725832,2.868582992,1.920404106,1.020533658,0.304901564,2.47E-05
3.508015798,0.026708901,0.026288723,0.026177819,0.026568978,0.027431638,0.02894193,0.031225034,0.034415978,0.038657728,0.044101815,0.050909023,0.05925014,0.069306781,0.081272299,0.095352775,0.11176812,0.130753278,0.152559554,0.177456087,0.205731462,0.237695493,0.2736812,0.314046973,0.359178965,0.409493726,0.46544109,0.527507325,0.596218576,0.672144566,0.755902561,0.848161543,0.949646507,1.061142737,1.183499827,1.317635066,1.464535627,1.625258692,1.8009282,1.992726317,2.201876784,2.429616052,2.677146338,2.945562391,3.235740834,3.548177662,3.882756774,4.238432195,4.612812778,5.001656802,5.398321966,5.793276747,6.173849116,6.524428127,6.827281177,7.06396759,7.217073866,7.271822259,7.217148831,7.046089403,6.755590379,6.346028772,5.820757957,5.185968016,4.45116346,3.630719673,2.747434136,1.840034787,0.978610644,0.293084612,2.69E-05
3.502373883,0.028606211,0.028126128,0.027942359,0.02823937,0.028987735,0.030355984,0.032463833,0.035440423,0.039422485,0.044554942,0.050991564,0.058895692,0.068441019,0.079812466,0.093207126,0.108835318,0.126921738,0.147706733,0.171447702,0.198420642,0.228921859,0.263269846,0.301807364,0.344903725,0.392957315,0.44639835,0.505691898,0.57134116,0.643891022,0.723931841,0.812103439,0.909099216,1.015670237,1.132629084,1.260853094,1.401286461,1.554940356,1.72288983,1.906265664,2.106238454,2.323991031,2.56067358,2.817333642,3.094810318,3.39357891,3.713529616,4.053663685,4.411696323,4.783573397,5.162945462,5.540700384,5.904722844,6.240086813,6.529836661,6.756338516,6.902939292,6.955504732,6.903450285,6.740110238,6.462556832,6.071141139,5.569058258,4.962212906,4.259674702,3.475163863,2.630442457,1.762486249,0.938226989,0.281763903,2.93E-05
3.496731969,0.030632588,0.030089682,0.029830591,0.030031741,0.030664793,0.031890929,0.033824587,0.036589212,0.040315507,0.045142006,0.051215701,0.058692727,0.067739122,0.078531651,0.091258718,0.106121368,0.12333439,0.143127532,0.165746845,0.191456157,0.220538708,0.253298948,0.290064527,0.331188475,0.377051614,0.428065195,0.484673784,0.547358403,0.616639924,0.693082687,0.777298322,0.869949681,0.971754748,1.083490321,1.205995117,1.340171779,1.486987,1.647468573,1.822697609,2.013793343,2.221886783,2.448077844,2.693368466,2.958561526,3.244112397,3.549917467,3.875023778,4.217249527,4.572722167,4.935375657,5.296503652,5.644529424,5.965189485,6.242279718,6.458946522,6.59927209,6.649744237,6.600241651,6.444386753,6.17937284,5.805525114,5.32588465,4.74607898,4.074755555,3.324998798,2.517566264,1.687734385,0.89937395,0.270940488,3.19E-05
3.491090055,0.032796144,0.032187283,0.031850196,0.031953546,0.032470031,0.033553738,0.035314002,0.03786877,0.041342917,0.045868805,0.051586873,0.058646299,0.067205721,0.077434024,0.089511216,0.103629382,0.119993736,0.138823789,0.160354623,0.184838308,0.21254546,0.243766963,0.278815862,0.318029455,0.361771595,0.410435208,0.46444505,0.524260716,0.59037987,0.663341718,0.743730653,0.832180009,0.929375811,1.036060285,1.153034834,1.281161961,1.421365393,1.574627272,1.74198073,1.924495395,2.123252232,2.339302615,2.573604471,2.826925743,3.099702629,3.391837606,3.702422103,4.029374018,4.368996483,4.715497571,5.060563345,5.393137836,5.69959808,5.96446641,6.171643359,6.305921651,6.354390066,6.307374595,6.158775586,5.905902642,5.549055112,5.091124162,4.53746811,3.896324659,3.180161358,2.408761461,1.615753756,0.862042375,0.260615564,3.48E-05
3.485448141,0.03510546,0.034427288,0.034009301,0.034012672,0.034411085,0.035351782,0.036939175,0.039285894,0.042511193,0.046741469,0.052110838,0.058761758,0.06684572,0.076524003,0.087968506,0.10136266,0.116902438,0.134797459,0.155272219,0.178567433,0.204941527,0.234672282,0.268058644,0.305422721,0.347111978,0.393501645,0.444997355,0.502038006,0.565098861,0.634694853,0.711384074,0.795771363,0.888511884,0.990314485,1.101944546,1.224225814,1.358040537,1.50432679,1.664071394,1.838296097,2.028033569,2.234288357,2.457975936,2.699830586,2.960270079,3.239202892,3.535763469,3.847966175,4.172284029,4.503190091,4.83274969,5.150410087,5.443167197,5.696245153,5.894272925,6.022729406,6.06928356,6.024692982,5.883125869,5.642003403,5.301599041,4.864658013,4.336277175,3.724296573,3.040585334,2.303981878,1.546517826,0.826222843,0.250790532,3.79E-05
3.479806227,0.03756961,0.036818534,0.036316498,0.036217457,0.03649603,0.037292862,0.038707608,0.040847775,0.043827188,0.04776649,0.052793694,0.059044771,0.066664319,0.075806275,0.086634713,0.099324716,0.114063333,0.131050645,0.150500926,0.172643935,0.197726337,0.226013268,0.257790069,0.293364187,0.333067275,0.377257488,0.426322002,0.480679749,0.540784372,0.607127383,0.680241497,0.760704056,0.849140449,0.946227318,1.052695285,1.16933071,1.296975824,1.436526189,1.588923956,1.755144694,1.936174504,2.132972782,2.346414098,2.57720032,2.825731539,3.09192215,3.374948276,3.672917581,3.982467294,4.298326511,4.612926925,4.916201822,5.195744741,5.437457407,5.626671967,5.749529543,5.794258845,5.752033615,5.617279947,5.387525914,5.06301897,4.646362238,4.142398627,3.558582279,2.906201842,2.203179602,1.47999921,0.791905818,0.24146706,4.12E-05
3.474164312,0.040198188,0.03937036,0.03878087,0.038576716,0.038733404,0.039385222,0.04062724,0.042562021,0.045298154,0.048950738,0.053641894,0.059501344,0.066667033,0.07528582,0.085514232,0.097519299,0.11147947,0.127585621,0.146042174,0.16706832,0.19089938,0.217788297,0.248007291,0.281849673,0.319631845,0.361695498,0.408410009,0.460175053,0.517423426,0.580624058,0.650285191,0.726957653,0.811238119,0.903772184,1.005256954,1.116442741,1.238133199,1.371182906,1.516490957,1.67498841,1.847616492,2.035291107,2.238847436,2.458956172,2.696000462,2.949900548,3.219872924,3.504115469,3.799424056,4.100775048,4.400953858,4.690362926,4.957172565,5.187938336,5.368670779,5.48614973,5.529143563,5.489226956,5.361074096,5.14231528,4.833171785,4.4361083,3.955721051,3.399089669,2.776939743,2.10630531,1.416169907,0.759081792,0.232647142,4.49E-05
3.468522398,0.043001327,0.042092637,0.041412017,0.041099767,0.041132232,0.04163758,0.042706462,0.044436675,0.046931766,0.050301484,0.054662279,0.060137845,0.066859718,0.074967933,0.084611746,0.095950426,0.109154131,0.124404869,0.141897563,0.161841221,0.184460232,0.209995789,0.238707465,0.270874947,0.306799941,0.346808269,0.391252156,0.440512721,0.495002668,0.555169164,0.621496869,0.694511061,0.77478075,0.862921607,0.959598449,1.065526859,1.181473319,1.30825293,1.44672331,1.597772653,1.762298974,1.941176312,2.135201955,2.34501664,2.570987298,2.813039958,3.070430222,3.341443161,3.623027858,3.910399361,4.196684422,4.472738111,4.727287091,4.947517474,5.120093885,5.232411812,5.273759577,5.236097844,5.114339225,4.906211608,4.611909843,4.233763694,3.776129711,3.245724033,2.652726057,2.013308599,1.355001547,0.727741433,0.224333167,4.89E-05
3.462880484,0.045989737,0.044995792,0.044220078,0.043796453,0.043702049,0.044059147,0.044954143,0.046480244,0.048736139,0.051826428,0.055862094,0.060961027,0.067248592,0.074858252,0.083932257,0.094622402,0.10709086,0.121511097,0.13806889,0.156963438,0.1784086,0.202634252,0.229887787,0.260435771,0.294565757,0.332588282,0.374839053,0.421681318,0.473508431,0.5307466,0.593857776,0.663342632,0.739743536,0.823647349,0.915687793,1.016547013,1.126955706,1.247690968,1.379570493,1.523441224,1.680159599,1.850559389,2.03540146,2.235297792,2.450599825,2.681239326,2.926509776,3.184780495,3.453148471,3.727059048,3.999968213,4.2631675,4.505919925,4.716019359,4.880760706,4.988132501,5.027923671,4.992466189,4.876901566,4.679050673,4.399081612,4.03919255,3.603507105,3.098388544,2.533486367,1.924138314,1.296465623,0.697875737,0.216527974,5.32E-05
3.45723857,0.049174725,0.048090838,0.047215764,0.04667717,0.046452927,0.046659657,0.047379658,0.048701723,0.050719862,0.053533717,0.057249015,0.061978057,0.067840265,0.074962779,0.083481106,0.093539848,0.10529349,0.118907278,0.134558183,0.152435965,0.172744348,0.195702314,0.221545536,0.250527946,0.282923477,0.319027958,0.359161194,0.403669233,0.452926808,0.507339957,0.567348772,0.633430251,0.706101123,0.785920522,0.873492255,0.96946629,1.074538899,1.189450614,1.314980731,1.451936519,1.601134446,1.763369584,1.939367821,2.12971356,2.334743469,2.554395018,2.787998374,3.034004247,3.289652352,3.550610144,3.81065102,4.061487182,4.292898454,4.493264172,4.65048622,4.753124047,4.791448238,4.758147661,4.64858335,4.460664578,4.19453229,3.852256215,3.437733489,2.956984729,2.419145225,1.83874287,1.240533737,0.669476174,0.209234925,5.79E-05
3.451596656,0.052568229,0.0513894,0.050410382,0.049752896,0.049395503,0.049449389,0.049992912,0.051110616,0.052892012,0.055431976,0.058831173,0.063196532,0.06864176,0.07528791,0.083264007,0.09270773,0.103766173,0.116596673,0.131367732,0.148260029,0.167467539,0.189198768,0.213678111,0.241147355,0.271867327,0.306119708,0.344209011,0.386464742,0.433243722,0.484932588,0.541950416,0.604751427,0.673827698,0.749711701,0.832978475,0.92424705,1.024180601,1.133484512,1.252901172,1.383199727,1.525158244,1.679534637,1.847021235,2.028176027,2.223321621,2.432401162,2.654780361,2.888988533,3.13240308,3.380905591,3.628575338,3.867529769,4.088046433,4.279068342,4.429081592,4.527194898,4.564141942,4.532954356,4.429203467,4.250882392,3.998104428,3.67281383,3.278687414,2.821412937,2.309626554,1.757070578,1.187177833,0.642534841,0.202457968,6.30E-05
3.445954741,0.056182848,0.054903748,0.053815867,0.05303522,0.052541006,0.052439199,0.052804367,0.053716968,0.055262192,0.05753033,0.060617184,0.064624516,0.069660539,0.075840459,0.083287066,0.092131386,0.102513407,0.114582863,0.128500116,0.144437116,0.162578467,0.183122602,0.206283078,0.232290004,0.261391614,0.293855986,0.329972938,0.370056069,0.414444991,0.463507691,0.517643043,0.577283385,0.642897096,0.714991029,0.79411258,0.880851054,0.975837824,1.079744515,1.193278066,1.317171018,1.452164579,1.598981013,1.75828048,1.930595705,2.116235936,2.315149986,2.526738002,2.749605207,2.981261793,3.217795709,3.453580868,3.681124928,3.891184543,4.073245145,4.216354802,4.310150334,4.345810371,4.316695449,4.218578112,4.049530784,3.809638528,3.500722892,3.126246233,2.691572798,2.204854037,1.679069958,1.136370432,0.617044612,0.196201703,6.86E-05
3.440312827,0.060031874,0.058646827,0.05744481,0.056536367,0.055901288,0.055640546,0.055825069,0.056531392,0.057840551,0.059838433,0.062616169,0.066270557,0.070904534,0.076627686,0.083556813,0.091816554,0.101540066,0.112869782,0.125958243,0.140969012,0.158077693,0.177473042,0.199358205,0.223952073,0.25149078,0.282229342,0.316443456,0.354431449,0.396516394,0.443048371,0.49440685,0.551003149,0.613282891,0.681728326,0.756860304,0.839239589,0.929467027,1.028181834,1.136056931,1.253789733,1.382086099,1.521634124,1.673063164,1.836881803,2.013386633,2.202532136,2.403751834,2.615724246,2.836087596,3.061128644,3.285505,3.502099897,3.70213095,3.875605285,4.012111243,4.101793095,4.136256666,4.10917783,4.016521411,3.856434628,3.628973626,3.335839809,2.980286614,2.567363676,2.104751502,1.604690055,1.088084872,0.592999284,0.190471455,7.46E-05
3.434670913,0.064129325,0.06263229,0.061310493,0.060269237,0.059488853,0.059065522,0.059066679,0.059565094,0.060637812,0.062366494,0.064837786,0.068143722,0.07238217,0.077657323,0.084080232,0.0917694,0.100851429,0.111461743,0.123745372,0.137857831,0.15396608,0.172249587,0.192901503,0.216129949,0.242159446,0.271232468,0.303611157,0.33957918,0.379443738,0.423537718,0.472221967,0.52588763,0.58495849,0.649893185,0.721187094,0.799373598,0.885024255,0.978747194,1.081182714,1.192994559,1.314854712,1.447418546,1.591285955,1.74694249,1.914672778,2.09443699,2.285701008,2.48721412,2.696737972,2.9107508,3.124183284,3.330279989,3.520701834,3.68595745,3.816154309,3.901923976,3.935282136,3.910206717,3.822846037,3.671417607,3.455947868,3.178020432,2.84068503,2.448685108,2.00924331,1.533880752,1.042295536,0.570393735,0.185273335,8.10E-05
3.429028999,0.068489983,0.066874533,0.06542692,0.06424743,0.063316886,0.062726884,0.062541505,0.062829906,0.063665306,0.06512531,0.06729226,0.07025362,0.074102397,0.078937607,0.084864786,0.09199655,0.100453213,0.110363472,0.121865154,0.13510605,0.150244829,0.167452048,0.186911267,0.208820277,0.233392456,0.260858249,0.291466793,0.32548769,0.363212917,0.404958873,0.451068537,0.501913707,0.557897222,0.619455077,0.687058225,0.761213793,0.842465264,0.931390972,1.028599956,1.134723707,1.250401777,1.376258232,1.512864818,1.660685144,1.819992559,1.99075296,2.172463615,2.363942149,2.563069165,2.766507264,2.96944988,3.165489073,3.346711901,3.504108857,3.628285955,3.710342412,3.742686852,3.719586254,3.637363793,3.494302782,3.290399063,3.027120584,2.707318243,2.33543724,1.91825472,1.466593072,0.998978083,0.549224069,0.18061432,8.81E-05
3.423387084,0.073129427,0.071388729,0.069808852,0.068485286,0.067399292,0.066638084,0.066262529,0.066338316,0.066934998,0.06812629,0.06999041,0.072610436,0.076074717,0.080477305,0.085918448,0.092505117,0.100351599,0.109580139,0.120321659,0.132716545,0.146915515,0.163080583,0.181386115,0.202019999,0.225184927,0.251099812,0.280001326,0.312145589,0.34780998,0.387295093,0.430926786,0.47905831,0.53207243,0.590383444,0.654438901,0.724720775,0.801745653,0.886063339,0.978252938,1.078915077,1.188658284,1.308076708,1.437715232,1.578016595,1.729243554,1.891367778,2.063917003,2.245774845,2.434936553,2.628242208,2.821137994,3.007550044,3.179974881,3.329865772,3.448307246,3.526847042,3.558270217,3.537120089,3.459886192,3.32491316,3.132165224,2.882996564,2.580063775,2.227521245,1.831712262,1.402779483,0.958109681,0.529487768,0.176502316,9.57E-05
3.41774517,0.07806407,0.076190866,0.074471844,0.072997914,0.071750726,0.070813307,0.070243441,0.0701035,0.07045952,0.071381493,0.072943679,0.075224959,0.078309216,0.082285747,0.087249732,0.093302736,0.100553267,0.109117391,0.119119412,0.130692622,0.143980122,0.159135739,0.17632503,0.195726393,0.217532288,0.241950575,0.269205986,0.299541723,0.333221185,0.370529822,0.411777095,0.45729849,0.50745755,0.562647792,0.623294359,0.689855141,0.762820986,0.842714391,0.930085832,1.02550642,1.129555037,1.24279727,1.365752404,1.498843359,1.64232298,1.79616878,1.959938084,2.13257825,2.312195013,2.495799279,2.679080298,2.856285267,3.020304002,3.163034012,3.276018877,3.351236247,3.381831523,3.362611931,3.290225008,3.163072233,2.981085088,2.745505648,2.458800365,2.124839741,1.74954409,1.342394192,0.919669229,0.511183844,0.172946236,0.000103869
3.412103256,0.083311201,0.081297782,0.079432281,0.077801233,0.076386629,0.075267499,0.074498677,0.074139356,0.074252207,0.074903651,0.076164167,0.078108612,0.080816593,0.084372855,0.088867726,0.09439759,0.101065426,0.108981382,0.118263426,0.129038055,0.141441077,0.155618483,0.171727393,0.189937122,0.210430327,0.233404292,0.259072316,0.287665232,0.319433058,0.354646751,0.393600071,0.436611505,0.484026197,0.536217783,0.593589963,0.656577595,0.725646904,0.801294283,0.884042841,0.974435493,1.073022819,1.180343172,1.296891472,1.423071859,1.559127943,1.705043166,1.860403619,2.024218245,2.194699258,2.369021968,2.543109329,2.711517009,2.867512449,3.003419428,3.111221679,3.183308671,3.213170478,3.195866083,3.128192812,3.008604502,2.836998625,2.614506563,2.343408417,2.02729719,1.67168034,1.285393437,0.883637588,0.494312991,0.169956069,0.000112736
3.406461342,0.088889024,0.086727211,0.084707416,0.082912007,0.081323265,0.080016409,0.079043449,0.078460537,0.078327122,0.078706213,0.079664664,0.081273488,0.083608196,0.086749178,0.090782118,0.095798447,0.101895848,0.109178808,0.117759232,0.127757117,0.139301291,0.152530245,0.16759303,0.184650266,0.203875236,0.225455101,0.249592222,0.276505604,0.306432458,0.339629879,0.376376611,0.416974883,0.461752244,0.511063316,0.565291306,0.624849049,0.690179246,0.761753348,0.840068332,0.925640203,1.018992554,1.120637797,1.231047698,1.350608638,1.479555668,1.61787826,1.765190499,1.920560854,2.08230417,2.247753969,2.413057871,2.573067846,2.721413797,2.850828362,2.953717101,3.022863723,3.052087718,3.036687963,2.973603482,2.861335983,2.699747528,2.489859957,2.23377043,1.934800292,1.598053469,1.231735779,0.849997795,0.478877731,0.167542957,0.000122308
3.400819428,0.094816702,0.092497816,0.090315412,0.088347886,0.086577759,0.085076621,0.083893782,0.083082485,0.082699099,0.082803369,0.083458685,0.084732378,0.086696049,0.089425921,0.093003236,0.097514689,0.103052899,0.109716941,0.11761292,0.126854617,0.137564189,0.149872952,0.163922244,0.179864371,0.197863651,0.218097568,0.240758026,0.266052721,0.294206624,0.325463576,0.360087972,0.398366499,0.440609895,0.487154617,0.538364291,0.594630723,0.656374149,0.724042215,0.798106969,0.879058756,0.967395464,1.063604832,1.168136657,1.281360564,1.403503718,1.534561749,1.674176011,1.821472536,1.974865111,2.131839515,2.288759324,2.440761059,2.581822433,2.705068094,2.803307668,2.869702049,2.898385298,2.884884593,2.8262727,2.721094693,2.569175678,2.371428843,2.129771417,1.847258367,1.528598592,1.181382378,0.818735291,0.464882568,0.165719269,0.000132635
3.395177513,0.101114397,0.098629238,0.09627538,0.094127444,0.092168137,0.090465597,0.089066555,0.088021473,0.087383777,0.087210092,0.087560499,0.088498812,0.090092891,0.092414979,0.095542076,0.099556347,0.104545574,0.110603659,0.117831167,0.126335936,0.136233749,0.147649068,0.160715859,0.175578483,0.192392696,0.211326734,0.23256251,0.256296916,0.282743232,0.31213264,0.344715826,0.380764639,0.420573764,0.464462315,0.512775227,0.565884238,0.624188155,0.688111925,0.758103831,0.834629786,0.918163217,1.009168428,1.10807441,1.215235021,1.330870211,1.454981914,1.587238086,1.726820455,1.87223822,2.021123701,2.170048046,2.314421003,2.448553947,2.565947253,2.659797424,2.72362599,2.751867154,2.740265075,2.686018424,2.587711116,2.445129604,2.259079038,2.031299314,1.764583724,1.463253811,1.134297273,0.789838134,0.452334136,0.164498675,0.000143769
3.389535599,0.107803317,0.105142136,0.102607426,0.100270222,0.098113365,0.096201715,0.094579536,0.093294637,0.092397634,0.091942173,0.091985171,0.092587087,0.093812208,0.095728976,0.098410338,0.101934136,0.106383532,0.111847486,0.118421274,0.12620706,0.135314538,0.145861629,0.157975254,0.171792194,0.187460024,0.205138155,0.224998962,0.24722902,0.27203045,0.299622352,0.330242329,0.364148071,0.401618943,0.442957518,0.488490905,0.53857171,0.593578313,0.653914035,0.720004537,0.792292483,0.871228063,0.957253351,1.050777672,1.152140093,1.261554016,1.379027851,1.504255539,1.636472742,1.774280699,1.915452791,2.056759688,2.193873461,2.321425514,2.433276223,2.522992345,2.584440017,2.612339554,2.602641042,2.552661343,2.461018655,2.32745892,2.152679576,1.93824537,1.686692024,1.401960536,1.090447652,0.763297214,0.44124135,0.163896225,0.000155769
3.383893685,0.114905766,0.112058237,0.109332695,0.106796773,0.104433394,0.102304307,0.100451424,0.09892002,0.09775803,0.097016255,0.096748597,0.097012308,0.09786827,0.099381295,0.101620463,0.104659488,0.108577127,0.113457623,0.119391202,0.126474617,0.13481175,0.144514279,0.155702406,0.168505676,0.183063863,0.199527954,0.218061224,0.238840411,0.262056989,0.287918535,0.316650176,0.348496099,0.383721069,0.422611889,0.465478684,0.512655833,0.564502267,0.621400724,0.68375535,0.75198672,0.826522971,0.907785133,0.996163975,1.091984735,1.195454945,1.306589675,1.425108295,1.550298737,1.680851074,1.814674506,1.948731502,2.078945981,2.200256247,2.306867518,2.392700742,2.45195114,2.479611516,2.471827092,2.426025306,2.340854053,2.216016738,2.052103114,1.850504528,1.613502628,1.344663793,1.049804122,0.739106468,0.431615555,0.163928425,0.000168692
3.378251771,0.122445186,0.119400377,0.116473413,0.113728705,0.111149203,0.108793709,0.106701892,0.104916611,0.103483242,0.102449877,0.10186754,0.101790426,0.102276168,0.103386117,0.105185665,0.107744592,0.111137449,0.115443985,0.120749609,0.127145914,0.134731241,0.143611311,0.153899926,0.165719727,0.17920305,0.194492853,0.211743737,0.231123061,0.252812151,0.277007603,0.303922656,0.333788634,0.366856392,0.403397716,0.443706563,0.488099963,0.536918347,0.590524887,0.649303288,0.713653163,0.783981755,0.8606902,0.944151813,1.034678944,1.132473929,1.237558716,1.349677603,1.468169226,1.591809449,1.718638295,1.845802635,1.969468188,2.084867536,2.186536136,2.268733631,2.325969303,2.353495216,2.347641192,2.305937738,2.227057811,2.110660073,1.957226317,1.767975792,1.544938933,1.291312532,1.012340964,0.717263087,0.423470673,0.164613316,0.000182602
3.372609857,0.130446213,0.127192555,0.124052939,0.121088726,0.118282841,0.115691298,0.113351627,0.111304385,0.109592512,0.108261513,0.107359672,0.106938274,0.10705185,0.107758456,0.10911997,0.111202422,0.114076356,0.117817236,0.122505883,0.128228972,0.135079563,0.143157706,0.152571096,0.163435804,0.175877077,0.190030224,0.206041583,0.22406958,0.244285879,0.266876615,0.292043711,0.320006245,0.351001834,0.385287979,0.423143253,0.464868197,0.510785659,0.56124023,0.616596221,0.677233381,0.743539189,0.815896013,0.894660782,0.980133902,1.072513188,1.171827704,1.27784623,1.389956653,1.507017744,1.627195591,1.747814408,1.865272082,1.975083364,2.072099902,2.150905087,2.206307747,2.233806366,2.229905072,2.19223003,2.119474574,2.011250227,1.867930231,1.690562575,1.480928705,1.241859919,0.978036396,0.697767724,0.416823353,0.165970552,0.000197566
3.366967942,0.138934726,0.135459983,0.132095812,0.128900697,0.125857479,0.123019542,0.120422377,0.118104351,0.11610608,0.114470611,0.113243616,0.112473605,0.112212162,0.112514203,0.113438257,0.115046784,0.117406514,0.120588828,0.124670182,0.129732564,0.135864008,0.143159162,0.151719911,0.161656067,0.17308613,0.186138127,0.200950532,0.217673268,0.236468804,0.257513325,0.280997987,0.30713022,0.336135056,0.368256413,0.403758251,0.442925446,0.486064159,0.533501355,0.585582968,0.642669952,0.705131121,0.773331177,0.847611719,0.928262131,1.015476387,1.109290936,1.209498655,1.315535326,1.426339913,1.540200054,1.654610571,1.76619232,1.870730606,1.963379777,2.039032583,2.092783365,2.120364572,2.118444589,2.084737912,2.017953504,1.917653157,1.784100638,1.618173044,1.421404392,1.196263626,0.946872815,0.680624697,0.411693118,0.168021479,0.000213654
3.361326028,0.147937899,0.144229135,0.140627803,0.137189676,0.133897455,0.130802045,0.127936997,0.125338591,0.123045236,0.121097636,0.11953898,0.118415139,0.117774889,0.117670157,0.118156291,0.119292349,0.121141432,0.123771039,0.127253469,0.131666252,0.137092641,0.143622143,0.151351115,0.160383416,0.170831127,0.18281535,0.196467079,0.211928151,0.229352293,0.248906229,0.270770884,0.295142618,0.322234507,0.352277572,0.385521901,0.422237508,0.462714732,0.507263842,0.556213385,0.609906557,0.668694578,0.732925567,0.802926821,0.87897762,0.961268785,1.049844442,1.14452124,1.244781607,1.349642154,1.457507792,1.56603755,1.672066471,1.771639309,1.860200162,1.932937295,1.985217024,2.012993677,2.013090079,1.983301807,1.922348631,1.82973982,1.705628396,1.550720446,1.366303431,1.154486109,0.918837049,0.665842191,0.408102511,0.170789214,0.000230942
3.355684114,0.157484262,0.153527804,0.149675967,0.145981974,0.142428326,0.139063596,0.135919493,0.133030312,0.130432361,0.128164119,0.126266412,0.1247826,0.123758792,0.123244075,0.123290765,0.123954691,0.125295503,0.127377008,0.130267551,0.134040426,0.138774338,0.144553909,0.151470241,0.159621531,0.169113762,0.180061454,0.192588491,0.206829032,0.222928492,0.241044616,0.261348607,0.284026323,0.309279488,0.337326889,0.36840546,0.402771134,0.440699266,0.482484331,0.528438448,0.578888068,0.634167866,0.694610426,0.760529762,0.832195957,0.90979737,0.993386131,1.082802394,1.177574091,1.2767931,1.37897757,1.481944669,1.582735265,1.677642948,1.76238917,1.832444404,1.883433876,1.91152208,1.913676682,1.887767159,1.832519194,1.747386509,1.632409766,1.488123417,1.315568541,1.116494878,0.893920589,0.653432455,0.406077241,0.174298729,0.000249507
3.3500422,0.167603751,0.163385157,0.159268698,0.155305202,0.151476915,0.147830222,0.144395076,0.141203889,0.138290974,0.135692695,0.133447632,0.131596761,0.130183656,0.129254703,0.128859343,0.129050334,0.129884044,0.131420777,0.133725119,0.136866341,0.140918827,0.14596256,0.152083646,0.15937491,0.167936542,0.177876809,0.189312849,0.202371525,0.217190373,0.233918609,0.252718217,0.27376509,0.297250196,0.323380727,0.352381157,0.384494092,0.419980717,0.45912059,0.502210335,0.549560641,0.601490657,0.658318467,0.720345801,0.787834442,0.860970991,0.939815931,1.024232721,1.113793767,1.207663994,1.304471004,1.40218436,1.498042813,1.588578674,1.669778886,1.737383359,1.787263641,1.815783029,1.820044649,1.797984756,1.748329952,1.670475166,1.564346719,1.430306284,1.269148015,1.08226276,0.872119827,0.643411998,0.405646329,0.178576925,0.000269434
3.344400285,0.178327773,0.173831792,0.169435782,0.165188332,0.161071371,0.157129234,0.153390209,0.149884919,0.146645782,0.143707155,0.141105487,0.13887949,0.13707033,0.13572183,0.1348807,0.134596783,0.134923335,0.135917328,0.137639786,0.140156157,0.143536725,0.147857068,0.153198555,0.15964891,0.167302824,0.176262637,0.186639082,0.198552108,0.212131773,0.227519211,0.24486767,0.264343602,0.286127784,0.310416437,0.337422248,0.367375225,0.400523176,0.437131587,0.477482494,0.521871786,0.570604081,0.62398397,0.682301883,0.745812199,0.814700469,0.889035916,0.968705166,1.053324171,1.142128861,1.233852743,1.32661236,1.417836821,1.504287533,1.582205606,1.647588141,1.696540876,1.725614906,1.732039633,1.713811016,1.669651485,1.598893687,1.501347237,1.377199356,1.226995982,1.051768155,0.853436284,0.635801777,0.406842249,0.183652719,0.00029081
3.338758371,0.189689261,0.184899796,0.180208461,0.175661751,0.171241219,0.166989285,0.162932659,0.159100266,0.155522727,0.152232494,0.149263993,0.146653791,0.14444077,0.142666321,0.141374563,0.140612574,0.140430658,0.140882628,0.142026126,0.143922977,0.146639577,0.150247325,0.154823098,0.160449783,0.167216862,0.17522105,0.184567016,0.195368154,0.20774744,0.221838353,0.237785869,0.255747506,0.275894404,0.298412408,0.323503073,0.351384514,0.382291928,0.416477552,0.45420972,0.495770448,0.5414508,0.591542862,0.646326732,0.706050277,0.770898715,0.840950428,0.916115137,0.996051527,1.080064654,1.166990626,1.255087883,1.341968776,1.424614676,1.499510058,1.562897491,1.611105225,1.640861484,1.649512958,1.635108271,1.596360477,1.532536199,1.443325589,1.328739192,1.189072683,1.02499528,0.837876824,0.63062739,0.409701071,0.189557121,0.000313727
3.333116457,0.201722744,0.196622809,0.191619483,0.186757316,0.182017417,0.177440425,0.173051553,0.168878118,0.164949037,0.161294956,0.157948387,0.15494386,0.152318092,0.150110171,0.14836176,0.147117317,0.146424346,0.146333667,0.146899719,0.148180892,0.150239897,0.153144175,0.156966347,0.16178472,0.167683836,0.174755093,0.183097409,0.192817978,0.204033073,0.216868931,0.231462705,0.247963467,0.266533255,0.287348116,0.310599104,0.336493127,0.365253508,0.397120042,0.432348212,0.471207075,0.513975086,0.560932799,0.612350937,0.668471738,0.729480823,0.795466182,0.866360627,0.941864873,1.021351395,1.103755841,1.187473787,1.270294129,1.349409548,1.421537606,1.483155129,1.530801648,1.561372169,1.572321869,1.561745022,1.528339979,1.471303329,1.390202601,1.284868868,1.155344713,1.001934406,0.82545388,0.627919255,0.414262604,0.196323314,0.000338283
3.327474543,0.214464402,0.209036084,0.203703174,0.198508418,0.193432415,0.188514156,0.183777432,0.179248038,0.17495328,0.170922092,0.167185172,0.163775122,0.160726612,0.158076546,0.15586426,0.154131733,0.152923818,0.152288501,0.152277187,0.152945016,0.154351208,0.156559458,0.15963836,0.163661884,0.168709903,0.174868777,0.182231992,0.190900874,0.200985361,0.212604848,0.225889097,0.240979209,0.258028629,0.277204172,0.298686997,0.322673469,0.34937576,0.379021994,0.41185564,0.448133679,0.488122888,0.532093241,0.580307029,0.633001748,0.690364164,0.752492367,0.819342321,0.89065618,0.965872302,1.044023059,1.123636726,1.202672454,1.278526062,1.348138439,1.408209955,1.455480629,1.487002224,1.500329766,1.493596184,1.465479658,1.415102458,1.341905907,1.245538227,1.12578527,0.982582091,0.816185656,0.627712793,0.420570533,0.203986738,0.00036458
3.321832629,0.227952142,0.222176554,0.216495493,0.210950039,0.205520215,0.200243489,0.195142306,0.190241023,0.185565416,0.181142806,0.177002171,0.173174293,0.169691899,0.16658983,0.163905223,0.161677708,0.159949631,0.158766298,0.158176243,0.158231531,0.158988083,0.160506051,0.162850219,0.166090459,0.170302228,0.175567126,0.181973507,0.189617156,0.198602027,0.209041058,0.22105704,0.234783555,0.250365957,0.267962364,0.287744637,0.309899237,0.334627882,0.36214778,0.392691195,0.426503898,0.463841896,0.504965518,0.550129557,0.599567651,0.653468473,0.711940736,0.774963693,0.842320457,0.913513905,0.987670556,1.063447278,1.138967593,1.211822756,1.279167736,1.337916232,1.384998375,1.417612973,1.433406419,1.430543307,1.407676029,1.363847957,1.298370188,1.210704112,1.100374385,0.966941396,0.810096331,0.630048604,0.428672553,0.212585166,0.000392725
3.316190714,0.242225658,0.236082896,0.2300341,0.22411882,0.218316433,0.212663007,0.207179716,0.201889554,0.196816857,0.191987414,0.187428583,0.183169421,0.179240823,0.175675679,0.172509045,0.169778334,0.167523521,0.165787379,0.164615729,0.164057731,0.164166189,0.164997906,0.16661407,0.16908068,0.172469025,0.176856213,0.182325751,0.188968198,0.196881867,0.206173605,0.216959638,0.229366471,0.243531843,0.259605705,0.277751183,0.298145462,0.320980477,0.346463257,0.374815648,0.406273054,0.441081601,0.479492893,0.521755152,0.568099042,0.618715922,0.673725692,0.733131097,0.796755846,0.864166146,0.934580331,1.006780075,1.079047789,1.14916294,1.214485826,1.272133747,1.319216993,1.353071989,1.37142817,1.372474787,1.354832669,1.317461407,1.259537397,1.180330595,1.07909914,0.955022102,0.807216261,0.634972642,0.438620512,0.222158784,0.000422832
3.3105488,0.257326507,0.250795601,0.244358423,0.238053123,0.231858362,0.225808926,0.219924791,0.214227662,0.208740515,0.203487696,0.19849503,0.193789946,0.189401609,0.185361066,0.18170141,0.178457959,0.17566845,0.173373264,0.171615664,0.170442063,0.169902326,0.170050096,0.170943165,0.172643882,0.175219603,0.178743199,0.183293612,0.188956474,0.195824784,0.203999661,0.213591151,0.224719107,0.237514117,0.25211847,0.268687112,0.287388551,0.3084056,0.331935814,0.358191395,0.387398199,0.419793345,0.455620619,0.495122588,0.538527832,0.586031189,0.637764356,0.693753842,0.753863712,0.81772248,0.884638206,0.953513907,1.022785807,1.09041482,1.153958323,1.210727967,1.258004647,1.293253268,1.314278112,1.319286056,1.306860422,1.275871805,1.225356968,1.154389187,1.061953884,0.946840908,0.807582161,0.642536376,0.450470533,0.232750272,0.000455019
3.304906886,0.273298177,0.266357044,0.259509723,0.252793098,0.246185034,0.239719158,0.23341431,0.227290984,0.221370871,0.215676955,0.210233616,0.205066749,0.200203885,0.195674334,0.191509337,0.187742233,0.184408654,0.181546722,0.179197286,0.177404173,0.176214474,0.175678854,0.175851906,0.176792536,0.178564399,0.181236376,0.184883109,0.189585595,0.195431837,0.202517567,0.210947028,0.220833832,0.232301865,0.245486239,0.260534257,0.277606335,0.296876796,0.318534419,0.342782504,0.369838169,0.399930377,0.433295993,0.47017284,0.510788306,0.555341525,0.603976637,0.656744271,0.713548716,0.774079949,0.837733912,0.903531822,0.970059037,1.035451617,1.097456254,1.153570172,1.20123571,1.238037384,1.261846255,1.270879763,1.263677576,1.239015762,1.19578602,1.13285904,1.048940428,0.942421632,0.811237295,0.652796957,0.464283151,0.244404879,0.00048941
3.299264972,0.290186165,0.282811557,0.275531172,0.268380752,0.261337292,0.254433374,0.247686768,0.241116826,0.234744028,0.228590076,0.222677988,0.217032212,0.211678742,0.20664525,0.201961231,0.197658165,0.193769693,0.190331814,0.187383103,0.18496495,0.183121835,0.181901619,0.181355883,0.181540296,0.182515026,0.184345205,0.187101432,0.19086035,0.195705271,0.201726869,0.209023951,0.217704279,0.22788547,0.239695935,0.25327585,0.268778102,0.286369147,0.306229655,0.328554759,0.353553623,0.381447896,0.412468403,0.446849131,0.484817176,0.526576806,0.572285295,0.62201782,0.675718885,0.733139263,0.793761174,0.856721214,0.92074959,0.984151665,1.04485617,1.100537574,1.148790888,1.187311633,1.214029681,1.227165927,1.225210042,1.206837674,1.170789534,1.115727137,1.04006824,0.941795394,0.81823165,0.665817379,0.480123437,0.257170498,0.000526137
3.293623058,0.308038049,0.3002055,0.292467915,0.284860019,0.277357855,0.269993075,0.262782439,0.255744226,0.248897776,0.242263584,0.235863387,0.229720272,0.223858785,0.218305056,0.21308694,0.208234165,0.2037785,0.199753946,0.196196938,0.193146575,0.190644881,0.18873708,0.187471923,0.186902034,0.18708431,0.188080358,0.189956985,0.192786748,0.19664856,0.201628362,0.207819869,0.215325379,0.224256655,0.234735865,0.246896558,0.260884644,0.276859307,0.294993767,0.315475701,0.338507089,0.364303094,0.393089372,0.425096982,0.460553632,0.499669584,0.54261599,0.589493075,0.640285674,0.694804861,0.752617779,0.812973894,0.874744381,0.936398508,0.996040242,1.051513427,1.100557341,1.140970153,1.170732679,1.18806209,1.191391504,1.179289893,1.150340531,1.102988466,1.035354618,0.945000792,0.828622104,0.681666623,0.498061121,0.271097745,0.000565334
3.287981143,0.326903567,0.318587341,0.310367152,0.302276833,0.294291391,0.286441656,0.278743444,0.271214019,0.263871654,0.256735708,0.249826715,0.243166481,0.236778192,0.23068653,0.224917806,0.219500103,0.214463432,0.209839915,0.205663977,0.201972567,0.198805397,0.196205221,0.194218129,0.192893892,0.192286334,0.19245376,0.193459423,0.195372054,0.198266449,0.202224125,0.207334041,0.213693399,0.221408515,0.230595753,0.241382523,0.253908286,0.268325541,0.284800695,0.303514664,0.324663002,0.348455195,0.375112601,0.40486425,0.437939382,0.474555137,0.51489733,0.559091825,0.607164019,0.658984972,0.714205634,0.772186164,0.831935199,0.892080971,0.950896345,1.006387116,1.056428785,1.098914042,1.131866864,1.153493448,1.162163565,1.156332873,1.134420227,1.09464619,1.034824862,0.952084071,0.842472588,0.70041981,0.518170708,0.286240028,0.000607146
3.282339229,0.346834698,0.33800773,0.329278212,0.320679201,0.312184584,0.303824482,0.295613816,0.287568905,0.279707016,0.272046443,0.264606591,0.257408064,0.250472771,0.243824037,0.237486721,0.231487363,0.225854325,0.220617965,0.215810824,0.21146783,0.207626534,0.204327367,0.201613931,0.199533319,0.198136482,0.197478631,0.197619695,0.198624831,0.20056499,0.203517559,0.20756707,0.212805984,0.219335557,0.227266782,0.236721395,0.247832929,0.260747763,0.275626113,0.292642815,0.311987738,0.333865496,0.358494005,0.386101171,0.416918692,0.451171502,0.489060917,0.530739103,0.57627238,0.625591658,0.678430824,0.734258864,0.792218767,0.851093228,0.909318139,0.965054246,1.016305581,1.061051454,1.09735129,1.123392966,1.137475871,1.137935311,1.123018182,1.090711792,1.038512432,0.963099281,0.859854238,0.72215834,0.540531601,0.302653619,0.00065172
3.276697315,0.367885743,0.358519581,0.349252626,0.34011728,0.331086216,0.322188952,0.313439576,0.304853515,0.296447097,0.288237617,0.28024342,0.272483985,0.264980026,0.25775359,0.250828184,0.244228896,0.237982544,0.232117836,0.226665544,0.221658707,0.217132851,0.213126234,0.209680127,0.206839122,0.204651482,0.203169529,0.202450089,0.202554983,0.203551582,0.205513432,0.208520947,0.212662191,0.21803374,0.224741627,0.232902373,0.242644082,0.254107568,0.267447461,0.282833186,0.300449654,0.320497399,0.343191747,0.368760391,0.397438426,0.42945952,0.46504138,0.504363227,0.547532788,0.594540863,0.645203656,0.699097427,0.7554968,0.813334863,0.871205122,0.927416702,0.98009481,1.027297686,1.067112541,1.097701489,1.117286229,1.124074272,1.11613243,1.091205223,1.04645909,0.978108423,0.880845541,0.746970023,0.5652282,0.320397723,0.000699214
3.271055401,0.390113407,0.380178154,0.370344214,0.360643452,0.351047234,0.341584583,0.3322688,0.323114484,0.314137081,0.305352953,0.296779452,0.288435007,0.280339208,0.272512914,0.264978359,0.257759278,0.250881044,0.244370819,0.238257724,0.23257303,0.227350371,0.222625974,0.218438935,0.214831509,0.211849452,0.209542394,0.20796427,0.207173797,0.207235018,0.208217913,0.210199083,0.213262528,0.217500506,0.223014493,0.229916237,0.238328901,0.24838827,0.260243984,0.274060709,0.290019115,0.308316442,0.329166276,0.352797003,0.379448072,0.409362862,0.442776411,0.479895833,0.520870871,0.565752444,0.614438692,0.666611918,0.721676041,0.778710916,0.836462692,0.893382714,0.947710342,0.997575249,1.041084819,1.076367827,1.10156071,1.114735296,1.113769605,1.096155029,1.058715041,0.997181591,0.905532472,0.774949206,0.592350019,0.33953454,0.000749789
3.265413487,0.413576887,0.403041134,0.39260916,0.382312407,0.372120834,0.362063074,0.352151697,0.342400522,0.332824175,0.323438144,0.314258856,0.305303756,0.29659139,0.288141501,0.279975138,0.272114771,0.264584422,0.257409813,0.250618522,0.244240173,0.238306629,0.232852229,0.227914038,0.223532137,0.219749947,0.216614594,0.214177327,0.212493983,0.21162552,0.211638617,0.212606358,0.214608996,0.217734826,0.222081155,0.227755388,0.234876221,0.243574937,0.253996764,0.26630225,0.280668534,0.297290336,0.316380351,0.338168573,0.362899779,0.390828062,0.422206795,0.457271903,0.496215892,0.539150204,0.586054784,0.636717064,0.690668302,0.747131918,0.80500218,0.862866905,0.919072889,0.971813935,1.019210006,1.059348839,1.090273733,1.109912501,1.115945043,1.105598466,1.075339049,1.020397094,0.934008615,0.806196895,0.621991774,0.360129335,0.000803616
3.259771572,0.438337957,0.427168724,0.4161061,0.405181221,0.394362536,0.383678395,0.373140678,0.362762485,0.352557672,0.342540916,0.33272778,0.323134792,0.313779522,0.304680677,0.295858198,0.287333378,0.27912898,0.271269382,0.263780728,0.256691102,0.250030727,0.24383218,0.238130639,0.232964163,0.228374007,0.224404973,0.22110582,0.218529722,0.216734785,0.215784648,0.215749154,0.216705124,0.218737231,0.22193899,0.22641388,0.232276594,0.239654422,0.248688751,0.259536641,0.272372398,0.287388991,0.304799075,0.324835173,0.347748381,0.373804546,0.403276433,0.436429794,0.473500769,0.514661916,0.559975102,0.609332285,0.662390489,0.718513925,0.776740893,0.835790323,0.894110049,0.949950862,1.00143773,1.046609499,1.083408146,1.10960867,1.122682882,1.119581605,1.096398557,1.047841576,0.966375288,0.84082086,0.654253485,0.382250489,0.00086087
3.254129658,0.464461058,0.452623723,0.440896202,0.42930944,0.417830268,0.406486855,0.395290442,0.384253454,0.373389035,0.362711106,0.352234427,0.341974672,0.331948505,0.322173666,0.312669069,0.30345491,0.294552782,0.285985813,0.277778813,0.26995844,0.262553388,0.255594601,0.249115508,0.243152293,0.237744203,0.232933894,0.228767824,0.225296709,0.222576032,0.220666637,0.219635402,0.219556015,0.220509858,0.222587021,0.225887463,0.230522323,0.236615401,0.2443048,0.253744712,0.265107299,0.278584551,0.294389925,0.312759407,0.333951421,0.358244652,0.38593237,0.417311259,0.452662101,0.492219347,0.536127149,0.584381712,0.636764625,0.692778541,0.751602133,0.812080479,0.872756338,0.931930515,0.987725409,1.038122949,1.080955287,1.11383532,1.134016144,1.138159425,1.121969778,1.079610118,1.002741641,0.878935742,0.689240559,0.405969559,0.000921736
3.248487744,0.49201339,0.479471621,0.467043257,0.454759166,0.442584446,0.43054719,0.418658044,0.406928808,0.395371964,0.384000731,0.372829123,0.361872024,0.351145254,0.340665658,0.330451197,0.320521046,0.310895716,0.301597176,0.292648997,0.284076515,0.275907011,0.268169916,0.260897039,0.254122834,0.247884695,0.242223296,0.237182979,0.232812202,0.229164043,0.226296791,0.224274625,0.223168386,0.223056489,0.224025955,0.226173618,0.229607503,0.234448411,0.240831705,0.248909325,0.258851972,0.270851419,0.285122777,0.301906437,0.321469185,0.344103658,0.370124814,0.399861468,0.433640183,0.471758272,0.514442785,0.561794202,0.613717865,0.669852934,0.729515219,0.79167136,0.854953218,0.91770478,0.978038285,1.033870548,1.082915039,1.122612764,1.149986804,1.161395892,1.152137789,1.115806337,1.043224757,0.92066314,0.727063868,0.431361329,0.000986404
3.24284583,0.521065002,0.507780686,0.494613764,0.48159514,0.46868806,0.455920645,0.443302987,0.430846307,0.418562477,0.406464063,0.394564393,0.382877615,0.371418771,0.360203877,0.349250008,0.338575401,0.328199562,0.318143386,0.308429304,0.299081427,0.290125732,0.281590252,0.273505305,0.26590375,0.258821276,0.252296739,0.24637254,0.24109507,0.236515214,0.23268894,0.229677978,0.22755061,0.226382592,0.226258223,0.227271597,0.229528056,0.233145879,0.238258234,0.245015408,0.253587321,0.264166291,0.276969938,0.292244011,0.310264718,0.331339804,0.35580716,0.384029025,0.416379027,0.453218491,0.494858232,0.541503356,0.593182509,0.649669846,0.710415496,0.774503446,0.840649111,0.90723296,0.972349453,1.033841898,1.089295867,1.135970165,1.170645849,1.189364023,1.186996602,1.156542457,1.087949735,0.966131696,0.767839824,0.458503856,0.001055074
3.237203915,0.551688889,0.537622061,0.523677025,0.509884833,0.49620676,0.482671054,0.469287294,0.45606617,0.443018985,0.43015771,0.417495033,0.405044428,0.392820216,0.380837647,0.369112983,0.357663592,0.346508051,0.335666272,0.325159627,0.315011105,0.305245479,0.2958895,0.286972113,0.278524715,0.270581434,0.263179461,0.256359427,0.250165844,0.244647606,0.239858583,0.235858304,0.232712766,0.230495368,0.229288025,0.229182467,0.230281772,0.232702172,0.236575167,0.242049989,0.249296455,0.258508187,0.269906175,0.283742493,0.300303854,0.319914314,0.342936008,0.369765991,0.400826374,0.436543841,0.477314091,0.523447517,0.575096005,0.632167596,0.694244339,0.760523716,0.829799406,0.900481785,0.970639877,1.038034868,1.100114849,1.153945564,1.19605332,1.222145943,1.226649223,1.201939384,1.137049758,1.015477165,0.811690439,0.487478509,0.001127952
3.231562001,0.583961087,0.569069852,0.554305229,0.539698537,0.525208942,0.510864928,0.496675599,0.482651154,0.468802379,0.45514069,0.441678191,0.428427734,0.415402979,0.402618471,0.390089723,0.377833303,0.36586694,0.354209635,0.342881794,0.331905372,0.321304041,0.311103375,0.301331067,0.292017176,0.283194405,0.274898434,0.267168286,0.260046771,0.253580993,0.247822938,0.242830177,0.238666682,0.235403795,0.233121373,0.23190915,0.231868353,0.233113629,0.235775332,0.240002236,0.245964722,0.253858483,0.263908743,0.276374887,0.291555241,0.309791422,0.331471184,0.357027895,0.386933708,0.421682209,0.461755346,0.507569785,0.559400955,0.617290089,0.680949158,0.749685647,0.82236646,0.897425419,0.972898391,1.046455607,1.11539769,1.176585911,1.226278348,1.259832918,1.271207705,1.25212676,1.190666157,1.068842477,0.858743378,0.518370009,0.001205251
3.225920087,0.61796077,0.602201227,0.586573554,0.571109451,0.55576584,0.540571544,0.525535229,0.510666646,0.495976102,0.481474512,0.467173442,0.453085173,0.439222758,0.4256001,0.412232023,0.399134365,0.386324074,0.373819322,0.36163963,0.34980601,0.338341126,0.327269481,0.316617627,0.306414406,0.296691234,0.287482419,0.278825536,0.27076187,0.263336918,0.256600999,0.250609954,0.245425992,0.241118681,0.237766143,0.235456474,0.234289455,0.234378605,0.235853652,0.238863495,0.243579751,0.250200949,0.258957424,0.27011687,0.28399037,0.300938393,0.321375764,0.345773757,0.374656276,0.408585541,0.448131376,0.493818015,0.546045112,0.604986802,0.670483387,0.741949204,0.818319594,0.898045451,0.979121701,1.059118541,1.135178731,1.20394707,1.261399165,1.302525389,1.320793175,1.307242998,1.248948454,1.126377781,0.909132008,0.551266457,0.001287194
3.220278173,0.653770351,0.637096513,0.620560256,0.60419378,0.587951616,0.571863033,0.555936293,0.540180739,0.524606244,0.509223262,0.494042869,0.479076827,0.464337636,0.44983861,0.435593947,0.421618819,0.407929464,0.394543297,0.381479034,0.368756828,0.356398431,0.344427373,0.332869173,0.321751578,0.311104837,0.300962031,0.29135944,0.282336986,0.273938753,0.266213588,0.259215834,0.253006183,0.247652713,0.243232121,0.239831219,0.237548739,0.236497523,0.236807182,0.23862733,0.242131486,0.247521784,0.255034555,0.264946825,0.277583603,0.293325552,0.312616092,0.335966106,0.363953097,0.397209852,0.436395953,0.482144821,0.53498138,0.595212789,0.662806478,0.737280834,0.817635074,0.902330883,0.98931437,1.076046365,1.159500938,1.236093821,1.301503115,1.350332975,1.375535856,1.36743531,1.31205439,1.188240482,0.962995424,0.586259358,0.001374008
3.214636259,0.691475582,0.673839292,0.656346769,0.639030826,0.621843453,0.604814469,0.58795177,0.571264326,0.554761619,0.538453681,0.522351148,0.506465307,0.490808159,0.475392481,0.460231906,0.445340999,0.430735357,0.416431708,0.402448041,0.388803732,0.37551971,0.362618628,0.350125077,0.338065818,0.326470065,0.315369799,0.304800156,0.294799861,0.285411755,0.27668342,0.268667912,0.261424658,0.255020513,0.24953106,0.245042171,0.241651921,0.239472917,0.238635166,0.239289572,0.241612232,0.245809659,0.252125074,0.260845874,0.272312203,0.286926311,0.305161809,0.327570998,0.35478698,0.387515241,0.42650726,0.472507577,0.526167813,0.587928664,0.657883888,0.735653447,0.8202961,0.910278109,1.003488799,1.09727002,1.188415888,1.273099847,1.346686643,1.403374475,1.435575068,1.432859718,1.380149949,1.254595261,1.020478479,0.623443637,0.001465933
3.208994344,0.731165656,0.712516508,0.6940178,0.675703085,0.657521647,0.639503966,0.621657601,0.603991188,0.586513854,0.569235256,0.552165628,0.535315832,0.518697416,0.502322676,0.486204733,0.470357607,0.454796315,0.43953697,0.424596905,0.409994801,0.395750847,0.381886914,0.368426765,0.355396286,0.342823771,0.330740237,0.319179814,0.308180188,0.297783135,0.288035157,0.278988244,0.27070079,0.263238699,0.256676737,0.251100178,0.246606824,0.243309489,0.241339077,0.240848368,0.242016705,0.24505576,0.250216556,0.257797922,0.268156377,0.281717204,0.298985881,0.320558044,0.347124546,0.379465902,0.418427888,0.464868419,0.519567606,0.583100596,0.655687062,0.737046395,0.826292773,0.921890886,1.021665195,1.122828669,1.221983738,1.315047704,1.397055268,1.461777845,1.501059216,1.503681046,1.453409348,1.325614081,1.081731787,0.662917649,0.001563212
3.20335243,0.772933311,0.753218559,0.733661434,0.714296345,0.695069707,0.676012766,0.657132779,0.638438082,0.619937484,0.601640306,0.583556423,0.565696316,0.548071128,0.530692725,0.513573768,0.496727791,0.480169292,0.463913836,0.447978171,0.432380358,0.41713993,0.402278067,0.387817797,0.373784241,0.360204885,0.34710991,0.334532579,0.322509689,0.31108212,0.300295484,0.290200911,0.280855994,0.272325948,0.264685018,0.258018213,0.252423442,0.248014166,0.244922685,0.243304234,0.24334208,0.245253839,0.249299263,0.255789696,0.265099309,0.27767792,0.294064628,0.314900435,0.340936244,0.37303014,0.412124853,0.459194251,0.515149095,0.580700299,0.65619342,0.741445452,0.835622073,0.937180306,1.043871535,1.152769652,1.260273185,1.362028782,1.452723552,1.525680169,1.572145761,1.580072897,1.532015028,1.401476177,1.146911723,0.704783182,0.001666099
3.197710516,0.816874936,0.796039409,0.775369229,0.754899787,0.73457445,0.714425342,0.694459446,0.674684835,0.655110036,0.635744071,0.616596496,0.597677454,0.57899773,0.560568807,0.542402939,0.524513229,0.506913718,0.489619483,0.472646755,0.456013052,0.439737331,0.423840164,0.408343942,0.393273118,0.378654486,0.364517512,0.350894724,0.337822182,0.325340031,0.313493176,0.302332088,0.291913791,0.282303064,0.273573921,0.265811437,0.259114005,0.253596163,0.249392109,0.246660116,0.24558805,0.246400271,0.249366194,0.254810793,0.263127207,0.274791344,0.290377764,0.31057497,0.336196381,0.368180391,0.407569607,0.455456744,0.512885751,0.580705018,0.659386334,0.748842783,0.848287823,0.956164747,1.070143523,1.187148438,1.303361417,1.414143256,1.51381504,1.595227605,1.649001172,1.662217608,1.616157617,1.482368033,1.216180411,0.749145448,0.001774855
3.192068602,0.863090677,0.841076687,0.819236322,0.797606084,0.776126099,0.754829489,0.733722989,0.712814441,0.692112126,0.671624802,0.651361749,0.631332812,0.61154846,0.59201984,0.572758852,0.553778219,0.535091581,0.516713591,0.49866003,0.480947943,0.463595786,0.446623608,0.430053254,0.41390861,0.398215883,0.383003942,0.368304713,0.354153661,0.340590357,0.327659174,0.315410124,0.303899884,0.293193051,0.283363693,0.274497273,0.266693045,0.260067052,0.254755891,0.250921452,0.248756888,0.248494107,0.250413145,0.25485374,0.262229356,0.273043609,0.287908433,0.307562099,0.332883152,0.364893246,0.40473805,0.45363235,0.512756185,0.583097524,0.665255111,0.759236919,0.864300651,0.978869838,1.100524534,1.226028571,1.351334044,1.471500012,1.580462198,1.670575317,1.731800861,1.7503062,1.706035879,1.568483336,1.289705685,0.796113068,0.001889748
3.186426688,0.911684542,0.888431795,0.865361534,0.842511501,0.819818388,0.797316427,0.775012135,0.752913154,0.731027553,0.709363863,0.687931122,0.666738919,0.645797449,0.625117571,0.604710875,0.584589759,0.564767517,0.545258434,0.52607791,0.507242581,0.48877048,0.470681212,0.452996165,0.435738751,0.418934698,0.40261239,0.386803281,0.371542378,0.356868834,0.342826666,0.329465619,0.316842242,0.305021196,0.294076885,0.284095484,0.275177476,0.267440837,0.261025064,0.256096251,0.252853521,0.251537151,0.252438772,0.255914051,0.262398173,0.27242414,0.286643265,0.30584596,0.330978673,0.363149476,0.403610557,0.453702311,0.514744144,0.587866099,0.673794976,0.772632728,0.883677952,1.005328401,1.135065559,1.269481597,1.404285031,1.534216578,1.65280633,1.751887395,1.820729106,1.844538287,1.801856638,1.660022917,1.367661051,0.845798046,0.002011055
3.180784773,0.962764515,0.938210014,0.913847471,0.889716005,0.86574866,0.8419809,0.818419052,0.795070588,0.771943397,0.749045816,0.72638668,0.70397536,0.681821818,0.659936667,0.638331236,0.617017647,0.596008899,0.575318972,0.55496294,0.534957102,0.515319138,0.496068288,0.477225566,0.458814004,0.440858953,0.423388426,0.406433523,0.390028932,0.374213541,0.359031177,0.344531513,0.330771181,0.317815151,0.305738441,0.294628256,0.284586675,0.275734039,0.268213239,0.262195161,0.2578856,0.255534028,0.255444662,0.257990295,0.263629274,0.272925722,0.286572424,0.305414429,0.330469025,0.362934072,0.404171997,0.455652674,0.51883852,0.595004538,0.685007049,0.789041383,0.906443843,1.035580401,1.173825134,1.317586989,1.462316607,1.602419021,1.730997477,1.839336752,1.91597894,1.945121988,1.903834692,1.757194669,1.450225621,0.898315735,0.00213906
3.175142859,1.01644266,0.990520612,0.964800635,0.939323363,0.914017972,0.888921281,0.864039452,0.839379818,0.814950117,0.79075853,0.766813719,0.743124876,0.719701772,0.696554814,0.673695115,0.651134569,0.628885935,0.606962941,0.585380394,0.564154321,0.543302119,0.52284274,0.502796905,0.483187358,0.464039169,0.445380088,0.427240985,0.40965636,0.392664984,0.376310661,0.360643176,0.345719459,0.331605028,0.318375787,0.306120289,0.294942576,0.284965779,0.276336687,0.269231568,0.263863592,0.260492269,0.259435416,0.261084176,0.265921543,0.274544563,0.287689674,0.306259178,0.331344303,0.36423628,0.40641177,0.459474312,0.525033356,0.604512138,0.698898333,0.808480332,0.932629121,1.069672884,1.216869271,1.370432064,1.52553917,1.676241847,1.815194303,1.933105002,2.017752037,2.0522738,2.012192696,1.860213451,1.537584037,0.95378479,0.002274055
3.169500945,1.072835237,1.045476955,1.018331529,0.991441253,0.964731201,0.938239674,0.911972693,0.88593748,0.860141655,0.834593273,0.809300859,0.784273462,0.759520697,0.735052811,0.710880743,0.687016204,0.663471764,0.640260952,0.617398369,0.59489983,0.572782516,0.551065165,0.529768287,0.508914423,0.488528459,0.468637991,0.44927377,0.430470243,0.412266205,0.394705603,0.377838517,0.361722381,0.346423498,0.332018934,0.318598901,0.30626977,0.295157887,0.285414442,0.277221685,0.27080087,0.266422402,0.264418734,0.265200616,0.269277218,0.277280377,0.289992451,0.30837574,0.333598674,0.367049657,0.410323841,0.465162957,0.533327866,0.616393705,0.715481699,0.830973265,0.962271214,1.107659918,1.264271379,1.428111885,1.594071179,1.755827878,1.905563967,2.033382326,2.126258568,2.166218461,2.127161031,1.969300964,1.629926373,1.012327113,0.002416339
3.163859031,1.132062808,1.103196613,1.074554767,1.046181371,1.01799715,0.990042019,0.962321881,0.934843877,0.907615538,0.880644822,0.853940153,0.827510469,0.80136527,0.775514679,0.749969505,0.724741323,0.69984256,0.675286599,0.651087891,0.6272621,0.603826258,0.580798958,0.558200576,0.53605354,0.514382642,0.493215425,0.472582641,0.452518806,0.433062886,0.414259126,0.396158084,0.378817903,0.362305905,0.346700587,0.332094134,0.318595608,0.306335,0.295468407,0.28618466,0.278713821,0.27333806,0.270405522,0.270347855,0.273701982,0.281136465,0.293481945,0.311763583,0.337230446,0.371372123,0.415906794,0.472719225,0.543726453,0.630659557,0.734775873,0.856550093,0.995414136,1.149602521,1.316112175,1.490729161,1.668039033,1.841328115,2.00228197,2.140367309,2.241717036,2.287188784,2.248977643,2.084685611,1.727448025,1.074067783,0.002566219
3.158217116,1.194250353,1.163801476,1.133589184,1.103659539,1.073928657,1.044438202,1.015193985,0.986203089,0.957472985,0.929011567,0.900827189,0.872928712,0.845325558,0.818027763,0.791046048,0.764391896,0.73807764,0.712116563,0.686523024,0.661312594,0.63650222,0.61211042,0.588157512,0.56466589,0.541660349,0.519168477,0.497221137,0.475853042,0.455103466,0.43501711,0.415645188,0.397046753,0.379290381,0.362456265,0.346638875,0.331950329,0.318524691,0.306523472,0.296142694,0.287621958,0.281256085,0.277409996,0.276537555,0.279205069,0.286119821,0.298163192,0.316426199,0.34224214,0.377206029,0.42316388,0.482148669,0.556238734,0.647325536,0.75680543,0.885246913,1.032108435,1.195568597,1.372479598,1.558394135,1.747576939,1.932901593,2.105531996,2.254266771,2.364354093,2.415425471,2.377887863,2.206602334,1.830349574,1.139134978,0.002724009
3.152575202,1.259527383,1.227417863,1.195557945,1.163995817,1.132642706,1.101542166,1.070699937,1.040123074,1.009819016,0.97979562,0.950061202,0.920624581,0.891495132,0.862682846,0.834198394,0.806053209,0.778259574,0.750830728,0.723780985,0.697125882,0.670882343,0.645068878,0.619705823,0.594815619,0.570423148,0.546556147,0.523245698,0.500526832,0.478439267,0.457028319,0.436346027,0.41645256,0.397417975,0.379324428,0.362268986,0.346367184,0.33175759,0.318607643,0.307121169,0.297548051,0.290196665,0.285449809,0.283784925,0.285799376,0.292241239,0.304045182,0.322371197,0.348640588,0.384558242,0.43210309,0.493461825,0.570879582,0.666413024,0.781600794,0.917105987,1.072411152,1.245632863,1.433468712,1.631224461,1.832826774,2.030715211,2.215505727,2.375295561,2.494404332,2.551176904,2.514144204,2.335292421,1.938836635,1.207659879,0.00289003
3.146933288,1.328028049,1.294176634,1.260588662,1.227314614,1.194260535,1.161472018,1.128954753,1.096715791,1.064762567,1.03310293,1.001745188,0.97069815,0.939971181,0.90957426,0.879518049,0.849813973,0.820474309,0.791512297,0.762942262,0.73477976,0.707041753,0.679746811,0.652915357,0.626569957,0.600735673,0.575440483,0.550715795,0.526597079,0.503124632,0.480344535,0.458309829,0.437081994,0.416732796,0.397346624,0.379023444,0.36188258,0.346067532,0.331752185,0.31914879,0.308518266,0.300183464,0.294546188,0.29210885,0.293501598,0.299515439,0.311140974,0.32961042,0.356437026,0.393440227,0.442737231,0.506674277,0.587669169,0.687948971,0.809198236,0.952175721,1.116385769,1.299876773,1.499181603,1.709345082,1.923937924,2.134943562,2.332402639,2.503676344,2.632110057,2.694698907,2.658006128,2.4710033,2.053119685,1.279776566,0.003064608
3.141291374,1.399891263,1.364213307,1.328813503,1.293744802,1.258907755,1.224350147,1.190077639,1.156097304,1.122416598,1.089043393,1.055986016,1.0232533,0.99085463,0.958800012,0.927100133,0.895766453,0.864811287,0.834247922,0.804090743,0.774355382,0.745058896,0.716219979,0.687859212,0.659999366,0.632665763,0.605886719,0.579694074,0.554123853,0.529217067,0.505020708,0.481588995,0.458984913,0.437282166,0.416567634,0.396944501,0.378536236,0.361491713,0.34599178,0.332257743,0.320562322,0.31124378,0.304724083,0.301532043,0.302332369,0.307961206,0.319467831,0.338160067,0.365647217,0.403868159,0.455084014,0.521806731,0.606633018,0.711965927,0.839639889,0.990510649,1.164102165,1.358388448,1.569727278,1.792888089,2.021067123,2.24576873,2.456429793,2.639639363,2.77772103,2.846254486,2.80973979,2.6139883,2.173413867,1.355621901,0.003248078
3.13564946,1.475260806,1.437668168,1.400369309,1.363419829,1.326714459,1.290303338,1.254192113,1.218387906,1.182898221,1.147730979,1.112894556,1.078397837,1.044250265,1.010461902,0.977043502,0.944006595,0.911363579,0.879127834,0.847313852,0.815937395,0.785015673,0.754567567,0.724613885,0.695177676,0.666284609,0.637963427,0.610246509,0.583170548,0.556777399,0.531115119,0.506239267,0.482214532,0.459116781,0.43703565,0.416077846,0.396371356,0.37807086,0.361364695,0.346483863,0.33371366,0.323408715,0.316012339,0.312081211,0.312316425,0.317601549,0.329047373,0.348040834,0.376291575,0.415863037,0.469166161,0.5388851,0.627802074,0.738502085,0.87297376,1.032171421,1.215636577,1.421262596,1.645221549,1.881992577,2.124378277,2.36338009,2.587801588,2.783422175,2.931494192,3.006113543,2.969617755,2.764506387,2.299938773,1.435335391,0.003440779
3.130007545,1.554285443,1.51468639,1.475397706,1.436477838,1.397815347,1.359462888,1.321426121,1.283712238,1.246328816,1.20928385,1.172585797,1.136243624,1.10026686,1.064665661,1.029450883,0.994634164,0.960228025,0.926245985,0.892702692,0.859614088,0.826997594,0.794872337,0.763259421,0.732182248,0.701666913,0.671742681,0.642442565,0.613804047,0.585869952,0.558689547,0.532319901,0.5068276,0.482290898,0.458802452,0.436472799,0.415434812,0.395849417,0.377912976,0.361866826,0.348009631,0.336713362,0.328443879,0.323787231,0.323482781,0.328463869,0.339905735,0.359278071,0.388395318,0.429450818,0.485011522,0.557940605,0.651212778,0.767601334,0.909253759,1.077224793,1.271071552,1.488600437,1.725786926,1.9768045,2.23404227,2.487974081,2.726739514,2.935269372,3.09369336,3.174552562,3.137918687,2.922821878,2.432918208,1.519059044,0.003643058
3.124365631,1.637119042,1.595418143,1.554045225,1.513061782,1.472349835,1.431964733,1.391912162,1.352199411,1.312834155,1.273824492,1.235178984,1.196906709,1.159017315,1.121521086,1.084429012,1.047752881,1.011505376,0.975700196,0.940352195,0.905477544,0.87109393,0.837220788,0.803879582,0.771094139,0.738891063,0.707300227,0.676355383,0.646094907,0.616562727,0.587809462,0.55989386,0.532884594,0.506862529,0.481923605,0.458182502,0.435777346,0.414875755,0.395682647,0.378450352,0.363491705,0.351197009,0.342055905,0.336685359,0.33586493,0.340580155,0.352073759,0.371901962,0.401988631,0.444662571,0.502653209,0.579009892,0.676907162,0.799313327,0.948539732,1.125743633,1.330495919,1.560509628,1.811552498,2.077476508,2.350236773,2.619753966,2.873471874,3.095432273,3.264588901,3.35185427,3.314927012,3.089204122,2.572579927,1.606937205,0.003855265
3.118723717,1.723920684,1.680018718,1.636463421,1.593319546,1.550462186,1.507949563,1.465787412,1.423983139,1.382544542,1.341479845,1.300797747,1.260507465,1.220618797,1.181142183,1.142088787,1.103470581,1.06530045,1.027592318,0.990361286,0.953623807,0.917397888,0.88170333,0.846562021,0.811998286,0.778039316,0.744715679,0.712061963,0.680117554,0.648927603,0.618544228,0.589028019,0.560449928,0.532893655,0.506458684,0.481264148,0.457453798,0.435202389,0.414723941,0.396282435,0.380205694,0.366903364,0.356890129,0.350815447,0.349501059,0.353987196,0.365587198,0.385947718,0.41710685,0.461534647,0.522129751,0.602135159,0.704932955,0.833693555,0.990897506,1.177806926,1.394004752,1.637104189,1.902653811,2.184167781,2.473146029,2.758929586,3.028233491,3.264168601,3.444457376,3.538307265,3.500932548,3.263927161,2.719155348,1.699116378,0.004077756
3.113081803,1.814854779,1.768648634,1.722808984,1.677404066,1.632301627,1.587562956,1.543193852,1.499201864,1.455594935,1.412381444,1.369570249,1.327170738,1.285192885,1.243647324,1.202545421,1.16189937,1.121722298,1.082028394,1.042833054,1.004153059,0.966006789,0.928414469,0.891398475,0.854983699,0.819197995,0.784072716,0.749643382,0.715950495,0.683040556,0.650967324,0.619793393,0.589592186,0.560450459,0.532471502,0.505779213,0.480523341,0.456886229,0.435091542,0.415415589,0.398202004,0.383880807,0.372993013,0.366222186,0.364434289,0.368726812,0.380486941,0.401455793,0.433790666,0.480108866,0.543485263,0.62736431,0.735343704,0.870803438,1.036398944,1.233499792,1.461699344,1.718504427,1.999232749,2.297043862,2.602960633,2.905717082,3.191265401,3.441742131,3.633581164,3.734205625,3.696230108,3.447269354,2.872879243,1.795745037,0.004310892
3.107439889,1.910091181,1.861473763,1.813243868,1.765473453,1.718022478,1.670955502,1.624278404,1.577998898,1.532125098,1.486665561,1.441629332,1.397025994,1.352865733,1.309159402,1.265918606,1.223155796,1.180884379,1.139118848,1.097874939,1.05716981,1.017022264,0.977453007,0.938484967,0.90014367,0.86245771,0.825459308,0.789185011,0.753676549,0.718981892,0.685156581,0.652265379,0.620384366,0.589603578,0.560030371,0.531793722,0.505049751,0.47998884,0.456844858,0.435907114,0.417535901,0.402182656,0.390416041,0.382955379,0.380712941,0.384846117,0.396819263,0.418472127,0.452086355,0.50043273,0.56676964,0.654751119,0.768198914,0.910710437,1.085122016,1.29291351,1.533687186,1.804836867,2.101437412,2.416276476,2.739877301,3.060338623,3.362814516,3.628422319,3.832248055,3.939848475,3.901119076,3.639512978,3.033989407,1.896973415,0.004555037
3.101797974,2.009805301,1.958665442,1.907935406,1.857691114,1.807784279,1.758282936,1.709193065,1.660522563,1.61227974,1.564473356,1.517112668,1.470207486,1.423768229,1.377806007,1.332332693,1.287361031,1.242904743,1.19897867,1.155598928,1.1127831,1.070550463,1.02892226,0.98792203,0.947576002,0.907913583,0.868967948,0.830776766,0.793383095,0.756836503,0.721194448,0.686524024,0.652904157,0.620428381,0.589208384,0.559378531,0.53110169,0.504576741,0.480048311,0.457819401,0.438267812,0.421867469,0.409216015,0.401070227,0.398390821,0.402397797,0.414636104,0.43704841,0.472046029,0.522559658,0.592038766,0.684355419,0.803564209,0.953488171,1.137150877,1.356145557,1.610081955,1.896234184,2.209421986,2.542043351,2.884098634,3.2230221,3.54313328,3.824483903,4.040750818,4.155539541,4.115902951,3.8409438,3.202726294,2.002953279,0.004810559
3.09615606,2.114178222,2.060400595,2.007056434,1.954225888,1.901751924,1.84970628,1.798095048,1.746926335,1.696208669,1.645951035,1.596162931,1.546854415,1.498036176,1.449719604,1.401916876,1.354641061,1.307906235,1.261727624,1.216121768,1.17110672,1.126702281,1.082930285,1.039814942,0.99738325,0.955665505,0.914695915,0.874513363,0.835162347,0.796694143,0.75916827,0.722654311,0.687234225,0.653005267,0.620083714,0.588609634,0.558753022,0.530721714,0.504771658,0.481220244,0.460463647,0.442999361,0.42945538,0.420627655,0.417527542,0.421440426,0.433995367,0.457242375,0.493727908,0.546549245,0.619354757,0.716243314,0.841511505,0.999216558,1.19257597,1.423299653,1.691003508,1.99283514,2.323346624,2.674528026,3.035832858,3.394000821,3.732479296,4.03020649,4.259386743,4.381586663,4.340888858,4.051850617,3.379332635,2.113837694,0.005077829
3.090514146,2.22339681,2.166861848,2.110785417,2.055252165,2.000095795,1.945391977,1.891146933,1.837369002,1.78406695,1.731250016,1.678927959,1.627111117,1.575810472,1.525037725,1.47480539,1.425126895,1.376016705,1.327490469,1.279565192,1.232259443,1.185593596,1.13959013,1.094273984,1.04967299,1.005818404,0.96274555,0.920494616,0.879111638,0.838649727,0.799170595,0.760746474,0.723462541,0.687419989,0.652739949,0.619568505,0.588083154,0.558501154,0.531090342,0.506183199,0.48419515,0.465648365,0.45120257,0.441694661,0.438188864,0.442038802,0.454961251,0.479118111,0.517196634,0.572467547,0.64878622,0.750487411,0.882119211,1.047981979,1.251494134,1.494485826,1.776577882,2.094784522,2.443377319,2.813919661,3.195293574,3.573513183,3.931114945,4.245874112,4.488457158,4.618301283,4.576387031,4.272524767,3.56405303,2.229780761,0.005357219
3.084872232,2.337653831,2.278237652,2.219306569,2.160950023,2.102991898,2.045512039,1.988516816,1.932014817,1.876015075,1.8205271,1.765560943,1.711127244,1.657237307,1.603903175,1.551137728,1.498954785,1.447369236,1.396397192,1.346056165,1.296365281,1.247345536,1.199020106,1.151414717,1.1045581,1.058482541,1.013224557,0.968825733,0.925333748,0.88280366,0.841299511,0.800896338,0.761682721,0.723764012,0.687266452,0.652342456,0.619177406,0.587998444,0.559085867,0.532787959,0.509540287,0.489890808,0.474532401,0.464344693,0.460447077,0.464264318,0.477604616,0.502746422,0.542523596,0.600387394,0.68040854,0.787167079,0.925472456,1.099877452,1.314008734,1.569820484,1.866937311,2.202233093,2.569685778,2.960412842,3.362699484,3.76180233,4.139306974,4.471774763,4.728266918,4.865997904,4.822710268,4.503259613,3.757133508,2.35093735,0.005649105
3.079230318,2.457148059,2.394722399,2.332809986,2.271505365,2.210622009,2.1502442,2.090378466,2.031033672,1.972219133,1.913944661,1.856220616,1.799057971,1.742468377,1.686464249,1.631058862,1.57626646,1.522102392,1.468583268,1.415727147,1.363553755,1.312084757,1.261344077,1.211358285,1.162157072,1.113773825,1.066246333,1.019617665,0.973937241,0.929262185,0.885659,0.843205685,0.801994407,0.76213489,0.72375875,0.687025041,0.652127414,0.619303358,0.588846212,0.561120777,0.53658366,0.515809738,0.499526479,0.488658074,0.484381407,0.488195369,0.50200337,0.528205202,0.569787299,0.630388736,0.714304203,0.826368733,0.971663329,1.155002836,1.380229818,1.649426503,1.96222025,2.315337542,2.702449305,3.114207384,3.538274118,3.95911581,4.357326081,4.708199911,4.979123864,5.124993518,5.080173352,4.744349991,3.958821069,2.477462804,0.005953862
3.073588403,2.58208439,2.516516542,2.451491774,2.387110051,2.323173819,2.259772067,2.196911496,2.134601266,2.072850999,2.01167083,1.951071456,1.891064204,1.831661102,1.772874965,1.71471949,1.657209381,1.60036048,1.54418993,1.488716375,1.433960188,1.379943746,1.326691771,1.274231734,1.222594345,1.17181416,1.12193032,1.072987459,1.025036842,0.978137769,0.932359337,0.887782661,0.844503674,0.80263669,0.762318957,0.723716483,0.687031565,0.652512511,0.620466278,0.59127491,0.565416959,0.543495373,0.526273664,0.514722443,0.510078467,0.513917791,0.528242907,0.555579854,0.599073764,0.662559019,0.750563138,0.868186153,1.020791156,1.213465058,1.450274274,1.733433339,2.062571408,2.434260448,2.841850681,3.275508123,3.722245546,4.1657052,4.585446467,4.955443994,5.241338264,5.395607009,5.349092438,4.996091637,4.169363198,2.609512639,0.006271865
3.067946489,2.712673952,2.643826721,2.575554174,2.507962045,2.440841088,2.374285287,2.308301529,2.242899291,2.178088525,2.113879709,2.050283902,1.987312812,1.924978869,1.863295313,1.802276298,1.741937015,1.682293831,1.623364462,1.565168175,1.507726026,1.451061153,1.395199126,1.340168367,1.286000668,1.23273182,1.180402387,1.12905866,1.07875384,1.029549516,0.98151751,0.934742202,0.889323472,0.84538044,0.803056238,0.762524142,0.723995475,0.687729834,0.654048375,0.623351112,0.596139459,0.573045595,0.554870552,0.542633252,0.537632742,0.541525336,0.55641657,0.584963742,0.630476958,0.696993591,0.789283101,0.91272082,1.072962802,1.275378358,1.524266032,1.821977147,2.168141804,2.559170246,2.988078048,3.444524725,3.914846094,4.381825738,4.823945385,5.213803886,5.515222224,5.678158524,5.629784422,5.258780577,4.38900735,2.747242217,0.00660349
3.062304575,2.849134217,2.77686588,2.705205705,2.634265554,2.563823799,2.493979712,2.424740384,2.356115627,2.288115746,2.220751584,2.154034587,2.087976867,2.022591281,1.957891524,1.893892235,1.830609121,1.768059109,1.706260521,1.645233283,1.584999178,1.525582146,1.467008652,1.409308123,1.352513491,1.296661848,1.241795253,1.187961734,1.135216528,1.083623619,1.033257682,0.984206511,0.936574112,0.890484619,0.846087305,0.803563024,0.763132503,0.725067097,0.689702745,0.657458162,0.628858549,0.604566485,0.585422018,0.572494296,0.567147111,0.571120194,0.586626156,0.61645868,0.664099267,0.733796152,0.830570089,0.9600823,1.128292997,1.340864568,1.602336272,1.915200927,2.279088826,2.690241213,3.1413248,3.621471472,4.116312044,4.607735933,5.073102662,5.483578349,5.801089073,5.972968816,5.922566265,5.532712491,4.618000414,2.890806414,0.006949111
3.056662661,2.99168911,2.915853391,2.840661291,2.766231186,2.692328321,2.619057578,2.546426263,2.474444544,2.403123098,2.332473159,2.262506579,2.193235902,2.124674436,2.056836358,1.989736818,1.923392073,1.857819639,1.793038477,1.72906921,1.665934386,1.603658791,1.54226983,1.481797988,1.422277391,1.363746494,1.306248926,1.249834533,1.194560676,1.140493844,1.087711688,1.036305566,0.98638378,0.938075687,0.891536957,0.846956325,0.804564304,0.764644471,0.727548134,0.693713442,0.663690311,0.638172901,0.618041789,0.604418284,0.59873342,0.602813549,0.618982467,0.650175469,0.700052007,0.773079239,0.874538791,1.01038865,1.186904702,1.410053419,1.684623663,2.013254685,2.395576316,2.827653453,3.301789481,3.80656707,4.326883334,4.843697166,5.333200213,5.765067462,6.099252725,6.28035856,6.227754301,5.818182047,4.856588149,3.040359256,0.0073091
3.051020746,3.140569117,3.061015178,2.982142408,2.904076095,2.826567582,2.74972769,2.673563953,2.598086916,2.523307649,2.449237798,2.375889646,2.303276189,2.231411216,2.160309408,2.089986456,2.020459193,1.951745758,1.883865782,1.816840622,1.750693628,1.685450471,1.621139545,1.557792438,1.495444528,1.434135695,1.373911203,1.314822796,1.256930048,1.200302061,1.14501958,1.09117767,1.038889103,0.988288663,0.939538665,0.892836031,0.848421433,0.806591138,0.767712405,0.732243551,0.70076014,0.673989102,0.652853066,0.638527463,0.632513095,0.636726188,0.653605903,0.686234468,0.738455978,0.814964744,0.921313075,1.063766864,1.248929498,1.48308287,1.771274627,2.116295621,2.517774665,2.971592906,3.469675687,4.000034443,4.546803256,5.089973286,5.604521537,6.058572032,6.410027016,6.600647646,6.545663507,6.115482212,5.105014599,3.196053558,0.007683824
3.045378832,3.296011394,3.212583845,3.129877219,3.048024147,2.96676124,2.886205613,2.806365035,2.72725045,2.648873343,2.571245792,2.494380534,2.41829104,2.342991602,2.268497435,2.194824795,2.121991121,2.050015201,1.978917374,1.908719759,1.839446547,1.771124336,1.703782547,1.637453924,1.572175147,1.507987578,1.444938187,1.383080688,1.32247696,1.263198811,1.205330205,1.148970052,1.094235759,1.041267743,0.990235205,0.941343555,0.894843996,0.851045948,0.810333202,0.773184978,0.740203419,0.712149423,0.689989202,0.674954288,0.668617805,0.672989154,0.690627098,0.724766213,0.779442056,0.859584487,0.971026519,1.120353358,1.314508023,1.560099475,1.862443634,2.224488337,2.645860932,3.122251361,3.645191976,4.202100539,4.776318145,5.346830194,5.887351201,6.364392982,6.733725025,6.934154435,6.876606748,6.424903522,5.363521481,3.358040532,0.008073647
3.039736918,3.458259877,3.370798798,3.284100726,3.198306081,3.113135874,3.028713877,2.945048108,2.862149931,2.780031262,2.698704636,2.618183265,2.538481118,2.459613014,2.381594724,2.304443096,2.228176204,2.152813515,2.078376101,2.004886882,1.932370921,1.860855782,1.790371957,1.720953388,1.652638109,1.585469022,1.519494864,1.454771394,1.391362876,1.329343928,1.268801841,1.209839509,1.152579137,1.09716697,1.043779336,0.99263043,0.943982352,0.898158132,0.85555867,0.816684823,0.782166246,0.752798999,0.729594422,0.713842141,0.707190179,0.711744446,0.730187611,0.765912093,0.82315184,0.907080822,1.023822979,1.180294493,1.383790432,1.641258785,1.958293518,2.33800507,2.780018982,3.279826489,3.828551794,4.412996132,5.015677074,5.614535419,6.181974307,6.682830727,7.070658361,7.281195007,7.220894,6.746733346,5.63234755,3.526469391,0.00847893
3.034095004,3.627565383,3.535906377,3.445054915,3.355159682,3.265925168,3.177482191,3.089839025,3.003007473,2.916999906,2.831829333,2.747509461,2.664054784,2.581480667,2.499803463,2.419040639,2.339210925,2.260334497,2.182433192,2.105530758,2.029653167,1.954828984,1.881089809,1.808470829,1.737011479,1.666756253,1.597755717,1.530067744,1.463759065,1.398907199,1.335602876,1.273953103,1.214085044,1.156150958,1.100334541,1.046859058,0.995997867,0.948088063,0.903548225,0.862901574,0.826806209,0.796094549,0.771824606,0.755346105,0.748384566,0.75314578,0.772440666,0.80982506,0.869738344,0.957607297,1.07985721,1.243747138,1.4569369,1.726725777,2.058995835,2.45702595,2.920439639,3.444521894,4.019973401,4.63295564,5.265131541,5.893357696,6.488675959,7.014184535,7.42113644,7.642082367,7.57883154,7.081255103,5.911727943,3.701486929,0.008900025
3.02845309,3.804185722,3.708159983,3.612988913,3.518829961,3.425370123,3.332747668,3.240971141,3.150052797,3.060005485,2.970842706,2.882578687,2.795228461,2.708807968,2.623334164,2.538825156,2.455300359,2.372780683,2.291288756,2.210849187,2.131488887,2.053237454,1.976127638,1.900195909,1.825483146,1.752035491,1.679905393,1.609152906,1.539847302,1.472069089,1.405912546,1.341488916,1.278930472,1.218395677,1.160075817,1.104203512,1.051063734,1.001008083,0.954473385,0.912005944,0.874293229,0.842205213,0.816848128,0.799633802,0.792367871,0.797359395,0.817551943,0.856670407,0.919366735,1.011329361,1.139295523,1.310879281,1.534118174,1.816675324,2.164731239,2.581739293,3.067320871,3.616547176,4.21967982,4.862216942,5.524935165,6.183566525,6.807740702,7.358751863,7.785465743,8.017125643,7.950721116,7.428747469,6.201893503,3.883237095,0.009337279
3.022811175,3.988385799,3.887820215,3.788159147,3.689569336,3.59171926,3.494755066,3.398685576,3.30352352,3.209282239,3.11597575,3.023618815,2.932227032,2.841816933,2.752406099,2.664013302,2.576658666,2.490363858,2.405152325,2.321049563,2.238083453,2.156284659,2.075687113,1.996328606,1.918251507,1.841503649,1.76613942,1.692221114,1.619820619,1.549021516,1.479921726,1.412636855,1.347304426,1.284089285,1.223190527,1.164850404,1.109365842,1.057103385,1.00851866,0.964181768,0.924810462,0.891313457,0.864846749,0.846886283,0.839320426,0.844564929,0.865700436,0.906626591,0.972215135,1.068425118,1.202316496,1.381870678,1.615516149,1.911292707,2.275689909,2.712341911,3.220867996,3.796118016,4.427898795,5.101021201,5.795343378,6.485431742,7.139451973,7.716827694,8.163949043,8.406629253,8.336859092,7.789483556,6.503070076,4.071860552,0.00979103
3.017169261,4.180437723,4.075155,3.970829506,3.867637829,3.765228847,3.663757036,3.563231501,3.463665463,3.365072777,3.26746799,3.170866422,3.075284254,2.980738631,2.88724778,2.794831159,2.703509622,2.613305618,2.524243436,2.436349486,2.349652645,2.264184674,2.179980719,2.097079926,2.015526192,1.935369086,1.856664982,1.779478475,1.70388413,1.629968681,1.557833788,1.487599526,1.419408809,1.353433036,1.289879322,1.228999812,1.171103722,1.116572965,1.065882513,1.019626962,0.978555258,0.943616036,0.916016587,0.897298981,0.889436945,0.894956344,0.917079356,0.959886118,1.028475465,1.129086139,1.269111736,1.456913558,1.701324506,2.010774155,2.392071995,2.849039465,3.38129391,3.983456282,4.644862759,5.349612702,6.07661312,6.799223078,7.484091528,8.08870385,8.556884637,8.810892062,8.737535571,8.163730069,6.815477797,4.267494217,0.010261606
3.011527347,4.380620905,4.270439733,4.161271512,4.053303266,3.946163135,3.840014392,3.734866431,3.630732984,3.527628434,3.425567879,3.324567214,3.224643221,3.125813676,3.028097474,2.931514777,2.83608719,2.741837967,2.64879226,2.556977416,2.466423334,2.377162897,2.289232494,2.202672659,2.117528852,2.033852413,1.951701753,1.871143814,1.792255901,1.715127972,1.63986551,1.566593168,1.495459377,1.426642249,1.360357118,1.296866277,1.236491553,1.17963064,1.126778383,1.07855456,1.035740201,0.999325022,0.970569138,0.951082738,0.942927528,0.948742922,0.971897104,1.016656487,1.088354359,1.193518327,1.339886689,1.536213367,1.791749381,2.115327442,2.514088108,2.99204684,3.548819346,4.178790156,4.870808826,5.6082387,6.369002548,7.125209723,7.841938874,8.4746683,8.964565542,9.23020651,9.153033502,8.551746443,7.139330352,4.470270799,0.010749326
3.005885433,4.589222169,4.473957414,4.359764499,4.246841492,4.134794602,4.023796391,3.913856546,3.804989327,3.697209661,3.590533215,3.484976475,3.380556842,3.277292741,3.175203751,3.074310759,2.974636137,2.876203964,2.779040276,2.683173377,2.588634211,2.495456806,2.403678819,2.3133422,2.224494,2.13718737,2.05148279,1.967449598,1.885167895,1.804730923,1.72624807,1.649848658,1.57568676,1.503947344,1.434854155,1.368679873,1.305759242,1.246506134,1.19143578,1.141193808,1.096594205,1.058668915,1.028732379,1.00846489,1.000018741,1.006150324,1.03037831,1.077161193,1.152074127,1.261942836,1.414861504,1.619989572,1.887010088,2.225172509,2.641959853,3.141588559,3.723673159,4.382354283,5.105978798,5.877149274,6.672770739,7.463659886,8.213270692,8.875004462,9.387278698,9.664857734,9.583627764,8.953783959,7.474834228,4.680318321,0.011254497
3.000243519,4.806535849,4.685998796,4.56659579,4.448536589,4.331404215,4.215381031,4.100477024,3.986706996,3.874086435,3.76263159,3.652359556,3.543288368,3.435437115,3.328826079,3.223476883,3.11941269,3.016658416,2.915240999,2.81518972,2.716536584,2.619316785,2.52356927,2.429337427,2.336669925,2.245621752,2.156255494,2.068642924,1.98286698,1.899024251,1.817228094,1.73761259,1.660337555,1.585594957,1.513617124,1.444687347,1.379153577,1.317446244,1.260101458,1.207791344,1.161363697,1.121893811,1.090751936,1.069690427,1.060954759,1.067421714,1.09276493,1.141640799,1.219873787,1.334597053,1.494271957,1.708476507,1.987339888,2.340542142,2.775920391,3.29789923,3.906092642,4.594389946,5.350619187,6.156597205,6.988177412,7.814840366,8.598360263,9.289990494,9.825304145,10.11512267,10.02958424,9.370084855,7.822187946,4.897759631,0.011777413
2.994601604,5.032863897,4.906862528,4.782060889,4.65868111,4.536281702,4.415055371,4.295012404,4.176168158,4.058538698,3.942140871,3.826992392,3.713111945,3.600519301,3.489235453,3.379282781,3.270685247,3.163468622,3.057660759,2.953291931,2.85039522,2.749007001,2.649167528,2.550921644,2.454319658,2.359418419,2.266282644,2.17498657,2.085616016,1.998270959,1.913068789,1.830148417,1.749675501,1.671849127,1.596910369,1.525153335,1.456939458,1.392716078,1.33304066,1.278612446,1.230313865,1.189264653,1.156892324,1.135023228,1.125998584,1.132818957,1.159317415,1.210354065,1.292010151,1.411735636,1.578370426,1.80192428,2.092986808,2.461682694,2.916215045,3.461224026,4.09632387,4.815145261,5.604981263,6.446837856,7.315482654,8.17901612,8.997476885,9.71989858,10.2789142,10.58126916,10.49115886,9.800881402,8.18158128,5.12271191,0.012318354
2.98895969,5.268515984,5.136855305,5.006463683,4.877576322,4.749725846,4.623115862,4.497756959,4.373665063,4.250856826,4.129349707,4.009162055,3.890313215,3.77282365,3.656715079,3.54201065,3.428735134,3.316915167,3.206579534,3.097759505,2.990489252,2.884806344,2.780752352,2.678373589,2.577722017,2.478856361,2.381843489,2.286760129,2.193695004,2.102751521,2.014051147,1.927737686,1.843982722,1.762992564,1.685017174,1.610361666,1.539401205,1.472600379,1.410538447,1.353942365,1.30372999,1.261066561,1.227438274,1.204747369,1.195433336,1.202623885,1.23031595,1.283579154,1.368758987,1.493631612,1.667426927,1.90059973,2.204214503,2.588854844,3.063101953,3.631819207,4.29462208,5.044875409,5.869321118,6.74812908,7.654946658,8.556449842,9.410885307,10.16499422,10.74837263,11.06355499,10.96859668,10.24639499,8.553194466,5.355286164,0.012877587
2.983317776,5.513809598,5.376292023,5.240116636,5.105532463,4.972044788,4.839868706,4.709015107,4.579500497,4.451342128,4.324558081,4.19916735,4.075189951,3.952647049,3.831561098,3.711956022,3.593857412,3.477292779,3.362291839,3.248886874,3.13711315,3.027009436,2.918618627,2.811988513,2.707172716,2.604231847,2.503234934,2.40426121,2.307402325,2.212765138,2.12047523,2.030681346,1.943561059,1.859327996,1.778241125,1.700616737,1.626843955,1.557404919,1.492901101,1.434087734,1.381918857,1.337606236,1.302696124,1.279168503,1.269563618,1.277139638,1.30606176,1.361614896,1.450416233,1.580577545,1.761730205,2.004787437,2.321303184,2.722334411,3.216852754,3.809952672,4.501252079,5.283842885,6.14389976,7.06073114,8.006829478,8.947401549,9.838845147,10.62553552,11.2339338,11.56222706,11.46213087,10.7068352,8.937197406,5.595586721,0.013455359
2.977675862,5.769070152,5.625495937,5.483341015,5.342869007,5.203556347,5.065630227,4.929101833,4.793988262,4.660307377,4.528077887,4.39731944,4.268052734,4.14029964,4.014083357,3.889428588,3.76636175,3.64491123,3.525107685,3.406984406,3.290577756,3.175927706,3.063078475,2.952079329,2.842985552,2.735859639,2.630772784,2.527806726,2.42705605,2.328631083,2.232661537,2.139301134,2.048733484,1.9611796,1.876907564,1.79624498,1.719595134,1.647457992,1.580457626,1.519378064,1.465210248,1.419213446,1.382995299,1.358615327,1.348716956,1.356692076,1.386878493,1.444782128,1.537299287,1.672886754,1.86158889,2.114790791,2.444550578,2.862413213,3.377753321,3.995904558,4.716488684,5.532317778,6.42898322,7.384906647,8.371390792,9.352128178,10.28161034,11.10177247,11.73584188,12.07752034,11.97198181,11.18239883,9.333748854,5.843710712,0.014051902
2.972033947,6.034631083,5.884798821,5.7364671,5.589914946,5.444588361,5.300727269,5.158343145,5.017453686,4.878077371,4.740233547,4.603942523,4.46922568,4.336105603,4.204606237,4.074753066,3.946573336,3.820096311,3.695353585,3.572379457,3.451211384,3.33189053,3.214462435,3.098977835,2.985493663,2.874074294,2.764793079,2.657734255,2.552995337,2.450690119,2.350952454,2.253941053,2.159845594,2.068894527,1.98136512,1.897596414,1.818006021,1.743111985,1.673561314,1.610167321,1.553958518,1.506242602,1.468689869,1.443441118,1.433245319,1.441631273,1.473113668,1.533425097,1.629748358,1.770894605,1.967332702,2.230933116,2.574272954,3.009399968,3.546104539,4.189967863,4.940617202,5.790578086,6.72484269,7.720920521,8.748889682,9.770883192,10.73942856,11.59394625,12.25432996,12.60965703,12.49835603,11.673269,9.742995613,6.099747557,0.014667429
2.966392033,6.310833947,6.154541135,5.999834421,5.847009084,5.695479044,5.545497613,5.397076551,5.250234157,5.104989534,4.961362671,4.819374539,4.679047205,4.54040397,4.403469524,4.268270133,4.134833866,4.003190859,3.873373638,3.745417501,3.619360989,3.49524645,3.373120727,3.253036011,3.13505087,3.019231539,2.905653503,2.794403484,2.685581907,2.579306015,2.475713792,2.374968936,2.2772672,2.182844499,2.091987338,2.00504628,1.922453402,1.84474503,1.772591417,1.706835591,1.648544254,1.5990744,1.560160188,1.534025359,1.523526713,1.532333072,1.5651402,1.627912942,1.728127881,1.87495986,2.07931373,2.353558845,2.710806195,3.16362125,3.722223117,4.392449124,5.173933939,6.058910055,7.031754693,8.069039975,9.139584443,10.20391621,11.21254071,12.10228851,12.78961925,13.15884563,13.04144535,12.17961417,10.16507171,6.363778442,0.015302131
2.960750119,6.598028529,6.435072194,6.273791997,6.114500341,5.956577355,5.800290419,5.645651563,5.492679697,5.341394546,5.191816743,5.043967922,4.897870838,4.753549501,4.611029342,4.470337405,4.331502573,4.194555845,4.059530666,3.926463319,3.795393412,3.666364455,3.539424578,3.414627397,3.292033091,3.171709722,3.053734883,2.938197743,2.825201605,2.714867132,2.607336407,2.502778091,2.401393998,2.303427507,2.209174384,2.118996767,2.033341301,1.952762758,1.87795489,1.809790828,1.749376023,1.698117567,1.657814613,1.630775432,1.619966852,1.629200729,1.663357997,1.728641233,1.832828008,1.985466088,2.197907751,2.483034758,2.854506919,3.325422486,3.906442453,4.603669122,5.416746742,6.337608543,7.350001262,8.429534514,9.54373239,10.65147262,11.70118035,12.62702071,13.34191826,13.72527995,13.60142579,12.70158719,10.60009761,6.635875807,0.015956181
2.955108205,6.89657293,6.726750344,6.558698578,6.392748078,6.228243396,6.065466685,5.904430233,5.745153557,5.587657008,5.43196186,5.278090406,5.126066082,4.975913603,4.827659134,4.681330481,4.536957331,4.394571531,4.254207423,4.115902258,3.979696684,3.845635348,3.713767631,3.584148544,3.456839834,3.331911355,3.209442759,3.089525614,2.972266054,2.857788109,2.746237911,2.637789039,2.532649328,2.431069592,2.333354849,2.239878831,2.151102809,2.067600122,1.99008823,1.91947069,1.856892197,1.803810668,1.762091306,1.734128402,1.723000908,1.732666622,1.768195626,1.836033584,1.944266148,2.102823138,2.323515626,2.619751258,3.00575365,3.495168998,4.099113532,4.823963625,5.669375577,6.626977431,7.679870161,8.802675966,9.961589708,11.11379329,12.20557321,13.16835341,13.91142197,14.30913829,14.17845671,13.23932441,11.04817935,6.916102822,0.016629727
2.949466291,7.206833676,7.029943135,6.854922908,6.682122427,6.510848818,6.341399736,6.173787705,6.008032852,5.844156147,5.682179499,5.522125854,5.364019319,5.207885304,5.053750691,4.901644036,4.751595809,4.603638681,4.45780787,4.314141561,4.172681412,4.03347317,3.896567426,3.76202054,3.629895779,3.500264729,3.373209044,3.24882263,3.12721438,3.008511622,2.892864467,2.780451338,2.671486023,2.566226713,2.464987634,2.368154089,2.276201993,2.189723324,2.109459394,2.036344454,1.971562863,1.916624012,1.87346011,1.844552865,1.833095332,1.843194035,1.880112043,1.950543333,2.062888582,2.227468672,2.456564731,2.764123717,3.164948037,3.673247089,4.300605869,5.053684173,5.932153144,6.927330041,8.021655129,9.188738532,10.3934113,11.59111417,12.72593664,13.72648566,14.49831105,14.91058247,14.77267981,13.79294467,11.5094078,7.204512873,0.017322893
2.943824376,7.529185803,7.345027506,7.162843985,6.983004637,6.804777249,6.628475725,6.454112807,6.28170922,6.111286549,5.942867328,5.776475144,5.612134763,5.44987227,5.289715248,5.131692978,4.975836688,4.822179845,4.670758509,4.521611762,4.37478223,4.230316713,4.08826696,3.948690621,3.811652421,3.67722561,3.545493766,3.416553051,3.290515032,3.16751024,3.047692669,2.931245489,2.818388342,2.709386703,2.604563921,2.50431681,2.409135896,2.319631809,2.236569806,2.160915017,2.093891816,2.03706162,1.992424508,1.962550878,1.950749748,1.961279006,1.999598399,2.072655278,2.189172131,2.359869751,2.597510457,2.916593858,3.332516123,3.860065177,4.511308486,5.293198894,6.205425513,7.238989605,8.375656143,9.587998862,10.8394507,12.08366603,13.2624792,14.30160427,15.10275108,15.52975697,15.38421816,14.36254845,11.98385783,7.501149059,0.018035779
2.938182462,7.864012958,7.672389967,7.482851337,7.295787436,7.11042474,6.927094168,6.745808654,6.566589513,6.389458932,6.214440056,6.041557096,5.870835456,5.702301878,5.535984617,5.371913652,5.210120936,5.050640694,4.893509787,4.738768148,4.586459317,4.43663109,4.28933631,4.144633849,4.002589808,3.863279015,3.726786882,3.593211725,3.462667675,3.335288352,3.211231507,3.090684929,2.973873986,2.861071303,2.752609231,2.648895984,2.550436611,2.457860354,2.371956432,2.293720975,2.224418622,2.165663283,2.119523647,2.08865996,2.076498914,2.087452246,2.127179902,2.202887482,2.323625883,2.500524478,2.746837749,3.077631186,3.508909643,4.056054958,4.73163093,5.542893353,6.489552802,7.562289747,8.74217972,10.00073615,11.29995991,12.5916742,13.81540014,14.89388329,15.72489175,16.16678808,16.01317537,14.94821691,12.47158754,7.806043683,0.018768458
2.932540548,8.211707487,8.012426785,7.815345295,7.620875399,7.428200222,7.237668487,7.049293289,6.86309652,6.679100948,6.497330314,6.31780943,6.140564313,5.965622331,5.793012383,5.622765107,5.45491314,5.289491421,5.126537559,4.966092283,4.808199984,4.652909383,4.500274341,4.350354863,4.203218337,4.058941065,3.917610178,3.779326025,3.644205169,3.512384177,3.384024406,3.259318102,3.138496192,3.021838283,2.909685556,2.802457463,2.700673438,2.604981222,2.516193946,2.43533877,2.363720763,2.303006676,2.255334437,2.223455152,2.210914747,2.222281117,2.263417735,2.341793121,2.466792966,2.649963682,2.905062696,3.247734463,3.694607381,4.261672614,4.962004322,5.803171434,6.784909877,7.897574998,9.121539233,10.42723228,11.77518944,13.11535823,14.38488898,15.50348332,16.36486616,16.82178301,16.65963458,15.55001105,12.97263746,8.119217761,0.019520975
2.926898634,8.572670525,8.365544173,8.160737287,7.958685332,7.758525987,7.560626584,7.365000341,7.171669709,6.980658018,6.791989576,6.605689771,6.421785199,6.240303822,6.061275137,5.884730403,5.710702889,5.539228192,5.37034461,5.204093598,5.040520324,4.879674351,4.721610464,4.566389704,4.41408063,4.264760899,4.11851923,3.975457856,3.835695617,3.699371854,3.566651347,3.437730606,3.312845909,3.192283632,3.076393566,2.965606189,2.860455111,2.761606397,2.669896952,2.586384914,2.512415838,2.44970955,2.400473711,2.367551147,2.354608407,2.366371663,2.408911031,2.489962394,2.61925238,2.808752655,3.072734161,3.427433221,3.890116541,4.477400045,5.202882434,6.07445625,7.091887083,8.245201342,9.514055263,10.86777195,12.26538814,13.65493176,14.9711251,16.13055097,17.02279011,17.49482913,17.32365765,16.1679708,13.48702984,8.440680544,0.020293349
2.92125672,8.947312076,8.732158475,8.519450122,8.309646658,8.101838172,7.896411418,7.693379702,7.492766006,7.294594194,7.098889112,6.905676685,6.714984056,6.526839731,6.341273764,6.158317975,5.978006209,5.800374657,5.625462231,5.453311033,5.28396692,5.117480198,4.953906471,4.793307694,4.635753472,4.481322672,4.330105443,4.182205736,4.037744479,3.896863588,3.759731049,3.626547403,3.497554031,3.373043815,3.253374889,3.138988476,3.030432094,2.928389873,2.83372228,2.747518269,2.671163829,2.606431971,2.555600434,2.521604463,2.508232429,2.520370693,2.564298894,2.648024467,2.781620852,2.977492921,3.250435438,3.617289302,4.095974164,4.70374614,5.454742796,6.357191076,7.410890998,8.605536772,9.920055964,11.32264286,12.77080329,14.21060223,15.57427737,16.77521835,17.69876137,18.18599311,18.0052843,16.80211421,14.01476793,8.770429045,0.021085566
2.915614805,9.336051094,9.112696355,8.891918285,8.674201819,8.458587261,8.245481616,8.03489823,7.826860585,7.621393049,7.418520963,7.218270752,7.020670055,6.825747873,6.633534759,6.444063032,6.257367044,6.073483501,5.892451844,5.714314731,5.539118604,5.366914398,5.197758413,5.031713382,4.868849803,4.70924759,4.552998141,4.400206928,4.250996752,4.105511869,3.963923219,3.826435099,3.693293699,3.564798096,3.441314438,3.323294355,3.211298926,3.106030013,3.008371327,2.919442379,2.840669422,2.773878617,2.721417972,2.68631567,2.672482904,2.6849679,2.730262451,2.816649455,2.95455474,3.156824033,3.438785948,3.817898428,4.312748559,4.941248057,5.718087821,6.651840305,7.742345202,8.978961884,10.33987746,11.7921359,13.29168053,14.78257073,16.19450374,17.43760246,18.39285907,18.89532022,18.70453127,17.45243662,14.55583519,9.108447585,0.021897582
2.909972891,9.739315556,9.507594984,9.278588236,9.05280668,8.829238594,8.608312076,8.390040457,8.174447684,7.961558584,7.751398951,7.543995658,7.339376785,7.137571769,6.938611592,6.742529001,6.549358773,6.359138037,6.171906672,5.987707778,5.806588264,5.628599569,5.45379854,5.282248532,5.114020766,4.949196012,4.787866713,4.630139631,4.476139196,4.326011735,4.179930847,4.038104265,3.900782651,3.768270906,3.640942803,3.519259969,3.403796625,3.295271937,3.194592449,3.102907853,3.021684359,2.952801105,2.898676385,2.862431646,2.84810168,2.860898012,2.90752694,2.996550426,3.138751946,3.347425394,3.638442947,4.029891788,4.541040753,5.190472527,5.993445947,6.958890418,8.086691074,9.365870475,10.77386426,12.2765454,13.82826394,15.37103186,16.83195098,18.11780482,19.10514304,19.62283357,19.42139156,18.11890988,15.11019473,9.454707363,0.022729323
2.904330977,10.15754253,9.917302218,9.679918699,9.445930931,9.214272883,8.985394596,8.759309323,8.536041432,8.31561616,8.098059701,7.883399317,7.671663463,7.462881943,7.25708609,7.054308992,6.854585758,6.657953841,6.46445344,6.274127976,6.087024692,5.903195375,5.722697263,5.545594154,5.37195779,5.201869588,5.035422796,4.872725212,4.71390261,4.559103079,4.408502543,4.262311808,4.120785608,3.984234248,3.853038666,3.727670005,3.608715119,3.49690996,3.393183383,3.298714766,3.215009832,3.144000355,3.088174755,3.05074786,3.035878602,3.048942968,3.09686381,3.188485432,3.334953856,3.550018093,3.850103245,4.253937634,4.781485952,5.452017166,6.281372788,7.278850964,8.444388589,9.766670162,11.22236968,12.77616933,14.38079605,15.9761736,17.48675435,18.81591091,19.83565328,20.36853345,20.15583368,18.80148165,15.67778856,9.809166033,0.023580678
2.898689063,10.59117821,10.34227677,10.09638096,9.854058492,9.614186729,9.377238495,9.143226902,8.912176684,8.684113432,8.459063677,8.237055001,8.01811616,7.802277241,7.589569841,7.380027291,7.173684923,6.970580398,6.770754105,6.574249648,6.381114446,6.191400472,6.005165164,5.822472562,5.64339471,5.468013424,5.296422494,5.128730461,4.965064124,4.805572984,4.650434908,4.499863361,4.354116698,4.213510134,4.078431251,3.949360141,3.826895699,3.711790038,3.604993693,3.507715091,3.42149888,3.348328961,3.29076352,3.252110661,3.236653742,3.249934086,3.299092827,3.393259527,3.543947267,3.765366733,4.074504927,4.490742873,5.034754997,5.726511783,6.582452286,7.612255545,8.815917131,10.18178301,11.68575629,13.2913096,14.94951796,16.59817718,18.15903735,19.53198986,20.58440938,21.13239665,20.90780094,19.50007465,16.25853706,10.17176732,0.024451506
2.893047148,11.040678,10.78298839,10.52845915,10.27768792,10.02949313,9.784371243,9.54233514,9.303409866,9.067621298,8.834996231,8.605562487,8.379349041,8.156386165,7.936705619,7.720340864,7.507327336,7.297702768,7.091507597,6.888785448,6.689583744,6.493954451,6.301955003,6.113649449,5.929109889,5.748418264,5.571668604,5.398969867,5.230449515,5.066258071,4.906574912,4.751615692,4.601641873,4.456973029,4.318002778,4.185219517,4.059233486,3.940812231,3.830927206,3.730815122,3.642058797,3.566693563,3.50734681,3.46741957,3.45131964,3.464754243,3.515084176,3.611726787,3.766566319,3.994281258,4.312429061,4.741054657,5.301555816,6.014619684,6.897297858,7.959662799,9.201776302,10.61164618,12.16439639,13.8222723,15.53466942,17.23721705,18.84891146,20.266094,21.35141001,21.91437593,21.67721083,20.21458605,16.85233836,10.54244062,0.02534163
2.887405234,11.50650651,11.239918,10.97665051,10.7173328,10.46072201,10.20733908,9.957196586,9.71031981,9.466734835,9.22646864,8.989549196,8.756005596,8.525868195,8.299168795,8.075940863,7.8562198,7.640043262,7.427451568,7.218488186,7.013200349,6.811639801,6.613863737,6.419935964,6.229928355,6.043922671,5.862012848,5.684307889,5.510935521,5.342046845,5.177822268,5.018479101,4.86428134,4.715552284,4.572690909,4.436193175,4.306679874,4.18493314,4.071944452,3.968977889,3.877653513,3.800057203,3.738884759,3.697629541,3.680823507,3.694340015,3.745760526,3.844792297,4.003694389,4.237618744,4.564701383,5.005661936,5.582634848,6.317038958,7.226553528,8.321657373,9.602486729,11.05671254,12.65867242,14.36936804,16.13648897,17.89346085,19.55647601,21.01825857,22.13663254,22.71439943,22.46395437,20.94488681,17.45906782,10.92110072,0.026250835
2.88176332,11.98913759,11.71355787,11.44146568,11.17352211,10.90842069,10.64670762,10.38839511,10.13350858,9.882074234,9.634119142,9.389671324,9.148759874,8.911415111,8.677668749,8.447554119,8.221106428,7.99836309,7.779364119,7.56415263,7.352775442,7.145283843,6.941734527,6.742190773,6.546723916,6.355415195,6.168358079,5.98566121,5.807452128,5.63388202,5.465131782,5.301419798,5.143011946,4.990234549,4.843491167,4.70328449,4.570244958,4.445168321,4.329065059,4.223225533,4.129305949,4.049441637,3.98639578,3.943753191,3.9261694,3.939683782,3.992099069,4.093414107,4.256265949,4.496285159,4.83219394,5.285396988,5.878778438,6.634503727,7.570895029,8.698850871,10.01859085,11.51745131,13.16897749,14.93291218,16.75521405,18.56706936,20.28181797,21.78850143,22.94003256,23.53237019,23.26789563,21.69082122,18.07857755,11.30764741,0.027178873
2.876121406,12.48905435,12.20441168,11.92342892,11.64680063,11.37315437,11.10306247,10.8365366,10.57360227,10.31428571,10.05861395,9.806614947,9.55831768,9.313752288,9.072950254,8.835944608,8.602770195,8.373463993,8.14806551,7.92661728,7.709165469,7.49576064,7.286458699,7.08132208,6.880421233,6.683836498,6.491660462,6.304000949,6.120984817,5.942762794,5.769515668,5.601462233,5.438869535,5.28206613,5.131459303,4.987557534,4.850999892,4.722594643,4.603370088,4.494641626,4.398100307,4.315929596,4.250958779,4.206862962,4.188420329,4.201835774,4.255133487,4.358605113,4.525268363,4.77123706,5.115826679,5.581136888,6.190814182,6.96778536,7.931030883,9.091882778,10.4506537,11.99434866,13.69571581,15.51322522,17.39108121,19.25819652,21.02501188,22.57682279,23.76154358,24.36816573,24.08887119,22.45220632,18.71069598,11.70196524,0.028125457
2.870479492,13.00674909,12.7129947,12.42307835,12.13772923,11.85550661,11.57700973,11.30224965,11.03125182,10.76404237,10.50064822,10.2410971,9.985417744,9.733639955,9.485794817,9.241914884,9.002034444,8.766189828,8.534419812,8.306766098,8.083273932,7.863992855,7.648977665,7.4382896,7.231997846,7.030181421,6.832931574,6.640354812,6.452576756,6.269747073,6.09204578,5.919691357,5.752951219,5.592155278,5.437713588,5.29013937,5.15007918,5.018352563,4.896004301,4.784373407,4.685184274,4.600666953,4.533715287,4.488093206,4.468700278,4.481906028,4.535955841,4.641434868,4.811743611,5.063483214,5.416568967,5.893804915,6.519612214,7.317693629,8.307703412,9.501421349,10.89926364,12.48790837,14.23930313,16.11063304,18.04432621,19.96698953,21.78611969,23.38320508,24.60107673,25.22163766,24.92668975,23.2288315,19.35522746,12.10392328,0.029090262
2.864837577,13.54272331,13.23983383,12.94096613,12.64688518,12.35607971,12.0691766,11.78618615,11.50713367,11.23204508,10.96094699,10.69386681,10.43083284,10.17187439,9.917021969,9.666307445,9.419764333,9.17742809,8.939336501,8.705530168,8.476053111,8.250953531,8.030284759,7.814106454,7.602486111,7.395500973,7.19324044,6.995809149,6.803330884,6.615953583,6.433855761,6.257254784,6.086417554,5.921674375,5.763437005,5.612222243,5.468682862,5.333648296,5.208178311,5.093633917,4.991771129,4.904864793,4.835871479,4.788642152,4.768196127,4.781066245,4.835718352,4.943031288,5.116789903,5.37408613,5.73544102,6.22437187,6.866086407,7.685077794,8.70168971,9.928164434,11.36503306,12.9986523,14.80016722,16.72546729,18.7151843,20.69358883,22.56519082,24.20761271,25.45852051,26.09261141,25.78113178,24.02045818,20.01195196,12.51337487,0.030072925
2.859195663,14.09748763,13.78546764,13.47765863,13.17486249,12.87549513,12.5802118,12.28902195,12.00195056,11.7190232,11.44026606,11.16570604,10.89537084,10.62928908,10.36749048,10.11000602,9.856868203,9.608111344,9.363771965,9.123889259,8.888505697,8.657667777,8.431426976,8.209840949,7.992975038,7.780904199,7.573715437,7.371510909,7.174411895,6.982563876,6.796143065,6.615364831,6.440494596,6.271861991,6.109879307,5.955065637,5.808078558,5.669755857,5.541170602,5.423703985,5.319141703,5.229801341,5.158700067,5.109773753,5.088159434,5.100551514,5.15563506,5.264582235,5.441563184,5.704163466,6.073515216,6.573857295,7.23119549,8.07082761,9.113802523,10.37284026,11.84859904,13.52712101,15.37874825,17.3580656,19.40389034,21.43812825,23.36226205,25.04999204,26.33374061,26.98088593,26.6519492,24.82681943,20.68062476,12.93015746,0.031073044
2.853553749,14.67156167,14.3504464,14.03373658,13.72227205,13.41439377,13.11078606,12.81145729,12.51643203,12.22573533,11.93939278,11.65743059,11.37987565,11.10675572,10.83809948,10.57393678,10.31429884,10.05921856,9.80873089,9.562873282,9.321686294,9.085214329,8.853506583,8.626618239,8.404611982,8.187559926,7.97554607,7.768669433,7.567048061,7.370824181,7.180170825,6.995300402,6.816475792,6.644024783,6.478358918,6.319998167,6.169603359,6.028018925,5.896329376,5.775934063,5.668646179,5.576823719,5.503542014,5.452819353,5.429908056,5.441661869,5.496983324,5.607336942,5.787278485,6.054889306,6.431917285,6.943330567,7.615944046,8.47587422,9.544891054,10.83620811,12.35062393,14.07387423,15.9754992,18.00877194,20.110679,22.2007351,24.1773576,25.91027131,27.22657981,27.88623356,27.53886521,25.6476198,21.36097629,13.35409249,0.03209018
2.847911835,15.26547398,14.93533207,14.60979509,14.28974187,13.97343631,13.6615924,13.35421734,13.05133506,12.75296994,12.45914677,12.16989087,11.88522814,11.60518519,11.32978946,11.05906937,10.7930546,10.53177631,10.27526752,10.0235636,9.776702785,9.53472696,9.297682572,9.065621822,8.838604182,8.616698321,8.399984572,8.188558086,7.982532886,7.78204707,7.587269536,7.398408679,7.215723676,7.0395392,6.870264635,6.708419279,6.554665507,6.409852519,6.275074212,6.151745849,6.041705687,5.947349516,5.871808064,5.819179171,5.794827582,5.805763676,5.861105133,5.97260727,6.155211109,6.427495269,6.81182734,7.333911851,8.021383377,8.901190943,9.995841654,11.31905896,12.8717959,14.63949126,16.5908862,18.67793689,20.83578501,22.98153027,25.01048918,26.78836063,28.1368579,28.80839992,28.44157414,26.48253518,22.05271196,13.78498528,0.033123851
2.842269921,15.8797618,15.54069821,15.20644373,14.87791716,14.55330333,14.23334652,13.91805251,13.60744446,13.30154585,13.00038049,12.70397258,12.4123468,12.12552835,11.84354314,11.56641791,11.29418042,11.02685979,10.76448675,10.50709416,10.25471752,10.00739571,9.76517193,9.528094842,9.296220099,9.069612266,8.84834729,8.632515668,8.422226533,8.21761291,8.018838518,7.826106593,7.639671351,7.459852955,7.287057096,7.121800711,6.964745852,6.816744433,6.678897477,6.552633682,6.439813672,6.342868117,6.264980034,6.210323557,6.184372541,6.194290782,6.24940822,6.361768753,6.546697615,6.823271427,7.214480732,7.746772883,8.448612223,9.347793915,10.4675784,11.82221596,13.41282933,15.22457139,17.22538887,19.36591786,21.57944331,23.78062843,25.86165607,27.68415202,29.06437172,29.7471039,29.3597414,27.33121267,22.75551212,14.22262496,0.034173539
2.836628006,16.51497094,16.16712987,15.82430647,15.48746037,15.15469552,14.82678691,14.50373875,14.18557321,13.87231268,13.56397975,13.26059726,12.96218838,12.66877667,12.38038619,12.09704166,11.81876862,11.54559372,11.27754503,11.01465245,10.75694828,10.5044679,10.25725069,10.01534117,9.778790516,9.547658482,9.322015841,9.101947583,8.887557012,8.678971052,8.476347115,8.279882033,8.08982369,7.90648623,7.730269985,7.561687686,7.40139903,7.250256401,7.109365473,6.980165663,6.864536988,6.764941771,6.684611846,6.627793981,6.600067356,6.608745432,6.663366916,6.77626141,6.96313658,7.243567016,7.6411687,8.183137568,8.8987773,9.816742576,10.96106352,12.3465348,13.97446521,15.82973418,17.87950054,20.07307932,22.34188926,24.59813813,26.73084526,28.59751952,30.0088952,30.70203766,30.2930035,28.19327069,23.46903201,14.66678451,0.035238684
2.830986092,17.17165546,16.81522344,16.46402156,16.11905121,15.77833361,15.44267498,15.11207768,14.78656271,14.46615111,14.15086401,13.84072262,13.53574834,13.23596274,12.94138774,12.65204566,12.36795946,12.08915294,11.81565102,11.54748021,11.28466906,11.02724891,10.77525471,10.52872621,10.28770938,10.05225839,9.822437981,9.598326722,9.380021073,9.167640739,8.961335603,8.761294749,8.567758246,8.381032582,8.201510923,8.029699796,7.866254334,7.71202495,7.56811927,7.435984465,7.317516682,7.215206344,7.13233026,7.073203733,7.043507003,7.050698887,7.104522744,7.217590295,7.405989103,7.689790901,8.093238801,8.644282367,9.373073653,10.30913999,11.4772977,12.89290404,14.55747131,16.45561965,18.55372847,20.79979298,23.12335877,25.43416197,27.61803158,29.52831935,30.97017952,31.67286681,31.24096818,29.06829897,24.19290188,15.11722075,0.036318688
2.825344178,17.85037744,17.48558635,17.12624141,16.77338643,16.42495839,16.08179503,15.74389665,15.41128282,15.08397298,14.76198654,14.44534279,14.13406101,13.82816051,13.52766066,13.23258105,12.9429416,12.65876282,12.38006604,12.10687384,11.83921048,11.57710265,11.32058022,11.06967744,10.82443434,10.58489864,10.35112816,10.12319403,9.901184767,9.685211665,9.475415755,9.271976918,9.075125809,8.885159492,8.702462011,8.527531531,8.361016229,8.203761897,8.056875193,7.9218078,7.800468442,7.695371743,7.609835258,7.548238286,7.516357351,7.521791739,7.57448469,7.687325743,7.876779028,8.163411768,8.572095073,9.131536442,9.872744778,10.82613295,12.01732015,13.46224511,15.16264234,17.10288842,19.24859394,21.54643797,23.9240885,26.28879679,28.52317791,30.47639008,31.94795329,32.6592306,32.20321463,29.95585881,24.92672715,15.5736745,0.037412913
2.819702264,18.55170657,18.17883684,17.81163224,17.45117967,17.09533047,16.74495409,16.40004858,16.06063176,15.72672125,15.39833439,15.07548825,14.7581997,14.44648535,14.14036169,13.83984512,13.54495212,13.25569941,12.97210421,12.6941846,12.42195999,12.15545173,11.89468394,11.63968459,11.39048694,11.14713134,10.90966773,10.67815869,10.45268365,10.23334418,10.02027103,9.813633325,9.613650578,9.420608523,9.234879979,9.056952416,8.887464474,8.727254466,8.577424906,8.439428488,8.315182644,8.207221948,8.118900066,8.054655295,8.020355134,8.02373386,8.074929146,8.187103292,8.377092851,8.665958019,9.079197925,9.646281541,10.39908252,11.36891188,12.58220857,14.05551235,15.79079985,17.77222169,19.96463233,22.31340082,24.74431597,27.16213381,29.44623538,31.44155288,32.94192285,33.66074221,33.17929373,30.85548337,25.67008859,16.03587065,0.038520683
2.81406035,19.27621982,18.89560353,18.52087378,18.15316111,17.79022994,17.43298165,17.08141168,16.73553589,16.39536972,16.06092815,15.73222569,15.4092764,15.09209383,14.78069116,14.47508116,14.17527636,13.8812892,13.59313222,13.31081842,13.03436168,12.76377733,12.49908296,12.24029946,11.9874524,11.74057384,11.49970471,11.26489794,11.03622256,10.81376903,10.59765633,10.38804111,10.1851299,9.989195053,9.800595902,9.619806713,9.447453812,9.284364947,9.131635071,8.990714099,8.863523979,8.75261462,8.661370745,8.594284171,8.557307525,8.558303968,8.607599464,8.718623238,8.908579275,9.199017339,9.616063718,10.1899516,10.95342669,11.93871051,13.17307881,14.6736927,16.44279213,18.46432115,20.70239306,23.10107559,25.58427961,28.05425884,30.38714357,32.4236118,33.9517726,34.67698912,34.16872849,31.76667796,26.42254269,16.50351841,0.039641284
2.808418435,20.02450091,19.636525,19.25465882,18.88007697,18.51045597,18.14672912,17.788889,17.43694918,17.09092258,16.75082148,16.41665745,16.08844134,15.76618324,15.44989254,15.13957791,14.83524742,14.53690864,14.24456885,13.95823532,13.6779157,13.40361854,13.13535411,12.87313531,12.61697907,12.36690809,12.12295319,11.88515638,11.65357493,11.42828674,11.20939731,10.99704906,10.79143354,10.59280752,10.40151443,10.21801264,10.04291317,9.877029893,9.721446524,9.577606116,9.447430608,9.33348025,9.239165336,9.16902523,9.129091275,9.127348771,9.174305107,9.283649798,9.472948391,9.764235901,10.184264,10.76403202,11.5371644,12.53680526,13.79108437,15.31780525,17.1194938,19.17990868,21.4624394,23.90986377,26.4442189,28.96525235,31.34583081,33.42235416,34.97716541,35.70753358,35.17101452,32.68892061,27.18362204,16.97631155,0.040773962
2.802776521,20.7971398,20.40224917,20.01369257,19.63268894,19.25682614,18.88706929,18.52340779,18.16585255,17.81441368,17.46910035,17.12992078,16.7968822,16.46999078,16.14925161,15.83466875,15.52624525,15.22398322,14.92788402,14.63794849,14.3541773,14.07657145,13.80513295,13.53986582,13.28077728,13.02787958,12.78119218,12.54074485,12.30658167,12.07876633,11.85738914,11.64257636,11.43450241,11.23340616,11.03961251,10.85356106,10.67584434,10.50725878,10.34887293,10.20211859,10.06891281,9.951820801,9.854272498,9.780848332,9.737651365,9.732781637,9.776920348,9.884009836,10.07197045,10.36331718,10.7854244,11.37005863,12.15172912,13.16451437,14.43741561,15.98890066,17.82180528,19.919726,22.24534827,24.74017414,27.3243743,29.89518972,32.32221442,34.43755084,36.01774308,36.75191315,36.18562061,33.62166256,27.9528358,17.45392868,0.041917929
2.797134607,21.59473211,21.19343273,20.79869203,20.41177344,20.03017567,19.65489542,19.28591854,18.92325298,18.56690559,18.21688206,17.87318683,17.53582303,17.20479239,16.88009525,16.56173044,16.2496954,15.94398615,15.64459742,15.35152289,15.06475543,14.78428761,14.51011229,14.24222353,13.98061781,13.72529568,13.47626396,13.23353876,12.99714939,12.76714364,12.54359478,12.32661082,12.11634679,11.91302115,11.7169375,11.52851361,11.34832008,11.17713213,11.01599889,10.86633621,10.73005106,10.6097078,10.50874962,10.43179101,10.38499916,10.37658078,10.41738249,10.52159114,10.70747418,10.99802037,11.42122307,12.00961624,12.79859933,13.82319671,15.11329874,16.68806018,18.55065208,20.68453409,23.05170979,25.5924226,28.22498726,30.84414129,33.316201,35.46895679,37.07312689,37.80964132,37.21198938,34.56432898,28.72967031,17.93603367,0.043072358
2.791492693,22.41787842,22.01074033,21.61038513,21.21812075,20.83135648,20.45112024,20.077394,19.7101823,19.34948837,18.99531394,18.64765922,18.30652276,17.97190133,17.64378989,17.32218152,17.00706736,16.69843663,16.39627673,16.10057336,15.81131076,15.52847211,15.25204012,14.98199782,14.71832976,14.46102352,14.2100719,13.96547581,13.72724815,13.495419,13.27004258,13.05120644,12.83904386,12.63375017,12.43560474,12.24500021,12.06248163,11.88879896,11.72497739,11.57241182,11.43299353,11.30927985,11.20472035,11.12395603,11.07321002,11.06078689,11.09768955,11.19834017,11.38134467,11.67015831,12.0933888,12.68433687,13.47929687,14.51425029,15.81999445,17.41639457,19.30698387,21.47511243,23.88212684,26.46703185,29.14630013,31.81217253,34.32768673,36.51631146,38.14291822,38.88020825,38.24953811,35.51631969,29.51358971,18.42227602,0.044236388
2.785850778,23.2671835,22.85484376,22.4495098,22.05253389,21.661236,21.2766747,20.8988277,20.52769575,20.16327796,19.80557168,19.45457237,19.11027344,18.77266617,18.44173955,18.11748022,17.79987234,17.48889764,17.18453534,16.88676233,16.59555328,16.31088103,16.03271705,15.7610322,15.49579783,15.23698719,14.9845776,14.73855314,14.49890854,14.26565424,14.03882327,13.81848044,13.60473465,13.3977553,13.19779439,13.00521593,12.82053556,12.64447365,12.47802668,12.32256324,12.17995296,12.05273952,11.9443715,11.85950835,11.80442028,11.78750024,11.81989747,11.91625936,12.09552069,12.38159497,12.8036986,13.39589748,14.19538493,15.2391104,16.55879631,18.17504268,20.0917733,22.29225817,24.73721431,27.36443099,30.08855599,32.79934405,35.35655768,37.57933929,39.22669922,39.96308153,39.29765956,36.47701006,30.30403673,18.91229135,0.045409124
2.780208864,24.14325553,23.72642095,23.31681285,22.91582745,22.52069581,22.13250647,21.75123245,21.37687025,21.00941442,20.6488574,20.29518936,19.94839805,19.6084686,19.2753834,18.94912196,18.62966076,18.31697319,18.01102949,17.71179681,17.41923931,17.13331839,16.85399317,16.58122111,16.31495902,16.0551644,15.80179747,15.55482381,15.31421809,15.07996906,14.85208633,14.63060947,14.41562028,14.20725925,14.00574763,13.81141714,13.62474989,13.44643209,13.27742642,13.11906946,12.97320286,12.84234955,12.72994935,12.64067144,12.58082366,12.55887714,12.58611662,12.67740374,12.85199152,13.13424245,13.55397489,14.14601738,14.94846555,15.99924743,17.33102881,18.96516977,20.90601463,23.13678493,25.6175984,28.28505501,31.05199842,33.80571174,36.4026901,38.65775028,40.32403355,41.05770713,40.35572297,37.44575198,31.10043353,19.40570197,0.04658964
2.77456695,25.0467051,24.62615491,24.2130487,23.80882613,23.41063008,23.0195782,22.63563838,22.25880238,21.88905969,21.5263973,21.17079954,20.82224784,20.48072059,20.14619289,19.81863636,19.49801902,19.18430509,18.87745494,18.57742501,18.28416789,17.99763245,17.71776425,17.44450604,17.17779867,16.91758237,16.66379859,16.4163926,16.17531701,15.94053673,15.71203555,15.48982519,15.27395749,15.0645408,14.86176213,14.66591698,14.47744957,14.29700713,14.12551312,13.96426607,13.81507295,13.68042844,13.56375519,13.46972295,13.40466705,13.37712578,13.39850782,13.48387711,13.65279328,13.93005743,14.34608212,14.93645506,15.74017683,16.79616427,18.1380451,19.78796554,21.75072206,24.00952161,26.52391558,29.22934417,32.03687124,34.83132674,37.46595079,39.75124058,41.43446717,42.16351033,41.42307515,38.42187494,31.90218261,19.90211745,0.047776975
2.768925036,25.97814423,25.55473245,25.13897796,24.73236314,24.33194376,23.93886554,23.55309078,23.17460599,22.80339506,22.43943896,22.08271555,21.73319935,21.39086127,21.05566839,20.7275837,20.4065659,20.09256918,19.78554304,19.48543221,19.19217661,18.9057114,18.62596729,18.35287095,18.08634578,17.8263131,17.57269386,17.32541105,17.08439317,16.84957897,16.62092391,16.39840911,16.18205338,15.97192957,15.76818672,15.57107998,15.38101111,15.1985832,15.02467479,14.86054,14.70794396,14.56934516,14.44814025,14.34898969,14.2782455,14.24450147,14.25927767,14.33782749,14.50000453,14.77103704,15.18192295,15.76900466,16.57218961,17.63139335,18.98122431,20.6446419,22.62692785,24.91131076,27.4568115,30.19774327,33.04341812,35.87623543,38.54619736,40.85949307,42.55752923,43.27989678,42.49904162,39.40468718,32.70866788,20.40113531,0.048970142
2.763283122,26.93818527,26.51284292,26.0953659,25.68727839,25.28555053,24.89135488,24.50464763,24.12540954,23.75361829,23.38924823,23.03227013,22.68265087,22.34035319,22.00533536,21.67755092,21.35694836,21.04347089,20.73705615,20.43763608,20.14513675,19.85947837,19.58057543,19.30833707,19.04266767,18.78346792,18.5306364,18.28407183,18.04367635,17.80936013,17.58104768,17.35868656,17.14225936,16.93179989,16.72741529,16.52931601,16.33785646,16.15359023,15.97734489,15.81032344,15.65424161,15.51151331,15.38549981,15.28084185,15.20389668,15.16330109,15.17067322,15.24144205,15.39574145,15.65921426,16.06343384,16.64549185,17.4462037,18.50649326,19.86196863,21.53643033,23.5356802,25.84300695,28.4169397,31.19070074,34.07188213,36.94047941,39.64327857,41.98217802,43.69273298,44.40625369,43.58292792,40.39347702,33.51925575,20.90234168,0.050168124
2.757641207,27.92743968,27.50117664,27.08298062,26.67441647,26.27237054,25.8780408,25.49137683,25.11235305,24.74094032,24.37710575,24.02081229,23.67201851,23.33067817,22.99673993,22.67014699,22.35083672,22.03874033,21.73378255,21.43588137,21.14494779,20.86088575,20.58359211,20.31295691,20.04886387,19.79119125,19.53981327,19.29460225,19.05543167,18.82218055,18.59473965,18.37301994,18.15696438,17.946564,17.74187991,17.54307327,17.35044607,17.1644967,16.98599541,16.81608697,16.6564298,16.50938434,16.37826655,16.26768649,16.18399446,16.13585695,16.13497599,16.1969413,16.34215227,16.59665266,16.99258018,17.5677693,18.36394376,19.42304496,20.78169989,22.46457901,24.47804074,26.80547478,29.40496012,32.20866771,35.12250522,38.02409536,40.75703465,43.11895379,44.83957677,45.541951,44.67402095,41.3875142,34.33329636,21.40531216,0.051369879
2.751999293,28.94651671,28.52042332,28.10259118,27.6946244,27.29332786,26.89992326,26.51435307,26.13658472,25.76658164,25.40430299,25.04970321,24.70273176,24.36333263,24.031444,23.7069978,23.38991929,23.08012666,22.77753059,22.4820339,22.19353125,21.91190889,21.63704456,21.36880761,21.1070593,20.85165359,20.60243828,20.35925705,20.12195225,19.89036911,19.66436167,19.4438011,19.22858717,19.01866423,18.81404303,18.6148306,18.42127115,18.2338019,18.05312914,17.88033193,17.71700303,17.56544006,17.42890325,17.31196033,17.22094183,17.16452989,17.15449528,17.20657271,17.34141117,17.58544056,17.97135077,18.53771155,19.32715457,20.38264758,21.74185586,23.43034958,25.45508189,27.79958667,30.42153745,33.25209683,36.19552757,39.12711493,41.8872976,44.26946752,45.99754512,46.68634274,45.77159047,42.38605142,35.15012489,21.90961259,0.052574339
2.746357379,29.99602204,29.57127033,29.15496544,28.74874923,28.3493477,27.95800451,27.5746544,27.19925719,26.83176822,26.47213794,26.12031155,25.77622857,25.43982239,25.11101977,24.78974043,24.47589647,24.16939194,23.87012228,23.57797392,23.29282378,23.01453897,22.74297655,22.47798344,22.21939664,21.96704379,21.72074413,21.48031033,21.24555105,21.01627493,20.79229621,20.57344286,20.35956779,20.15056453,19.9463889,19.74708879,19.55284501,19.36402735,19.18127113,19.00558187,18.83847794,18.68218432,18.53989452,18.41612172,18.3171631,18.25170164,18.23156084,18.27260354,18.39571147,18.62768466,19.00175181,19.55720945,20.33759591,21.38691375,22.74388613,24.4350136,26.46788383,28.82622049,31.46733931,34.32144102,37.2911869,40.24956454,43.03389147,45.43335585,47.16610978,47.83876841,46.87489067,43.38832588,35.96906296,22.41480001,0.053780416
2.740715465,31.07655623,30.65440075,30.24086786,29.83763533,29.44135341,29.05328566,28.6733585,28.30152348,27.93772707,27.58191033,27.23400838,26.89394998,26.56165697,26.23704378,25.92001687,25.61047411,25.30830424,25.01338624,24.72558878,24.44476965,24.17077527,23.90344036,23.64258765,23.38802796,23.13956048,22.89697368,22.66004672,22.42855189,22.20225829,21.98093718,21.76436978,21.55235823,21.34474096,21.14141411,20.94236115,20.74769361,20.55770729,20.37295925,20.19437328,20.02338415,19.86213391,19.71373788,19.5826418,19.47509529,19.39976648,19.36851472,19.39731318,19.50725824,19.72550293,20.08580029,20.62816398,21.39703695,22.43746456,23.78924762,25.47984862,27.51753124,29.88625692,32.54303422,35.41715208,38.40971766,41.39146514,44.19663267,46.61024571,48.34473091,48.99855443,47.98316181,44.39356099,36.78942009,22.92042356,0.054987003
2.735073551,32.18871317,31.77049137,31.36105694,30.96212155,30.57026316,30.18676302,29.8115386,29.44453244,29.08568145,28.73491645,28.39216166,28.05733417,27.73034337,27.41109033,27.09946717,26.79535641,26.49863025,26.20914993,25.92676495,25.65131248,25.38261666,25.12048812,24.86472356,24.61510557,24.37140277,24.13337043,23.90075167,23.67327959,23.45068069,23.23267988,23.01900795,22.8094122,22.60367149,22.40161731,22.20316318,22.00834524,21.81737848,21.63073401,21.44924537,21.27425413,21.10780865,20.95293398,20.813995,20.69717879,20.6111222,20.56770259,20.58298464,20.67826022,20.88101709,21.22551688,21.75247968,22.50725015,23.53592403,24.87939969,26.56613401,28.60510973,30.98057651,33.64928941,36.53967911,39.55135014,42.55283194,45.37533025,47.79975508,49.53285834,50.16501573,49.09563198,45.40096819,37.61049531,23.42602552,0.056192975
2.729431636,33.33307835,32.92021051,32.51628266,32.1230381,31.73698642,31.35942413,30.99025907,30.62942405,30.2768456,29.9324435,29.59613019,29.26781016,28.94737933,28.63472439,28.329722,28.03223813,27.7421272,27.45923129,27.18337934,26.9143863,26.65205238,26.39616231,26.14648481,25.90277215,25.6647601,25.43216827,25.20470104,24.98204943,24.7638941,24.54991015,24.33977407,24.13317411,23.92982486,23.72948801,23.5320014,23.33731939,23.14556901,22.95712748,22.77272916,22.59361239,22.42172064,22.25997609,22.11264868,21.9858473,21.88816026,21.83146421,21.83189549,21.9109212,22.0963443,22.42291814,22.93205742,23.6700047,24.68391321,26.01579892,27.69514633,29.73170204,32.11005664,34.78676841,37.68946692,40.71630945,43.73367403,46.56978615,49.00149381,50.72993275,51.33745734,50.21151898,46.40974878,38.43157879,23.9311424,0.057397191
2.723789722,34.51022706,34.10421572,33.70728364,33.32120327,32.9424202,32.5722435,32.21057074,31.85732418,31.5124192,31.17576363,30.84725722,30.5267909,30.21424611,29.90949402,29.6123947,29.3227963,29.04053415,28.76542977,28.49729,28.23590597,27.98105219,27.73248564,27.48994501,27.25315009,27.02180142,26.79558038,26.57414984,26.35715566,26.1442294,25.93499263,25.72906362,25.52606713,25.32564864,25.12749467,24.93136138,24.73711473,24.54478639,24.3546514,24.16733563,23.98396381,23.80636281,23.6373388,23.48105209,23.34351703,23.23325534,23.16212335,23.14630816,23.2074307,23.37358844,23.68000835,24.1687868,24.88705952,25.88304385,27.19989347,28.86815456,30.89838391,33.27556816,35.95612852,38.86695413,41.90481451,44.93399407,47.77979546,50.21506446,51.93538709,52.51517612,51.33003221,47.41909593,39.25195361,24.43530601,0.0585985
2.718147808,35.72072257,35.32315136,34.93478418,34.55741996,34.187445,33.82617811,33.47350584,33.12933915,32.79358135,32.46612747,32.14686358,31.83566606,31.53240077,31.23692224,30.94907274,30.66868132,30.3955628,30.12951672,29.87032622,29.61775691,29.37155581,29.13145019,28.89714663,28.66833014,28.44466359,28.22578746,28.01132022,27.80085941,27.59398404,27.3902584,27.18923835,26.99048061,26.79355654,26.59807188,26.40369495,26.2101964,26.01750484,25.82578456,25.63554327,25.44778128,25.26419667,25.08746598,24.92162459,24.77257523,24.64875422,24.56197699,24.52845952,24.56995408,24.71483074,24.99877073,25.46453799,26.16015579,27.13491166,28.4331171,30.08641484,32.10621973,34.47797187,37.15801809,40.07257131,43.11707682,46.15378779,49.00514669,51.44006311,53.14864788,53.69746252,52.45037474,48.42819672,40.07089755,24.93804468,0.059795742
2.712505894,36.96511411,36.57764602,36.19949115,35.83247196,35.47292062,35.12216262,34.78007279,34.4465499,34.12148433,33.80475736,33.49624041,33.19579423,32.90326801,32.61849845,32.34130875,32.07150752,31.80888768,31.55322522,31.30427795,31.06178426,30.82546175,30.59500597,30.37008922,30.15035938,29.9354391,29.72492522,29.51838878,29.31537576,29.11540901,28.91799167,28.72261289,28.52875664,28.3359149,28.14360689,27.95140668,27.75898245,27.56615183,27.37295939,27.17978473,26.98749249,26.79763936,26.61275807,26.43674316,26.27536803,26.13696391,26.03328392,25.98055004,26.00062217,26.1221199,26.38115816,26.82115315,27.49100911,28.44108921,29.71688293,31.35116507,33.35625791,35.71811474,38.39307358,41.30673891,44.35329928,47.39304356,50.24562197,52.67608032,54.36913664,54.8836024,53.57174536,49.43623435,40.88768504,25.4388845,0.06098775
2.706863979,38.24393481,37.86830987,37.50209067,37.14712009,36.79968168,36.4611044,36.13125055,35.81000589,35.49724693,35.19284023,34.89664153,34.60849486,34.32823159,34.05566936,33.79061101,33.53284333,33.28213583,33.03823939,32.80088483,32.56978145,32.34461553,32.12504883,31.91071706,31.70122859,31.4961632,31.29507123,31.0974732,30.90286016,30.71069512,30.520416,30.33144083,30.14317594,29.95502855,29.76642538,29.57683964,29.38582968,29.19309388,28.99854791,28.80243291,28.60546622,28.40905009,28.21555874,28.02872938,27.85418766,27.70013932,27.57825283,27.5047322,27.50152026,27.59746175,27.82908345,28.24043741,28.8813012,29.80311847,31.05257676,32.66361912,34.64952608,36.99682597,39.66191658,42.56986509,45.61367483,48.65174187,51.50099733,53.92270192,55.59627137,56.07287897,54.6933408,50.44239029,41.70158908,25.93735052,0.062173356
2.701222065,39.55769966,39.19573192,38.84324477,38.50209821,38.16853303,37.84387826,37.5279829,37.22071876,36.92194756,36.63152013,36.34927545,36.07503974,35.80862534,35.54982957,35.29843356,35.05420085,34.81687602,34.58618322,34.36182451,34.14347826,33.93079743,33.72340779,33.52090621,33.32285898,33.12880033,32.93823115,32.75061826,32.56539427,32.38195857,32.19967971,32.0179,31.83594311,31.65312596,31.46877662,31.28226058,31.09301877,30.90062184,30.70484703,30.50578635,30.30399787,30.10071587,29.89814087,29.69983571,29.51125917,29.34047032,29.19902974,29.1030986,29.07467669,29.1428084,29.34440927,29.72414948,30.33267129,31.22250304,32.44155021,34.02496088,35.98702599,38.31491294,40.96515059,43.86234345,46.8983851,49.92985477,52.77104288,55.17951002,56.82946808,57.26457474,55.814358,51.44584665,42.5118833,26.43296816,0.06335139
2.695580151,40.90690322,40.56047711,40.22358783,39.89810903,39.58024494,39.27132108,38.97117235,38.67965569,38.39661705,38.12189047,37.85529713,37.59664422,37.34572386,37.10231175,36.8661659,36.63702515,36.41460759,36.19860893,35.98870071,35.78452843,35.58570967,35.391832,35.20245104,35.01708846,34.83523013,34.65632447,34.47978131,34.30497125,34.13122613,33.95784086,33.78407733,33.60917138,33.43234391,33.252818,33.06984442,32.88273885,32.69093544,32.49406323,32.29205412,32.0852945,31.87483679,31.66269212,31.45223131,31.24872656,31.06006829,30.89768512,30.77766944,30.722051,30.76004705,30.92893754,31.27399184,31.8467072,32.70070004,33.88511355,35.43633804,37.36972831,39.67315687,42.30335774,45.18455074,48.20759899,51.22734532,54.05552305,56.4460839,58.06814228,58.45797356,56.93399637,52.44578856,43.31784411,26.92526449,0.064520686
2.689938237,42.29201749,41.96308341,41.64372298,41.33581984,41.03554814,40.74422621,40.461674,40.18773263,39.92223126,39.66498611,39.41579938,39.17445812,38.9407329,38.7143765,38.4951224,38.28268319,38.07674888,37.87698502,37.68303078,37.49449684,37.31096325,37.13197715,36.95705043,36.7856575,36.61723299,36.45116978,36.28681731,36.12348052,35.96041968,35.79685166,35.63195313,35.46486676,35.29471157,35.12059918,34.9416584,34.75707162,34.56612753,34.3682969,34.16334019,33.95145942,33.73351081,33.51129994,33.28798744,33.06863853,32.8609523,32.67620047,32.53037972,32.44552165,32.45098839,32.58439864,32.89160075,33.4249361,34.23911185,35.38452833,36.89885569,38.79856718,41.07230845,43.6770954,46.53684434,49.54147113,52.544167,55.35419686,57.72200101,59.31171065,59.65236268,58.05146026,53.44140659,44.11875281,27.4137697,0.065680086
2.684296323,43.71348953,43.40405881,43.10421839,42.81585811,42.53512883,42.26333779,42.00028919,41.74580732,41.49970353,41.26177513,41.03180422,40.80955643,40.59477956,40.38720205,40.18653141,39.99245246,39.80462544,39.62268401,39.44623305,39.27484644,39.10806452,38.94539165,38.78629352,38.63019454,38.47647521,38.32446966,38.17346351,38.02269225,37.87134051,37.71854259,37.56338502,37.40491188,37.24213429,37.07404574,36.89964571,36.71797506,36.5281678,36.32952612,36.12162744,35.90447637,35.67871817,35.44593628,35.20906243,34.97293385,34.74503493,34.53645463,34.3630661,34.24687355,34.21735478,34.31244027,34.57853587,35.06881507,35.83907755,36.94099979,38.41356975,40.27443474,42.51308335,45.08689266,47.91955986,50.90014041,53.88026307,56.6668181,59.00683794,60.55959262,60.84703494,59.16596138,54.43189932,44.91389785,27.89801847,0.066828442
2.678654408,45.1717392,44.88387829,44.60560353,44.33880709,44.07962349,43.82934495,43.58775902,43.35467219,43.12987695,42.91315058,42.70425389,42.50292989,42.30890224,42.12187368,41.94152426,41.76750943,41.599458,41.43696992,41.2796139,41.12692489,40.97840138,40.83350253,40.69164529,40.5522013,40.41449394,40.27779534,40.14132378,40.00424149,39.86565324,39.72460619,39.58009165,39.43104957,39.27637704,39.11494263,38.94560894,38.76726684,38.5788863,38.37959031,38.16876141,37.94619341,37.71230552,37.468442,37.21728645,36.96342654,36.7141078,36.48020988,36.27745353,36.12778527,36.06076815,36.11461616,36.33626982,36.77972152,37.50186424,38.55566923,39.9814803,41.7981754,43.99615761,46.53324684,49.33300859,52.28372842,55.23556599,57.99313562,60.30017146,61.81121209,62.04129092,60.27672131,55.41647587,45.70257709,28.3775515,0.067964619
2.673012494,46.66715683,46.40298071,46.14836536,45.90520127,45.66961374,45.44287595,45.2247579,45.01504729,44.81351664,44.6199221,44.43400199,44.25547541,44.08404059,43.91937312,43.76112407,43.60891792,43.46235035,43.32098575,43.1843547,43.05195116,42.92322947,42.79760122,42.67443198,42.55303782,42.43268195,42.31257121,42.19185296,42.06961223,41.94486967,41.81658064,41.68363609,41.54486618,41.39904771,41.24491741,41.08119326,40.90660761,40.7199567,40.5201736,40.30643383,40.07830668,39.8359699,39.58051111,39.31434609,39.04179076,38.76982702,38.5090978,38.2751417,38.08981615,37.9827378,37.99237459,38.16617753,38.55894338,39.22865826,40.22960616,41.60352484,43.37058026,45.52216302,48.01661985,50.77747493,53.69233792,56.60999683,59.33289358,61.60157955,63.06599913,63.23444117,61.38297405,56.39435852,46.48410012,28.85191697,0.069087502
2.66737058,48.20010081,47.96176581,47.73294457,47.51552192,47.30562117,47.10449234,46.91188702,46.72757305,46.55130194,46.38280751,46.22180442,46.06798658,45.92102539,45.78056788,45.6462346,45.51761744,45.39427717,45.27574081,45.16149882,45.05100201,44.94365832,44.83882929,44.73582648,44.63390754,44.53227239,44.43005928,44.32634096,44.22012132,44.11033255,43.99583344,43.87540938,43.74777497,43.61158038,43.46542342,43.30786966,43.13748414,42.95287961,42.75278822,42.53616609,42.30234406,42.05124265,41.78367498,41.50176887,41.20954576,40.91369851,40.62460514,40.35759144,40.1343933,39.98464814,39.94704693,40.06952557,40.40766943,41.02055638,41.96380049,43.28057149,44.99238126,47.09168245,49.53743466,52.25321388,55.12605127,58.00346461,60.68583175,62.9106425,64.32339173,64.42580855,62.48396867,57.36478542,47.25779064,29.32067207,0.070195993
2.661728666,49.77089536,49.56059106,49.35973179,49.17019261,48.98810215,48.81468316,48.64966787,48.49280325,48.34381869,48.20242454,48.06831055,47.94114414,47.82056854,47.70620072,47.59762919,47.49441159,47.39607203,47.30209827,47.21193862,47.12499864,47.04063752,46.9581643,46.87683382,46.79584243,46.71432367,46.63134374,46.54589715,46.4569026,46.36319943,46.26354506,46.15661402,46.04099951,45.91521863,45.77772313,45.62691819,45.46119267,45.27896591,45.07875793,44.85929289,44.61964898,44.35947339,44.07928658,43.7809078,43.46804083,43.1470634,42.82805972,42.52611121,42.26279875,42.06774647,41.97983612,42.04746155,42.32697945,42.878557,43.75915477,45.01341221,46.66424558,48.70524523,51.09607169,53.76044852,56.58492895,59.41586585,62.05168583,64.22694404,65.58283761,65.61473046,63.57897191,58.32701324,48.0229888,29.78338451,0.071289024
2.656086752,51.37982815,51.19976872,51.02906386,50.86957482,50.71744282,50.57385919,50.43853591,50.31119801,50.19155166,50.07928259,49.97405438,49.87550669,49.78325315,49.69687923,49.61593983,49.53995667,49.46841544,49.40076274,49.33640273,49.2746935,49.21494321,49.15640586,49.09827689,49.03968844,48.97970449,48.91731579,48.85143487,48.78089119,48.70442681,48.62069289,48.52824777,48.42555736,48.31099915,48.18287161,48.03941147,47.87882242,47.69932028,47.49920167,47.27694596,47.0313643,46.7618142,46.46850494,46.15292622,45.81844045,45.47108361,45.12061647,44.78184369,44.47615661,44.23313086,44.09180537,44.10100353,44.31783466,44.80355141,45.61647639,46.80275614,48.38676995,50.36332258,52.69286532,55.29936748,58.06900805,60.84708395,63.43018782,65.55007245,66.84379604,66.80056128,64.66727087,59.28031996,48.77905365,30.23963412,0.072365553
2.650444837,53.02714804,52.87956284,52.74122022,52.61396365,52.4939541,52.38234738,52.27883433,52.18311697,52.09487715,52.01377477,51.93944607,51.87150156,51.80952394,51.7530657,51.70164654,51.65475059,51.61182335,51.57226836,51.53544358,51.50065748,51.46716482,51.43416206,51.40078252,51.3660912,51.32907934,51.28865879,51.24365637,51.1928082,51.13475459,51.06803555,50.99108784,50.90224412,50.79973571,50.68170049,50.5461986,50.39123947,50.21482523,50.0150176,49.79003828,49.53841671,49.25920416,48.95227992,48.61878282,48.26170972,47.88672769,47.50324378,47.12575263,46.77542057,46.4817383,46.28386702,46.2310297,46.38106815,46.79631525,47.53647009,48.64922299,50.16047509,52.06632311,54.32810044,56.8701226,59.57830091,62.29698877,64.82106642,66.87962181,68.1057397,67.98267469,65.74817573,60.22400757,49.52536554,30.68901441,0.073424569
2.644802923,54.71306294,54.6001864,54.49641938,54.40358364,54.31786693,54.2403855,54.1708081,54.10881275,54.05405581,54.00617024,53.96476364,53.92941612,53.89967803,53.87506737,53.85506713,53.83912216,53.82663598,53.81696717,53.80942547,53.80326753,53.79769236,53.79183637,53.78476805,53.77548229,53.76289443,53.74583399,53.72303826,53.69314597,53.65469116,53.60609779,53.54567561,53.47161807,53.38200368,53.27480239,53.14788957,52.99907122,52.82612549,52.62686766,52.39924868,52.1415015,51.85235436,51.5313375,51.17921721,50.79860027,50.39475715,49.97671021,49.55861013,49.1613617,48.81433317,48.55677167,48.43826835,48.51737573,48.85750021,49.51973048,50.55333668,51.9858004,53.81458847,56.00200914,58.4728266,61.11279374,63.76543626,66.22404751,68.21519317,69.36815657,69.16046609,66.82102245,61.15740484,50.26132858,31.13113408,0.074465101
2.639161009,56.43773759,56.36179858,56.29481557,56.23858483,56.18932771,56.14811693,56.11459827,56.08842466,56.06922592,56.05660685,56.05014521,56.04938941,56.05385603,56.06302718,56.07634749,56.09322093,56.11300725,56.13501817,56.15851315,56.18269489,56.2067043,56.22961521,56.25042855,56.2680662,56.28136441,56.28906689,56.28981769,56.282154,56.26449913,56.23515605,56.19230205,56.13398543,56.05812523,55.96251609,55.84484037,55.70269147,55.53361322,55.33516278,55.10500722,54.84106804,54.54173356,54.20616562,53.83473608,53.4296367,52.99571322,52.5415718,52.08098436,51.63455677,51.2314961,50.91109777,50.72328815,50.72730702,50.98762594,51.566735,52.51551915,53.86309874,55.60838922,57.71476752,60.10755088,62.67244542,65.25226805,67.63885464,69.55639588,70.63055187,70.33335505,67.88517551,62.07987014,50.98637302,31.56561865,0.075486215
2.633519095,58.20129164,58.16450213,58.13649552,58.11903904,58.10839402,58.10558592,58.11023661,58.12197289,58.14039695,58.16508431,58.19558164,58.23140433,58.27203389,58.31691501,58.36545247,58.41700767,58.47089483,58.52637694,58.58266118,58.63889409,58.69415619,58.74745621,58.79772485,58.84380804,58.88445977,58.9183345,58.94397929,58.95982573,58.9641819,58.95522486,58.93099405,58.88938658,58.82815544,58.74491255,58.63713905,58.50220647,58.33741398,58.14004895,57.90748128,57.63730608,57.32755458,56.97700085,56.58560007,56.15510381,55.68990447,55.19815995,54.69322794,54.19537711,53.73361347,53.34724175,53.08648895,53.01125699,53.18707248,53.67783714,54.53608456,55.79263154,57.44792081,59.46649274,61.77432349,64.25718639,66.75731132,69.06520965,70.90284892,71.89245,71.5007877,68.94003061,62.99079413,51.69995776,31.99211198,0.076487023
2.627877181,60.00379765,60.00834093,60.02147556,60.04493636,60.07503068,60.11273308,60.15764065,60.20935306,60.26744377,60.33145787,60.40090976,60.47528054,60.55401525,60.63651977,60.72215748,60.81024558,60.90005103,60.99078621,61.08160404,61.17159277,61.25977021,61.34507754,61.42637252,61.50242224,61.5718953,61.63335352,61.68524325,61.72588638,61.75347134,61.76604438,61.76150172,61.7375833,61.69186943,61.62178199,61.52459265,61.39744188,61.23737379,61.04139425,60.80656276,60.53013292,60.20976175,59.8438159,59.43181156,58.97503457,58.47739506,57.94657013,57.39546708,56.84397819,56.32086751,55.86540865,55.52809313,55.36945803,55.45607307,55.85326008,56.61523372,57.77456418,59.33329997,61.25724023,63.47312731,65.86691768,68.28037861,70.5028333,72.25418222,73.15339653,72.66223923,69.98501744,63.88960258,52.40157267,32.41027784,0.077466682
2.622235266,61.84527935,61.89329776,61.94969887,62.01618201,62.08910609,62.16939138,62.25660929,62.35033138,62.45010131,62.55543265,62.66580632,62.78066789,62.89942462,63.02144215,63.14604096,63.27249244,63.40001459,63.52776734,63.65484739,63.78028259,63.90302578,64.02194814,64.13583187,64.24336236,64.34311973,64.43356976,64.51305442,64.5797819,64.63181658,64.66706905,64.68328694,64.67804714,64.6487507,64.59262214,64.50671548,64.38793096,64.23304728,64.03877711,63.8018563,63.51918184,63.18801932,62.80630831,62.37310346,61.8891992,61.35799414,60.78665151,60.18759153,59.58029006,58.99322715,58.46560358,58.04813757,57.80197258,57.79470748,58.09309077,58.75304909,59.80896177,61.26456127,63.08700119,65.20389834,67.50151006,69.82126784,71.95144607,73.61003812,74.41296018,73.81721627,71.01960236,64.77575901,53.090741,32.81980141,0.078424403
2.616593352,63.72571002,63.81929226,63.92103309,64.03259358,64.1503891,64.27528257,64.40681884,64.54454034,64.68795998,64.83655866,64.98978269,65.14704091,65.30770146,65.47108839,65.6364778,65.80309371,65.97010348,66.13661282,66.30166026,66.4642112,66.6231513,66.77727932,66.92529932,67.0658122,67.19730652,67.31814874,67.42657283,67.52066933,67.59837419,67.65745758,67.69551327,67.70994925,67.69798082,67.65662787,67.58271868,67.47290411,67.32368721,67.1314758,66.89266884,66.60379167,66.26170121,65.86389022,65.40892922,64.89709534,64.33124616,63.71799765,63.06924557,62.40400864,61.75043981,61.14762392,60.64646647,60.30868648,60.202896,60.39727466,60.94949012,61.89578533,63.24165413,64.95570033,66.96652433,69.1608035,71.37976243,73.41076894,74.97007287,75.67073484,74.9652594,72.04329109,65.64876746,53.76702177,33.22039081,0.07935945
2.610951438,65.64501103,65.78617917,65.93526819,66.09389855,66.25854631,66.43001419,66.60781968,66.79147516,66.98046173,67.17422661,67.37218039,67.57369396,67.77809512,67.98466497,68.19263381,68.40117677,68.60940895,68.81638006,69.02106863,69.22237558,69.41911722,69.61001758,69.79370003,69.96867823,70.13334622,70.28596791,70.42466569,70.54740858,70.65199984,70.73606455,70.79703739,70.83215171,70.83843066,70.81268233,70.75150127,70.65127995,70.50823553,70.31845946,70.07800069,69.78299787,69.42988209,69.01567958,68.53845411,67.99793949,67.39642256,66.73993829,66.03982015,65.31458817,64.59202413,63.91105249,63.32272486,62.88930309,62.6803941,62.76561092,63.2043892,64.03488837,65.26444013,66.86319401,68.7608436,70.84460662,72.95563159,74.88052434,76.33395807,76.92634163,76.10594548,73.05563133,66.50817504,54.43001196,33.61177855,0.080271146
2.605309524,67.60305054,67.79374681,67.9921148,68.19973241,68.41313984,68.63307716,68.85903369,69.09049086,69.32689699,69.56766463,69.81216756,70.05973758,70.30966096,70.56117452,70.81346141,71.0656464,71.31679073,71.56588646,71.8118503,72.05351674,72.28963063,72.51883901,72.7396821,72.95058367,73.14984035,73.3356103,73.50590091,73.65855589,73.79124166,73.90143356,73.98640216,74.0432005,74.06865328,74.05934982,74.01164297,73.92165794,73.78531598,73.59838072,73.35653807,73.05552513,72.69133004,72.26049288,71.76054799,71.19065987,70.55251473,69.85153251,69.09844615,68.31123472,67.51726378,66.75525166,66.07635317,65.54333818,65.22678785,65.19774842,65.5174482,66.22601408,67.33269083,68.80926866,70.58664412,72.55269658,74.54863069,76.3604372,77.70138235,78.17943092,77.23889016,74.05621541,67.35357458,55.07934886,33.99372296,0.081158876
2.599667609,69.5996425,69.84171588,70.09120278,70.34963709,70.61362569,70.88384396,71.15975226,71.4408002,71.72640245,72.01593589,72.30873647,72.60409583,72.90125749,73.19941284,73.49769651,73.79518151,74.09087372,74.38370593,74.67253126,74.95611593,75.23313131,75.50214523,75.76161244,76.0098642,76.24509695,76.46536004,76.66854252,76.8523591,77.01433531,77.1517923,77.26183157,77.34132033,77.38687872,77.39487035,77.3613987,77.28231296,77.15322857,76.9695701,76.72664755,76.41978172,76.04450088,75.59683939,75.07377964,74.47389078,73.79822844,73.0515633,72.24398905,71.39290103,70.52520252,69.67935861,68.90658277,68.27011585,67.8414902,67.69318242,67.88823562,68.46879299,69.44608599,70.79363959,72.443663,74.28481899,76.1585019,77.85023601,79.07205291,79.42968439,78.36375013,75.04468278,68.18460711,55.71471216,34.36600961,0.082022091
2.594025695,71.63454572,71.92973858,72.23208035,72.54306002,72.85935271,73.18156752,73.50913512,73.84147249,74.17795976,74.51793725,74.8607021,75.20550473,75.5515449,75.8979673,76.24385684,76.58823341,76.9300461,77.26816689,77.60138366,77.92839255,78.24778953,78.55806113,78.85757434,79.14456547,79.41712806,79.6731997,79.91054789,80.12675477,80.31920109,80.4850495,80.6212276,80.72441144,80.79101061,80.81715634,80.79869516,80.7311917,80.60994592,80.43003225,80.18637216,79.87385561,79.48753422,79.02291728,78.47641281,77.84596864,77.13197987,76.33853353,75.47504509,74.55828269,73.61464044,72.68228181,71.81243256,71.06876536,70.52373807,70.251252,70.31618446,70.76274128,71.60421233,72.81595027,74.33158615,76.04068825,77.78497492,79.34965414,80.44569723,80.67681703,79.48022554,76.02072251,69.00096427,56.33582609,34.72845257,0.082860308
2.588383781,73.70746334,74.057398,74.41421352,74.77935361,75.14956217,75.52538089,75.90621004,76.29143323,76.68039525,77.07239896,77.46670183,77.86251212,78.2589847,78.65521655,79.05024164,79.44302549,79.83245904,80.21735201,80.59642546,80.96830377,81.33150565,81.68443438,82.025367,82.35244253,82.66364904,82.95680956,83.22956694,83.47936736,83.70344304,83.89879394,84.06216915,84.19004842,84.278625,84.32379121,84.32112934,84.26591116,84.15311164,83.97744432,83.73342969,83.4155126,83.01825153,82.53661154,81.96640405,81.30492976,80.55189334,79.7106637,78.78993884,77.80581575,76.78413161,75.76269865,74.79270679,73.93821907,73.27259049,72.87113843,72.8005908,73.10725965,73.80656279,74.87577193,76.25004841,77.81998796,79.4277679,80.85843111,81.82206478,81.92057926,80.58806222,76.98407568,69.80239067,56.94246138,35.08089578,0.083673117
2.582741867,75.81804239,76.22420798,76.63698608,77.05777543,77.48338803,77.91429758,78.34987332,78.78946476,79.23238062,79.67788556,80.12519647,80.57347856,81.02184091,81.4693317,81.91493292,82.35755451,82.79602803,83.22909952,83.65542181,84.07354589,84.48191153,84.87883684,85.26250693,85.63096127,85.98208003,86.31356905,86.62294354,86.90751055,87.16435014,87.39029564,87.58191318,87.73548127,87.84697125,87.91203031,87.92596935,87.88375927,87.78004088,87.60915628,87.3652129,87.04219648,86.63415613,86.13549385,85.54140247,84.84850996,84.05580077,83.16589125,82.18672246,81.13367589,80.03198322,78.91905452,77.84599406,76.87721146,76.08692767,75.55186438,75.34061318,75.50163294,76.05253638,76.97260375,78.19863397,79.62237179,81.08658855,82.37631408,83.20092875,83.16075888,81.68705393,77.93453767,70.58868609,57.53443719,35.42321416,0.084460184
2.577099953,77.9658737,78.42961324,78.89970002,79.37748884,79.85985783,80.34721274,80.83889116,81.33420787,81.83243485,82.33279781,82.83447236,83.33657979,83.83818253,84.33827904,84.83579828,85.32959359,85.81843592,86.30100644,86.77588834,87.24155777,87.69637395,88.13856811,88.56623147,88.97730194,89.36954948,89.74056023,90.08771904,90.40819073,90.69889984,90.95650929,91.17739808,91.35763871,91.49297532,91.57880398,91.61015741,91.58169785,91.4877231,91.32219362,91.07879202,90.75103129,90.33243533,89.81682451,89.19875146,88.4741461,87.64124304,86.70187172,85.66317668,84.53977917,83.35625608,82.14956323,80.97066762,79.88427934,78.9654512,78.29229404,77.93527279,77.94503039,78.34143855,79.10587338,80.17687718,81.44746442,82.76113545,83.90305934,84.58208788,84.39718305,82.77704446,78.87196038,71.35970762,58.11162293,35.75531484,0.085221249
2.571458038,80.15049204,80.67298992,81.20157649,81.73756427,82.27789438,82.82290516,83.37190201,83.92416442,84.47892704,85.03537599,85.59264489,86.14981042,86.70588754,87.25982417,87.81049534,88.35669676,88.89713777,89.4304335,89.95509626,90.46952604,90.97200001,91.46066093,91.93350441,92.38836483,92.82289988,93.23457363,93.62063804,93.97811282,94.30376384,94.59408007,94.84524937,95.05313382,95.21324532,95.32072308,95.37031518,95.35636777,95.27282711,95.11326221,94.87091946,94.53882588,94.10996466,93.5775565,92.93549252,92.1789796,91.30547324,90.31598171,89.21681346,88.02178444,86.75476679,85.45220885,84.16488698,82.95776326,81.9066852,81.09113422,80.58345448,80.43650661,80.67248225,81.27493806,82.18426369,83.29486294,84.45109951,85.43843402,85.96536822,85.62972033,83.8579297,79.79625426,72.11537158,58.67393985,36.07713814,0.085956135
2.565816124,82.37137653,82.95364649,83.54175713,84.13698119,84.73631809,85.34004005,85.94741977,86.557701,87.1700805,87.78370427,88.39766332,89.0109891,89.62264842,90.23153788,90.83647779,91.43620539,92.02936745,92.61451204,93.19007949,93.75439239,94.30564457,94.84188887,95.36102368,95.86077813,96.33869569,96.79211626,97.2181565,97.61368841,97.97531624,98.2993517,98.58178784,98.81827212,99.00407947,99.13408685,99.20275154,99.20409657,99.13170853,98.97875552,98.73803679,98.40208059,97.96331443,97.41434166,96.7483711,95.95986203,95.04546187,94.00532374,92.84488047,91.57709743,90.22509145,88.82474907,87.42660092,86.09581015,84.90897876,83.94693647,83.28390863,82.97500334,83.04478951,83.47908617,84.22023205,85.16413839,86.15616565,86.98221778,87.35062499,86.85828249,84.92965962,80.70739031,72.85565538,59.22136263,36.38865857,0.086664743
2.56017421,84.62795135,85.27082511,85.91930611,86.57463056,87.23385009,87.89717271,88.56383804,89.23305363,89.90397796,90.57571641,91.24731691,91.9177651,92.58597906,93.25080346,93.91100319,94.56525627,95.21214607,95.85015271,96.47764359,97.09286284,97.69391977,98.278776,98.84523132,99.39090802,99.91323364,100.409422,100.8764522,101.3110463,101.7096441,102.0683771,102.3830401,102.649062,102.8614765,103.0148932,103.1034728,103.1209085,103.0604195,102.9147642,102.6762841,102.3369964,101.8887584,101.3235391,100.6338447,99.81336272,98.85790406,97.766733,96.54436736,95.20287656,93.764571,92.26472004,90.75355185,89.29637725,87.97050936,86.85810013,86.03525394,85.55935188,85.45739367,85.71753927,86.28417566,87.05483764,87.87601456,88.53420465,88.7377444,88.08282643,85.99224008,81.60540181,73.58059918,59.75392079,36.68988571,0.087347062
2.554532296,86.91958662,87.62370329,88.33321246,89.04931797,89.76911602,90.49275304,91.21943518,91.94833352,92.67856787,93.40920267,94.13924232,94.86762625,95.5932233,96.3148257,97.03114235,97.74079141,98.44229219,99.13405612,99.81437681,100.481419,101.1332066,101.7676088,102.3823256,102.974871,103.5425551,104.082464,104.5914374,105.0660451,105.5025602,105.8969311,106.2447513,106.5412277,106.7811484,106.9588513,107.068195,107.1025368,107.0547211,106.9170881,106.6815116,106.3394861,105.8822849,105.3012258,104.5880929,103.7357784,102.7392288,101.5967861,100.312014,98.8960405,97.37031815,95.76944274,94.14328154,92.55723727,91.08928752,89.82287647,88.835981,88.1882763,87.90924227,87.98945469,88.37544502,88.96648552,89.6103248,90.09420494,90.12664551,89.3033559,87.04573457,82.49038602,74.2903074,60.27169985,36.98086495,0.088003164
2.548890382,89.2455997,90.01139599,90.78239311,91.55976744,92.3406506,93.12513078,93.9123804,94.7015338,95.49167192,96.28181794,97.07093247,97.85790836,98.64156488,99.4206414,100.1937904,100.9595696,101.7164339,102.4627253,103.1966629,103.9163315,104.6196686,105.30445,105.968275,106.6085482,107.222461,107.80697,108.3587741,108.8742888,109.3496185,109.780526,110.1624008,110.4902244,110.758536,110.9613971,111.0923595,111.1444386,111.1100977,110.9812504,110.7492938,110.4051883,109.9396098,109.3432094,108.6070298,107.7231453,106.68561,105.4918114,104.1443202,102.6532775,101.039226,99.33603085,97.59313833,95.87598485,94.26316253,92.83937378,91.68445684,90.86039742,90.39920048,90.29392855,90.49335047,90.89858721,91.35877486,91.66204718,91.51728198,90.51992322,88.09026576,83.36250561,74.98494998,60.77484246,37.26167819,0.088633212
2.543248467,91.60525664,92.43295813,93.26569622,94.10462573,94.94690287,95.79256169,96.64074069,97.49053735,98.34099355,99.19109107,100.0397465,100.885806,101.7280388,102.5651314,103.3956794,104.2181799,105.0310226,105.8324799,106.620696,107.393675,108.1492672,108.8851548,109.5988351,110.2876025,110.9485285,111.5784392,112.1738912,112.7311441,113.2461317,113.7144292,114.1312196,114.4912563,114.788826,115.0177103,115.1711496,115.2418122,115.2217739,115.1025145,114.8749455,114.5294827,114.0561923,113.4450432,112.6863185,111.7712522,110.69298,109.447902,108.0375577,106.4710562,104.7679782,102.9614001,101.1002856,99.25004425,97.4898294,95.90556348,94.57893027,93.57423748,92.92605517,92.62999928,92.63716525,92.8506309,93.12104552,93.23758014,92.90964391,91.73263089,89.12601697,84.22198993,75.66476352,61.26354925,37.53244435,0.089237453
2.537606553,93.99777395,94.88738737,95.78190515,96.68246729,97.58624211,98.49321446,99.40248872,100.3131255,101.2241276,102.1344353,103.0429212,103.9483844,104.8495444,105.7450342,106.6333926,107.5130559,108.3823484,109.2394725,110.0824972,110.9093453,111.71778,112.5053886,113.2695664,114.0074966,114.7161301,115.3921616,116.0320039,116.6317599,117.187191,117.6936831,118.1462104,118.5392961,118.8669714,119.1227346,119.2995107,119.3896163,119.3847338,119.2759027,119.0535405,118.707509,118.2272523,117.6020431,116.8213872,115.8756574,114.7570442,113.4609296,111.9877837,110.3456385,108.5530608,106.6422791,104.6617117,102.6766783,100.7668368,99.01928718,97.51753811,96.32822551,95.48851957,94.99665161,94.80612883,94.82209061,94.89682223,94.8206749,94.30375955,92.94163298,90.15323337,85.06913607,76.33005216,61.73807955,37.79331983,0.08981623
2.531964639,96.42232056,97.37362736,98.32974279,99.2917997,100.2569644,101.2251783,102.1955115,103.1669878,104.138571,105.10916,106.0775833,107.0425931,108.0028591,108.9569609,109.9033804,110.8404929,111.7665574,112.6797061,113.5779326,114.4590785,115.3208191,116.1606472,116.9758549,117.7635143,118.5204549,119.2432392,119.9281358,120.5710895,121.1676881,121.713127,122.2021699,122.6291075,122.9877134,123.2711996,123.4721722,123.5825917,123.5937424,123.4962172,123.2799323,122.9341861,122.4477901,121.8093068,121.0074482,120.0317052,118.8732985,117.5265609,115.9908558,114.2730938,112.3907752,110.3752216,108.2742412,106.1529984,104.091596,102.1782647,100.4983122,99.12070345,98.0852385,97.39282099,96.99945066,96.81242934,96.68579766,96.41122686,95.69969692,94.14713655,91.17222308,85.90430972,76.98118826,62.19875186,38.04449879,0.090369971
2.526322725,98.8780201,99.89057122,100.9078764,101.9310697,102.9573,103.9864713,105.0176197,106.0497324,107.0817343,108.112483,109.1407631,110.1652802,111.1846542,112.1974114,113.2019769,114.1966652,115.1796701,116.1490536,117.102734,118.0384714,118.9538535,119.846278,120.7129344,121.5507829,122.3565314,123.1266099,123.8571421,124.543914,125.1823393,125.7674214,126.2937126,126.7552693,127.1456056,127.4576446,127.6836708,127.8152851,127.8433689,127.7580633,127.5487765,127.2042354,126.7126081,126.0617347,125.2395177,124.2345464,123.0370476,121.640275,120.0424491,118.2493147,116.2772535,114.15662,111.9345471,109.675976,107.4613911,105.380103,103.5191871,101.9499328,100.7147941,99.81739841,99.21631415,98.82110225,98.4876743,98.00915783,97.09756546,95.34940277,92.18335802,86.72794579,77.61861279,62.64594416,38.28621331,0.090899198
2.52068081,101.3639533,102.4370654,103.5149225,104.5986698,105.6854207,106.7750495,107.8665582,108.9588977,110.0509542,111.1415444,112.2294094,113.3132082,114.3915112,115.462792,116.5254189,117.5776459,118.6176017,119.6432786,120.6525195,121.6430035,122.6122307,123.557504,124.47591,125.3642973,126.2192522,127.0370719,127.813735,128.5448685,129.2257113,129.8510744,130.4152975,130.9122018,131.3350401,131.6764453,131.9283773,132.0820747,132.1280123,132.0558746,131.8545557,131.5122037,131.0163342,130.3540529,129.5124381,128.4791591,127.2434257,125.7973836,124.1380745,122.2700342,120.2084737,117.9827204,115.6391645,113.2424548,110.8733903,108.6223058,106.5780087,104.8141022,103.3757119,102.2692356,101.4558809,100.8475601,100.3021672,99.61441805,98.49751744,96.54874794,93.18707454,87.54054873,78.24283554,63.08009396,38.51873341,0.091404525
2.515038896,103.8791607,105.0119138,106.1494531,107.2929449,108.4394486,109.5888163,110.7400165,111.8919639,113.0435068,114.193421,115.3404045,116.4830704,117.6199398,118.7494339,119.869865,120.9794267,122.0761832,123.1580573,124.2228171,125.268061,126.2912019,127.2894482,128.259784,129.1989465,130.1034005,130.9693109,131.7925112,132.5684692,133.292249,133.9584689,134.5612555,135.0941942,135.5502757,135.9218408,136.2005236,136.3771977,136.4419283,136.3839392,136.1916056,135.8524899,135.353447,134.6808375,133.8209017,132.7603718,131.4874181,129.9930509,128.2730985,126.3308445,124.180278,121.8496384,119.3845056,116.8491637,114.3246569,111.9022844,109.6725435,107.7113349,106.0664678,104.7471505,103.7172954,102.891253,102.1290065,101.2269881,99.89974933,97.74554434,94.18387381,88.34269268,78.85443501,63.50169813,38.74236695,0.091886654
2.509396982,106.4226454,107.6138821,108.8100007,110.0121999,111.2174643,112.4256328,113.6356405,114.8463666,116.0566215,117.2651413,118.470581,119.6715084,120.866396,122.0536131,123.2314163,124.3979398,125.5511837,126.689002,127.8090884,128.9089613,129.9859469,131.0371598,132.0594822,133.0495402,134.003678,134.9179283,135.7879799,136.6091421,137.3763043,138.0838921,138.7258192,139.2954347,139.7854669,140.1879637,140.4942322,140.6947792,140.779258,140.7364287,140.5541429,140.2193719,139.7183026,139.0365406,138.159476,137.0728872,135.7638847,134.2223166,132.442764,130.4272168,128.1883905,125.7533764,123.1668748,120.4927317,117.8121632,115.2173686,112.8004883,110.6396974,108.785495,107.2499333,105.9996892,104.9516335,103.9679404,102.846881,101.304503,98.94022078,95.174322,89.13502124,79.45405804,63.91131253,38.95745933,0.09234638
2.503755068,108.9933761,110.2417025,111.495065,112.7547071,114.0175164,115.2833282,116.5510443,117.819509,119.0874958,120.3537013,121.6167385,122.8751304,124.1273016,125.3715703,126.6061382,127.8290806,129.0383343,130.2316852,131.4067537,132.5609789,133.6916011,134.7956417,135.8698819,136.9108379,137.9147335,138.8774703,139.7945934,140.6612537,141.4721669,142.2215665,142.9031535,143.5100411,144.0346951,144.4688705,144.8035466,145.0288627,145.1340582,145.1074271,144.9362944,144.6070354,144.1051624,143.4155177,142.5226297,141.4113083,140.0675846,138.4801189,136.642213,134.554522,132.2284373,129.6898414,126.9824857,124.1697023,121.3328031,118.5648187,115.9594802,113.5972085,111.5311911,109.7763522,108.3021865,107.0281611,105.8187376,104.4741437,102.7120666,100.133263,96.15905013,89.91824701,80.04241913,64.3095513,39.16439306,0.092784585
2.498113154,111.5902902,112.894078,114.2031191,115.5187143,116.8376309,118.1597105,119.4838222,120.8087764,122.1333101,123.4560811,124.7756615,126.09053,127.3990645,128.6995325,129.9900819,131.26873,132.5333515,133.7816648,135.0112182,136.2193723,137.4032825,138.5598784,139.6858411,140.7775778,141.8311933,142.842459,143.8067771,144.7191419,145.5740957,146.3656811,147.0873874,147.7320926,148.2920005,148.7585736,149.1224636,149.3734415,149.5003325,149.4909626,149.3321277,149.0096035,148.5082223,147.8120559,146.9047607,145.7701648,144.3932012,142.761319,140.8665093,138.7080525,136.2959664,133.6548644,130.8274785,127.8765495,124.8834064,121.9418379,119.1471079,116.5818479,114.3019262,112.3251598,110.6239082,109.120305,107.68119,106.1088588,104.1227756,101.3252138,97.13875364,90.69315082,80.62029953,64.69708602,39.36358722,0.093202241
2.492471239,114.2122972,115.5696881,116.932616,118.3024528,119.6758205,121.0525778,122.4315619,123.8115498,125.1912429,126.5692615,127.944137,129.3143054,130.6780983,132.033734,133.3793075,134.7127792,136.0319623,137.3345097,138.617898,139.879411,141.1161204,142.3248652,143.5022277,144.6445073,145.7476915,146.8074228,147.8189619,148.7771477,149.676351,150.5104244,151.272647,151.9556628,152.5514149,153.0510741,153.4449651,153.7224913,153.8720633,153.8810386,153.7356821,153.4211675,152.9216429,152.2204033,151.3002245,150.1439402,148.7353691,147.0607262,145.1106624,142.883045,140.3864693,137.6442192,134.6979373,131.6096939,128.4607533,125.3455851,122.3609227,119.5915662,117.0960507,114.8950995,112.9639777,111.2275489,109.5551154,107.7511462,105.5370133,102.5166729,98.11419169,91.46058059,81.18854592,65.0746445,39.55549663,0.093600405
2.486829325,116.8582817,118.267193,119.6819951,121.1041456,122.5300946,123.9597297,125.3918568,126.8252201,128.258487,129.6902405,131.1189732,132.5430788,133.960844,135.370439,136.7699069,138.1571526,139.5299295,140.8858255,142.2222476,143.5364038,144.8252838,146.0856373,147.3139495,148.5064138,149.6589018,150.7669287,151.825616,152.8296485,153.7732273,154.6500171,155.4530884,156.1748531,156.806995,157.340395,157.7650521,158.0700031,158.2432447,158.2716661,158.1410007,157.8358183,157.3395799,156.6347988,155.7033628,154.5271003,153.0887007,151.373124,149.3696526,147.0747036,144.495402,141.6536433,138.5899092,135.3655197,132.0615894,128.7731882,125.5984495,122.6242945,119.9119031,117.484912,115.3215253,113.3493934,111.4403594,109.4011644,106.955211,103.7082964,99.08618612,92.22144994,81.74806888,65.44300937,39.74061101,0.093980218
2.481187411,119.5271069,120.9852389,122.4496892,123.9220155,125.3984692,126.8789786,128.3623187,129.8472028,131.3322644,132.8160511,134.2970173,135.7735159,137.2437898,138.7059625,140.1580267,141.5978329,143.0230761,144.4312811,145.8197865,147.1857262,148.5260097,149.8372992,151.1159845,152.358155,153.5595682,154.7156143,155.8212773,156.8710902,157.8590867,158.7787459,159.6229317,160.3838263,161.0528565,161.6206152,162.0767779,162.4100166,162.6079157,162.6568968,162.5421626,162.247678,161.7562154,161.0495026,160.1085333,158.9141217,157.4478139,155.6932959,153.6384553,151.2782232,148.6182078,145.6788577,142.4994226,139.140391,135.6826411,132.2217572,128.8571988,125.6779537,122.7478182,120.0933416,117.6956932,115.4853605,113.3367983,111.0591111,108.3778483,104.9007963,100.0556201,92.97673638,82.29984093,65.80301635,39.91945381,0.094342903
2.475545497,122.217618,123.7224634,125.2341307,126.7542938,128.2789765,129.8081606,131.3405913,132.8749515,134.4098425,135.9437776,137.4751741,139.0023455,140.5234927,142.0366933,143.5398913,145.0308846,146.5073111,147.9666343,149.4061263,150.8228487,152.2136325,153.5750545,154.9034112,156.1946901,157.4445369,158.6482192,159.8005857,160.8960204,161.928392,162.8909965,163.7764943,164.5768402,165.2832072,165.8859029,166.3742818,166.7366538,166.9601931,167.0308559,166.9333152,166.650932,166.165789,165.4588264,164.5101394,163.29952,161.8073595,160.0160524,157.9120665,155.4888131,152.750339,149.7155877,146.4225064,142.9306699,139.3206303,135.6883977,132.1346782,128.7504651,125.6021352,122.7191426,120.0856406,117.6349964,115.2443403,112.7252248,109.8054526,106.0949389,101.0234362,93.72747918,82.84489431,66.15555229,40.09258105,0.09468976
2.469903583,124.9286455,126.4774999,128.0337587,129.5992279,131.1696747,132.7451472,134.3243618,135.9059723,137.4885491,139.0705723,140.6504237,142.226379,143.7965981,145.3591147,146.9118256,148.4524777,149.9786539,151.487758,152.9769975,154.4433639,155.8836117,157.2942346,158.6714381,160.0111101,161.3087872,162.5596169,163.7583154,164.8991206,165.9757391,166.9812869,167.908224,168.7482815,169.4923812,170.1305493,170.6518226,171.0441519,171.2943047,171.3877744,171.3087066,171.0398601,170.5626287,169.857164,168.9026593,167.6778789,166.1620488,164.3362566,162.1855276,159.7017213,156.8872793,153.7595836,150.3552089,146.7327328,142.9722904,139.1702249,135.4284041,131.8397596,128.4732057,125.3610857,122.4905479,119.7978746,117.1629278,114.3997843,111.2385989,107.2915439,101.9906346,94.47477687,83.38431843,66.50155291,40.26057979,0.095022166
2.464261668,127.6590084,129.2489829,130.8470251,132.4550898,134.0686575,135.6878561,137.3113741,138.9378377,140.5657876,142.1936722,143.8198395,145.4425286,147.0598602,148.6698259,150.2702771,151.8589113,153.4332584,154.9906648,156.5282752,158.0430134,159.5315598,160.9903271,162.4154327,163.8026675,165.1474617,166.4448455,167.689406,168.875238,169.9958894,171.0442997,172.0127322,172.8926978,173.6748715,174.3490015,174.9038112,175.3268964,175.6046216,175.7220213,175.6627172,175.4088686,174.9411819,174.2390209,173.2806757,172.0438781,170.506681,168.6488512,166.4539507,163.9122572,161.0245655,157.8066411,154.2936161,150.542988,146.6343813,142.6643762,138.7359128,134.9437873,131.3594014,128.0179638,124.9096214,121.973599,119.0925388,116.0831098,112.6779086,108.4914824,102.9582705,95.2197844,83.91925689,66.84200022,40.42406662,0.095341569
2.458619754,130.4075177,132.0355525,133.672401,135.3201833,136.9740629,138.6342614,140.2994402,141.9681993,143.6390513,145.3104145,146.9806045,148.6478257,150.3101612,151.9655625,153.6118371,155.2466356,156.8674368,158.4715317,160.0560048,161.6177142,163.1532691,164.6590038,166.1309502,167.5648052,168.9558957,170.2991379,171.5889931,172.8194165,173.983801,175.0749137,176.0848252,177.0048303,177.8253617,178.5358943,179.1248427,179.5794526,179.8856901,180.0281354,179.9898908,179.7525199,179.2960452,178.5990441,177.6389038,176.3923213,174.8361696,172.9488834,170.7125428,168.1158155,165.15781,161.8526217,158.233871,154.357892,150.303704,146.1680248,142.0547722,138.0605273,134.2591214,130.6885979,127.3420973,124.1618063,121.0331876,117.7755621,114.1240483,109.6956745,103.9274511,95.96370988,84.45090426,67.17791976,40.58368579,0.095649484
2.45297784,133.1729791,134.8358591,136.5083825,138.1928518,139.8840825,141.5824038,143.2864514,144.9948006,146.7059374,148.4182516,150.1300281,151.8394383,153.5445298,155.2432155,156.9332616,158.6122736,160.2776814,161.926723,163.5564252,165.1635833,166.7447373,168.2961465,169.8137601,171.2931842,172.7296457,174.1179504,175.4524373,176.726926,177.9346587,179.0682341,180.1195346,181.0796439,181.9387572,182.6860814,183.3097274,183.7965964,184.1322617,184.300855,184.2849643,184.0655627,183.6219931,182.9320501,181.9722196,180.7181627,179.1455686,177.2315301,174.9566292,172.307898,169.282721,165.8934715,162.172191,158.1739663,153.9771155,149.678392,145.3825924,141.1879962,137.1708,133.3718426,129.7872455,126.3621681,122.9849261,119.4775426,115.577728,110.9050871,104.8993326,96.70781096,84.98050246,67.51037743,40.74010734,0.095947487
2.447335926,135.9541964,137.6485677,139.3534965,141.0714848,142.796969,144.5304003,146.2703896,148.0154892,149.7641601,151.5147653,153.2655609,155.0146872,156.760158,158.4998502,160.2314902,161.952641,163.6606861,165.3528127,167.0259927,168.6769609,170.3021918,171.8978723,173.459872,174.9837098,176.464516,177.8969899,179.2753522,180.5932911,181.8439024,183.0196212,184.1121467,185.1123567,186.0102144,186.7946643,187.4535198,187.9733437,188.339323,188.5351472,188.5428965,188.3429598,187.9140062,187.2330522,186.2756856,185.016533,183.4300971,181.492122,179.1816769,176.4841355,173.3951231,169.9252409,166.1048853,161.9878125,157.6515428,153.19276,148.7170359,144.324257,140.0929129,136.066591,132.2443727,128.574393,124.9478435,121.1894916,117.0396995,112.1207306,105.8751164,97.45339083,85.5093368,67.84047613,40.89402495,0.096237215
2.441694012,138.7499737,140.472362,142.206306,143.9545248,145.7110447,147.4764526,149.2493367,151.0282273,152.8115624,154.59768,156.3848092,158.171061,159.9544181,161.7327226,163.5036642,165.2647653,167.0133656,168.7466044,170.4614011,172.1544332,173.8221124,175.4605565,177.0655593,178.6325557,180.1565835,181.6322394,183.05363,184.4143167,185.7072536,186.9247175,188.0582295,189.0984674,190.0351681,190.8570203,191.5515465,192.1049778,192.5021224,192.7262348,192.7588951,192.5799152,192.1672972,191.4972862,190.5445767,189.2827638,187.6851634,185.7261657,183.3833162,180.6403087,177.4909768,173.9441024,170.0283714,165.7961278,161.3239957,156.7084825,152.0558278,147.4674269,143.0239837,138.7717792,134.7128256,130.7982275,126.9220669,122.9118876,118.5107532,113.3436556,106.856045,98.20179384,86.03873167,68.16935213,41.04615366,0.096520354
2.436052097,141.5591186,143.3059478,145.065415,146.840473,148.6247076,150.4188557,152.2214837,154.031102,155.8461274,157.6648745,159.4855475,161.3062304,163.1248763,164.9392956,166.7471429,168.545903,170.3328741,172.1051504,173.8596018,175.5928516,177.3012517,178.9808545,180.6273813,182.2361871,183.8022211,185.3199814,186.7834655,188.1861126,189.5207403,190.7794723,191.9536577,193.0337802,194.0093571,194.8688278,195.5994315,196.1870753,196.6161962,196.8696223,196.9284419,196.7718985,196.3773357,195.7202346,194.7744035,193.5124104,191.9063866,189.9293659,187.5573606,184.772367,181.5663966,177.946367,173.939191,169.5957186,164.99158,160.2229968,155.3967647,150.6156849,145.9625894,141.4863907,137.1919932,133.0334571,128.9077602,124.6452452,119.9917158,114.5749491,107.8433978,98.95440074,86.57004593,68.49817109,41.19722743,0.09679864
2.430410183,144.3804442,146.1480567,147.9294723,149.7278946,151.5364382,153.3560045,155.1851391,157.0223346,158.865988,160.714393,162.5657307,164.4180601,166.269307,168.1172523,169.9595184,171.7935546,173.6166206,175.4257682,177.2178209,178.989351,180.7366541,182.4557205,184.1422029,185.7913804,187.3981176,188.9568192,190.4613777,191.9051154,193.280719,194.5801648,195.7946359,196.9144284,197.9288472,198.82609,199.59312,200.215529,200.6773916,200.9611185,201.0473157,200.914668,200.5398702,199.8976487,198.9609336,197.7012732,196.0896178,194.0976445,191.6998264,188.8764468,185.6176681,181.9285008,177.8340241,173.383514,168.6515084,163.7338325,158.737723,153.7672784,148.907366,144.209459,139.6813087,135.2799067,130.9051232,126.3901127,121.4834462,115.8157302,108.8384857,99.71262348,87.10466792,68.8281239,41.34799652,0.097073847
2.424768269,147.2127713,148.9974491,150.7971763,152.6154235,154.444805,156.2864002,158.1387356,160.0002877,161.8694358,163.7444543,165.6235035,167.5046195,169.3857034,171.2645087,173.1386282,175.0054784,176.8622833,178.7060554,180.5335747,182.3413659,184.1256718,185.8824244,187.6072117,189.2952409,190.941297,192.5396952,194.0842286,195.568108,196.9838944,198.3234233,199.5777181,200.7368945,201.7900521,202.7251549,203.528899,204.1865692,204.6818877,204.9968575,205.1116132,205.0042913,204.6509489,204.0255683,203.100212,201.8454166,200.230958,198.2271591,195.8069497,192.948888,189.6412631,185.8871386,181.7097023,177.1565772,172.3011116,167.2386215,162.0766668,156.9205291,151.8570121,146.9400715,142.1802503,137.53744,132.9143901,128.1470693,122.9868325,117.0671453,109.8426466,100.4778998,87.64401018,69.16042221,41.49922475,0.097347783
2.419126355,150.05493,151.8529163,153.667277,155.5017662,157.3484686,159.2086557,161.0808363,162.9634723,164.8549276,166.7534594,168.657209,170.5641922,172.4722874,174.3792235,176.282566,178.1797016,180.0678215,181.9439016,183.8046821,185.6466433,187.4659788,189.2585662,191.0199328,192.7452186,194.429133,196.0659072,197.6492398,199.1722357,200.6273366,202.006243,203.299826,204.4980279,205.5897512,206.5627343,207.4034152,208.0967819,208.6262137,208.9733174,209.117767,209.0371633,208.7069374,208.1003401,207.1885777,205.9411861,204.3267752,202.3143185,199.8752016,196.9862484,193.6338536,189.8190975,185.5632206,180.9121168,175.9378472,170.7351058,165.4116539,160.0738382,154.8102929,149.6773703,144.6883424,139.8059593,134.9358271,129.9167219,124.5027868,118.3303632,110.8572387,101.2516872,88.18950384,69.49629373,41.65168659,0.097622285
2.41348444,152.9057618,154.7132829,156.5385796,158.3857046,160.246186,162.1214998,164.010139,165.910553,167.8210919,169.7399979,171.6653957,173.5952828,175.5275174,177.4598063,179.3896904,181.3145295,183.2314847,185.1374988,187.0292754,188.9032537,190.7555821,192.5820876,194.3782412,196.1391198,197.8593624,199.533121,201.1540055,202.7150204,204.2084944,205.626,206.9582628,208.1950597,209.3251041,210.3359181,211.2136908,211.9431237,212.5072644,212.887335,213.0625615,213.0100215,212.7045341,212.1186322,211.2226793,209.9852233,208.3737188,206.3557971,203.9013021,200.9853169,197.5923241,193.7213876,189.3917479,184.6474956,179.5593083,174.221144,168.7408419,163.2256906,157.766043,152.4205546,147.2051552,142.0854034,136.9697303,131.6997013,126.0322411,119.6065692,111.8836355,102.0354569,88.74259269,69.83697735,41.8061641,0.097899211
2.407842526,155.7641199,157.5774085,159.4099461,161.2660991,163.1368124,165.0237799,166.9254799,168.8403514,170.7667325,172.7028525,174.6468219,176.596622,178.5500935,180.5049235,182.4586311,184.408552,186.3518202,188.2853488,190.2058077,192.1095992,193.99283,195.8512807,197.6803702,199.475117,201.2300945,202.939381,204.596503,206.1943711,207.7252071,209.1804626,210.5507252,211.8256143,212.9936631,214.0421866,214.9571353,215.7229347,216.3223127,216.7361189,216.9431448,216.919959,216.640783,216.077447,215.1994871,213.9744776,212.368731,210.3485465,207.882231,204.943124,201.5137817,197.5912219,193.1926358,188.3602386,183.16323,177.6947175,172.0624925,166.3746581,160.723168,155.1688808,149.7303041,144.375746,139.0164217,133.4966576,127.5761416,120.8969593,112.9232185,102.8306871,89.30472704,70.1837179,41.96344379,0.098180428
2.402200612,158.6288712,160.4441883,162.2802963,164.141889,166.019304,167.9144644,169.8258359,171.7518487,173.6908312,175.6410019,177.600459,179.5671704,181.5389615,183.5135023,185.4882931,187.460648,189.4276773,191.3862674,193.3330584,195.2644188,197.1764179,199.0647938,200.9249178,202.7517549,204.5398179,206.2831166,207.9751001,209.608591,211.1757115,212.6677988,214.0753107,215.3877176,216.5933812,217.6794193,218.6315544,219.4339475,220.0690189,220.517259,220.757039,220.7644337,220.513083,219.9741309,219.1163029,217.9062165,216.3090571,214.2898047,211.815237,208.8569505,205.3955642,201.4260238,196.9634253,192.0480395,186.7474949,181.1539348,175.3749747,169.5194014,163.6806459,157.921662,152.2634477,146.6769931,141.0762459,135.3082558,129.135443,122.2027339,113.9773709,103.6388563,89.87735717,70.53776087,42.1243133,0.098467811
2.396558698,161.498896,163.3125543,165.1486089,167.0120942,168.8927176,170.792643,172.7103248,174.6441864,176.5925487,178.5536214,180.5254927,182.5061193,184.4933139,186.4847321,188.4778578,190.469987,192.4582091,194.4393872,196.4101348,198.3667907,200.3053905,202.2216341,204.11085,205.9679539,207.7874036,209.5631459,211.2885584,212.9563821,214.5586461,216.0865813,217.5305234,218.8798022,220.1226177,221.2459005,222.2351561,223.0742929,223.7454366,224.2287325,224.5021464,224.5412754,224.319195,223.806381,222.9707671,221.778032,220.1922521,218.1771032,215.6978448,212.7243344,209.2352469,205.2234334,200.7018526,195.7087651,190.3101373,184.5970344,178.6767673,172.6586716,166.6375268,160.6782675,154.8042864,148.989179,143.1495655,137.1351698,130.7111027,123.5250905,115.0474699,104.4614356,90.46192671,70.90034683,42.289558,0.098763232
2.390916784,164.3730888,166.1814749,168.0139211,169.8758143,171.756211,173.6575264,175.5782052,177.516666,179.4712241,181.4400825,183.4213218,185.4128899,187.412589,189.4180632,191.4267829,193.4360285,195.442872,197.4441562,199.4364719,201.4161318,203.3791418,205.3211679,207.2375,209.1230101,210.9721056,212.7786763,214.5360341,216.2368452,217.8730526,219.4357885,220.9152744,222.3007089,223.5801398,224.7403211,225.7665525,226.6425026,227.3500158,227.8689071,228.1767527,228.248689,228.0572457,227.5722496,226.7608625,225.5878454,224.016185,222.0082711,219.5278592,216.543075,213.0306462,208.9813109,204.4058526,199.3404587,193.8493454,188.0223872,181.9664596,175.7913099,169.592932,163.4381203,157.3525588,151.3123631,145.2367563,138.9780773,132.3040735,124.8652173,116.1348798,105.2998821,91.05986563,71.27270569,42.45995747,0.099068552
2.385274869,167.2503577,169.0499546,170.8753278,172.7322277,174.6090411,176.5084444,178.4288742,180.3687462,182.326372,184.2999501,186.2875559,188.2871303,190.2964682,192.3132043,194.3347985,196.3585185,198.381422,200.4003351,202.4118291,204.4121944,206.3974113,208.3631163,210.3045654,212.2165916,214.0935574,215.929301,217.7170753,219.4494779,221.118373,222.7148018,224.2288804,225.649685,226.9651212,228.1617773,229.2247593,230.1375086,230.8816025,231.4365409,231.7795271,231.8852551,231.725728,231.2701444,230.4849161,229.3339084,227.7790407,225.7814374,223.3033673,220.311235,216.7798218,212.6977389,208.0735602,202.9413416,197.3634628,191.4284962,185.2427514,178.9162469,172.5460526,166.2006949,159.9080382,153.6466248,147.3382013,140.8376528,133.9152972,126.2242848,117.2409439,106.1556303,91.67258309,71.65605085,42.63628196,0.099385612
2.379632955,170.1296246,171.917033,173.7319802,175.5805894,177.4505618,179.3448435,181.2618645,183.2000397,185.157679,187.1329784,189.12401,191.1287108,193.1448702,195.1701165,197.2019015,199.2374836,201.273909,203.3079903,205.3362832,207.3550596,209.360278,211.3475498,213.3121017,215.2487326,217.1517658,219.0149936,220.8316156,222.5941681,224.2944438,225.9234006,227.4710578,228.9263787,230.2771369,231.5097662,232.6091909,233.5586387,234.3394343,234.9307786,235.3095194,235.4499272,235.3234989,234.898827,234.1415967,233.0148018,231.4793189,229.4950301,227.0227379,224.0271402,220.4810768,216.3710222,211.7033108,206.5098123,200.8509872,194.8139961,188.5044516,182.0325006,175.4961461,168.9655131,162.4705282,155.9920581,149.4542854,142.7145611,135.545697,127.6034386,118.3669762,107.0300846,92.30146016,72.05157319,42.81928863,0.099716225
2.373991041,173.0098241,174.7817838,176.5830839,178.4202286,180.2802204,182.1662822,184.0768395,186.0103078,187.9649974,189.939104,191.9306987,193.9377165,195.957944,197.9890055,200.0283477,202.0732225,204.1206676,206.1674858,208.2102202,210.2451282,212.2681506,214.274878,216.2605124,218.2198238,220.1471013,222.0360974,223.8799648,225.6711851,227.4014868,229.0617526,230.641914,232.1308307,233.516155,234.7841772,235.9196527,236.9056093,237.723134,238.3511453,238.7661536,238.9420257,238.8497738,238.4574078,237.7299109,236.6294316,235.1158303,233.1477728,230.6846185,227.689377,224.1329552,219.9996857,215.2936381,210.0444452,204.310569,198.1776508,191.750475,185.1391727,178.4425329,171.7321401,165.0398574,158.3487664,151.5853878,144.60945,137.1961694,129.0037906,119.5142533,107.9246111,92.94784227,72.46043496,43.00971794,0.100062168
2.368349127,175.8899023,177.6433118,179.4278954,181.2505447,183.0975529,184.9724264,186.8735872,188.7994538,190.7483386,192.718439,194.7078271,196.7144384,198.736059,200.7703119,202.8146413,204.8662953,206.9223066,208.9794709,211.0343229,213.0831086,215.1217555,217.1458376,219.1505369,221.1305994,223.0802855,224.9933135,226.8627959,228.6811663,230.4400963,232.1304019,233.7419351,235.2634623,236.6825245,237.9852807,239.1563301,240.1785144,241.0326987,241.697536,242.1492182,242.3612289,242.3041183,241.945338,241.2491956,240.1770221,238.6876905,236.7386791,234.2879305,231.2967877,227.7342379,223.5824706,218.8432702,213.5439865,207.7410075,201.5183496,194.9798391,188.2354448,181.3845916,174.5001787,167.6158737,160.716855,153.731876,146.5229426,138.8675763,130.4264112,120.6840059,108.8405294,93.61303165,72.88376357,43.20828975,0.100425174
2.362707213,178.7688159,180.5007517,182.2657193,184.0710032,185.9021792,187.7630425,189.6520135,191.5675151,193.5078637,195.4712605,197.4557808,199.4593625,201.4797939,203.5146989,205.561522,207.6175104,209.6796946,211.7448669,213.8095563,215.870002,217.9221216,219.9614769,221.9832346,223.9821215,225.952375,227.887685,229.7811297,231.6251018,233.4112238,235.1302528,236.7719706,238.3250596,239.7769609,241.1137137,242.319774,243.3778119,244.2684867,244.9702031,245.458854,245.7075613,245.6864365,245.3623986,244.6991074,243.6571062,242.1943112,240.2670443,237.8318611,234.8484634,231.2839355,227.118328,222.3511242,217.0073492,211.1412456,204.8351025,198.1916585,191.3205732,184.3217535,177.2692638,170.1984379,163.0964251,155.8940972,148.4556292,140.5607366,131.8723201,121.8774099,109.7791035,94.29827962,73.32264536,43.41569965,0.100806919
2.357065298,181.6455302,183.3532644,185.095904,186.88113,188.6937963,190.5379906,192.4121335,194.3146536,196.2438736,198.1980002,200.1751138,202.1731572,204.1899228,206.2230381,208.2699504,210.3279088,212.3939447,214.4648498,216.5371515,218.6070851,220.6705626,222.7231379,224.7599668,226.7757621,228.7647431,230.7205774,232.6363155,234.5043156,236.3161589,238.0625516,239.7332145,241.316756,242.8005279,244.1704617,245.4108836,246.5043066,247.4312004,248.1697398,248.6955383,248.9813782,248.9969568,248.7086872,248.0796105,247.0695133,245.6353884,243.7324348,241.3158538,238.3437348,234.7812808,230.6064117,225.8162988,220.4336063,214.5103638,208.1270337,201.3851389,194.393882,187.2534957,180.0390554,172.7874159,165.4875653,158.072371,150.408059,142.2764173,133.3424774,123.0955775,110.7415344,95.00477881,73.77811926,43.63261504,0.101209019
2.351423384,184.5190176,186.200034,187.9178371,189.6805061,191.4721714,193.2972161,195.154062,197.0411458,198.9567975,200.8992315,202.8665352,204.8566585,206.8674,208.8963934,210.9410911,212.9987469,215.0663958,217.1408325,219.2185855,221.2958902,223.3686569,225.4324357,227.4823758,229.5131812,231.5190584,233.4936583,235.4300098,237.320444,239.1565077,240.928865,242.6271844,244.2400103,245.7546162,247.1568381,248.4308857,249.5591301,250.5218677,251.2970617,251.860067,252.1833488,252.2362154,251.9846017,251.3909605,250.4143549,249.010889,247.1346752,244.739596,241.7821611,238.2257176,234.0460679,229.2380655,223.8219822,217.8475718,211.3933738,204.5595696,197.4547566,190.1793342,182.8092309,175.3826719,167.8903444,160.2669808,152.3807314,144.0153246,134.837775,124.3395486,111.7289502,95.73365543,74.2511706,43.85967138,0.101633016
2.34578147,187.388255,189.0402643,190.7309404,192.4687607,194.2371342,196.0407403,197.8780036,199.7473703,201.6471798,203.5756555,205.5308942,207.5108545,209.5133435,211.5360033,213.576294,215.6314766,217.6985929,219.7744429,221.8555602,223.9381835,226.0182252,228.0912354,230.1523618,232.1963038,234.2172606,236.2088721,238.164152,240.0754108,241.9341687,243.7310557,245.455697,247.096583,248.6409201,250.0744609,251.3813123,252.5437185,253.5418193,254.3533853,254.9535336,255.3144355,255.4050363,255.1908215,254.6336874,253.6920077,252.3210349,250.4738332,248.1030053,245.1635169,241.616889,237.4368243,232.6158581,227.1718431,221.1521996,214.6334518,207.7143154,200.5026348,193.0988158,185.5794773,177.9840593,170.3048021,162.478165,154.3740868,145.7780952,136.3590267,125.6102811,112.7423987,96.4859615,74.74272475,44.09746839,0.102080371
2.340139556,190.2522218,191.8731747,193.5346643,195.2455643,196.9885679,198.7686503,200.5842406,202.4337957,204.3156662,206.2280863,208.1691636,210.1368675,212.129016,214.1432613,216.177074,218.2277248,220.2922646,222.3675023,224.4499791,226.5359408,228.6213054,230.7016273,232.7720569,234.8272937,236.8615347,238.8684147,240.8409379,242.7714013,244.6513059,246.4712556,248.2208416,249.8885101,251.4614113,252.9252271,254.2639748,255.4597871,256.4926646,257.3402039,257.9773057,258.3758714,258.50451,258.328287,257.8085749,256.9030943,255.5662847,253.750203,251.4062132,248.4877771,244.9546233,240.7783773,235.9492606,230.4826861,224.4236871,217.8466846,210.8488071,203.5369985,196.0115089,188.3494822,180.5914127,172.7309408,164.7061081,156.3884981,147.5652862,137.90696,126.9086425,113.7828379,97.26266713,75.253641,44.34656628,0.102552459
2.334497641,193.1098974,194.6979959,196.3284816,198.0106213,199.7264005,201.4810889,203.2731214,205.1009671,206.9629891,208.857434,210.7824223,212.7359359,214.7158053,216.7196955,218.7450894,220.78927,222.8493,224.9219998,227.0039216,229.0913215,231.1801266,233.2658998,235.3437978,237.4085254,239.4542825,241.4747038,243.4627907,245.410833,247.3103198,249.1518372,250.9249512,252.6180739,254.2183104,255.7112838,257.0809361,258.3093036,259.3762647,260.2592616,260.933,261.3691361,261.5359695,261.3981763,260.9166391,260.0484625,258.7473139,256.9642856,254.6495477,251.7551006,248.2389185,244.0705771,239.237994,233.7541262,227.6615726,221.0325668,213.9625314,206.5573635,198.9169946,191.1189249,183.2045378,175.1687163,166.9509315,158.4242608,149.3773669,139.4822058,128.2354006,114.851128,98.0646529,75.78470638,44.6074821,0.103050554
2.328855727,195.9602585,197.5139655,199.1118817,200.7636613,202.4505948,204.1782428,205.9450474,207.7494913,209.5899514,211.4646885,213.3718372,215.3093939,217.2752037,219.2669461,221.2821185,223.3180184,225.3717232,227.4400673,229.519617,231.6066415,233.697081,235.7865102,237.8700968,239.942555,241.9980925,244.0303496,246.0323306,247.9963248,249.9138167,251.7753825,253.5705719,255.2877729,256.9140564,258.434999,259.8344812,261.0944582,262.1947037,263.1125249,263.8224548,264.2959285,264.5009643,264.4018803,263.9591039,263.1291625,261.8649931,260.1167694,257.8335138,254.9658121,251.4699257,247.3134127,242.4819015,236.9858835,230.8654803,224.1906587,217.0550199,209.5632694,201.8148564,193.8874666,185.823203,177.6180279,169.2126841,160.4815839,151.2147086,141.0852901,129.5912148,115.9480229,98.89270245,76.33662975,44.88068612,0.103575825
2.323213813,198.8022761,200.3203232,201.8843636,203.5044318,205.1611385,206.8603311,208.6004596,210.3800221,212.1974103,214.0509008,215.9386437,217.8586516,219.8087859,221.7867424,223.7900353,225.8159789,227.8616673,229.923952,231.9994157,234.0843443,236.1746942,238.2660554,240.3536108,242.4320884,244.4957084,246.5381221,248.5523425,250.5306649,252.4645762,254.3446506,256.1604304,257.9002892,259.5512746,261.0989292,262.5270854,263.8176331,264.9502585,265.9021536,266.6477005,267.1581388,267.4012335,267.3409766,266.9373762,266.1464222,264.9203652,263.2085072,260.9587729,258.1203824,254.6479307,250.5069945,245.6809334,240.1777684,234.0351069,227.320574,220.1258377,212.5542686,204.7046699,196.6547399,188.4471288,180.0787097,171.491333,162.5605805,153.0775759,142.7166243,130.9766271,117.074162,99.74749511,76.91003592,45.1665983,0.104129327
2.317571899,201.6349132,203.1163062,204.6454294,206.2326885,207.8580337,209.5275926,211.239825,212.9932448,214.7862603,216.6171647,218.4841256,220.3851729,222.318186,224.2808791,226.2707849,228.2852367,230.3213475,232.3759882,234.445761,236.5269712,238.6155944,240.7072401,242.7971096,244.8799493,246.9499964,249.0009184,251.0257427,253.0167768,254.9655171,256.8625436,258.6973999,260.4584546,262.1327433,263.7057863,265.1613819,266.48137,267.6453668,268.6304688,269.4109297,269.9578188,270.2386767,270.2172017,269.8530191,269.1016223,267.9146208,266.240494,264.0261207,261.2194085,257.773335,253.6515369,248.8351302,243.3296667,237.1702075,230.4219667,223.1745708,215.5299147,207.585992,199.4203394,191.0759781,182.5505201,173.7867537,164.6612587,154.9661172,144.3764969,132.3920537,118.2300622,100.6295989,77.50545999,45.46558493,0.104711992
2.311929985,204.4571214,205.901144,207.3945774,208.9481873,210.5412863,212.1802744,213.8636221,215.5898605,217.3574155,219.1645983,221.0095949,222.8904543,224.8050753,226.7511921,228.7263579,230.7279266,232.7530328,234.7985688,236.8611588,238.9371305,241.0224819,243.1128448,245.2034433,247.2890457,249.3639113,251.4217283,253.4555442,255.4576849,257.4196631,259.3320722,261.1844654,262.9652163,264.6613588,266.2584033,267.7401273,269.0883364,270.282594,271.299921,272.1144653,272.6971512,273.0153242,273.0324217,272.7077238,271.9962691,270.8490726,269.2138422,267.0364652,264.2635917,260.8466357,256.7473393,251.9446054,246.4415229,240.2705807,233.4945175,226.2008139,218.489751,210.4583498,202.1838102,193.7093464,185.0331324,176.0987209,166.7835121,156.8803562,146.0650643,133.8377768,119.4161104,101.5394636,78.12334201,45.77795534,0.105324622
2.30628807,207.2678381,208.6740536,210.1312949,211.6506752,213.210895,214.8186182,216.4723268,218.1705701,219.9117924,221.6943241,223.516371,225.3760024,227.2711379,229.1995333,231.1587637,233.146206,235.1590179,237.1941155,239.2481476,241.3174666,243.398096,245.4856934,247.5755086,249.6623364,251.740462,253.8035995,255.8448218,257.8564789,259.8301066,261.7563193,263.6246882,265.4236009,267.1401004,268.7596992,270.2661675,271.6412915,272.8645998,273.9130571,274.760728,275.3784178,275.7333061,275.7886031,275.5032811,274.8319671,273.7251294,272.129757,269.9908019,267.2537157,263.8684049,259.7947673,255.0095278,249.5133244,243.3360539,236.5379196,229.2041572,221.433298,213.3212293,204.9446383,196.3467512,187.5261255,178.4268993,168.927111,158.8201827,147.7823427,135.3139367,120.6325558,102.4774146,78.76402171,46.10395884,0.105967883
2.300646156,210.065984,211.4342345,212.8550516,214.3398811,215.8668412,217.4428485,219.0663981,220.7360578,222.4502917,224.2074503,226.0057601,227.8433119,229.7180476,231.6277458,233.5700053,235.5422273,237.5415949,239.56505,241.609268,243.6706288,245.745184,247.8286199,249.9162159,252.0027965,254.0826772,256.1496028,258.1966763,260.2162782,262.1999735,264.1384048,266.0211695,267.8366788,269.5719946,271.2126435,272.7424018,274.1430516,275.3941037,276.4724864,277.3522037,278.0039678,278.3948217,278.487782,278.2415523,277.6103912,276.5442694,274.9895109,272.8901911,270.1906237,266.8392685,262.7942324,258.0301028,252.5450846,246.3664671,239.5518649,232.1841733,224.3600419,216.1740642,207.7022389,198.9876227,190.0289738,180.7708341,171.0916937,160.7853446,149.5282001,136.8205238,121.879503,103.443646,79.42773374,46.44378176,0.106642297
2.295004242,212.8504597,214.1808639,215.5652924,217.0155075,218.5090775,220.0531598,221.6462635,223.2869759,224.9737814,226.7050514,228.4790344,230.2938435,232.1474442,234.0376392,235.9620525,237.9181111,239.903025,241.913764,243.9470324,245.9992397,248.0664682,250.1444361,252.2284552,254.3133834,256.3935707,258.4627966,260.5141997,262.5401962,264.5323867,266.4814491,268.3770149,270.2075276,271.9600789,273.6202205,275.1717481,276.5964547,277.8738504,278.9808469,279.8914102,280.5761847,281.0021071,281.1320344,280.9244399,280.3332585,279.3080128,277.7944177,275.7357323,273.0751958,269.7598845,265.7461724,261.0065545,255.5368251,249.3616574,242.5360288,235.1404038,227.2694217,219.0162246,210.4559469,201.6312932,192.5410382,183.1299427,173.2767578,162.7754396,151.3023486,138.3573719,123.1569056,104.4382159,80.114603,46.79754477,0.107348237
2.289362328,215.6201437,216.913092,218.261431,219.6772217,221.1375177,222.6497046,224.2123056,225.8239286,227.4830788,229.1881495,230.9374117,232.7290022,234.5609107,236.4309653,238.3368165,240.2759187,242.2455102,244.2425907,246.2638949,248.3058645,250.3646149,252.4358986,254.515063,256.5970031,258.6761066,260.7461924,262.8004393,264.8313046,266.8304306,268.7885371,270.6952978,272.5391971,274.3073663,275.9853936,277.5571073,279.0043259,280.3065758,281.4407717,282.3808637,283.0974548,283.5574046,283.7234447,283.5538578,283.0022994,282.0178952,280.5458073,278.5285405,275.9083256,272.6309215,268.6510311,263.9391065,258.4885594,252.3214436,245.4900564,238.0723463,230.1608175,221.8470054,213.2050059,204.276988,195.0615573,185.5035058,175.4816526,164.789908,153.1043371,139.9241513,124.46456,105.46104,80.82464052,47.1653003,0.108085919
2.283720414,218.373889,219.6300371,220.9428432,222.3246471,223.7520268,225.2325809,226.764848,228.3474569,229.9789341,231.6576956,233.3820357,235.1501155,236.9599501,238.8093939,240.696125,242.6176264,244.5711665,246.5537759,248.5622222,250.5929809,252.6422028,254.7056773,256.7787903,258.8564768,260.9331663,263.0027208,265.0583638,267.0925989,269.097116,271.0626836,272.9790246,274.8346733,276.6168099,278.3110708,279.9013288,281.3694432,282.694973,283.8548554,284.8230469,285.5701347,286.0629309,286.2640764,286.1317023,285.6192302,284.6754401,283.2449992,281.2697217,278.6908977,275.4530376,271.5092386,266.8279638,261.4002755,255.2456101,248.4135479,240.9794413,233.0335386,224.6656162,215.9485585,206.9238159,197.5896383,187.8906598,177.7055714,166.828025,154.9335451,141.5203627,125.8020998,106.5118876,81.55773965,47.54703035,0.108855397
2.278078499,221.1105214,222.3307819,223.6088607,224.9573558,226.3524108,227.8018213,229.3041424,230.8580237,232.462014,234.1145523,235.8139568,237.5584136,239.345964,241.1744897,243.0416973,244.9450997,246.8819964,248.8494509,250.8442647,252.8629493,254.9016929,256.9563242,259.0222703,261.0945091,263.1675152,265.2351976,267.2908291,269.3269642,271.3353461,273.3067983,275.2311003,277.0968442,278.8912692,280.6000698,282.2071768,283.6945036,285.0416592,286.2256218,287.2203764,287.9965201,288.5208472,288.7559418,288.6598233,288.1857249,287.2821329,285.8932782,283.9603491,281.4237646,278.2268587,274.3211911,269.6732941,264.2719188,258.1338918,251.3060448,243.8610591,235.8868115,227.47117,218.6856366,209.5707608,200.1242494,190.2903888,179.9475443,168.8888949,156.7891761,143.1453316,127.1689907,107.5903769,82.31367259,47.94264439,0.10965656
2.272436585,223.828837,225.0143687,226.2587655,227.5748607,228.9384075,230.3573819,231.8303557,233.356,234.9328861,236.5594764,238.2341134,239.9550091,241.7202315,243.5276903,245.3751215,247.260069,249.1798646,251.1316056,253.1121294,255.1179848,257.1453996,259.1902438,261.2479882,263.3136564,265.3817713,267.4462926,269.5005462,271.5371426,273.5478834,275.523653,277.4542948,279.3284668,281.1334758,282.8550857,284.4772967,285.982091,287.3491432,288.5554916,289.5751717,290.3788154,290.9332289,291.2009736,291.1399967,290.7033889,289.839395,288.491869,286.6014394,284.1077253,280.9529582,277.0872323,272.4752108,267.1033763,260.985959,254.167016,246.7164881,238.7197692,230.2626735,221.4151522,212.2166725,202.6642119,192.7015181,182.2064323,170.9714449,158.6702527,144.7982034,128.5645262,108.6959711,83.09208752,48.35197763,0.11048913
2.266794671,226.5276002,227.6797963,228.891784,230.1766081,231.509678,232.8991317,234.3435586,235.8416514,237.3920042,238.9931028,240.643315,242.3408787,244.0838891,245.8702849,247.697832,249.5641062,251.4664726,253.4020636,255.3677536,257.3601304,259.375463,261.4096648,263.4582523,265.5162979,267.5783753,269.6384985,271.6900504,273.7257018,275.7373178,277.71585,279.6512117,281.5321348,283.3460027,285.0786588,286.7141845,288.2346446,289.6197951,290.846753,291.8896256,292.7191047,293.3020375,293.6009969,293.5738973,293.1737325,292.3485588,291.041913,289.1939305,286.7435037,283.6318373,279.8076343,275.233755,269.8944607,263.8014031,256.9958449,249.5449224,241.5314402,233.0390174,224.1358887,214.8602601,205.2081933,195.1227076,184.4809213,173.0744199,160.5756117,146.4779393,129.9878239,109.8279754,83.89250605,48.77478956,0.11135265
2.261152757,229.205542,230.3260161,231.5070823,232.7619716,234.0657984,235.4268437,236.8437147,238.315126,239.8396945,241.41593,243.0422255,244.7168453,246.4379124,248.2033946,250.0110889,251.8586031,253.7433368,255.6624585,257.6128807,259.5912315,261.5938227,263.616613,265.6551668,267.7046071,269.7595619,271.8141022,273.8616717,275.8950056,277.9060376,279.8857915,281.8242577,283.7102488,285.5312336,287.2731447,288.9201565,290.4544294,291.8558167,293.1015319,294.1657752,295.0193234,295.6290932,295.9577027,295.963073,295.5981467,294.8108442,293.5444453,291.7386602,289.3317282,286.2639053,282.4825804,277.9488796,272.6448949,266.579723,259.791817,252.3454509,244.3207387,235.7989676,226.8464934,217.5000839,207.7547013,197.5524464,186.769517,175.1963782,162.5039002,148.1833127,131.4378224,110.9855344,84.71432129,49.21076272,0.112246492
2.255510842,231.8613585,232.9519297,234.1037617,235.3302462,236.6062527,237.9401854,239.3306699,240.7764425,242.2761431,243.8283057,245.4313485,247.0835624,248.7830986,250.5279546,252.3159585,254.1447512,256.0117672,257.914212,259.8490372,261.8129127,263.8021941,265.8128871,267.8406059,269.8805266,271.9273335,273.9751579,276.0175077,278.0471865,280.0562009,282.0356525,283.9756146,285.8649879,287.6913346,289.4406863,291.0973212,292.6435086,294.0592139,295.3217651,296.405476,297.2812324,297.9160493,298.2726231,298.3089208,297.9778793,297.2273357,296.0003734,294.2363453,291.8729127,288.8494621,285.1121476,280.6204337,275.3542985,269.3203118,262.5541085,255.117047,247.0864555,238.5411569,229.5454699,220.1345501,210.302078,199.9890482,189.0705413,177.3356877,164.4535725,149.9129064,132.913279,112.1676304,85.55679636,49.65950189,0.113169847
2.249868928,234.4937099,235.5563856,236.6808547,237.8806425,239.1304258,240.4387115,241.8041437,243.2254806,244.7013849,246.2304147,247.8110135,249.4414993,251.1200513,252.8446971,254.6132962,256.4235232,258.272848,260.1585139,262.0775124,264.026556,266.0020457,268.0000354,270.0161909,272.0457434,274.0834358,276.1234625,278.1593986,280.18412,282.1897104,284.1673543,286.1072136,287.9982837,289.8282285,291.5831874,293.2475537,294.8037175,296.2317715,297.5091752,298.6103765,299.5063937,300.1643683,300.5471081,300.6126644,300.3140135,299.598962,298.4104571,296.6875629,294.3674383,291.388681,287.6962916,283.2481479,278.0221739,272.0224454,265.2817749,257.8585589,249.8272493,241.2640778,232.2311719,222.7619046,212.8484953,202.4306469,191.3821284,179.4905237,166.4228879,151.665111,134.4127681,113.3730815,86.41906349,50.12053351,0.114121727
2.244227014,237.1012194,238.1381776,239.2373218,240.4122827,241.6375985,242.921857,244.2637214,245.6619715,247.1152927,248.6222673,250.1813641,251.7909277,253.449166,255.1541365,256.9037306,258.6956567,260.5274207,262.396304,264.2993392,266.2332819,268.1945796,270.1793357,272.1832692,274.201668,276.2293362,278.2605333,280.2889048,282.3074021,284.3081902,286.2825413,288.2207112,290.1117968,291.9435708,293.7022897,295.3724716,296.9366403,298.3750297,299.6652475,300.7818954,301.696148,302.3753003,302.7823041,302.8753331,302.6074478,301.9264764,300.7752902,299.0927329,296.8155372,293.8815936,290.2348319,285.8316215,280.6478947,274.685271,267.9737419,260.5687009,252.5416394,243.966076,234.9017979,225.380229,215.3919515,204.8751941,193.7022229,181.6588664,168.409909,153.4381238,135.9346806,114.6005421,87.30012364,50.59330548,0.115100965
2.2385851,239.682473,240.6960431,241.7720484,242.9241965,244.1269417,245.3889311,246.7088469,248.0854903,249.5175694,251.0036903,252.542347,254.131911,255.7706184,257.4565568,259.1876497,260.9616396,262.7760685,264.6282567,266.5152778,268.4339318,270.3807135,272.351777,274.3428955,276.3494155,278.3662038,280.3875878,282.4072859,284.4183282,286.4129649,288.3825599,290.3174686,292.2068952,294.0387287,295.7993506,297.4734144,299.0435888,300.4902629,301.791209,302.9212017,303.8515945,304.549863,304.9791347,305.0977432,304.8588777,304.2104392,303.0952834,301.4521018,299.2172772,296.328075,292.7274392,288.37031,283.2306946,277.3077978,270.6287967,263.2460463,255.2279993,246.6453451,237.5553864,227.9874364,217.930268,207.320457,196.0285781,183.8385003,170.4125018,155.2299483,137.477224,115.848502,88.19884675,51.07718729,0.116106213
2.232943186,242.236019,243.228662,244.2838432,245.4153183,246.5975134,247.8391126,249.1388172,250.4954496,251.9077401,253.3743185,254.8937038,256.4642941,258.0843537,259.7520004,261.4651896,263.2216979,265.0191039,266.8547667,268.7258019,270.6290542,272.5610662,274.5180438,276.4958158,278.4897884,280.4948932,282.505527,284.515484,286.517876,288.5050415,290.4684407,292.3985331,294.2846364,296.1147621,297.8754255,299.5514245,301.1255841,302.5784618,303.8880104,305.029196,305.9735731,306.6888243,307.1382836,307.2804818,307.0687797,306.4512028,305.3706499,303.7657289,301.5725485,298.7278322,295.1736233,290.8635146,285.7696578,279.8888881,273.2455801,265.8890206,257.8845511,249.299922,240.1898132,230.5812698,220.4610883,209.7640168,198.3587558,186.0270145,172.4283356,157.0383957,139.038423,117.1152884,89.11397255,51.57147054,0.117135944
2.227301271,244.7603685,245.7346557,246.7714365,247.8844848,249.0482554,250.2714462,251.5527782,252.8910942,254.2851466,255.7335884,257.2349635,258.7876961,260.3900788,262.040259,263.7362244,265.4757855,267.2565575,269.0759388,270.9310869,272.8188917,274.7359445,276.6785035,278.6424541,280.6232636,282.6159296,284.6149208,286.6141089,288.60669,290.5850946,292.5408827,294.4646228,296.345751,298.1724084,299.9312514,301.6072313,303.1833404,304.6403173,305.9563104,307.1064954,308.0626493,308.7926871,309.26018,309.4238915,309.2373973,308.6488972,307.6013922,306.0334735,303.8810523,301.0803925,297.5727232,293.3103735,288.2637108,282.4272504,275.8225807,268.4958963,260.5093616,251.927684,242.802788,233.1592995,222.9818765,212.2032696,200.6901266,188.2218036,174.4548849,158.8610859,140.6161221,118.3990669,90.044112,52.07536977,0.118188456
2.221659357,247.2539957,248.2125876,249.2334794,250.3304339,251.4779913,252.6848402,253.9497212,255.2714975,256.6489429,258.0807333,259.565437,261.1015041,262.6872551,264.3208671,266.0003593,267.7235765,269.4881704,271.2915785,273.1310006,275.0033721,276.9053333,278.8331956,280.7829016,282.7499809,284.7294984,286.7159962,288.7034256,290.6850697,292.6534537,294.600241,296.5161133,298.3906305,300.2120692,301.9672338,303.6412384,305.2172522,306.6762075,307.9964626,309.1534205,310.1191013,310.8616771,311.3449859,311.5280593,311.3647294,310.8034197,309.7872912,308.2549852,306.1422906,303.3850948,299.9238992,295.7098537,290.7116156,284.9214332,278.3581297,271.0647892,263.1003389,254.5263463,245.391854,235.7189238,225.4899181,214.6354266,203.0198719,190.4200696,176.4894318,160.6954508,142.2079874,119.6978443,90.9877493,52.58802363,0.119261872
2.216017443,249.715339,250.660963,251.6685442,252.7518042,253.8854255,255.0780646,256.3284816,257.6355594,258.9980929,260.4147803,261.8842139,263.4048696,264.975095,266.5930967,268.2569254,269.9644597,271.7133876,273.501186,275.3250968,277.1821012,279.0688889,280.9818247,282.9169093,284.8697353,286.8354363,288.808629,290.7833463,292.7529604,294.710094,296.6465172,298.5530287,300.4193171,302.2338001,303.9834373,305.6535131,307.2273839,308.6861871,310.0085052,311.1699849,312.1429096,312.8957324,313.3925866,313.5928063,313.4505205,312.9144251,311.9278975,310.429695,308.3555588,305.6410822,302.2261255,298.0607453,293.1119646,287.3698209,280.8503975,273.5936553,265.6552311,257.0934613,247.9543877,238.2573689,227.9823218,217.0575171,205.3449865,192.6188257,178.5290695,162.5387375,143.8115109,121.0094721,91.94324456,53.10849654,0.120354143
2.210375529,252.1428021,253.0782305,254.0751246,255.147135,256.2691434,257.4497512,258.6877376,259.982005,261.3313686,262.7345486,264.1901608,265.696706,267.252559,268.8559552,270.5049765,272.1975351,273.9313551,275.7039524,277.5126114,279.3543586,281.2259337,283.1237551,285.0438822,286.9819712,288.9332255,290.8923377,292.8534237,294.809947,296.75463,298.6793527,300.5750345,302.4314969,304.2373042,305.9795775,307.6437793,309.2134625,310.6699807,311.9921537,313.1558882,314.1337497,314.894496,315.402583,315.6176804,315.4942541,314.9813191,314.0225249,312.5568093,310.5199396,307.8472965,304.478186,300.3616572,295.463177,289.7706306,283.2973915,276.08029,268.1716251,259.626419,250.4875998,240.7716914,230.4560214,219.4663911,207.6622825,194.8149001,180.5707068,164.3880135,145.4240148,122.3316502,92.90883709,53.63578056,0.121463055
2.204733615,254.5347557,255.462783,256.4516371,257.514868,258.6276126,259.7983943,261.0260117,262.3093856,263.6473512,265.03865,266.4819208,267.9756889,269.5183555,271.1081846,272.7432888,274.4216134,276.1409184,277.8987587,279.6924604,281.5190961,283.3754548,285.2580093,287.1628776,289.0857806,291.0219918,292.9662809,294.9128485,296.8552507,298.7863122,300.6980254,302.5814338,304.426496,306.2219275,307.9550173,309.6114131,311.1748731,312.6269773,313.946796,315.1105105,316.0909877,316.8573112,317.374287,317.6019521,317.4951476,317.0032536,316.0702457,314.6353056,312.634299,310.0024746,306.6786703,302.6110144,297.7634964,292.1219109,285.6969553,278.5223275,270.6469481,262.1224484,252.9885379,243.258781,232.9077805,221.8587241,209.9683942,197.0049415,182.6110739,166.2401717,147.0426569,123.6619319,93.88264926,54.16879774,0.122586233
2.1990917,256.8895394,257.8129603,258.7964232,259.8533488,260.9591845,262.122353,263.341672,264.6160803,265.9444325,267.3254906,268.7579158,270.2402574,271.7709425,273.3482631,274.970362,276.6352172,278.3406242,280.0841763,281.8632417,283.6749383,285.5161049,287.3832682,289.2726057,291.1799028,293.1005041,295.0292574,296.9604488,298.8877289,300.8040264,302.7014489,304.5711667,306.4032793,308.1866584,309.9087658,311.5554416,313.1106572,314.5562294,315.8714904,317.0329114,318.0136773,318.7832195,319.306719,319.5446115,319.4521501,318.9791245,318.0698888,316.6639304,314.6972844,312.1051471,308.8259733,304.8070571,300.0109905,294.4215417,288.0467695,280.9172427,273.0784693,264.5786205,255.4540898,245.7153654,235.3341967,224.2310228,212.2597841,199.1854258,184.6467288,168.0919376,148.6644367,124.9977298,94.86269107,54.70640276,0.123721148
2.193449786,259.2054642,260.1270509,261.1077521,262.1608301,263.2620975,264.4198538,265.6329359,266.9002997,268.2208184,269.5932743,271.0163499,272.4886182,274.0085314,275.5744089,277.1844232,278.8365846,280.5287237,282.2584716,284.0232382,285.8201867,287.6462053,289.4978749,291.3714323,293.262728,295.167178,297.0797088,298.9946933,300.9058778,302.8062967,304.6881748,306.5428124,308.360453,310.1301286,311.8394794,313.4745438,315.0195142,316.4564533,317.764967,318.9218296,319.9005611,320.6709605,321.1986086,321.4443689,321.3639427,320.9075715,320.0200395,318.6411994,316.707325,314.1536381,310.9182949,306.9478413,302.2035525,296.6672361,290.3443537,283.2623535,275.4633035,266.9918524,257.8809884,248.1380151,237.7317083,226.5796316,214.5327506,201.3526632,186.6740651,169.9398765,150.2862033,126.3363221,95.84686518,55.247386,0.12486512
2.187807872,261.4808149,262.4032955,263.3838236,264.4354752,265.5344808,266.6889952,267.8978741,269.16009,270.474534,271.8400077,273.2552146,274.7187504,276.2290921,277.7845857,279.3834328,281.0236753,282.7031784,284.4196109,286.1704237,287.952825,289.7637522,291.5998403,293.4573853,295.3323029,297.2200811,299.1157256,301.0136967,302.9078376,304.7912902,306.6563981,308.4945941,310.296269,312.0506187,313.7454665,315.3670551,316.899805,318.3260337,319.6256309,320.7756872,321.7500733,322.5189752,323.0483965,323.2996571,323.2289402,322.7869807,321.9190416,320.5653992,318.6626335,316.1460677,312.9536428,309.0312415,304.3389035,298.8565434,292.5870704,285.5548256,277.7984156,269.3589126,260.265818,250.5231507,240.0966014,228.9007404,216.7834356,203.502807,188.6893209,171.7804023,151.9046628,127.6748597,96.83297266,55.79047686,0.126015331
2.182165958,263.7138531,264.6398902,265.6227725,266.6753621,267.7743593,268.9277528,270.1344167,271.3933395,272.7034295,274.063507,275.4722956,276.9284133,278.4303607,279.9765102,281.5650917,283.1941782,284.8616688,286.5652694,288.3024716,290.070528,291.8664252,293.6868517,295.5281628,297.3863396,299.256942,301.1350552,303.0152281,304.8914013,306.7568255,308.603965,310.424387,312.2086325,313.9460649,315.6246949,317.2309746,318.7495594,320.1630294,321.4515683,322.5925949,323.5603457,324.3254114,324.8542406,325.1086364,325.0452964,324.6154884,323.7650015,322.4345915,320.56121,318.080356,314.929836,311.0549545,306.4145968,300.9868537,294.7721297,287.7916774,280.080627,271.6764278,262.6050214,252.8670506,242.4250185,231.1903938,219.0078343,205.6318634,190.688588,173.6097868,153.5163875,129.0103742,97.81871928,56.3343475,0.127168829
2.176524044,265.9028203,266.8349905,267.8226728,268.8784891,269.9796591,271.1339849,272.3403591,273.5977852,274.905188,276.2614056,277.6651813,279.1151543,280.6098485,282.1476616,283.7268515,285.3455215,287.0016039,288.6928412,290.416765,292.1706722,293.9515977,295.7562836,297.5811443,299.4222259,301.2751605,303.1351133,304.9967216,306.8540249,308.7003832,310.5283832,312.3297286,314.0951127,315.8140697,317.4748012,319.0639743,320.5664847,321.9651828,323.2405555,324.3703611,325.3292155,326.0881313,326.6140228,326.8692015,326.8109108,326.3909884,325.5557949,324.2466196,322.4008483,319.9542282,316.8445109,313.0165056,308.4280241,303.0554041,296.8965959,289.9697869,282.3066229,273.9408908,264.8949083,255.1658597,244.7129678,233.4445012,221.2018054,207.7357017,192.6678229,175.4241702,155.1178259,130.3397866,98.80172231,56.87761689,0.128322541
2.170882129,268.0459419,268.9867153,269.9815425,271.0427797,272.1482138,273.3054405,274.5133704,275.7710215,277.0773341,278.4311637,279.8312724,281.2763198,282.7648526,284.295293,285.8659259,287.4748844,289.1201335,290.7994515,292.5104096,294.2503483,296.0163504,297.8052113,299.6134038,301.4370393,303.2718219,305.1129967,306.9552903,308.792841,310.6191195,312.4268358,314.2078318,315.9529552,317.6519137,319.2931038,320.8634112,322.347978,323.7299315,324.9900701,326.1065023,327.054236,327.8047217,328.325359,328.5789914,328.5234372,328.1111399,327.2890747,325.9991154,324.1791433,321.7652229,318.6951283,314.9132554,310.3764227,305.0592861,298.9573952,292.0859003,284.4729605,276.1486694,267.131665,257.4156001,246.9563342,235.6588473,223.3610827,209.8100663,194.6228583,177.2195724,156.7053126,131.6599167,99.77951792,57.41885513,0.129473279
2.165240215,270.1414303,271.0931519,272.0973496,273.16609,274.2777719,275.4397664,276.6510015,277.9105089,279.217244,280.5700788,281.9677933,283.409067,284.8924683,286.4164434,287.9793036,289.5792109,291.2141623,292.8819715,294.5802484,296.3063764,298.0574861,299.8304253,301.6217253,303.4275621,305.2437118,307.0654997,308.8877412,310.7046745,312.5098812,314.296196,316.0555998,317.7790972,319.4565714,321.0766169,322.6263421,324.0911402,325.4544217,326.6973044,327.7982563,328.7326894,329.4725066,329.9856107,330.2354,330.180295,329.7733787,328.9622811,327.6895103,325.8935005,323.5107009,320.478983,316.742409,312.2568842,306.9954545,300.9513251,294.136641,286.5760793,278.2960168,269.3113649,259.6121819,249.1508906,237.8291051,225.4812874,211.8505889,196.5494156,178.9919051,158.2750807,132.9674928,100.749569,57.95658815,0.130617754
2.159598301,272.1874891,273.1523608,274.168018,275.2462145,276.3660045,277.5345162,278.7506949,280.0135852,281.3221568,282.6752974,284.0718045,285.5103764,286.9896026,288.5079526,290.0637633,291.6552249,293.2803657,294.9370338,296.6228775,298.3353227,300.0715466,301.8284493,303.6026201,305.3902992,307.1873345,308.9891311,310.7905938,312.5860603,314.3692242,316.1330451,317.8696446,319.5701851,321.224728,322.8220679,324.3495398,325.7927923,327.1355247,328.359181,329.4425975,330.3616012,331.0885608,331.5918993,331.8355903,331.7786823,331.3749289,330.572654,329.3150459,327.5411472,325.1878559,322.1932133,318.5010262,314.0663649,308.860738,302.8750643,296.1185202,288.6123116,280.3790827,271.4299808,261.7514158,251.292311,239.9508482,227.5579415,213.8528023,198.4431181,180.7369844,159.8232726,134.2591627,101.7092737,58.48930257,0.131752583
2.153956387,274.1823176,275.1623809,276.1914332,277.2808944,278.4105136,279.5871596,280.8097947,282.0774758,283.389186,284.7438281,286.140216,287.5770666,289.0529895,290.5664767,292.1158898,293.6994469,295.3152064,296.9610506,298.6346653,300.3335178,302.054832,303.7955593,305.5523465,307.3214977,309.0989322,310.8801347,312.6600993,314.4332635,316.1934327,317.9336923,319.6463056,321.3225939,322.9527984,324.5259165,326.0295124,327.4494941,328.7698546,329.9723705,331.036254,331.9377571,332.6497268,333.1411214,333.3765091,333.3155899,332.9128177,332.1172461,330.8727874,329.1191448,326.7937267,323.834814,320.1860331,315.8016972,310.6518501,304.7251844,298.027949,290.5778948,282.3939261,273.4833972,263.8290259,253.3761837,242.019565,229.5864818,215.8121544,200.2995051,182.4505448,161.3459536,135.5315045,102.6559738,59.01545096,0.132874305
2.148314472,276.1241146,277.1212352,278.1654502,279.2678248,280.4088411,281.5950925,282.8255581,284.0993061,285.4153328,286.7725549,288.1698023,289.6058095,291.0792056,292.5885044,294.1320916,295.708212,297.3149539,298.9502327,300.6117709,302.297077,304.0034205,305.7278038,307.4669304,309.217168,310.9745065,312.7345105,314.4922626,316.2423003,317.9785411,319.6941965,321.3816717,323.0324485,324.6369489,326.1843752,327.6625232,329.0575639,330.3537882,331.5333106,332.5757267,333.4577219,334.1526324,334.6299664,334.8549038,334.7878182,334.3838908,333.5929383,332.359638,330.6244035,328.3252113,325.4006486,321.794235,317.4596024,312.3654021,306.4981629,299.8612507,292.4689843,284.3365283,275.4674242,265.8406641,255.3980262,244.0306737,231.562275,217.7240233,202.1140469,184.1282533,162.839125,136.7810387,103.5869644,59.53345721,0.133979393
2.142672558,278.0110834,279.0269367,280.0878995,281.2046637,282.3584784,283.5556476,284.7951665,286.0761144,287.3974995,288.7582522,290.1572175,291.5931467,293.0646879,294.5703757,296.1086193,297.6776895,299.2757037,300.9006096,302.5501659,304.2219215,305.9131907,307.6210264,309.342188,311.0731063,312.8098418,314.5480376,316.2828654,318.0089621,319.7203573,321.4103888,323.0716042,324.6956465,326.2731195,327.7934319,329.2446136,330.613101,331.8834867,333.038228,334.0573097,334.9178588,335.5937107,336.0549356,336.2673413,336.1919948,335.7848294,334.9964561,333.7723554,332.0536969,329.7790811,326.8874645,323.3223308,319.0367044,313.9979168,308.1903964,301.6146748,294.2816675,286.202807,277.3778121,267.781925,257.3533004,245.9795378,233.4806337,219.583733,203.8821601,185.7657243,164.2987377,138.0042401,104.4995032,60.04172221,0.135064262
2.137030644,279.8414359,280.8774942,281.9565949,283.0890399,284.2568761,285.4661051,286.7157381,288.0048645,289.332504,290.6975999,292.0990117,293.5355067,295.0057512,296.5083002,298.0415853,299.6039028,301.1933985,302.8080516,304.4456563,306.103801,307.7798444,309.4708889,311.1737496,312.8849194,314.6005287,316.3162993,318.0274909,319.7288397,321.4144874,323.0778979,324.7117617,326.3078829,327.8570485,329.3488745,330.7716264,332.1120086,333.3549185,334.48316,335.4771127,336.3143516,336.9692204,337.4123623,337.6102272,337.5245934,337.1121691,336.3243878,335.1075682,333.4036797,331.1519975,328.2919085,324.7669278,320.5295447,315.5458429,309.7982155,303.2844118,296.0119788,287.9886322,279.2102667,269.6483618,259.2374282,247.8614821,235.3368325,221.38657,205.5992238,187.3585352,165.7207068,139.1975503,105.3908207,60.53862967,0.136125288
2.13138873,281.6133979,282.6709187,283.7693413,284.9185622,286.1014542,287.3237047,288.5843404,289.8824602,291.2170948,292.5871996,293.9916479,295.4292225,296.8986073,298.3983766,299.9269842,301.4827509,303.0638501,304.6682919,306.2939053,307.9383174,309.5989307,311.2728963,312.9570842,314.6480491,316.3419905,318.0347081,319.7215493,321.3973494,323.0563615,324.6921758,326.2976253,327.8646758,329.3842976,330.8463153,332.239231,333.5500188,334.7638834,335.8639789,336.8310838,337.6432274,338.2752687,338.6984337,338.8798272,338.7819546,338.3623193,337.573203,336.3617951,334.6709041,332.4405287,329.6105428,326.124558,321.9345984,317.005571,311.3179002,304.8666086,297.6559148,289.6898412,280.960466,271.4355025,261.045809,249.6718102,237.126125,223.1277998,207.2605963,188.9022421,167.1009264,140.3573911,106.2581298,61.02255211,0.137158819
2.125746816,283.3252133,284.4052292,285.5239418,286.6908285,287.8896127,289.1256568,290.3980029,291.705759,293.0479658,294.4235905,295.8315195,297.2705506,298.7393842,300.2366136,301.760714,303.3100299,304.8827618,306.4769499,308.0904573,309.7209492,311.3658708,313.0224216,314.6875258,316.3577987,318.0295087,319.6985327,321.3603052,323.0097599,324.6412611,326.2485246,327.8245261,329.361393,330.8502792,332.2812179,333.6429492,334.922718,336.1060382,337.1764168,338.1150347,338.90038,339.5078339,339.9092135,340.0722888,339.9603066,339.5315836,338.7392728,337.5314634,335.8518394,333.6411679,330.8398632,327.391695,323.2482903,318.3734496,312.7456962,306.3573848,299.2094512,291.3022554,282.6240758,273.1388667,262.7738363,251.4058211,238.8437617,224.8026849,208.8616318,190.3923966,168.4352848,141.4801775,107.0986368,61.49185703,0.138161188
2.120104901,284.9751495,286.0784596,287.2182061,288.4034352,289.6187418,290.8691547,292.1537308,293.4715866,294.8217726,296.2032668,297.6149683,299.0556891,300.5241458,302.0189499,303.5385972,305.0814556,306.6457517,308.2295553,309.8307627,311.4470765,313.0759841,314.7147325,316.3602992,318.0093599,319.6582507,321.3029252,322.9389045,324.5612198,326.164346,327.7421245,329.2876729,330.7932799,332.2502831,333.6489246,334.9781825,336.2255738,337.3769227,338.416091,339.324665,340.0815954,340.6627904,341.0406652,341.1836643,341.055788,340.616182,339.8188908,338.6129296,336.9428912,334.7503521,331.9763169,328.564772,324.4670128,319.6458026,314.0778318,307.7528492,300.6685594,292.8216974,284.1967682,274.7539838,264.4169156,253.0588279,240.4850074,226.406502,210.3976983,191.8245619,169.7196796,142.5623311,107.9095517,61.94491309,0.139128728
2.114462987,286.5615015,287.6886649,288.849958,290.0539861,291.2862331,292.5513866,293.8485181,295.1767519,296.5351477,297.9226941,299.3383021,300.7807974,302.2489122,303.7412757,305.2564035,306.7926864,308.3483763,309.921572,311.5102023,313.1120066,314.7245138,316.3450174,317.9705477,319.59784,321.2232974,322.8429494,324.4524028,326.046786,327.6206837,329.168062,330.68218,332.1554875,333.5795051,334.9446836,336.2402396,337.4539622,338.5719868,339.5785312,340.4555889,341.1825764,341.7359325,342.0886764,342.2099344,342.0644703,341.6122722,340.808294,339.6024998,337.9404211,335.7644812,333.0163214,329.6401998,325.5871434,320.8189463,315.3105351,309.0491179,302.0292237,294.2440087,285.6742386,276.2764101,265.9704827,254.6261758,242.04516,227.9345606,211.864195,193.1943302,170.950034,143.6002942,108.6880992,62.38009649,0.140057789
2.108821073,288.0825974,289.2339272,290.4170435,291.6401021,292.8894902,294.1695479,295.4793609,296.8180612,298.1847169,299.5783268,300.9978133,302.4420154,303.90968,305.3994537,306.9098714,308.4393458,309.9861539,311.5484228,313.1241128,314.7109998,316.3066531,317.9084124,319.51336,321.1182896,322.7196711,324.3136087,325.8957943,327.4614526,329.0052775,330.5213588,332.0030967,333.443101,334.8330751,336.1636781,337.4243644,338.6031953,339.6866175,340.6592057,341.5033615,342.1989689,342.7230008,343.0490838,343.1470322,342.9823814,342.515973,341.7036853,340.4964514,338.8407677,336.6799382,333.9562838,330.6143858,326.6050632,321.8892079,316.4400523,310.2423311,303.2874596,295.5650671,287.0522237,277.701748,267.430022,256.1032604,243.5195687,229.3822212,213.2565704,194.4973397,172.1223122,144.5905432,109.4315292,62.79579731,0.140944746
2.103179159,289.5368028,290.7123627,291.9173385,293.1594307,294.4259394,295.7208531,297.0432714,298.3923332,299.7671151,301.1666253,302.5897972,304.0354824,305.5024426,306.9893406,308.4947305,310.0170462,311.5545891,313.1055138,314.6678122,316.2392953,317.8175725,319.4000288,320.9837976,322.5657308,324.1423635,325.7098746,327.2640398,328.8001793,330.3130954,331.7970008,333.2454356,334.6511692,336.0060865,337.3010542,338.5257643,339.6685492,340.7161671,341.6535489,342.4635054,343.1263886,343.619707,343.9176979,343.9908676,343.8055292,343.3233868,342.5012553,341.291054,339.6402671,337.4931096,334.7926205,331.483753,327.5171757,322.8529438,317.4626652,311.3286719,304.4393314,296.7808055,288.3265204,279.0256633,268.7910852,257.4855467,244.9036526,230.7449135,214.57034,195.7292917,173.2325351,145.529603,110.1371277,63.19042591,0.141786021
2.097537245,290.9225256,292.1221275,293.348757,294.6096546,295.8930405,297.2025481,298.5372907,299.896414,301.2790022,302.6840728,304.1105698,305.5573571,307.0232102,308.5068082,310.0067235,311.5214109,313.0491956,314.5882593,316.1366245,317.6921367,319.2524451,320.814979,322.3769224,323.9351842,325.4863645,327.0267154,328.552096,330.0579209,331.5390996,332.9899671,334.4042022,335.7747327,337.0936243,338.3519503,339.5396386,340.6452925,341.6559803,342.5569889,343.3315375,343.9604464,344.4217603,344.6903284,344.7373518,344.5299257,344.0306231,343.1972055,341.9825921,340.3352745,338.2004055,335.5217771,332.2447596,328.3199258,323.7065581,318.3747104,312.3043844,305.4809707,297.8872296,289.4930037,280.2439049,270.0493096,258.7685876,246.1929199,232.0181553,215.8011047,196.8859677,174.2767966,146.4140601,110.802228,63.56241931,0.142578093
2.09189533,292.2382206,293.4614238,294.7092583,295.9885015,297.2882971,298.6119219,299.9585024,301.3271906,302.7170785,304.1271922,305.556486,307.0038355,308.4680301,309.9477642,311.4416283,312.9480977,314.4655207,315.9921056,317.5259048,319.0647983,320.6064736,322.1484042,323.6878236,325.2216973,326.7466893,328.2591242,329.7549434,331.229655,332.6782748,334.0952587,335.4744233,336.8088536,338.0907946,339.3115248,340.461207,341.5287138,342.5014224,343.3649744,344.1029962,344.6967756,345.1248929,345.3628095,345.3824223,345.151611,344.6338219,343.7877703,342.5673865,340.9221854,338.7982805,336.1402488,332.8939183,329.0098186,324.4465214,319.1725971,313.1657918,306.4085946,298.8804365,290.5476451,281.3523225,271.2004375,259.9480427,247.3829858,233.1975707,216.9445684,197.9632468,175.2512793,147.2405772,111.424221,63.91024747,0.143317511
2.086253416,293.482394,294.7285063,295.9968546,297.2937528,298.6092674,299.9463183,301.3040452,302.6816063,304.0781006,305.4925628,306.9239571,308.3711706,309.8330059,311.3081729,312.7952793,314.2928205,315.7991676,317.3125549,318.8310643,320.3526093,321.8749157,323.3954999,324.9116448,326.4203713,327.9184065,329.4021467,330.8676147,332.310411,333.7256567,335.1079272,336.4511758,337.748643,338.992752,340.1749847,341.2857374,342.31415,343.2479067,344.0730021,344.7734678,345.3310575,345.7248858,345.9310247,345.9220669,345.6666769,345.1291767,344.2692399,343.0418161,341.3974564,339.2832544,336.6445995,333.4278158,329.5834386,325.0693896,319.8528259,313.9093149,307.218524,299.7566333,291.4865315,282.3468859,272.240334,261.0196973,248.4695919,234.2789082,217.9965559,198.9571224,176.1522698,148.0059061,112.0005662,64.23241959,0.144000914
2.080611502,294.6536077,295.9216876,297.2096186,298.5232521,299.8535735,301.2031472,302.5711258,303.9566732,305.3588957,306.776836,308.2094679,309.6556899,311.1143175,312.5840753,314.0635884,315.5513716,317.0458185,318.5451888,320.0475936,321.5509793,323.0531091,324.5515422,326.0436097,327.5263874,328.9966647,330.4509086,331.8852224,333.2952977,334.6763598,336.0231026,337.3296142,338.5892896,339.7947282,340.9376137,342.0085734,342.9970128,343.890921,344.6766428,345.3386128,345.8590477,346.2175938,346.3909319,346.3523479,346.0712905,345.5129574,344.6379825,343.4023398,341.7576266,339.6519322,337.0314826,333.8431323,330.0374687,325.5718222,320.4120069,314.5314905,307.9072016,300.5121548,292.3058829,283.2237023,273.165006,261.9794801,249.4486235,235.2580592,218.9530304,199.8637186,176.9761743,148.7069015,112.5288018,64.52749024,0.144625037
2.074969588,295.7504836,297.0393439,298.3456902,299.6749137,301.0189118,302.3798957,303.7570309,305.1494869,306.5563767,307.9767512,309.4095937,310.8538134,312.3082386,313.7716087,315.2425653,316.7196426,318.2012563,319.685691,321.1710864,322.6554215,324.1364965,325.6119123,327.0790479,328.5350332,329.9767189,331.400642,332.802985,334.17953,335.5256047,336.8360203,338.1049985,339.3260868,340.4920589,341.5947983,342.6251613,343.5728164,344.4260545,345.171568,345.7941912,346.2766007,346.5989708,346.7385873,346.6694264,346.3617177,345.7815329,344.8904661,343.6455179,341.9993382,339.9010245,337.29766,334.1366604,330.3687085,325.9506008,320.846878,315.0289887,308.4712103,301.1434814,293.0020708,283.9790352,273.9706199,262.8234815,250.3161284,236.1310748,219.8101105,200.6793071,177.7195335,149.3405339,113.0065552,64.79406532,0.145186733
2.069327673,296.7717076,298.079921,299.4032835,300.7467311,302.103062,303.4741387,304.859139,306.2572383,307.667556,309.089151,310.5210158,311.9620705,313.4111557,314.8670252,316.3283373,317.793645,319.2613857,320.7298688,322.197262,323.6615764,325.1206486,326.572121,328.0134194,329.4417272,330.8539559,332.2467111,333.6162537,334.958455,336.2687442,337.542048,338.7727202,339.9544588,341.08021,342.1420549,343.1310761,344.0372022,344.849023,345.5535749,346.1360882,346.5796949,346.8650932,346.9701692,346.8695845,346.5343454,345.9313932,345.02328,343.7680325,342.1193568,340.0273674,337.4400216,334.3053239,330.5740933,326.2026471,321.1543227,315.3986313,308.9072898,301.6472569,293.571635,284.6093217,274.6535191,263.5479714,251.0683336,236.8941838,220.564087,201.4003225,178.3790369,149.9039023,113.4315528,65.03080791,0.14568298
2.063685759,297.7160334,299.0419386,300.3806931,301.7367839,303.103896,304.4835486,305.8749318,307.2772265,308.6895587,310.1109952,311.5405374,312.9771162,314.4195845,315.8667102,317.317168,318.7695297,320.2222538,321.6736743,323.1219867,324.5652336,326.0012874,327.4278316,328.8423383,330.2420434,331.6239183,332.9846367,334.3205367,335.6275776,336.9012886,338.1367106,339.3283276,340.4699864,341.5548035,342.5750548,343.5220467,344.3859647,345.1556941,345.8186111,346.3603377,346.7644564,347.0121839,347.0820011,346.9492486,346.5857033,345.9591708,345.0331557,343.7667083,342.1145909,340.0279411,337.4556036,334.346196,330.6507111,326.3250404,321.331387,315.6374082,309.2123545,302.0203054,294.0113016,285.1111892,275.2102414,264.149416,251.7016627,237.5438089,221.2114387,202.0233777,178.9515376,150.3942463,113.8016294,65.2364439,0.146110895
2.058043845,298.5822861,299.9239958,301.2763005,302.6432458,304.0193867,305.4059056,306.8020047,308.2068706,309.6196357,311.0393746,312.4650979,313.8957468,315.3301865,316.7671992,318.2054754,319.6436055,321.0800692,322.5132245,323.9412945,325.3623528,326.7743076,328.1748823,329.561595,330.9317336,332.2823284,333.6101202,334.9115234,336.1825839,337.4189298,338.6157146,339.7675505,340.8684312,341.911641,342.8896483,343.7939801,344.6150751,345.3421104,345.9627978,346.4631455,346.8271816,347.0366345,347.0705732,346.9050104,346.5124856,345.861661,344.9169868,343.6385316,341.9821113,339.8998889,337.3416069,334.256517,330.5958204,326.3150345,321.3752965,315.7424944,309.3835095,302.2596476,294.3179986,285.4814723,275.6375354,264.6244943,252.2127521,238.0765826,221.7488486,202.5452788,179.4340651,150.8089584,114.1147376,65.40976734,0.146467749
2.052401931,299.3693659,300.7247757,302.0885797,303.4643914,304.8476155,306.2391059,307.6380769,309.0437202,310.4551753,311.8715242,313.2917866,314.7149144,316.1397848,317.5651939,318.9898484,320.4123569,321.8312202,323.24482,324.6514065,326.0490844,327.4357968,328.8093069,330.1671781,331.5067494,332.8251096,334.1190655,335.3851066,336.6193645,337.8175645,338.9749711,340.0863231,341.1457587,342.1467278,343.081888,343.942984,344.7207041,345.4045126,345.9824522,346.440912,346.7643588,346.9350266,346.9325641,346.7336477,346.3115706,345.6358419,344.6718487,343.3806695,341.719169,339.640535,337.0954145,334.0337111,330.4068668,326.170074,321.2834723,315.7112659,309.4180666,302.3625169,294.4888722,285.7172287,275.932376,264.9701136,252.5984663,238.4893628,222.1732177,202.9630389,179.8238385,151.1455944,114.3689567,65.54964561,0.146750976
2.046760017,300.0762508,301.4430494,302.8161024,304.1986022,305.5867803,306.9811711,308.3810006,309.7854665,311.1937146,312.6048348,314.0178561,315.4317406,316.8453778,318.2575778,319.6670631,321.0724606,322.472292,323.8649624,325.2487492,326.6217875,327.982055,329.3273545,330.6552937,331.9632627,333.2484073,334.5075998,335.7374039,336.9340353,338.0933153,339.2106176,340.2808057,341.2981602,342.2562936,343.1480504,343.9653888,344.6992432,345.3393605,345.8741087,346.2902521,346.5726896,346.7041522,346.6648604,346.4321441,345.9800399,345.2788931,344.2950162,342.9904877,341.3232129,339.2474011,336.7146076,333.6754026,330.0814985,325.8878101,321.0535465,315.5413146,309.3135594,302.326374,294.5213017,285.8157535,276.0919798,265.183425,252.8559129,238.7792469,222.4816796,203.2738916,180.1182784,151.4018846,114.5625002,65.65502423,0.146958183
2.041118102,300.7019999,302.0776801,303.4575433,304.844373,306.2352019,307.630255,309.0287703,310.429951,311.8329499,313.2368647,314.6407335,316.0435292,317.4441533,318.8414298,320.2340973,321.6208008,323.0000825,324.3703714,325.7299713,327.0770476,328.4096125,329.7255076,331.0223849,332.2976842,333.5486083,334.7720938,335.9647774,337.1229579,338.242551,339.319038,340.347405,341.3220728,342.2368139,343.084656,343.8577679,344.5473253,345.1433531,345.634539,346.0080159,346.2491071,346.3410328,346.2645751,345.9977072,345.515197,344.7882133,343.7839813,342.465567,340.7919061,338.7182228,336.1969819,333.1794316,329.6175816,325.4661147,320.6833763,315.230463,309.0677575,302.1489216,294.4129136,285.7745942,276.1138188,265.2618364,252.9824563,238.9435854,222.6716135,203.4753028,180.3150189,151.5757435,114.6937245,65.72493138,0.147087164
2.035476188,301.2457561,302.627627,304.0116845,305.4003174,306.7913307,308.1846517,309.57953,310.975175,312.3707462,313.7653495,315.1580322,316.5477778,317.9335003,319.3140375,320.688144,322.0544829,323.4116173,324.7579993,326.0919593,327.4116929,328.7152461,330.0004993,331.265148,332.5066814,333.7223584,334.909179,336.0638519,337.1827578,338.2619053,339.2968815,340.2827932,341.2141986,342.0850278,342.8884885,343.6169559,344.261843,344.8134472,345.26077,345.591306,345.7907951,345.8429372,345.729066,345.4277859,344.9145834,344.1614368,343.1364691,341.8037196,340.1231412,338.0509646,335.5405616,332.5438677,329.0132139,324.9030951,320.1710583,314.7767775,308.6786799,301.8281172,294.1615948,285.5915633,275.9956338,265.2030266,252.9757304,238.9799946,222.7406563,203.5649832,180.4119173,151.6652788,114.7611352,65.75848213,0.147135907
2.029834274,301.7067482,303.091948,304.4774199,305.8651723,307.2537522,308.6428013,310.0315812,311.4193071,312.8051459,314.1882116,315.5675611,316.9421886,318.3110204,319.6729086,321.0266237,322.3708471,323.7041623,325.025045,326.3318518,327.6228083,328.8959943,330.1493283,331.3805489,332.5871943,333.7665787,334.9157646,336.0315318,337.1103414,338.1482936,339.1410796,340.0839245,340.9715219,341.7979562,342.5566118,343.2400666,343.8399659,344.3468743,344.750101,345.0374947,345.1952037,345.2073977,345.0559508,344.7200861,344.1759947,343.3964486,342.3504527,341.003003,339.3150549,337.2438335,334.7436135,331.7670237,328.2667384,324.1971061,319.5149405,314.1785808,308.1446073,301.3621858,293.765505,285.2647508,275.7354463,265.0049566,252.8336509,238.8863683,222.6867136,203.5408977,180.4070643,151.6687999,114.7633942,65.75488224,0.147102601
2.02419236,302.0842933,303.4698032,304.8537582,306.2378026,307.621192,309.0032964,310.3833886,311.7606906,313.1343765,314.5035688,315.867334,317.2246774,318.5745379,319.9157817,321.2471955,322.567479,323.8752363,325.1689664,326.4470523,327.7077492,328.9491705,330.1692726,331.3658369,332.5364498,333.6784802,334.7890522,335.8650158,336.9029111,337.8989286,338.8488614,339.7480514,340.5913246,341.3729169,342.0863859,342.724508,343.279156,343.7411563,344.100119,344.3442393,344.4600649,344.4322252,344.2431226,343.8725856,343.2974945,342.4913988,341.4241672,340.0617341,338.3660404,336.2952921,333.8046593,330.8474677,327.3767545,323.346762,318.7136341,313.4344634,307.4640932,300.7496308,293.2230875,284.7925349,275.3315697,264.6658805,252.5544254,238.6608877,222.5079699,203.4012758,180.2987926,151.5848256,114.6993251,65.71343159,0.146985649
2.018550446,302.3777986,303.7604573,305.139827,306.517205,307.8925209,309.2648865,310.6335866,311.9978496,313.3568574,314.7097412,316.0555774,317.3933826,318.7221084,320.0406355,321.3477668,322.6422205,323.9226212,325.1874913,326.4352402,327.6641526,328.8723753,330.0579023,331.2185572,332.3519745,333.4555766,334.526549,335.5618103,336.5579789,337.5113335,338.4177679,339.272738,340.0712002,340.8075386,341.4754806,342.0679965,342.5771822,342.9941194,343.3087127,343.5094957,343.5834061,343.5155223,343.2887625,342.8835465,342.2774275,341.4447147,340.3561215,338.9785009,337.2747602,335.2040702,332.7224869,329.7840344,326.3421296,322.3509471,317.7660239,312.543294,306.6359747,299.9892441,292.5330795,284.1735923,274.7826186,264.1843556,252.1365633,238.3020311,222.2028975,203.1446195,180.0856846,151.4120904,114.567919,65.63352731,0.14678367
2.012908531,302.5867631,303.9632815,305.3348748,306.7025114,308.066758,309.4264832,310.7809835,312.1294944,313.4712058,314.8052578,316.1307371,317.4466719,318.7520267,320.0456968,321.3265017,322.5931779,323.844371,325.0786268,326.2943809,327.4899474,328.6635066,329.8130894,330.9365619,332.0316054,333.0956961,334.1260792,335.1197414,336.0733779,336.9833544,337.8456633,338.6558726,339.4090661,340.0997734,340.7218877,341.2685694,341.7321317,342.1039062,342.3740844,342.5315304,342.5635621,342.4556956,342.191352,341.7515272,341.1144307,340.2551124,339.1451097,337.7521732,336.0401556,333.9691748,331.4961606,328.5758344,325.1620084,321.2088255,316.6712776,311.5042284,305.6593807,299.0801152,291.6945209,283.4069064,274.0875183,263.5592504,251.578884,237.808582,221.7702643,202.7697109,179.7665789,151.1495509,114.3683384,65.51466635,0.146495507
2.007266617,302.7107789,304.0777557,305.4382737,306.7929917,308.1430742,309.487163,310.824566,312.1545261,313.4762415,314.7888618,316.0914841,317.3831485,318.6628329,319.9294473,321.1818279,322.41873,323.6388201,324.8406673,326.0227338,327.183363,328.3207683,329.4330177,330.5180189,331.5735002,332.5969903,333.5857938,334.5369644,335.4472728,336.3131702,337.1307458,337.8956776,338.603174,339.247907,339.8239321,340.3245949,340.7424211,341.068986,341.2947606,341.408931,341.3991853,341.2514656,340.9496825,340.4753923,339.8074433,338.921606,337.7902206,336.3819123,334.6614568,332.5898992,330.1250296,327.2222634,323.8358211,319.9198487,315.428854,310.3167173,304.5337403,298.0216387,290.7067615,282.4917756,273.2455111,262.7897521,250.8805239,237.1796357,221.2091402,202.275618,179.3405763,150.7963898,114.0999212,65.35644775,0.146120232
2.001624703,302.7495319,304.1034697,305.4495213,306.7880556,308.1207952,309.4461708,310.7635022,312.07204,313.370991,314.6595148,315.9367191,317.2016564,318.4533179,319.690629,320.9124428,322.1175335,323.3045887,324.4722012,325.6188592,326.7429361,327.8426777,328.9161894,329.9614199,330.9761441,331.9579426,332.9041788,333.8119722,334.6781679,335.4993011,336.2715561,336.9907182,337.6521185,338.2505677,338.7802798,339.2347815,339.6068054,339.888164,340.0696008,340.140615,340.0892545,339.9018755,339.5628642,339.0543212,338.355715,337.4435165,336.2908456,334.8671785,333.1381901,331.065831,328.6087358,325.7230091,322.3632908,318.4837634,314.0385093,308.9805135,303.2587889,296.8135205,289.5694677,281.4278182,272.2561632,261.8753724,250.0409422,236.4146049,220.5189024,201.6617002,178.8070439,150.3520205,113.762184,65.15857439,0.145657151
1.995982789,302.7028032,304.0401244,305.3682418,306.6872548,307.9994027,309.3029221,310.5971445,311.8813287,313.1546907,314.4164001,315.665576,316.9012833,318.1225272,319.3282486,320.5173178,321.6885281,322.8405885,323.9721154,325.0816237,326.1675159,327.2280711,328.2614311,329.2655858,330.2383562,331.1773742,332.0800612,332.9436017,333.7649138,334.5406153,335.2669836,335.9399097,336.5548439,337.106733,337.5899455,337.9981845,338.3243843,338.5605882,338.6978046,338.7258367,338.6330819,338.4062983,338.030333,337.4878148,336.7588132,335.820478,334.6466857,333.2077381,331.4701843,329.3968576,326.9472197,324.0780574,320.7444394,316.9006161,312.5003034,307.4956767,301.8345735,295.4557832,288.2826269,280.2149784,271.1193686,260.8159517,249.0599252,235.5132239,219.6992397,200.9276114,178.1656186,149.8160899,113.3548239,64.92085434,0.145105806
1.990340875,302.5704692,303.8875325,305.1941871,306.4902838,307.7785363,309.0570042,310.3250309,311.5818838,312.8267885,314.0589251,315.2774244,316.4813641,317.6697639,318.8415803,319.9957013,321.1309396,322.2460256,323.3395998,324.4102034,325.4562687,326.4761075,327.4678982,328.4296716,329.3592941,330.2544488,331.1126141,331.9310385,332.7067122,333.4363338,334.1162724,334.7425219,335.3106497,335.8157351,336.2522975,336.6142118,336.8946083,337.0857549,337.178917,337.1641928,337.0303188,336.7644419,336.3518561,335.775701,335.0166278,334.0524433,332.8577562,331.4036682,329.6575763,327.5831719,325.1407252,322.2876968,318.9795917,315.1707585,310.814603,305.8625776,300.2614569,293.9487697,286.8465516,278.8535288,269.835353,259.6116629,247.9375891,234.4755513,218.7501545,200.0733028,177.4162094,149.18848,112.8777203,64.64320175,0.144465975
1.98469896,302.3525018,303.6456188,304.9272372,306.1969806,307.4579939,308.7081773,309.9468861,311.173397,312.3869454,313.5867223,314.7718709,315.941482,317.09459,318.2301676,319.3471207,320.4442817,321.5204027,322.5741485,323.6040868,324.6086796,325.5862714,326.5350772,327.4531683,328.3384564,329.1886751,330.001359,330.7738198,331.5031187,332.1860337,332.8190233,333.3981827,333.9191934,334.3772642,334.7670614,335.0826269,335.317282,335.4635121,335.5128322,335.4556262,335.2809588,334.9763533,334.5275353,333.9181381,333.1293751,332.1396873,330.9243908,329.4553604,327.7008138,325.6252752,323.1898032,320.3525218,317.0693789,313.2948496,308.9820857,304.0819009,298.5401196,292.2931454,285.2618812,277.3440732,268.4046751,258.2630127,246.674382,233.301972,217.671965,199.0990243,176.5589986,148.4693091,112.3309358,64.32563729,0.143737678
1.979057046,302.0489686,303.3144203,304.5674001,305.8073269,307.0377319,308.2563746,309.462622,310.6557603,311.8350355,312.9996501,314.1487596,315.2814688,316.3968271,317.4938238,318.5713829,319.6283568,320.66352,321.6755611,322.6630751,323.6245534,324.5583735,325.4627866,326.3359046,327.1756839,327.9799081,328.7461675,329.4718362,330.1540446,330.7896493,331.3751964,331.9068799,332.380493,332.7913704,333.1343217,333.4035515,333.5925658,333.6940616,333.6997954,333.6004278,333.3853404,333.0424202,332.5578095,331.9156178,331.0976002,330.0828095,328.8472435,327.3635229,325.600658,323.5239796,321.095313,318.2734348,315.0147401,311.273858,307.0037404,302.1546463,296.6715614,290.4898993,283.5295832,275.6875466,266.8282279,256.7708418,245.2710841,231.9931967,216.4653044,198.0053241,175.5944416,147.6589317,111.7147154,63.96828811,0.142921172
1.973415132,301.6600322,302.8940855,304.1148119,305.321447,306.5178649,307.7017016,308.8723363,310.0290654,311.1711456,312.2977914,313.4081715,314.5014046,315.5765558,316.6326313,317.6685736,318.6832556,319.675474,320.6439421,321.5872819,322.5040145,323.3925503,324.2511768,325.0780461,325.8711592,326.628349,327.347261,328.0253305,328.6597567,329.2474726,329.7851104,330.2689609,330.694926,331.0584636,331.3545223,331.5774647,331.7209766,331.7779595,331.7404036,331.5992369,331.3441472,330.9633721,330.4434553,329.768965,328.9221776,327.8827344,326.6272894,325.1291813,323.3581843,321.2804084,318.8584235,316.0516463,312.8169229,309.1090616,304.8808679,300.0821286,294.6571012,288.5403436,281.6509521,273.8852148,265.1072369,255.1363243,243.728806,230.5502609,215.1311204,196.7930476,174.5232655,146.7579375,111.0294867,63.57138737,0.142016953
1.967773218,301.1859503,302.3848743,303.5697351,304.739608,305.8986643,307.0444352,308.1763123,309.2936023,310.3955736,311.481453,312.5504226,313.6016158,314.6341136,315.6469397,316.6390555,317.6093546,318.5566562,319.4796987,320.3771311,321.2475044,322.089262,322.9007276,323.6800933,324.4254043,325.1345427,325.8052082,326.4348967,327.0208748,327.5601507,328.0494409,328.4851307,328.8632284,329.1793116,329.4284644,329.6052026,329.703386,329.7161145,329.6356039,329.4530404,329.1584068,328.7402787,328.1855858,327.4793371,326.60431,325.5407111,324.2658242,322.7536778,320.9747811,318.8959954,316.4806122,313.6886747,310.4774823,306.8020472,302.6150798,297.8659762,292.4983752,286.446112,279.6276079,271.9386723,263.2432584,253.360965,242.048987,228.9745224,213.6706721,195.4633351,173.3464672,145.767149,110.2758574,63.13527332,0.141025753
1.962131303,300.6270741,301.7871564,302.9325584,304.0622171,305.1805566,306.2850216,307.3750159,308.4498574,309.5088263,310.5511623,311.5760615,312.5826725,313.5700926,314.5373633,315.4834653,316.4073133,317.3077496,318.1835375,319.0333534,319.8557785,320.649289,321.412245,322.1428783,322.839278,323.4993748,324.1209224,324.701476,325.2383688,325.7286828,326.169217,326.5564492,326.8864912,327.1550375,327.3573036,327.4879541,327.5410175,327.509785,327.3866908,327.1631696,326.8294885,326.3745478,325.7856483,325.0482219,324.1455266,323.0583105,321.7644613,320.238669,318.4521482,316.372483,313.963663,311.1863435,307.9982785,304.3547074,300.2082957,295.5081286,290.1973341,284.2091567,277.4614928,269.8498385,261.2381756,251.4465958,240.2333904,227.2676574,212.0855261,194.0176175,172.0653096,144.687619,109.4546137,62.66038793,0.139948538
1.956489389,299.983848,301.1014104,302.2037941,303.2898207,304.3641218,305.4240741,306.4690938,307.4985102,308.511616,309.5076645,310.4858661,311.4453849,312.3853351,313.3047765,314.2027095,315.0780702,315.9297242,316.7564601,317.5569821,318.3299016,319.0737275,319.7868564,320.4675595,321.11397,321.7240664,322.2956557,322.826352,323.3135535,323.7544151,324.1458164,324.4843256,324.7661556,324.9871144,325.1425454,325.2272572,325.2354417,325.160575,324.9953018,324.7312962,324.3590986,323.8679211,323.2454203,322.4774336,321.5476787,320.4374221,319.1251292,317.5861227,315.7922929,313.7119186,311.3096626,308.5467779,305.3814734,301.7692373,297.6627396,293.0108322,287.756239,281.8317434,275.1548661,267.6209533,259.0941937,249.39537,238.2840988,225.4316549,210.3775517,192.457612,170.681317,143.5206262,108.5667163,62.1472751,0.138786502
1.950847475,299.2568079,300.3282217,301.3840769,302.4231015,303.4500904,304.4623701,305.4593695,306.44043,307.4048573,308.3519184,309.2808387,310.1907985,311.0809292,311.9503092,312.7979591,313.6228369,314.4238316,315.1997577,315.9493471,316.6712414,317.3639829,318.0260041,318.6556161,319.2509951,319.8101677,320.3309933,320.8111441,321.2480824,321.6390345,321.9809591,322.2705126,322.5040065,322.6773593,322.7860384,322.8249923,322.7885705,322.6704279,322.4634116,322.1594264,321.7492749,321.2224683,320.5670041,319.7691072,318.8129351,317.6802489,316.3500656,314.7983124,312.9975255,310.9166494,308.5209961,305.7724003,302.6295255,299.0481297,294.9809344,290.3766351,285.1776555,279.3164463,272.7102987,265.2545705,256.8138334,247.2097566,236.2035071,223.4688106,208.5489141,190.7853155,169.1962699,142.2676705,107.6132977,61.59657842,0.137541062
1.945205561,298.4465795,299.4682811,300.474161,301.462876,302.4393399,303.4008474,304.34684,305.2766717,306.1896617,307.0850914,307.9622015,308.820189,309.6582029,310.4753408,311.2706438,312.043092,312.7915986,313.5150037,314.2120675,314.8814621,315.5217629,316.1314386,316.7088397,317.2521857,317.7595505,318.2288453,318.6577999,319.0439397,319.3845607,319.6766994,319.9170982,320.1021649,320.2279254,320.2899674,320.2833748,320.2026496,320.0416188,319.7933248,319.4498938,319.0023799,318.4405809,317.75282,316.9256925,315.943775,314.7893007,313.4418118,311.8778117,310.0704531,307.9893173,305.6003406,302.8659239,299.7451838,296.1941681,292.1656958,287.6083804,282.4644473,276.6661405,270.1306655,262.7535504,254.3999232,244.8925316,233.9943153,221.3817187,206.602067,189.0029975,167.6121975,140.9304669,106.5956566,61.00903854,0.136213856
1.939563647,297.5538775,298.5223821,299.4749176,300.4100911,301.3328918,302.2406004,303.1326711,304.008471,304.8673332,305.708554,306.5313902,307.3350556,308.1187176,308.881493,309.6224442,310.3405737,311.0348189,311.7040463,312.3470442,312.9625156,313.549069,314.1052093,314.6293264,315.1196827,315.574399,315.9914382,316.3685862,316.703431,316.993337,317.2354167,317.4264969,317.5630789,317.641293,317.6568438,317.6049462,317.4802493,317.2767464,316.9876674,316.6053509,316.1210924,315.5249633,314.8055982,313.9499455,312.9429809,311.7673866,310.4032048,308.8274866,307.013972,304.9328505,302.550658,299.8303454,296.7314807,293.2104201,289.2201246,284.7091981,279.6197681,273.883994,267.4191371,260.1210513,251.8555906,242.44677,231.6595184,219.1732631,204.5397438,187.1131918,165.9313708,139.5109393,105.5152536,60.38549018,0.134806732
1.933921732,296.5795024,297.4914189,298.3873321,299.265821,300.1319074,300.9828754,301.8181922,302.6372384,303.4393617,304.2238737,304.9900475,305.7371144,306.4642605,307.1706226,307.8552843,308.5172712,309.1555452,309.7689993,310.3564504,310.9166323,311.4481869,311.9496552,312.4194664,312.8559255,313.2572001,313.6213039,313.9460786,314.2291734,314.4680201,314.6598057,314.801439,314.8895128,314.920259,314.8894954,314.7925636,314.6242549,314.3787224,314.0493764,313.6287593,313.1083974,312.4786238,311.7283696,310.8449194,309.8136287,308.6176062,307.2373684,305.6504868,303.8312596,301.7504558,299.3751868,296.6689368,293.5917231,290.1002282,286.1475977,281.682497,276.647052,270.9734582,264.57917,257.3605192,249.184252,239.8758345,229.2023975,216.8466074,202.3649477,185.1186868,164.1562935,138.0112126,104.3737046,59.7268587,0.13332174
1.928279818,295.5243398,296.3763833,297.2125004,298.0312626,298.8376829,299.6290658,300.4048912,301.1645542,301.9074171,302.6328076,303.3400156,304.0282903,304.6968368,305.3448124,305.9713225,306.5754157,307.1560792,307.7122326,308.2427216,308.7463109,309.221676,309.667394,310.0819332,310.4636413,310.810732,311.1212692,311.39315,311.6240837,311.8115684,311.9528638,312.0449592,312.0845364,312.0679258,311.9910552,311.8493887,311.6378549,311.3507606,310.9816893,310.5233788,309.9675758,309.3048633,308.5244548,307.6139546,306.5590785,305.3433395,303.9477039,302.3502362,300.5257642,298.4456088,296.0774321,293.3852356,290.3294831,286.8672001,282.9517587,278.5319534,273.5500036,267.9382571,261.6144957,254.4756772,246.3896013,237.1833649,226.626507,214.4051834,200.0809408,183.0225157,162.2896925,136.4336045,103.1727752,59.03415639,0.131761129
1.922637904,294.3893568,295.178362,295.9516255,296.7077323,297.4516454,298.1807063,298.8944084,299.5921609,300.273342,300.9372954,301.5833284,302.2107085,302.8186605,303.4063624,303.9729416,304.5174705,305.0389615,305.5363612,306.0085444,306.454307,306.8723579,307.2613104,307.619672,307.9458325,308.2380516,308.4944431,308.7129584,308.8913661,309.0272294,309.1178794,309.160384,309.1515114,309.0876882,308.9649486,308.7788752,308.5245287,308.1963643,307.7881314,307.2927549,306.7021922,306.0072641,305.1974531,304.2606665,303.1829621,301.9482355,300.5378784,298.9304216,297.1011947,295.022043,292.6611553,289.9830342,286.948587,283.5151984,279.6365064,275.2615011,270.3325865,264.7823759,258.5291089,251.4705128,243.4755979,234.3732655,223.9356634,211.8526791,197.6912319,180.8279443,160.3345078,134.7806165,101.9143728,58.30847834,0.130127332
1.91699599,293.1756008,293.8985331,294.6060137,295.2966605,295.9753469,296.6394678,297.2885298,297.9219573,298.5391441,299.139451,299.7222028,300.286686,300.8321451,301.3577795,301.8627389,302.34612,302.8069604,303.2442342,303.6568454,304.0436212,304.4033042,304.7345438,305.0358864,305.3057641,305.5424819,305.7442032,305.9089329,306.0344982,306.1185262,306.1584178,306.1513175,306.0940784,305.9832199,305.8148796,305.5847547,305.2880333,304.9193131,304.4725028,303.9407061,303.3160817,302.5896768,301.7512291,300.7889338,299.6891717,298.4362003,297.011813,295.3949812,293.5615086,291.4837383,289.1303622,286.4663682,283.4531038,280.0483281,276.2059831,271.8753183,266.9990106,261.5100484,255.3272547,248.3492653,240.4464529,231.4496916,221.1339312,209.193025,195.1995642,178.5384598,158.2938808,133.0549243,100.6005398,57.55099811,0.128422959
1.911354076,291.8841958,292.5381635,293.1770706,293.7995873,294.4104594,295.0071507,295.589181,296.1559903,296.7069887,297.2415542,297.7590298,298.2587213,298.7398935,299.2017671,299.6435151,300.0642582,300.4630599,300.838922,301.1907779,301.5174861,301.817823,302.0904743,302.3340251,302.5469495,302.7275977,302.8741819,302.9847601,303.0572172,303.0892427,303.0783063,303.0216276,302.9161416,302.7584588,302.5448165,302.2710226,301.9323885,301.5236483,301.0388639,300.4713097,299.8133363,299.0562063,298.1898999,297.2028843,296.081846,294.811384,293.3736702,291.7480914,289.9108993,287.8349084,285.4892909,282.8395042,279.8473328,276.4709242,272.6645617,268.377815,263.5537193,258.125743,252.0134143,245.1164114,237.3066153,228.4170351,218.2256088,206.4303806,192.609901,176.157757,156.1711428,131.2593673,99.23344532,56.76296304,0.126650786
1.905712161,290.5163405,291.0986045,291.6662965,292.2181577,292.7587691,293.2856786,293.7984194,294.2964475,294.7791897,295.2460416,295.6963649,296.1294849,296.5446871,296.9412143,297.3182626,297.6749771,298.0104479,298.3237042,298.6137092,298.879353,299.1194458,299.3327093,299.5177676,299.6731364,299.7972107,299.8882513,299.9443685,299.9635038,299.9434086,299.8816196,299.7754296,299.6218541,299.4175915,299.158976,298.8419228,298.4618615,298.0136579,297.4915202,296.8888864,296.1982896,295.4111974,294.5178195,293.5068808,292.3653562,291.0781663,289.6278395,287.9941537,286.1537827,284.0799872,281.7423978,279.1069258,276.1357894,272.7875384,269.0168319,264.7736191,260.0013746,254.6341487,248.5922907,241.7766501,234.0607565,225.2799093,215.2152132,203.5691192,189.9264119,173.6897249,153.9698022,129.3969378,97.81537661,55.94568933,0.124813743
1.900070247,289.0733052,289.5812886,290.0752823,290.5541158,291.0221701,291.4770917,291.9184273,292.3456492,292.7582013,293.1554974,293.536918,293.9018085,294.2494754,294.5791839,294.8901534,295.1815541,295.4525024,295.7020557,295.9292067,296.1328776,296.3119122,296.4650684,296.591009,296.6882912,296.7553545,296.7905077,296.7919128,296.7575673,296.6852831,296.5726628,296.4170708,296.215601,295.9650371,295.6618077,295.3019311,294.8809513,294.3938604,293.8350069,293.1979848,292.4755016,291.659219,290.7395645,289.7055063,288.544291,287.2411421,285.7789231,284.1377795,282.2947825,280.2236148,277.8943437,275.2733201,272.3231919,269.0029243,265.2675859,261.0675612,256.3468429,251.0401594,245.068793,238.3348874,230.7137548,222.0431332,212.1074645,200.6138119,187.1534568,171.1384322,151.6935314,127.4707697,96.34873042,55.10055686,0.122914904
1.894428333,287.5564284,287.9877258,288.4057046,288.8092996,289.2026586,289.5835399,289.9515041,290.3060399,290.6466091,290.9726436,291.2835435,291.5786742,291.8573641,292.1189005,292.362527,292.5874388,292.792779,292.9776331,293.1410241,293.2819056,293.3991557,293.4915682,293.5578446,293.5965831,293.6062679,293.5852549,293.5317575,293.4438281,293.3193383,293.1559551,292.9511132,292.7019826,292.4054304,292.0579763,291.6557386,291.1943713,290.668988,290.0740716,289.4033652,288.649742,287.8050483,286.8599175,285.8035476,284.6234411,283.305106,281.8317207,280.1837755,278.3387157,276.2706224,273.9499792,271.343562,268.4144456,265.1220225,261.4218027,257.2646598,252.5951785,247.3488583,241.4480203,234.7962195,227.2706784,218.7117145,208.9072688,197.569212,184.2955709,168.5081127,149.346153,125.4841263,94.83600373,54.2290039,0.120957476
1.888786419,285.9671145,286.3194993,286.659321,286.9856358,287.3023261,287.6072755,287.900058,288.1801798,288.4471202,288.7003301,288.9392291,289.1632035,289.3716032,289.5637386,289.7388772,289.8962398,290.0349963,290.1542607,290.2530859,290.3304577,290.3852879,290.4164066,290.4225537,290.4023685,290.3543789,290.2769881,290.1684599,290.0269011,289.8502419,289.6362125,289.3823162,289.0857974,288.7436043,288.3523449,287.9082342,287.4070323,286.8439696,286.2136577,285.509982,284.7259734,283.8536537,282.8838507,281.8059791,280.6077825,279.2750361,277.7912132,276.1371278,274.2905765,272.2260167,269.9143284,267.3226994,264.4146278,261.149945,257.4846328,253.3701046,248.7516081,243.5655012,237.7352447,231.1659159,223.7367683,215.2908326,205.6197015,194.4402376,181.3574479,165.8031493,146.9316258,123.4403883,93.27978424,53.33252152,0.118944783
1.883144504,284.3068299,284.5782615,284.8379651,285.0851333,285.3233532,285.5506458,285.7665988,285.9707358,286.1625544,286.3415245,286.5070858,286.6586456,286.7955756,286.9172095,287.0228392,287.1117112,287.1830223,287.2359153,287.2694732,287.2827139,287.274583,287.2439468,287.1895835,287.1101732,287.0042875,286.8703762,286.706753,286.5115782,286.2828396,286.0183298,285.7156188,285.3720239,284.9845719,284.5499566,284.0644868,283.5240246,282.9239128,282.2588863,281.5229664,280.7093341,279.8101774,278.8165084,277.7179461,276.5024604,275.1560772,273.6625464,272.0029853,270.1555203,268.0949637,265.7925738,263.215937,260.3289715,257.091959,253.4613815,249.3892404,244.8215133,239.6954993,233.9358941,227.4494019,220.117421,211.7858207,202.2499895,191.2319545,178.3439234,163.0280586,144.4540303,121.3430414,91.68274069,52.41264797,0.116880254
1.87750259,282.5771005,282.7657302,282.9435418,283.1098781,283.2680029,283.4160859,283.5537288,283.6804728,283.7958341,283.8993019,283.9903363,284.0683656,284.1327842,284.1829489,284.2181762,284.2377385,284.24086,284.226712,284.1944081,284.142998,284.0714615,283.9787008,283.8635322,283.7246766,283.5607487,283.3702447,283.1515274,282.9028101,282.6221374,282.3073625,281.9561213,281.5658019,281.133508,280.6560166,280.1297268,279.5505997,278.9140858,278.2150382,277.4476082,276.6051197,275.6799183,274.6631901,273.5447468,272.3127712,270.9535241,269.4510144,267.7866434,265.9388469,263.8827726,261.5900391,259.0286193,256.162849,252.9534701,249.3574921,245.3275498,240.8104137,235.7444019,230.0555343,223.6522404,216.4181699,208.202148,198.803493,187.9495586,175.2599578,160.1874743,141.9175537,119.195663,90.04761291,51.4709629,0.114767414
1.871860676,280.7795075,280.8836841,280.9780216,281.0620268,281.1386135,281.2061111,281.264135,281.3122445,281.3499747,281.3768343,281.392304,281.3958336,281.38684,281.3647036,281.3287658,281.278325,281.2126327,281.1308892,281.0322383,280.9157622,280.7804743,280.6253128,280.4491321,280.2506935,280.0286548,279.7815576,279.5078137,279.2056886,278.8732825,278.5085085,278.1090669,277.6724149,277.195731,276.675873,276.1093277,275.4921515,274.8198987,274.0875358,273.289338,272.4187653,271.468313,270.429332,269.2918151,268.0441453,266.6728038,265.1620418,263.4935262,261.6459838,259.5948783,257.3121725,254.7662145,251.9217547,248.7400053,245.1785289,241.190636,236.7239491,231.7178782,226.0998512,219.780114,212.644667,204.5454007,195.2856878,184.5983576,172.1106188,157.2861311,139.3264748,117.0019099,88.37720178,50.50908147,0.112609867
1.866218762,278.9156848,278.9339585,278.9434364,278.943801,278.9375922,278.923309,278.9005805,278.8689844,278.8280747,278.77738,278.7164019,278.6446118,278.5614493,278.4663188,278.3585865,278.2375769,278.1025693,277.9527928,277.7874217,277.6055703,277.4062859,277.1885426,276.9512326,276.6931575,276.4130176,276.1094,275.7807645,275.4254281,275.0415459,274.6270898,274.1798231,273.6972706,273.1766836,272.6149986,272.0087872,271.354198,270.6468851,269.8819237,269.0537078,268.155827,267.1809185,266.120489,264.9647024,263.7021295,262.3194582,260.8011664,259.1291701,257.2824685,255.2368247,252.9645297,250.4342966,247.6112882,244.457196,240.9301595,236.984205,232.5678617,227.6216996,222.0746317,215.8388058,208.8026645,200.8212639,191.7021459,181.1837531,168.9010642,154.3288481,136.6851493,114.7655044,86.67435907,49.52864847,0.110411283
1.860576848,276.9873153,276.9184412,276.8418732,276.757481,276.6674082,276.5703323,276.4658964,276.3536964,276.2333058,276.1042734,275.9661214,275.8183434,275.6604017,275.4917248,275.311704,275.1196902,274.9149901,274.696862,274.4645107,274.2170824,273.9536585,273.6732488,273.3747832,273.0571032,272.7189515,272.3589598,271.9756359,271.5673472,271.1323032,270.6685334,270.1738627,269.6458821,269.0819142,268.4789715,267.8337084,267.142362,266.400683,265.6038508,264.7463732,263.8219632,262.823393,261.7423166,260.5690592,259.2923685,257.8991258,256.3740216,254.699205,252.8539315,250.8142469,248.5527566,246.0385288,243.2371366,240.1107599,236.6181373,232.7140475,228.3479779,223.4617209,217.9857463,211.8341813,204.8979953,197.0355022,188.0585175,177.7112223,165.6365236,151.3205119,133.997994,112.4902218,84.94197722,48.5313324,0.108175387
1.854934933,274.9961275,274.8390679,274.6754698,274.5054,274.3305856,274.1498909,273.9629728,273.769446,273.5689033,273.3609138,273.1450209,272.9207402,272.6875571,272.4449242,272.1922579,271.9289356,271.6542917,271.3676135,271.0681364,270.7550387,270.4274355,270.0843722,269.7248163,269.347649,268.9516548,268.53551,268.0977695,267.6368507,267.1510164,266.6383527,266.0967453,265.5238497,264.9170579,264.2734567,263.5897804,262.8623524,262.0870159,261.259051,260.373074,259.4229161,258.4014776,257.3005521,256.1106173,254.8205869,253.4175241,251.8863185,250.2093377,248.3660784,246.3328539,244.0825714,241.5846453,238.8050574,235.706484,232.2482834,228.3860215,224.0701903,219.2438622,213.8391292,207.7721694,200.9365552,193.1939416,184.3605124,174.1862997,162.3222814,148.2660599,131.269472,110.1798768,83.18297921,47.51881951,0.105905942
1.849293019,272.9438919,272.6978182,272.4464092,272.1899378,271.9296968,271.6647442,271.3947511,271.1193508,270.8381559,270.5507556,270.2567149,269.9555714,269.6468337,269.3299785,269.0044477,268.669645,268.3249327,267.969627,267.6029938,267.2242436,266.8325251,266.426919,266.0064304,265.5699797,265.1163931,264.6443909,264.1525746,263.6394111,263.1032154,262.5421296,261.9540986,261.3368415,260.6878177,260.0041868,259.2827603,258.5199452,257.7116743,256.8533244,255.939616,254.964493,253.9209779,252.8009968,251.5951711,250.2925714,248.8804315,247.3438279,245.6653336,243.8246721,241.7984111,239.5597476,237.0784345,234.3208606,231.2502065,227.8264696,224.0060339,219.7404392,214.9740903,209.6407607,203.6587436,196.924283,189.3024499,180.6138806,170.6145586,158.9636588,145.1704639,128.5040772,107.8383108,81.40030844,46.49280795,0.10360674
1.843651105,270.8324177,270.4967111,270.1569145,269.8135153,269.4673556,269.1176939,268.7642152,268.406572,268.0443961,267.6772977,267.3048628,266.9266514,266.5421955,266.1509959,265.7525199,265.3461977,264.9314193,264.50753,264.0738262,263.6295501,263.1738843,262.7059446,262.2247731,261.7293296,261.2184815,260.6909925,260.1455103,259.5805505,258.9944799,258.3854953,257.7516,257.0905751,256.3999462,255.6769433,254.9184537,254.120965,253.2804968,252.3925189,251.451852,250.452548,249.3877457,248.2494971,247.02856,245.7141525,244.2936695,242.752363,241.0729991,239.2355158,237.2167229,234.9900965,232.525721,229.7903912,226.7477996,223.3585999,219.5800228,215.364695,210.6584009,205.3966483,199.4999033,192.8671425,185.3669189,176.824395,167.0015936,155.5659966,142.0387137,125.7063194,105.4693784,79.59691868,45.45500191,0.101281585
1.838009191,268.6635495,268.2378006,267.8092439,267.378588,266.9462105,266.5115762,266.0743839,265.6343048,265.1909909,264.7440729,264.2931581,263.837829,263.3776407,262.9121184,262.4407548,261.9630065,261.4782913,260.9859835,260.4854098,259.9758444,259.4565031,258.926537,258.385025,257.8309657,257.2632674,256.6807371,256.0820677,255.4658233,254.8304213,254.1741128,253.4949581,252.7907992,252.0592264,251.2975386,250.5026966,249.6712663,248.7993515,247.8825116,246.9156638,245.8929634,244.8076605,243.651927,242.4166497,241.0911867,239.6630847,238.1177612,236.4381643,234.6044354,232.5936152,230.3794497,227.9323485,225.2195123,222.2051518,218.8505931,215.1139398,210.94894,206.3027997,201.1128086,195.3016558,188.7711039,181.393245,172.9978321,163.3530021,152.134638,138.8758007,122.8807099,103.0769355,77.77576425,44.40710593,0.098934283
1.832367277,266.4391636,265.9231716,265.4056853,264.8876405,264.3689385,263.8492548,263.328302,262.8057706,262.2813324,261.7546384,261.2253178,260.6929753,260.1571893,259.6175093,259.0734533,258.5245044,257.9701081,257.4096675,256.8425397,256.2680306,255.6853892,255.0938015,254.4923831,253.8801711,253.2561141,252.6190621,251.967753,251.3007981,250.6166654,249.9136588,249.1898951,248.4432758,247.6714545,246.8717976,246.0413372,245.1767157,244.2741181,243.3291909,242.3369439,241.2916321,240.1866119,239.0141697,237.7653153,236.4295393,234.9945319,233.4458671,231.7666657,229.937262,227.9349182,225.7336419,223.3041631,220.6140874,217.6281507,214.3083659,210.6137324,206.4991506,201.9132853,196.7952491,191.0699976,184.6421254,177.3873123,169.139955,159.6743674,148.6749116,135.6867021,120.0317463,100.6648257,75.93979037,43.35081928,0.09656863
1.826725362,264.1611646,263.5549357,262.9485517,262.3431807,261.7382378,261.1336132,260.5290333,259.9242077,259.318828,258.712566,258.1050722,257.4959737,256.8848721,256.2713414,255.6549246,255.0351316,254.411435,253.7832671,253.150015,252.5110161,251.8655526,251.212845,250.5520453,249.8822287,249.2023843,248.511404,247.8080702,247.0910414,246.3588348,245.6098067,244.8421292,244.0537624,243.2424218,242.4055396,241.5402179,240.6431734,239.71067,238.7384383,237.7215779,236.6544395,235.530482,234.3421008,233.0804233,231.7350662,230.2938561,228.7425155,227.0643291,225.2398155,223.2464499,221.0584946,218.6469958,215.9799642,213.0226664,209.7378154,206.0853267,202.0212802,197.4958312,192.4499506,186.8108973,180.4861359,173.3549738,165.2564954,155.9712415,145.1921151,132.4763654,117.163899,98.23686934,74.09192372,42.28783045,0.094188394
1.821083448,261.8314821,261.1352268,260.4401761,259.7477343,259.0568224,258.3675484,257.6796525,256.9928633,256.3068923,255.6214319,254.9361541,254.2507082,253.5647192,252.877785,252.1894742,251.4993226,250.8068307,250.1114591,249.4126251,248.7096973,248.0019909,247.2887607,246.5691948,245.8424063,245.1074239,244.3631815,243.6085054,242.8421002,242.0625322,241.2682092,240.4573575,239.6279947,238.7778973,237.9045618,237.0051586,236.0764767,235.1148569,234.1161116,233.0754273,231.9872469,230.8451277,229.6415706,228.3678149,227.0135981,225.5668766,224.0135145,222.336953,220.5178876,218.5339993,216.3597994,213.9666467,211.3229573,208.3945345,205.1448027,201.5346111,197.5212422,193.0563692,188.0828501,182.5302777,176.3090171,169.3020349,161.3531365,152.249128,141.6914993,129.2496936,114.2815972,95.79685065,72.23506335,41.2198119,0.091797311
1.815441534,259.4520675,258.6661974,257.8829068,257.1038391,256.3274153,255.5539636,254.7832377,254.0149855,253.248938,252.4848083,251.7222898,250.961054,250.2007491,249.440997,248.6813914,247.9214944,247.1608337,246.3988985,245.6351358,244.8689455,244.0996751,243.3266138,242.5489855,241.7659405,240.9765471,240.1797803,239.3745101,238.5594868,237.7333246,236.8944823,236.0412395,235.1716706,234.2836115,233.374622,232.4419391,231.4824226,230.4924883,229.468028,228.4043123,227.2958739,226.1363651,224.9183878,223.6332896,222.2709233,220.8193699,219.2646293,217.5902926,215.777226,213.8033106,211.6433018,209.2688685,206.6488331,203.7495404,200.5351364,196.9674194,193.0048936,188.6007723,183.6998241,178.2339994,172.1165873,165.2342364,157.4354971,148.5134668,138.1782527,126.0115299,111.3892156,93.34850694,70.37207185,40.14841489,0.089399068
1.80979962,257.0248904,256.1500142,255.2791025,254.4140396,253.5527427,252.6957616,251.8428635,250.9938151,250.1483674,249.3062539,248.4671891,247.6308669,246.7969583,245.9651093,245.1349385,244.3060341,243.4779508,242.6502062,241.8222768,240.9935936,240.1635362,239.3314277,238.4965274,237.6580228,236.815021,235.9665381,235.1114867,234.2486625,233.3767272,232.4941893,231.5993816,230.6904335,229.7652399,228.8214223,227.8562833,226.8667518,225.8493167,224.7999473,223.7139963,222.5860831,221.4099522,220.1783036,218.8825888,217.5127721,216.0570545,214.5015664,212.8300441,211.023519,209.0600676,206.914686,204.5593513,201.9632936,199.0934034,195.9145574,192.3895153,188.478019,184.1348388,179.3066723,173.9278445,167.9145846,161.1572384,153.5091152,144.7696179,134.6574863,122.7666448,108.491062,90.89551744,68.5057669,39.07526462,0.086997293
1.804157705,254.5519355,253.5888547,252.6311281,251.6808822,250.7355284,249.7958386,248.8615935,247.9325787,247.0085647,246.0893054,245.1745366,244.263974,243.3573115,242.454219,241.5543398,240.6572879,239.762645,238.8699567,237.978729,237.0884233,236.1984515,235.30817,234.4168731,233.5237853,232.628052,231.7287296,230.8247735,229.9150236,228.9981885,228.0728261,227.137321,226.1898574,225.2283877,224.2505942,223.2538438,222.2351331,221.1910226,220.1175572,219.0101696,217.8635639,216.6715744,215.4269957,214.1213807,212.7448015,211.2855751,209.7299588,208.0618295,206.26238,204.3098787,202.1795597,199.8437077,197.2719614,194.4317619,191.2887235,187.8065774,183.946315,179.6642771,174.9091023,169.6175012,163.7086522,157.076605,149.5794331,141.0228473,131.1342198,119.5197217,105.5913648,88.44149287,66.63891323,38.00195551,0.084595546
1.798515791,252.0351998,250.9849028,249.9413501,248.9069099,247.8784879,246.857078,245.8424742,244.8344809,243.832888,242.8374697,241.8479826,240.8641644,239.8857316,238.9123778,237.9437707,236.9795501,236.0193243,235.0626668,234.1091125,233.1581533,232.2092326,231.2617401,230.3150049,229.3682875,228.4207717,227.4715536,226.5196306,225.5638865,224.6030762,223.6358062,222.660512,221.675432,220.6785751,219.6676834,218.6401868,217.5931484,216.523199,215.4264575,214.2984349,213.1339181,211.9268287,210.6700542,209.3552457,207.9725804,206.5104886,204.9553509,203.291182,201.4993332,199.5582622,197.4434399,195.127458,192.5803659,189.7701588,186.6631947,183.224184,179.4153764,175.194691,170.5127146,165.3085486,159.5043226,152.9977897,145.6517828,137.2783122,127.6133681,116.2753451,102.6942614,85.98996553,64.77421491,36.93004677,0.082197308
1.792873877,249.4766888,248.3403457,247.2121321,246.0946576,244.9843233,243.8823445,242.7885284,241.7026978,240.6246621,239.5542154,238.4911352,237.4351807,236.386091,235.3435828,234.3073486,233.2770532,232.2523313,231.2327842,230.2179754,229.2074267,228.2006132,227.1969571,226.1958217,225.1965037,224.1982243,223.2001192,222.2012269,221.2004749,220.1966635,219.1884471,218.1743118,217.1525488,216.121223,215.0781354,214.0207777,212.9462785,211.8513376,210.7321465,209.5842931,208.4026453,207.1812105,205.9129668,204.5896618,203.2015757,201.7372495,200.1831849,198.5235326,196.7398001,194.8106333,192.711739,190.4160171,187.8939291,185.1140279,182.0434198,178.6478,174.8906812,170.7315652,166.1229887,161.006443,155.3070046,148.9261214,141.7313727,133.5410483,124.0997282,113.0379878,99.80378784,83.54437994,62.91430821,35.86105822,0.079805973
1.787231963,246.878414,245.65737,244.4458315,243.2466475,242.0557182,240.8744787,239.702749,238.5403705,237.3871716,236.2429661,235.1075523,233.9807106,232.8622024,231.7517677,230.6491227,229.5539575,228.465933,227.3846776,226.3097832,225.2408014,224.177238,223.1185479,222.0641282,221.013311,219.9653547,218.9194338,217.8746277,216.8299067,215.7841162,214.7359579,213.6839673,212.6264882,211.5616404,210.4872829,209.4009684,208.2998901,207.1808153,206.0400073,204.8731296,203.6751298,202.4400994,201.1611061,199.8299921,198.437139,196.9711971,195.418788,193.7641966,191.9890861,190.0722903,187.9897523,185.7146809,183.2179527,180.4686808,177.4347233,174.0827631,170.3775782,166.2802525,161.7452698,156.7165044,151.1219692,144.8667912,137.823274,129.8159571,120.5979673,109.8120004,96.92386804,81.10808409,61.06175481,34.79646638,0.077424835
1.781590049,244.24239,242.9381584,241.6447945,240.3653846,239.0953327,237.8362913,236.5880934,235.3505986,234.1236539,232.9070929,231.7007342,230.5043792,229.3178115,228.1407936,226.9730658,225.8143429,224.6643114,223.5226267,222.3889088,221.2627386,220.1436524,219.0311372,217.9246234,216.8234782,215.7269965,214.6343915,213.5447826,212.4571826,211.370481,210.2834263,209.1946032,208.1024068,207.0050113,205.9003328,204.7859843,203.6592224,202.5168814,201.3552953,200.170202,198.9566276,197.7087472,196.4197164,195.0814714,193.6844939,192.2175429,190.6673591,189.0183613,187.2523685,185.3484028,183.2826449,181.0286148,178.5576058,175.8392945,172.8422927,169.534272,165.8812742,161.8459614,157.3847563,152.4439044,146.9543379,140.8248403,133.9324096,126.107794,117.1126121,106.6016004,94.05830465,78.68432131,59.21903559,33.73770083,0.075057086
1.775948134,241.5706312,240.1848862,238.8113535,237.4533528,236.1057989,234.7705589,233.4474783,232.1364346,230.8372937,229.5499083,228.2741169,227.0097421,225.7565888,224.5144423,223.2830662,222.0621997,220.8515548,219.6508135,218.4596234,217.2775942,216.1042926,214.9392368,213.7818905,212.6316553,211.4878622,210.3497624,209.216515,208.0871744,206.9606741,205.8358083,204.7112104,203.5853261,202.4563834,201.3223547,200.1809127,199.0293763,197.8646463,196.6831263,195.4806279,194.2522552,192.9922657,191.6939026,190.349195,188.9487249,187.4813593,185.9339581,184.2910747,182.5346847,180.644,178.595441,176.3628413,173.9179138,171.2309003,168.2711676,165.0073746,161.4068228,157.4337442,153.0464883,148.1936543,142.8090708,136.8051489,130.0635423,122.4211582,113.648038,103.4108626,91.21077021,76.2762228,57.3885448,32.68614087,0.072705802
1.77030622,238.8651497,237.3997186,235.9478225,234.5130108,233.0897168,231.6800186,230.2837742,228.9008789,227.5312168,226.1746597,224.8310657,223.5002781,222.1821229,220.8764079,219.5829195,218.3014211,217.0316498,215.7733136,214.5260875,213.2896096,212.0634762,210.8472369,209.6403876,208.442364,207.252533,206.0701827,204.8945118,203.7246155,202.5594707,201.397917,200.2386353,199.080122,197.9206576,196.7582704,195.5906919,194.415303,193.22907,192.0284656,190.8093744,189.5669781,188.295616,186.9886185,185.6381079,184.2347658,182.7675681,181.2234947,179.5872344,177.8409216,175.9639602,173.9330131,171.7222303,169.3037472,166.6483729,163.7262285,160.5069573,156.9591132,153.0484867,148.7353369,143.9705945,138.6909566,132.8124253,126.221265,118.7604819,110.2084598,100.2437106,88.38479922,73.88680077,55.5725849,31.64311253,0.070373943
1.764664306,236.127952,234.5848073,233.0564946,231.5467883,230.0496496,228.5673638,227.0998011,225.6468742,224.208485,222.7845241,221.3748692,219.9793834,218.5979142,217.2302907,215.8763224,214.5357961,213.2084738,211.8940889,210.5923435,209.3029036,208.0253949,206.7593974,205.5044391,204.2599893,203.0254497,201.8001457,200.5833142,199.3740912,198.1714961,196.9744133,195.7815709,194.5915147,193.4025778,192.2128435,191.0201015,189.8217941,188.6149525,187.396118,186.161248,184.9056011,183.6235985,182.3086576,180.9529941,179.5473902,178.0809311,176.5407182,174.911578,173.1758058,171.3130007,169.3000717,167.1114887,164.7198124,162.0964205,159.2121873,156.0377354,152.5428612,148.6948982,144.4559944,139.7793853,134.6046023,128.851197,122.4099916,115.1300223,106.7979234,97.10390869,85.58378095,71.51894232,53.77336178,30.60988575,0.068064341
1.759022392,233.361037,231.7422876,230.1396381,228.5570825,226.9881208,225.4352405,223.898324,222.3773009,220.8720909,219.3826029,217.9087337,216.4503663,215.0073685,213.5795911,212.1668658,210.7690027,209.385788,208.0169804,206.6623084,205.3214654,203.994106,202.6798402,201.3782277,200.0887706,198.8109053,197.5439933,196.2873096,195.0400303,193.8012166,192.5697973,191.344547,190.1240604,188.9067225,187.690671,186.4737533,185.2534726,184.0269246,182.7907189,181.5408852,180.2727591,178.9808435,177.6586435,176.2984685,174.8912021,173.4260407,171.890209,170.2686738,168.5438944,166.6956691,164.7011567,162.5351515,160.1706424,157.5795763,154.7335787,151.6042442,148.1625996,144.3775027,140.2129659,135.6244975,130.5544252,124.925802,118.6339481,111.5338531,103.4202981,93.99505451,82.81095303,69.17540397,51.99298057,29.58767204,0.065779698
1.753380478,230.5663932,228.874276,227.1994942,225.5462553,223.90761,222.2862431,220.6820488,219.0949734,217.524954,215.9719173,214.4357789,212.9164412,211.4137922,209.9277038,208.4580294,207.0046022,205.5672319,204.1457021,202.7397672,201.3491476,199.9735263,198.6125428,197.2657877,195.9327956,194.613037,193.3059089,192.0107239,190.7266975,189.4529323,188.1884006,186.9319231,185.682143,184.4374963,183.1961748,181.9560831,180.7147849,179.4694398,178.2167257,176.9527445,175.6729086,174.3718033,173.0430215,171.6789676,170.270628,168.807312,167.2763701,165.6629126,163.9495669,162.1163347,160.1406296,157.9975742,155.6605887,153.1021901,150.2947514,147.2108308,143.8226705,140.1006311,136.0105607,131.5102053,126.5446448,121.0403812,114.8971661,107.9758576,100.0792697,90.92057323,80.06939588,66.85880692,50.23344204,28.57762233,0.06352258
1.747738563,227.7459966,225.9828675,224.2382738,222.5166297,220.8105501,219.1229113,217.453619,215.8026359,214.1699161,212.5554039,210.959033,209.3807249,207.8203875,206.2779132,204.7531769,203.2460339,201.7563174,200.2838355,198.8283676,197.3896609,195.967426,194.5613316,193.1709986,191.7959935,190.4358202,189.0899108,187.757615,186.4381868,185.1307698,183.8343793,182.5478814,181.2699672,179.9991232,178.733595,177.4713437,176.2099932,174.946767,173.6784108,172.4010988,171.1103207,169.8007445,168.4660518,167.098743,165.6899092,164.228975,162.7034197,161.0985007,159.3970181,157.5791819,155.6226657,153.502925,151.1938145,148.6684213,145.8998618,142.8616475,139.5272185,135.8684142,131.8528862,127.4405789,122.5792766,117.1988719,111.203476,104.4597226,96.77833529,87.88371204,77.36202787,64.57163288,48.4966394,27.58082516,0.061295413
1.742096649,224.9018082,223.0701329,221.2581547,219.4704875,217.6993241,215.9477267,214.2156122,212.5029591,210.8097382,209.1359109,207.4814289,205.8462323,204.2302481,202.6333889,201.0555507,199.4966106,197.9564246,196.4348246,194.9316148,193.4465686,191.9794236,190.5298771,189.0975798,187.6821294,186.2830628,184.8998467,183.5318668,182.1784155,180.8386766,179.511708,178.1964204,176.8915523,175.5956404,174.3069833,173.0235985,171.7431697,170.4629841,169.1798552,167.8900297,166.5890748,165.2717418,163.9318024,162.5618544,161.1530957,159.6950686,158.1753849,156.5794535,154.8902516,153.0882034,151.151248,149.0551788,146.7742881,144.2822329,141.5528676,138.560645,135.2801845,131.6847766,127.7438416,123.419479,118.6621259,113.4050025,107.5565018,100.9889333,93.52079773,84.88753566,74.69160138,62.31622075,46.78435577,26.59830519,0.05910048
1.736454735,222.0357722,220.1381172,218.2612799,216.4100664,214.5762628,212.7631103,210.9705371,209.198537,207.447097,205.7161954,204.0058012,202.3158725,200.6463554,198.9971821,197.368269,195.7595146,194.1707973,192.601972,191.0528675,189.5232825,188.0129814,186.5216892,185.0490859,183.5948001,182.1584008,180.7393885,179.3371848,177.9511196,176.5804164,175.2241749,173.88135,172.5507272,171.2308928,169.920198,168.6167162,167.318191,166.0219727,164.724943,163.4234211,162.1130525,160.7886727,159.4441443,158.0721645,156.6640403,155.209435,153.6960964,152.1095894,150.4330742,148.6471949,146.730162,144.6581119,142.4057777,139.9473858,137.2575221,134.311568,131.0853005,127.5534318,123.687113,119.4505522,114.7967836,109.6622878,103.9596565,97.56676917,90.30976224,81.93492278,72.06069951,60.09476387,45.09826207,25.63102205,0.056939917
1.730812821,219.1498137,217.1888367,215.2497548,213.337558,211.443642,209.5714201,207.7208312,205.8918845,204.0845825,202.2989199,200.5348826,198.7924465,197.071576,195.3722224,193.6943221,192.0377945,190.4025397,188.7884353,187.1953341,185.6230594,184.0714017,182.5401134,181.0289033,179.5374298,178.0652936,176.6120287,175.1770916,173.7598492,172.3595642,170.9753773,169.6062874,168.2511262,166.908529,165.5768995,164.2543667,162.9387334,161.6274137,160.3173569,159.0049556,157.6859339,156.3552123,155.0067462,153.6333341,152.2263945,150.7757149,149.2691834,147.6925261,146.0290917,144.2597505,142.3629907,140.3152974,138.0918472,135.6674346,133.0173706,130.1179503,126.9460854,123.477878,119.6861693,115.5372266,110.986622,105.9740251,100.4161389,94.1963006,87.14813319,79.02856327,69.47173369,57.90930798,43.43991549,24.6798694,0.054815715
1.725170907,216.2458371,214.2242777,212.2256455,210.2551058,208.3036807,206.3749484,204.4688586,202.585435,200.7246954,198.8866504,197.0713023,195.2786443,193.5086586,191.7613151,190.0365698,188.3343624,186.654614,184.9972246,183.36207,181.748998,180.1578244,178.5883284,177.0402466,175.5132673,174.0070219,172.5210772,171.0549241,169.6079659,168.1795036,166.7687188,165.3746535,163.996185,162.6319977,161.2805469,159.9400169,158.6082699,157.2827833,155.9605747,154.6381101,153.311193,151.9748303,150.6230715,149.2488185,147.843604,146.3973437,144.8980703,143.331676,141.6817045,139.9292588,138.0531114,136.0301013,133.8358518,131.4457241,128.8357463,125.9831118,122.8658421,119.4613952,115.7442594,111.6827092,107.2347921,102.3432922,96.92893123,90.88038666,84.03861196,76.17095629,66.92694197,55.76174977,41.81075844,23.74567435,0.052729713
1.719528992,213.325724,211.2463945,209.1909768,207.164803,205.158539,203.1759206,201.2169078,199.2815385,197.3698454,195.4818542,193.6175835,191.777043,189.9602324,188.1671397,186.3977397,184.6519919,182.9298381,181.2312,179.5559757,177.9040369,176.2752242,174.6693429,173.0861571,171.5253837,169.9866847,168.4696588,166.9738307,165.4986396,164.0434242,162.6074063,161.1896703,159.7891391,158.4045451,157.0343951,155.6769287,154.330067,152.9913508,151.6578663,150.3261533,148.9920956,147.6507876,146.2963747,144.9218643,143.5189067,142.077549,140.5859734,139.030244,137.3941054,135.6589004,133.8036926,131.8056803,129.6409363,127.2853867,124.7157682,121.9101557,118.8476543,115.5070423,111.8644099,107.8899838,103.544222,98.77294503,93.50079711,87.62167364,80.98369572,73.36440912,64.42838807,53.65383621,40.21211802,22.82919721,0.050683602
1.713887078,210.3913317,208.2571075,206.1477308,204.0686912,202.0103169,199.9764934,197.9671906,195.9824603,194.0223493,192.0868986,190.176142,188.2901054,186.4288054,184.5922477,182.7804252,180.9933168,179.2308843,177.4930702,175.779795,174.0909531,172.4264096,170.785995,169.1695004,167.5766707,166.0071978,164.4607116,162.9367702,161.4348476,159.9543199,158.4944485,157.0543597,155.6330212,154.2292131,152.8414936,151.4681569,150.107183,148.7561765,147.412292,146.0721439,144.7316972,143.3861349,142.0297001,140.6555082,139.2553301,137.8193483,136.3358993,134.7912248,133.1692772,131.4516458,129.6176921,127.6449793,125.5100324,123.1893402,120.6603391,117.9019671,114.894386,111.6176566,108.0494239,104.1618099,99.91761576,95.26561707,90.13428124,84.42259446,77.9856769,70.61103687,61.97796118,51.58716435,38.6452059,21.93113136,0.048678922
1.708245164,207.4444915,205.258302,203.0978452,200.9687591,198.8610527,196.7787532,194.7218404,192.6903794,190.6844307,188.7040497,186.7492854,184.8201791,182.9167638,181.0390622,179.1870852,177.36083,175.560278,173.7853922,172.0361143,170.3123613,168.6140217,166.9409511,165.2929663,163.6698401,162.0712933,160.4969865,158.9465104,157.4193734,155.9149883,154.4326551,152.971542,151.5306606,150.1088386,148.7046849,147.3165482,145.9424675,144.5801107,143.2267016,141.8789295,140.5328416,139.1837109,137.82588,136.4525749,135.05569,133.6255477,132.1506434,130.6174024,129.0099915,127.3102538,125.4978556,123.5507306,121.4458581,119.1602875,116.6721447,113.9612124,111.0086802,107.7958526,104.3018804,100.5007226,96.35745315,91.82371951,86.8317094,81.285369,75.04664363,67.91276293,59.57737641,49.56318177,37.11111876,21.05210361,0.046717065
1.70260325,204.4870076,202.2518266,200.0432123,197.866941,195.7127219,193.5847158,191.4829118,189.407388,187.3582183,185.3354719,183.3392121,181.3694956,179.426371,177.5098775,175.6200431,173.7568832,171.920398,170.1105703,168.3273624,166.5707133,164.8405344,163.1367053,161.4590685,159.8074234,158.1815193,156.5810469,155.0056286,153.4548068,151.9280301,150.4246369,148.9438362,147.4846835,146.0460532,144.6266048,143.2247412,141.8385602,140.4657934,139.1037336,137.7491462,136.3981609,135.0461426,133.687535,132.3156773,130.9225908,129.4987416,128.0327895,126.5113492,124.9188085,123.2372718,121.4467168,119.5254534,117.4509176,115.200716,112.7536537,110.0903391,107.1929592,104.0440224,100.6241352,96.90903278,92.86599061,88.44944194,83.59518949,78.21200512,72.16848088,65.27132006,57.2281759,47.58318765,35.61083909,20.19267458,0.044799273
1.696961335,201.520655,199.2394923,196.9856776,194.7651161,192.5672364,190.3963249,188.2523797,186.1354912,184.0457462,181.9832272,179.9480116,177.9401706,175.9597679,174.0068586,172.0814875,170.1836872,168.3134763,166.4708566,164.6558108,162.8682989,161.1082545,159.3755807,157.6701448,155.9917724,154.3402405,152.7152692,151.116512,149.5435443,147.9958503,146.472806,144.9736606,143.4975129,142.0432839,140.6096828,139.1951669,137.7978924,136.4156548,135.0458166,133.685219,132.3300761,130.9758453,129.6170739,128.2472166,126.858425,125.4413132,123.9847102,122.4754263,120.8980773,119.2350356,117.4665977,115.5714545,113.5275012,111.312898,108.9071187,106.2915765,103.4494257,100.3643373,97.01832185,93.38882916,89.44526276,85.14475415,80.42661332,75.20430054,69.35287228,62.68825234,54.93173063,45.64833431,34.14523641,19.35333953,0.042926644
1.691319421,198.5471791,196.223071,193.9270391,191.6651076,189.4264441,187.2154522,185.0321389,182.8766062,180.7489534,178.6492758,176.5776642,174.5342038,172.518973,170.5320422,168.5734722,166.6433124,164.741599,162.8683525,161.0235748,159.2072466,157.419323,155.6597299,153.9283588,152.2250607,150.5496396,148.9018442,147.2813586,145.6877907,144.1206592,142.5793774,141.063234,139.5713706,138.1027542,136.6561436,135.23005,133.8226881,132.4319172,131.0551695,129.6893634,128.3307977,126.9750241,125.6166952,124.2493837,122.8653751,121.4554354,120.0085682,118.5117851,116.9499367,115.3056709,113.5596094,111.6908296,109.6776872,107.4988928,105.1345772,102.5669377,99.78006467,96.75874924,93.4863539,89.94198,86.09708469,81.9114085,77.32765908,72.26384545,66.60130277,60.16491761,52.68924274,43.7596293,32.71506899,18.53452927,0.04110013
1.685677507,195.5682939,193.2042949,190.8690466,188.5686821,186.2921282,184.043897,181.8240041,179.6325629,177.4696843,175.3354761,173.2300419,171.1534802,169.1058838,167.0873375,165.0979177,163.1376901,161.2067077,159.3050089,157.4326146,155.5895251,153.7757166,151.991137,150.2357012,148.509285,146.8117187,145.1427791,143.5021798,141.8895608,140.3044746,138.746371,137.2145778,135.7082789,134.2264865,132.768009,131.3314111,129.9149657,128.516596,127.1338046,125.7635872,124.4023284,123.0456757,121.6883887,120.324161,118.945415,117.5430728,116.1063175,114.6223685,113.0763175,111.4510949,109.7276544,107.8854646,105.9033436,103.7605481,101.4378542,98.91822195,96.18664541,93.22899361,90.0299275,86.57013625,82.82305508,78.75094316,74.2997947,69.39202573,63.91506181,57.70249064,50.50174848,41.91793797,31.32098579,17.73661138,0.039320541
1.680035593,192.5856811,190.1848554,187.8134008,185.4775493,183.1660071,180.8833861,178.6297103,176.4051039,174.2096891,172.0435854,169.9069088,167.7997707,165.7222772,163.6745275,161.6566127,159.6686141,157.710601,155.7826292,153.8847376,152.0169456,150.1792498,148.3716195,146.5939922,144.8462679,143.1283024,141.4398997,139.7808026,138.1506822,136.5491243,134.9756144,133.4295189,131.9100633,130.4163048,128.9471008,127.501069,126.0765408,124.6715033,123.2835295,121.909693,120.5464653,119.1895909,117.8339385,116.4733248,115.1003124,113.705984,112.2797068,110.8089137,109.2789445,107.6730188,105.9724286,104.1570388,102.2061308,100.0995031,97.81856496,95.34701711,92.67072513,89.77659252,86.65052498,83.27473508,79.6245599,75.66468591,71.34428163,66.59002695,61.29524727,55.30196688,48.37012164,40.12398652,29.96352887,16.95989158,0.03758855
1.674393679,189.6009895,187.1664026,184.761753,182.3933618,180.0497343,177.7355742,175.4509131,173.1958856,170.9706248,168.7752613,166.6099229,164.4747334,162.3698118,160.2952708,158.2512156,156.2377426,154.2549369,152.3028707,150.3816004,148.4911641,146.6315778,144.8028315,143.0048846,141.2376606,139.5010401,137.7948537,136.1188727,134.4727983,132.8562491,131.2687457,129.7096925,128.1783559,126.6738377,125.1950436,123.7406445,122.3090298,120.8982506,119.5059504,118.1292816,116.7648032,115.408358,114.0549256,112.6984485,111.3316325,109.9457247,108.5302817,107.0729553,105.5593399,103.972951,102.2954253,100.507028,98.58750499,96.51719193,94.27811838,91.85470386,89.23365253,86.40285878,83.34941894,80.05700423,76.50277682,72.65375866,68.46217951,63.8588388,58.74276984,52.96416664,46.2950775,38.37836539,28.64313606,16.20461532,0.035904693
1.668751764,186.6158334,184.1505443,181.7157048,179.3177147,176.944899,174.602044,172.2891891,170.0064788,167.7540561,165.5320627,163.3406374,161.1799159,159.0500293,156.9511034,154.883257,152.8466008,150.8412351,148.8672478,146.9247124,145.0136845,143.1341991,141.2862663,139.4698667,137.6849463,135.9314101,134.2091143,132.5178579,130.857372,129.2273069,127.6272177,126.0565462,124.514599,123.0005222,121.5132694,120.0515641,118.6138535,117.1982528,115.8024765,114.4237558,113.0587383,111.7033664,110.3527321,109.0009063,107.6407411,106.2636517,104.8593888,103.4158289,101.9188269,100.3522009,98.69793797,96.936708,95.0487219,93.01484727,90.8177213,88.44245973,85.87657226,83.10890046,80.12767698,76.91796678,73.4586802,69.71908246,65.65435115,61.19926027,56.25835805,50.68973993,44.27717726,36.68153313,27.36014396,15.4709695,0.034269378
1.66310985,183.6317924,181.1388461,178.6768078,176.2521462,173.8530257,171.4843071,169.1460372,166.8383695,164.5614571,162.3154515,160.1005023,157.9167565,155.7643568,153.6434415,151.5541423,149.4965836,147.47088,145.477135,143.515438,141.5858618,139.6884596,137.8232606,135.9902661,134.1894442,132.4207229,130.6839839,128.9790529,127.30569,125.6635767,124.0523021,122.4713443,120.92005,119.3976086,117.9030213,116.435064,114.9922416,113.5727329,112.1743238,110.7943248,109.4294729,108.075811,106.7285456,105.3818779,104.0288092,102.6609268,101.26818,99.83867525,98.358534,96.811883,95.18106533,93.44715936,91.59084127,89.59350529,87.43838307,85.11126388,82.60042987,79.89562598,76.98616698,73.85844662,70.49304659,66.86138321,62.92146826,58.61190519,53.84256368,48.47917163,42.31683276,35.03382058,26.11479115,14.7590844,0.032682884
1.657467936,180.6504106,178.1328305,175.6465635,173.1981373,170.7755755,168.3838049,166.0228792,163.692961,161.3942122,159.1267942,156.8908667,154.6865871,152.5141096,150.3735839,148.2651544,146.1889583,144.1451243,142.1337702,140.155001,138.208906,136.2955557,134.4149981,132.5672543,130.7523133,128.9701262,127.2205988,125.5035831,123.8188672,122.1661635,120.5450939,118.9551726,117.3957855,115.8661648,114.365359,112.8921957,111.4452373,110.0227265,108.6225203,107.2420091,105.8780198,104.5266971,103.1833635,101.8423525,100.4968179,99.13852201,97.7576173,96.34244525,94.87939964,93.35292166,91.74571569,90.03927197,88.21473185,86.25401052,84.14092072,81.86190249,79.4059773,76.76374979,73.92556282,70.87907437,67.6064608,64.08119764,60.26401752,56.09720826,51.49576771,46.33278709,40.41431173,33.43543532,24.90722176,14.06903571,0.031145367
1.651826022,177.6731958,175.1339769,172.6264235,170.1571124,167.7139461,165.301909,162.9210616,160.5715746,158.2536187,155.9673644,153.7129809,151.4906357,149.3004935,147.1427153,145.0174571,142.9248687,140.8650919,138.8382584,136.8444882,134.8838861,132.9565395,131.0625143,129.2018505,127.3745578,125.5806092,123.819934,122.0924097,120.397852,118.736003,117.106517,115.5089435,113.942707,112.407082,110.9011635,109.4238308,107.9737033,106.5490875,105.1479114,103.7676459,102.4052081,101.0568459,99.71799891,98.38313514,97.04556311,95.69722415,94.32847761,92.92790492,91.48217749,89.97605648,88.39261243,86.7137505,84.92107675,82.99702136,80.9259646,78.69497448,76.29377875,73.7137984,70.94635071,67.98029369,64.79932234,61.37887994,57.68230713,53.6554316,49.21818656,44.25075814,38.56974325,31.8864665,23.73748909,13.40084669,0.029656869
1.646184108,174.7016188,172.1437211,169.6177894,167.1304397,164.669473,162.239923,159.8418564,157.4754519,155.1408882,152.8383445,150.567999,148.3300286,146.1246081,143.951909,141.8120985,139.7053382,137.6317824,135.5915762,133.5848536,131.6117346,129.6723226,127.7667005,125.894927,124.0570314,122.2530077,120.4828083,118.7463354,117.0434314,115.3738674,113.7373295,112.1334017,110.5615465,109.02108,107.5111434,106.030667,104.578327,103.1524934,101.7511655,100.3718945,99.01168874,97.66689976,96.33308582,95.0048513,93.67566195,92.33764105,90.98135882,89.59564115,88.16744208,86.68184784,85.12229963,83.47112013,81.71037929,79.82301603,77.79396445,75.61089771,73.26421709,70.7461169,68.04883574,65.16236816,62.07185232,58.75460865,55.17647372,51.28667149,47.00987875,42.23310941,36.78312354,30.38688979,22.60555959,12.75449045,0.028217317
1.640542193,171.7371134,169.1634558,166.6220132,164.1194321,161.6434303,159.1990829,156.786463,154.4057561,152.057149,149.7408285,147.4569815,145.2057939,142.9874498,140.8021307,138.6500145,136.5312738,134.4460749,132.3945755,130.3769231,128.3932521,126.4436811,124.5283097,122.6472141,120.8004426,118.9880098,117.20989,115.4660096,113.7562368,112.0803711,110.4381296,108.8291301,107.2528723,105.7087137,104.1958407,102.7132341,101.2596269,99.83345197,98.43278013,97.05524302,95.69794052,94.35732869,93.02908563,91.70795372,90.38755826,89.06020733,87.71668563,86.34606767,84.93559478,83.47068301,81.93514816,80.31173269,78.58296923,76.7322989,74.74519581,72.60991558,70.31750054,67.86087584,65.23314898,62.42538829,59.42410066,56.20839392,52.74648961,48.99086555,44.87075186,40.27972486,35.05432199,28.93657269,21.51131684,12.1298923,0.026826533
1.634900279,168.7810757,166.1945296,163.6403976,161.1253471,158.6370315,156.1805594,153.7560096,151.3635745,149.0034479,146.6758242,144.3808983,142.1188643,139.8899153,137.6942422,135.5320327,133.4034702,131.3087321,129.2479882,127.2213988,125.2291118,123.2712608,121.347961,119.4593054,117.6053606,115.7861611,114.0017025,112.2519343,110.53675,108.8559768,107.2093617,105.5965559,104.0170957,102.4703789,100.9556368,99.47190048,98.01795865,96.59230743,95.19308857,93.81801439,92.46427669,91.12843664,89.80629329,88.49272852,87.18152917,85.86519083,84.53471591,83.17943141,81.78687022,80.34278243,78.83136207,77.23577311,75.53900925,73.72500707,71.77976676,69.69210388,67.4536697,65.05807839,62.49925471,59.76927908,56.8559536,53.74008507,50.39217033,46.7678002,42.80056966,38.39035463,33.38308741,27.53527986,20.4545658,11.52693224,0.025484235
1.629258365,165.8348639,163.238248,160.6741964,158.1493882,155.6514308,153.1854585,150.7515553,148.3499201,145.9807533,143.6442563,141.3406314,139.0700804,136.832805,134.6290046,132.4588766,130.3226141,128.2204052,126.1524311,124.1188642,122.1198655,120.1555825,118.2261453,116.3316635,114.4722209,112.6478711,110.8586303,109.1044704,107.3853095,105.7010015,104.0513229,102.4359574,100.854477,99.30631925,97.79075998,96.30687956,94.85352235,93.42924707,92.03226637,90.66037324,89.31085156,87.98036824,86.66484409,85.35930185,84.05769174,82.75269921,81.43554735,80.09581914,78.72134286,77.29820646,75.81098529,74.24326614,72.57850184,70.80111734,68.897625,66.85737798,64.6726049,62.33756781,59.84695811,57.19380762,54.36714153,51.34937844,48.1131824,44.6171182,40.79895953,36.56462201,31.76905445,26.18267871,19.43503708,10.94544738,0.024190049
1.623616451,162.8997976,160.295873,157.7246149,155.1927058,152.6877245,150.2148234,147.7740918,145.3657342,142.9899572,140.6469689,138.3369781,136.0601943,133.8168267,131.6070831,129.4311694,127.2892884,125.1816381,123.1084104,121.0697891,119.0659477,117.0970469,115.1632313,113.2646257,111.401331,109.5734188,107.7809253,106.023844,104.3021168,102.6156235,100.9641696,99.34747014,97.7651324,96.21663306,94.70129148,93.21823697,91.76636893,90.34430832,88.95033844,87.5823328,86.23766756,84.91311571,83.60472059,82.30764692,81.01600988,79.72268689,78.41912435,77.09516433,75.73893391,74.33686223,72.87390859,71.33408341,69.70129632,67.96045336,66.09856511,64.10550024,61.9740337,59.69903513,57.27591297,54.69859107,51.95724691,49.03582532,45.90905127,42.53832656,38.86542006,34.80203064,30.2117501,24.87834504,18.4523913,10.38523456,0.022943509
1.617974536,159.9771584,157.3686232,154.7928106,152.2563977,149.7469518,147.2696362,144.824545,142.4118882,140.0318779,137.6847282,135.3706544,133.0898726,130.8425993,128.6290499,126.4494387,124.303977,122.1928724,120.1163268,118.0745349,116.0676819,114.0959409,112.1594704,110.2584099,108.3928764,106.562959,104.7687129,103.0101525,101.2872428,99.59988897,97.94792403,96.33109431,94.7490413,93.20128006,91.6871729,90.20589741,88.75640749,87.33738585,85.94718609,84.58376211,83.2445823,81.92652603,80.62575974,79.33759104,78.05630145,76.77496214,75.48524513,74.17725427,72.83941843,71.45851079,70.01987669,68.50795059,66.90709614,65.20269298,63.38223599,61.43608759,59.35753864,57.14202701,54.78562975,52.28310471,49.62571243,46.79884016,43.77916941,40.53080441,36.99932863,33.1019717,28.71060039,23.62176877,17.50622357,9.846052908,0.021744063
1.612332622,157.0681888,154.4576743,151.8798936,149.3415101,146.8300963,144.3508194,141.9037778,139.4891865,137.1072627,134.7582262,132.4422979,130.1597004,127.9106567,125.6953894,123.5141204,121.3670692,119.2544521,117.1764807,115.1333596,113.1252853,111.1524428,109.2150034,107.3131208,105.4469273,103.6165287,101.8219987,100.0633718,98.34063511,96.65371827,95.00248155,93.38670137,91.80605285,90.26008864,88.74821328,87.26965198,85.82341251,84.40823883,83.02255442,81.66439325,80.33131591,79.02030825,77.72766019,76.44882297,75.17824554,73.90919435,72.63356895,71.34173732,70.02243258,68.66277436,67.24849563,65.76445474,64.19546629,62.5273758,60.74814855,58.84861931,56.82256513,54.66595374,52.37548365,49.94669017,47.37184931,44.6377088,41.72280448,38.59381105,35.19994925,31.4637313,27.26493699,22.41235971,16.59606793,9.327626441,0.020591085
1.606690708,154.1740928,151.5641594,148.9869275,146.449039,143.9380877,141.4592375,139.0125913,136.5983683,134.2167906,131.8680828,129.5524714,127.2701846,125.0214515,122.8065014,120.6255632,118.4788641,116.3666286,114.2890769,112.2464235,110.2388751,108.266628,106.3298658,104.4287556,102.5634442,100.7340536,98.94067496,97.18336225,95.46212394,93.7769134,92.12761725,90.51404125,88.93589335,87.39276304,85.88409637,84.40916541,82.96703119,81.5564983,80.17605961,78.82382883,77.49745848,76.1940409,74.9099897,73.64090029,72.38138986,71.12492138,69.86362352,68.58813025,67.28748104,65.94914378,64.55924015,63.10305185,61.56584089,59.93391079,58.19568339,56.34244485,54.36842939,52.27009733,50.04472282,47.68856367,45.19484557,42.55159678,39.73910764,36.72649408,33.46644032,29.88649778,25.87400404,21.24945337,15.72140182,8.829646666,0.019483873
1.601048794,151.2960357,148.6891691,146.1149299,143.579931,141.0718027,138.5956993,136.1517275,133.7401106,131.361075,129.0148497,126.7016661,124.4217577,122.1753592,119.9627061,117.7840335,115.6395759,113.5295653,111.4542302,109.4137941,107.4084733,105.4384749,103.503994,101.6052103,99.7422846,97.91535417,96.12452708,94.36987586,92.65142962,90.96916467,89.32299315,87.71274939,86.13817338,84.59889065,83.09438795,81.62398351,80.18679087,78.78167464,77.4071965,76.06154941,74.74247752,73.44717948,72.17219266,70.9132569,69.66515826,68.4215571,67.17481247,65.9158258,64.63394446,63.31698596,61.95146128,60.52307438,59.01753079,57.421584,55.72409869,53.91679178,51.99432653,49.95361968,47.79247662,45.50782437,43.09377442,40.53955772,37.82712173,34.92789738,31.79786244,28.36936911,24.53696476,20.13231676,14.88165058,8.351775187,0.018421659
1.59540688,148.4351438,145.833752,143.2648734,140.7350844,138.232067,135.7609591,133.3218713,130.9150303,128.5406664,126.1990127,123.890305,121.6147815,119.3726819,117.1642474,114.9897192,112.849338,110.7433429,108.6719703,106.6354518,104.6340129,102.6678706,100.737231,98.8422858,96.98320903,95.16015243,93.37324022,91.6225628,89.90816913,88.23005764,86.58816522,84.98235396,83.41239503,81.87794922,80.37854317,78.9135405,77.48210648,76.08316503,74.71534601,73.37692106,72.06572551,70.77906402,69.51359758,68.26521057,67.02885821,65.79839889,64.56642287,63.32410011,62.06108698,60.76555146,59.42439387,58.02373886,56.5497313,54.98956635,53.33253796,51.57077374,49.69933859,47.71557071,45.61776387,43.40346272,41.0676026,38.60054162,35.98578955,33.19696929,30.19318613,26.91136018,23.25290815,19.06015409,14.07619189,7.89364628,0.017403615
1.589764965,145.5925048,142.998915,140.437686,137.9153505,135.4196563,132.9557189,130.5236524,128.1236868,125.7560555,123.4209953,121.1187462,118.8495503,116.6136523,114.411298,112.2427343,110.1082079,108.0079643,105.9422468,103.911295,101.9153429,99.95461674,98.02933279,96.1396942,94.28588746,92.46807816,90.68640589,88.94097814,87.23186296,85.55908012,83.92259043,82.32228291,80.75795911,79.22931421,77.73591394,76.27716644,74.85228797,73.46026094,72.09978269,70.76920287,69.46644745,68.18892661,66.93342468,65.69597045,64.47168838,63.25463517,62.03763276,60.81212032,59.56806384,58.29398207,56.9771642,55.60415358,54.16152982,52.63692138,51.02003799,49.30339836,47.48244257,45.55489655,43.51950107,41.37436867,39.1151987,36.73340314,34.21396205,31.5325705,28.65129958,25.51141006,22.02085563,18.03211249,13.30436013,7.454869444,0.016428857
1.584123051,142.7691677,140.1856242,137.6342523,135.1215346,132.635298,130.18063,127.7576479,125.3665843,123.0076756,120.6811619,118.3872864,116.1262954,113.8984374,111.7039629,109.5431238,107.4161719,105.323359,103.2649348,101.2411459,99.25223434,97.29843501,95.3799738,93.49706452,91.64990546,89.83867534,88.0635284,86.32458848,84.62194191,82.955629,81.32563369,79.73187108,78.17417227,76.65226598,75.16575615,73.7140946,72.2965477,70.91215556,69.55968216,68.23755446,66.94378833,65.67589893,64.43079343,63.20464466,61.99274616,60.78935292,59.58751872,58.37895209,57.15392883,55.9013183,54.60879756,53.26332619,51.85191358,50.36261298,48.78553663,47.11357521,45.34251847,43.47044758,41.49651056,39.41933996,37.23534135,34.93690981,32.51040637,29.93348199,27.1710162,24.16838912,20.83976749,17.04728763,12.56545071,7.035031911,0.015496454
1.578481137,139.9661429,137.3948048,134.855414,132.3543971,129.8796728,127.4362951,125.0243839,122.6441744,120.2959055,117.97982,115.6961642,113.4451877,111.2271428,109.0422839,106.8908673,104.7731498,102.6893886,100.6398393,98.62475515,96.64438533,94.69897297,92.7887529,90.91394888,89.07477036,87.27140848,85.50403139,83.77277852,82.07775373,80.41901707,78.79657478,77.21036722,75.66025415,74.14599698,72.66723695,71.2234687,69.8140078,68.43795117,67.09412856,65.78104338,64.49680063,63.23901971,62.00472996,60.79024772,59.59103515,58.4015452,57.21506325,56.02356706,54.81764186,53.58650695,52.3182258,51.00017124,49.61977721,48.16551309,46.62788051,45.00012363,43.27835719,41.46098647,39.54752862,37.5370902,35.42672741,33.20975006,30.87381385,28.39841279,25.75108212,22.88110608,19.7085493,16.10472916,11.85872432,6.633701105,0.014605426
1.572839223,137.1844023,134.6273416,132.1019712,129.6146551,127.1534162,124.7232697,122.3243382,119.9568587,117.6210723,115.3172242,113.0455633,110.8063421,108.5998161,106.4262433,104.2858838,102.1789992,100.105851,98.06670063,96.06180721,94.09142664,92.15580954,90.25519907,88.38982836,86.55991729,84.76566876,83.00726408,81.28485754,79.59856976,77.94847973,76.33461518,74.75694084,73.21534432,71.70961878,70.2394419,68.80435015,67.4037074,66.03666642,64.70212181,63.39865248,62.12445167,60.8772421,59.6541745,58.45170793,57.2654725,56.09011848,54.91916228,53.74485024,52.5580763,51.34840849,50.10429471,48.81351768,47.46393028,46.04440927,44.54583278,42.96178043,41.28866833,39.52519606,37.67121337,35.7262568,33.68797983,31.55054117,29.30280777,26.92600762,24.39018345,21.64831486,18.62605817,15.20344612,11.18341106,6.250427044,0.01375476
1.567197309,134.4248799,131.8840804,129.3746827,126.902983,124.4571198,122.0420645,119.657942,117.3049909,114.9834541,112.6935786,110.4356158,108.2098204,106.0164508,103.8557682,101.7280361,99.63351976,97.57248544,95.54519915,93.55192563,91.59292687,89.66846039,87.77877708,85.92411877,84.10471514,82.32078014,80.57250755,78.86006577,77.18359139,75.54318158,73.93888469,72.37068905,70.83850916,69.34216906,67.8813819,66.45572507,65.06460974,63.70724353,62.38258485,61.08928714,59.82563081,58.58944094,57.37798863,56.1878747,55.01489625,53.85389998,52.69863238,51.54160735,50.37402633,49.18580442,47.96577145,46.70211624,45.38310472,43.9980122,42.53808055,40.99720754,39.37208791,37.66168706,35.86615258,33.98540888,32.01765556,29.95783701,27.79595107,25.51485423,23.08695345,20.46872129,17.59110879,14.34241214,10.53871449,5.88474467,0.012943405
1.561555394,131.6884715,129.1658273,126.6742672,124.2200141,121.791333,119.3931466,117.0255821,114.6888792,112.3832823,110.1090399,107.8664052,105.6556351,103.4769901,101.3307343,99.21713405,97.13645819,95.0889767,93.07496001,91.09467779,89.14839762,87.23638331,85.35889291,83.51617631,81.70847234,79.93600531,78.19898079,76.49758053,74.83195637,73.20222281,71.60844807,70.05064313,68.52874855,67.04261832,65.59200012,64.17651125,62.79560914,61.44855523,60.13437068,58.85178232,57.59915663,56.3744199,55.17496243,53.99752565,52.83807249,51.69164482,50.55221796,49.41257197,48.2642141,47.0974044,45.90135171,44.66464668,43.37596212,42.02496296,40.60324236,39.10499942,37.52718582,35.86900567,34.13087126,32.31305478,30.41425308,28.43013556,26.35175366,24.16349073,21.83997944,19.34098957,16.60247938,13.52057055,9.923815474,5.536176117,0.012170285
1.55591348,128.9760352,126.4733502,124.0014041,121.5663416,119.1565642,116.7769416,114.427603,112.1087889,109.8207446,107.5637201,105.3379698,103.1437523,100.9813302,98.85096957,96.75293958,94.68751187,92.65495983,90.65555777,88.68957978,86.75729846,84.85898337,82.99489911,81.16530304,79.37044248,77.61055146,75.88584661,74.19652234,72.54274496,70.92464554,69.34231128,67.79577502,66.28500247,64.8098766,63.37017867,61.96556485,60.59553781,59.25941167,57.95626923,56.6849095,55.44378382,54.2309184,53.04382145,51.87937364,50.7337023,49.602043,48.47859827,47.35641253,46.22729677,45.08185337,43.90966679,42.69972487,41.44110083,40.12384025,38.73987536,37.28369036,35.7524732,34.14564091,32.46383908,30.70764956,28.87621984,26.96588627,24.96867971,22.87041251,20.64780948,18.26374859,15.65891735,12.73683921,9.337875989,5.204232884,0.011434299
1.550271566,126.2883915,123.8073791,121.3567346,118.94252,116.5532826,114.1938353,111.8643088,109.5649441,107.2959873,105.0576892,102.8503053,100.6740955,98.5293238,96.41625818,94.33516994,92.28633321,90.27002432,88.28652093,86.33610105,84.4190418,82.53561793,80.68609999,78.87075222,77.08982984,75.3435759,73.63221742,71.95596076,70.31498594,68.70943981,67.13942776,65.6050036,64.10615728,62.64279983,61.21474506,59.821687,58.46317245,57.13856708,55.84701408,54.58738342,53.35820996,52.15761844,50.98323352,49.83207356,48.70042863,47.58372625,46.47639422,45.37173919,44.26187333,43.13773835,41.98929045,40.80590967,39.57706291,38.29316737,36.94648232,35.53176155,34.04640951,32.49003179,30.86347755,29.16760215,27.40195936,25.5634971,23.64515455,21.634079,19.50895885,17.23559798,14.75914479,11.99011524,8.780042729,4.888417934,0.010734327
1.544629652,123.626324,121.1686066,118.7408621,116.3490658,113.9819195,111.6441753,109.3359652,107.0575306,104.8091179,102.5909784,100.4033682,98.2465482,96.12078362,94.02634378,91.96350169,89.93253359,87.93371824,85.96733622,84.03366896,82.13299757,80.26560145,78.43175659,76.63173348,74.86579462,73.13419145,71.43716074,69.77492004,68.14766236,66.55554955,64.99870437,63.47720074,61.99105193,60.54019609,59.12447855,57.74363016,56.39724067,55.08472616,53.80528895,52.55786861,51.34108209,50.15315118,48.99181536,47.85422894,46.7368429,45.63527467,44.54417509,43.45711048,42.36649131,41.26359513,40.13874566,38.9817097,37.78234087,36.53141893,35.22151849,33.84764792,32.40740946,30.90057426,29.32816695,27.69128225,25.98983818,24.22134138,22.37957136,20.45292019,18.42191628,16.25511388,13.90186376,11.27927955,8.249450569,4.5882277,0.010069236
1.538987738,120.9905794,118.5576885,116.1543536,113.7864591,111.4428695,109.1282725,106.8428014,104.5866975,102.3602071,100.1635818,97.99707806,95.8609573,93.75548553,91.68093309,89.63757433,87.62568712,85.64555226,83.69745279,81.78167306,79.89849769,78.04821022,76.23109149,74.44741772,72.69745805,70.98147173,69.29970454,67.65238458,66.03971711,64.4618782,62.91900716,61.41119716,59.93848388,58.50083161,57.0981162,55.73010419,54.3964272,53.09655042,51.82973399,50.59498568,49.39100305,48.21610328,47.06813893,45.94439839,44.84149144,43.75522316,42.68046488,41.61103973,40.5396532,39.45791478,38.35651103,37.22558978,36.05538419,34.83702749,33.56339813,32.22974475,30.83384965,29.37562781,27.85625301,26.27702707,24.63819244,22.93776429,21.17029759,19.32534283,17.38514981,15.32085454,13.08576126,10.60320112,7.745225866,4.30315399,0.009437883
1.533345823,118.3818678,115.9752445,113.59774,111.2551443,108.9364921,106.6464031,104.385012,102.1525594,99.9492915,97.77545973,95.63132063,93.51713578,91.43317162,89.37969917,87.35699371,85.36533436,83.40500351,81.47628622,79.57946932,77.71484045,75.88268677,74.08329348,72.31694191,70.58390731,68.88445607,67.21884239,65.58730421,63.99005828,62.42729417,60.8991669,59.40578804,57.94721477,56.52343654,55.1343587,53.77978236,52.4593798,51.17266408,49.91895179,48.69731743,47.50653757,46.34502306,45.21073765,44.10110174,43.01288166,41.9420676,40.88374857,39.83200133,38.77982268,37.71914983,36.64102709,35.53597727,34.39460564,33.20838981,31.9705009,30.67641408,29.32407496,27.91352198,26.44605332,24.92314764,23.34533423,21.71108917,20.01568106,18.24973633,16.39711254,14.43136556,12.30951408,9.960741078,7.266489594,4.032685808,0.008839118
1.527703909,115.8008631,113.4218588,111.0715175,108.7555317,106.4631127,104.1988099,101.9627584,99.75519838,97.5763755,95.42654068,93.3059502,91.21486554,89.15355323,87.12228457,85.12133543,83.15098577,81.2115192,79.30322235,77.42638409,75.58129461,73.76824421,71.9875219,70.23941364,68.52420016,66.84215441,65.19353837,63.57859913,61.99756427,60.45063604,58.9379844,57.45973844,56.01597593,54.60671053,53.23187598,51.89130691,50.58471501,49.3116599,48.07151323,46.86341469,45.68621817,44.53842638,43.41811226,42.322826,41.24948802,40.19427086,39.15247812,38.11843668,37.08543065,36.04572029,34.99070229,33.91126802,32.79838727,31.64387295,30.44117794,29.18599079,27.87640465,26.51256238,25.09586345,23.62793497,22.10955766,20.53962346,18.91405584,17.22447844,15.45624792,13.58518493,11.57179326,9.350756573,6.812360316,3.776311062,0.008271789
1.522061995,113.2482039,110.8980808,108.5761482,106.287998,104.0230245,101.7857035,99.57617094,97.39466603,95.24143353,93.11672369,91.0207922,88.95390013,86.91631374,84.90830435,82.93014799,80.98212512,79.06452016,77.17762092,75.32171789,73.49710333,71.70407023,69.94291091,68.21391539,66.51736938,64.85355178,63.22273171,61.62516478,60.06108865,58.53071753,57.03423552,55.57178838,54.14347356,52.74932792,51.38931258,50.0632945,48.77102358,47.51210467,46.28596301,45.09180189,43.92855078,42.79480234,41.68873656,40.60803106,39.54975771,38.51026845,37.48507813,36.46875993,35.45488094,34.43601946,33.4039188,32.34983222,31.26508627,30.14182007,28.97375765,27.75678845,26.48913826,25.17103665,23.80396281,22.38966582,20.92914457,19.42166434,17.8637477,16.24794054,14.56099486,12.78084776,10.87126837,8.772104437,6.381956968,3.533518175,0.007734747
1.516420081,110.7244929,108.4044255,106.1120608,103.8528878,101.6164889,99.40726436,97.22535038,95.07098504,92.94441201,90.84588054,88.77564549,86.73396717,84.72111133,82.73734889,80.78295577,78.85821257,76.96340413,75.09881905,73.264749,71.46148793,69.68933101,67.94857341,66.23950872,64.56242704,62.91761267,61.30534126,59.72587628,58.17946479,56.66633223,55.18667602,53.74065777,52.32839369,50.94994283,49.60529268,48.29434134,47.0168757,45.77254444,44.56082491,43.38098237,42.23202007,41.11261859,40.02106274,38.95515508,37.91211614,36.88847408,35.8799514,34.88136351,33.88655581,32.88841937,31.87903799,30.85001988,29.79304045,28.700556,27.56655133,26.38710485,25.16056113,23.88721993,22.56862016,21.2066082,19.80237,18.35550408,16.86307934,15.31849268,13.70979252,12.01689068,10.20661156,8.223644581,5.974401477,3.303797601,0.007226847
1.510778166,108.2302983,105.9413743,103.6796516,101.4505142,99.24373747,97.06364367,94.91036933,92.78415108,90.68523125,88.61385786,86.57028462,84.55477085,82.56758144,80.60898666,78.67926196,76.77868774,74.90754891,73.06613447,71.25473691,69.4736514,67.72317488,66.00360489,64.31523809,62.65836845,61.03328512,59.44026966,57.87959278,56.35151027,54.85625805,53.3940461,51.96505102,50.56940686,49.20719393,47.87842497,46.58302809,45.32082588,44.0915095,42.89460687,41.72944351,40.59509458,39.49032651,38.4135266,37.36261973,36.33497211,35.32728478,34.33548407,33.3546233,32.37882122,31.40127603,30.41440567,29.41016613,28.38057356,27.31839245,26.21785836,25.07522732,23.88894971,22.65938014,21.38809884,20.07702656,18.72750727,17.33943505,15.91037529,14.43450829,12.90108475,11.29185608,9.576501258,7.704243196,5.588821204,3.086643223,0.006746952
1.505136252,105.7661536,103.5093754,101.2792853,99.08116004,96.9049725,94.7549649,92.63127388,90.53413443,88.4637873,86.42047904,84.40446196,82.41599413,80.45533928,78.52276674,76.6185512,74.7429725,72.89631531,71.07886867,69.29092547,67.53278173,65.80473573,64.10708692,62.44013454,60.80417595,59.19950457,57.62640732,56.08516151,54.57603099,53.09926145,51.65507466,50.24366136,48.86517258,47.51970888,46.20730717,44.92792444,43.68141767,42.4675191,41.28580566,40.13566141,39.0162315,37.92636603,36.86455239,35.82883502,34.8167227,33.82508586,32.85005062,31.88690361,30.93003176,29.97293445,29.00835714,28.02859613,27.0260002,25.99363306,24.92597125,23.81943771,22.67257647,21.48578296,20.2606617,18.99918666,17.7028328,16.37175446,15.00396649,13.59436857,12.13332426,10.6042959,8.979625661,7.212775712,5.224351199,2.881553661,0.006293936
1.499494338,103.3325585,101.1088448,98.91129561,96.74507894,94.60036852,92.48132501,90.38808496,88.32088151,86.27995362,84.26554613,82.2779097,80.3173009,78.38398206,76.47822125,74.60029212,72.75047367,70.92904996,69.13630973,67.37254594,65.63805504,63.93313625,62.2580905,60.61321914,58.99882241,57.4151975,55.8626361,54.34142153,52.85182502,51.39410136,49.96848333,48.57517501,47.21434348,45.88610858,44.59053035,43.32759346,42.09718801,40.89908588,39.73291143,38.5981055,37.49388125,36.41917023,35.37255741,34.35220395,33.35575799,32.38025559,31.42201852,30.4765619,29.53853535,28.6017333,27.65922179,26.70362986,25.7276306,24.72457808,23.68918034,22.61801704,21.50971465,20.36469646,19.18457573,17.97136016,16.7266306,15.45076871,14.14219453,12.79646661,11.40497654,9.95277528,8.414685966,6.748129532,4.880136294,2.688033471,0.005866688
1.493852424,100.929979,98.74016665,96.57598635,94.44249591,92.33007316,90.24279566,88.1807997,86.1443164,84.13358273,82.14884156,80.19034172,78.258338,76.35309109,74.47486758,72.62393974,70.80058544,69.00508785,67.23773509,65.49881978,63.7886385,62.10749097,60.45567917,58.83350616,57.24127456,55.67928479,54.14783281,52.6472073,51.17768629,49.73953293,48.33299029,46.95827497,45.6155692,44.30501115,43.02668292,41.78059567,40.56667135,39.38472002,38.23441187,37.11524273,36.02649174,34.96716965,33.93595638,32.9311269,31.95046533,30.99116959,30.04975264,29.12195313,28.20267768,27.28600934,26.36532762,25.4335865,24.48377501,23.50952878,22.50577818,21.46924995,20.39864259,19.29439545,18.15811633,16.99182881,15.79719646,14.57479747,13.32341559,12.03921111,10.71452337,9.33587582,7.880399326,6.309206546,4.555333012,2.505594244,0.00546411
1.48821051,98.5588479,96.40369382,94.27363183,92.17360847,90.09420823,88.03942435,86.00939273,84.00434226,82.02450771,80.07012982,78.14145535,76.23873709,74.36223386,72.51221048,70.68893763,68.89269176,67.12375482,65.38241401,63.66896131,61.98369301,60.32690901,58.69891194,57.10000608,55.53049602,53.9906849,52.48087239,51.00135199,49.55240789,48.13431093,46.74731372,45.39164458,44.06750003,42.7750356,41.51435437,40.28549284,39.0884035,37.92293314,36.78879615,35.68554155,34.61251239,33.56879626,32.55316544,31.56400565,30.59923355,29.65620492,28.73161941,27.82143397,26.92080635,26.0241016,25.12500538,24.21678862,23.29274788,22.34679163,21.37406368,20.37142878,19.33764785,18.27316555,17.17957134,16.05888843,14.91284176,13.74217745,12.54600408,11.32102993,10.06046614,8.752198636,7.37550155,5.89492542,4.249111309,2.333755606,0.005085126
1.482568595,96.21956565,94.09974868,92.00447782,89.9385874,87.89287067,85.87123553,83.87381735,81.90084259,79.95254367,78.02915898,76.13093303,74.25811639,72.4109658,70.58974406,68.79472001,67.02616841,65.28436974,63.56960994,61.88218006,60.22237577,58.59049675,56.98684591,55.41172836,53.86545016,52.34831675,50.86063095,49.40269055,47.97478526,46.57719296,45.21017509,43.87397088,42.5687903,41.29480525,40.05213876,38.84085151,37.6609252,36.5122419,35.3945586,34.3074756,33.25039782,32.22248732,31.222606,30.24924725,29.30045672,28.37374396,27.46599063,26.57336663,25.69127475,24.81435526,23.9365924,23.05156602,22.15287172,21.23468215,20.29234599,19.3228574,18.32503095,17.29930689,16.24724474,15.17085256,14.07189706,12.95126585,11.80835599,10.6403732,9.441328794,8.200367091,6.898749562,5.504223672,3.960656151,2.17204612,0.004728677
1.476926681,93.9125005,91.82862366,89.76874218,87.73757763,85.72613353,83.73823165,81.77400668,79.83368252,77.91748904,76.02566214,74.15844384,72.31608235,70.49883205,68.70695356,66.94071363,65.20038507,63.48624662,61.79858269,60.13768308,58.50384253,56.89736017,55.31853879,53.76768394,52.24510275,50.75110243,49.28598852,47.8500625,46.44361904,45.06694241,43.72030215,42.40394766,41.11810146,39.86295093,38.63863797,37.44524627,36.28278544,35.1511714,34.05020204,32.97952714,31.93861134,30.92668877,29.9427082,28.98526753,28.05253774,27.14217798,26.25124711,25.37612249,24.5124457,23.65512523,22.79843629,21.93625938,21.06248067,20.17152847,19.25894798,18.32185477,17.35910893,16.3711376,15.35946001,14.32605571,13.27271535,12.2004435,11.10889187,9.99571622,8.855660572,7.679029286,6.448923609,5.136059532,3.689168919,2.020004094,0.00439373
1.471284767,91.63798914,89.59058183,87.56661564,85.57069898,83.5940468,81.6403941,79.70987475,77.80270995,75.91912687,74.05935873,72.22364493,70.41223108,68.62536906,66.86331706,65.12633952,63.41470709,61.7286965,60.06859038,58.43467697,56.82724979,55.24660707,53.69305115,52.16688763,50.66842427,49.19796967,47.75583153,46.34231454,44.95771772,43.60233112,42.2764317,40.98027824,39.714105,38.47811386,37.27246459,36.09726272,34.95254449,33.83825819,32.75424097,31.70019021,30.67562814,29.67985853,28.71191421,27.77049436,26.85389162,25.95991045,25.08578197,24.2280854,23.38269474,22.54477955,21.70889821,20.86922359,20.01992388,19.15567466,18.27220961,17.36675812,16.4382185,15.48699697,14.51456326,13.52285649,12.51367495,11.48811771,10.44605959,9.385562068,8.302038411,7.186860278,6.024829232,4.789413599,3.43386867,1.877178294,0.004079272
1.465642853,89.39633723,87.38585751,85.3982624,83.43804701,81.49663833,79.57768417,77.68131749,75.80775665,73.95722595,72.12995581,70.32618281,68.54614981,66.79010601,65.05830696,63.3510146,61.66849718,60.0110292,58.37889124,56.77236974,55.19175666,53.63734907,52.10944849,50.6083602,49.13439222,47.68785406,46.26905516,44.87830289,43.51590008,42.18214192,40.87731211,39.60167808,38.35548499,37.13894833,35.9522447,34.7955003,33.66877673,32.57205317,31.50520442,30.46797354,29.45993822,28.48046941,27.52868117,26.60337072,25.70294853,24.82536008,23.96800374,23.12765482,22.30041326,21.48170245,20.666356,19.8488308,19.02356854,18.18548375,17.33049087,16.45592602,15.56071902,14.64524833,13.71092606,12.75964027,11.79318224,10.81272481,9.818336796,8.808443896,7.779069105,6.722564051,5.625299007,4.463290305,3.193993226,1.743128572,0.003784318
1.460000939,87.1878199,85.21465692,83.2638209,81.33969369,79.43391457,77.55004394,75.68821372,73.84863927,72.03154194,70.23714916,68.46569458,66.71741814,64.99256617,63.29139142,61.61415313,59.96111694,58.33255489,56.7287453,55.14997251,53.59652671,52.06870343,50.56680309,49.09113032,47.64199298,46.21970112,44.82456543,43.45689547,42.11699734,40.80517079,39.5217056,38.2668771,37.04094055,35.84412414,34.67662027,33.53857473,32.43007313,31.35112415,30.30163853,29.28140318,28.29004907,27.32701185,26.39148398,25.48235738,24.5981566,23.73696367,22.89633913,22.0732486,21.26401131,20.46429716,19.66920698,18.87347326,18.07180267,17.25934055,16.43217459,15.58774099,14.72499513,13.84428163,12.94694795,12.03482172,11.10967398,10.17273249,9.224233047,8.262926978,7.285391204,6.284875237,5.249194067,4.156719176,2.968800131,1.617426403,0.003507908
1.454359024,85.01268234,83.07715875,81.16340439,79.27568815,77.40586141,75.55739709,73.73042596,71.92516028,70.14181831,68.38062438,66.64180904,64.92560919,63.23226812,61.56203563,59.91516804,58.29192823,56.69258556,55.11741583,53.5667011,52.04072946,50.53979468,49.06419576,47.6142363,46.1902237,44.7924681,43.42128104,42.07697379,40.75985519,39.47022895,38.2083903,36.97462178,35.76918793,34.59232874,33.44425146,32.32512028,31.23504363,30.17405816,29.14210898,28.13902492,27.1644881,26.21799639,25.29881774,24.4059355,23.5379844,22.69317858,21.86923564,21.06330554,20.2719202,19.49098853,18.71587055,17.94156587,17.1630377,16.3756541,15.57566886,14.76061204,13.92945915,13.08251581,12.22105873,11.34684694,10.46161946,9.566641762,8.662291759,7.747610498,6.819676664,5.872560612,4.895405401,3.868755922,2.757567461,1.499655345,0.003249109
1.44871711,82.87114035,80.97351477,79.09710166,77.24605739,75.4124449,73.59964972,71.80780134,70.03710887,68.28778732,66.56005782,64.85414771,63.17029068,61.50872687,59.86970294,58.25347216,56.66029442,55.09043625,53.54417071,52.02177734,50.5235419,49.04975612,47.60071728,46.17672766,44.77809383,43.40512565,42.05813509,40.73743468,39.44333547,38.1761446,36.93616211,35.72367703,34.53896244,33.38226925,32.25381855,31.15379187,30.08231913,29.03946361,28.02520308,27.03940646,26.08180486,25.15195586,24.24920006,23.37260884,22.52092328,21.69248513,20.88516382,20.09628778,19.32259479,18.56022533,17.80479048,17.05154851,16.29571072,15.53286002,14.75940932,13.97297678,13.17255325,12.35840086,11.53172047,10.69419544,9.847522312,8.992988728,8.131091833,7.261129086,6.380632251,5.484420356,4.562854963,3.598483339,2.559594494,1.389411417,0.003007016
1.443075196,80.76338087,78.90385042,77.06497763,75.25080692,73.45361194,71.67669103,69.92017236,68.18426172,66.46917084,64.7751175,63.10232574,61.4510259,59.82145482,58.21385591,56.62847922,55.06558151,53.52542624,52.00828358,50.51443032,49.04414966,47.59773104,46.17546976,44.77766646,43.40462654,42.05665925,40.73407657,39.43719183,38.16631783,36.92176457,35.70383631,34.51282791,33.34902019,32.21267416,31.10402377,30.02326678,28.97055341,27.9459721,26.9495317,25.98113936,25.04057298,24.12744741,23.24117299,22.38090582,21.54548941,20.73338859,19.94261945,19.17068282,18.41451565,17.6704824,16.93443706,16.20188811,15.46828657,14.72942247,13.98186112,13.22330342,12.4527513,11.67041965,10.87742926,10.07538181,9.265922156,8.450346098,7.629249073,6.802154117,5.967000728,5.119289108,4.250496576,3.345012058,2.374202259,1.286303403,0.002780755
1.437433282,78.68956259,76.86826545,75.06707397,73.28992145,71.52929096,69.78839409,68.06735757,66.36638381,64.68568114,63.02546392,61.38595275,59.76737454,58.16996271,56.59395727,55.0396049,53.50715907,51.99688005,50.50903491,49.04389747,47.60174819,46.18287396,44.78756783,43.41612854,42.06886001,40.74607049,39.44807162,38.17517711,36.92770102,35.7059557,34.51024904,33.34088104,32.19813956,31.08229486,29.99359281,28.93224633,27.89842471,26.89224015,25.91373098,24.96284069,24.03939192,23.14305425,22.2733049,21.42938134,20.61022561,19.81442111,19.04012531,18.28500549,17.54619089,16.82026245,16.10330891,15.3910805,14.67925969,13.96383599,13.24152071,12.51009247,11.76856055,11.01708955,10.25671674,9.48895714,8.715395918,7.937324449,7.155417354,6.369394781,5.577561817,4.776036817,3.957316656,3.107481123,2.200733959,1.18995309,0.00256948
1.431791367,76.64981653,74.86683448,73.10340974,71.36336548,69.63939261,67.93461648,66.24916232,64.58322908,62.93702161,61.31075076,59.7046336,58.11889351,56.55376037,55.00947066,53.48626759,51.98440119,50.50412836,49.04571291,47.60942552,46.19554369,44.80435156,43.43613966,42.09120457,40.76984842,39.47237816,38.19910471,36.95034173,35.72640413,34.52760606,33.35425848,32.20666593,31.08512255,29.98990703,28.92127626,27.87945725,26.86463717,25.87695059,24.91646374,23.98315465,23.07688852,22.19738723,21.34419201,20.51661837,19.71370298,18.93414328,18.17623289,17.43779951,16.71615787,16.0080978,15.30993467,14.61765207,13.92715568,13.23462706,12.53691733,11.8318782,11.11852306,10.39696375,9.668151404,8.933510275,8.194558982,7.452573279,6.70828958,5.961598949,5.21113296,4.453569397,3.682334759,2.88505843,2.038555282,1.09999543,0.002372373
1.426149453,74.64424662,72.8996076,71.17398201,69.47108392,67.7838103,66.1152009,64.46537935,62.83454109,61.22288742,59.6306256,58.05796907,56.50513761,54.97235744,53.45986143,51.96788918,50.49668714,49.04650872,47.6176143,46.21027127,44.82475395,43.46134352,42.12032779,40.80200092,39.50666294,38.23461921,36.98617957,35.76165726,34.56136756,33.38562599,32.23474599,31.10903602,30.00879583,28.93431173,27.8858507,26.86365287,25.86792205,24.89881386,23.95642085,23.04075377,22.15171829,21.28908618,20.4524598,19.64122936,18.85452231,18.09114562,17.34952381,16.62763899,15.92298458,15.23255176,14.55287442,13.88016114,13.21053273,12.54035548,11.8666144,11.18722997,10.5012169,9.808632445,9.110339653,8.407668794,7.702066108,6.994781831,6.286598431,5.577553826,4.866569889,4.150829204,3.424603972,2.676941019,1.887054601,1.016078648,0.002188649
1.420507539,72.67293031,70.96661098,69.27876637,67.6130027,65.96242085,64.32997577,62.7157894,61.12005362,59.54296611,57.98473047,56.44555647,54.92566015,53.42526403,51.94459724,50.48389568,49.04340211,47.62336629,46.22404505,44.84570231,43.48860906,42.15304331,40.83928994,39.54764042,38.27839248,37.03184954,35.80832003,34.60811641,33.43155393,32.27894897,31.15061696,30.04686966,28.96801173,27.91433638,26.88611978,25.88361414,24.90703878,23.95656904,23.03232224,22.13434007,21.26256662,20.41682107,19.59676414,18.80185744,18.03131532,17.28404978,16.55861106,15.85312967,15.16527096,14.49221993,13.83072093,13.17719924,12.52798281,11.87961553,11.22921058,10.57475323,9.915257192,9.25072378,8.581926689,7.910099806,7.236612143,6.562679738,5.889116913,5.216086418,4.542767008,3.866795347,3.183211145,2.482355239,1.745643078,0.937864294,0.002017551
1.414865625,70.73591918,69.06784748,67.41771763,65.78902933,64.17508506,62.5787558,61.00016176,59.43949121,57.89693813,56.37270245,54.86699014,53.3800135,51.91199122,50.46314862,49.03371779,47.6239377,46.23405435,44.86432088,43.51499759,42.18635198,40.87865872,39.59219954,38.32726303,37.08414431,35.86314462,34.66457066,33.48873376,32.33594872,31.20653235,30.10080155,29.01907081,27.96164905,26.92883558,25.92091496,24.93815047,23.98077583,23.04898476,22.14291787,21.26264602,20.40814965,19.579293,18.77579234,17.99717741,17.24274564,16.51150961,15.80214007,15.11291001,14.44164994,13.78573124,13.1421007,12.50739212,11.87813269,11.25103692,10.62334072,9.993090468,9.359296899,8.721904578,8.081597187,7.439510562,6.796932554,6.155037461,5.514658725,4.876063829,4.238657619,3.600483838,2.957276981,2.300556794,1.613754672,0.865027228,0.001858354
1.409223711,68.83323957,67.20329723,65.59077032,63.99905348,62.42164823,60.86134251,59.31825479,57.79256966,56.28447738,54.79417411,53.32186202,51.86774956,50.43205155,49.01498941,47.61679134,46.23769241,44.87793478,43.53776775,42.21744789,40.91723904,39.63741237,38.37824628,37.14002624,35.92304456,34.72760003,33.55399731,32.40254626,31.27356086,30.16735792,29.0842553,28.02456967,26.98861358,25.97669174,24.98909623,24.02610044,23.08795139,22.17485994,21.28698845,20.42443525,19.58721512,18.775235,17.98826395,17.22589662,16.48750972,15.77221198,15.07878957,14.40565201,13.75078831,13.11174881,12.48567484,11.86940059,11.25964473,10.65328563,10.04767662,9.440921851,8.832027472,8.220880927,7.60807579,6.994648868,6.381803766,5.770666563,5.162078455,4.556393381,3.953213975,3.350947593,2.745955996,2.130830668,1.490846059,0.797255572,0.001710359
1.403581796,66.96489319,65.37291821,63.79783927,62.24294751,60.70194067,59.17752477,57.66981643,56.17899653,54.7052516,53.24877398,51.80976199,50.38842017,48.98495941,47.59959719,46.23255769,44.88407205,43.55437845,42.24372226,40.95235618,39.68054028,38.42854207,37.19663643,35.98510553,34.79423866,33.62433186,32.47568752,31.34861368,30.24342315,29.16043231,28.09995954,27.06232315,26.04783869,25.05681556,24.08955256,23.14633229,22.22741396,21.3330243,20.463346,19.61850317,18.79854296,18.00341267,17.23293143,16.4867556,15.76433748,15.06487756,14.38727231,13.73006199,13.09138746,12.46897071,11.86013975,11.26192121,10.67121759,10.08506448,9.500927607,8.916965777,8.332179311,7.746398573,7.160127444,6.574303351,5.99004335,5.408419818,4.830271621,4.25602259,3.685447202,3.11727631,2.548436361,1.972490956,1.376396483,0.734250606,0.001572902
1.397939882,65.13085772,63.57664688,62.03882022,60.52056702,59.01577828,57.52707923,56.0545846,54.59847155,53.15892284,51.73612694,50.3302783,48.94157749,47.57023143,46.21645356,44.88046406,43.56248999,42.26276548,40.98153188,39.71903793,38.47553977,37.25130111,36.04659317,34.86169463,33.69689153,32.55247698,31.42875078,30.32601887,29.24459254,28.18478736,27.14692177,26.13131518,25.1382856,24.16814641,23.22120235,22.29774432,21.39804268,20.52233882,19.67083435,18.84367747,18.04094576,17.26262463,16.50858061,15.77852864,15.07199287,14.38826127,13.72633562,13.08488111,12.46218393,11.85613048,11.26422772,10.68368682,10.11158666,9.545113606,8.981840928,8.419979233,7.858522073,7.297243162,6.736557563,6.17730355,5.62051005,5.067191167,4.518174563,3.973939,3.434407079,2.898596207,2.363939624,1.824880597,1.269907519,0.675726623,0.001445344
1.392297968,63.33108754,61.81439879,60.31359035,58.83175137,57.36296297,55.90977082,54.4722877,53.05068704,51.64514779,50.25585455,48.88299784,47.52677425,46.18738668,44.86504449,43.55996375,42.27236742,41.0024855,39.75055524,38.51682127,37.30153575,36.10495844,34.92735673,33.76900567,32.63018784,31.51119319,30.41231871,29.33386794,28.27615033,27.23948025,26.22417576,25.23055694,24.2589436,23.30965252,22.3829936,21.47926515,20.59874767,19.74169604,18.90832937,18.09881837,17.31326913,16.55170295,15.81403113,15.10002409,14.40927424,13.74115278,13.09476182,12.46888581,11.86194982,11.27199754,10.69670724,10.13346691,9.579524488,9.03221079,8.489202036,7.948758007,7.409864829,6.872240329,6.336212056,5.802519876,5.272103665,4.745915539,4.224764196,3.709169886,3.199181704,2.694069662,2.191720342,1.687371017,1.170902784,0.62141075,0.001327076
1.386656054,61.56551425,60.08606911,58.62200883,57.17632419,55.74328318,54.32535316,52.92264496,51.53532826,50.16357815,48.80757538,47.4675065,46.14356409,44.83594697,43.54486042,42.27051635,41.01313352,39.77293778,38.55016217,37.34504716,36.15784079,34.98879875,33.83818449,32.70626926,31.59333202,30.49965934,29.42554515,28.37129036,27.33720222,26.32359359,25.33078174,24.3590869,23.4088302,22.48033112,21.57390404,20.68985382,19.82847013,18.99002014,18.17473917,17.38281882,16.61439186,15.86951328,15.14813659,14.45008467,13.77501462,13.12237667,12.49136845,11.88088805,11.28949307,10.71537744,10.15638331,9.61006787,9.073840902,8.545171612,8.021834714,7.502136772,6.985056081,6.470255661,5.957977219,5.448863433,4.943764808,4.443568542,3.949057652,3.460781841,2.978897039,2.502894742,2.03106561,1.559361703,1.078927585,0.571042736,0.001217519
1.38101414,59.83404744,58.39153334,56.96391739,55.55409391,54.15651433,52.77356905,51.40536688,50.05207376,48.71386095,47.39090528,46.08338934,44.79150168,43.51543703,42.25539651,41.01158785,39.7842256,38.57353133,37.37973386,36.20306941,35.04378178,33.90212252,32.77835102,31.67273455,30.5855483,29.51707528,28.46760616,27.43743891,26.42687835,25.43623545,24.46582631,23.51597086,22.58699105,21.67920845,20.79294118,19.92849987,19.08618238,18.26626708,17.46900416,16.69460459,15.94322602,15.21495499,14.50978471,13.82758754,13.16808179,12.53079265,11.91500846,11.31973547,10.74365757,10.18511206,9.642097565,9.112333049,8.593383146,8.0828495,7.578601074,7.078989028,6.582983656,6.090194521,5.600779498,5.115285718,4.634474542,4.159166043,3.690111799,3.227880256,2.772716365,2.324304643,1.881294521,1.440279701,0.993548511,0.524374701,0.001116119
1.375372225,58.13657525,56.73064779,55.33914088,53.96485426,52.60241928,51.25415078,49.92015554,48.60059574,47.29563879,46.00545764,44.73023087,43.47014299,42.22538462,40.99615271,39.78265077,38.58508909,37.40368494,36.23866283,35.09025467,33.95869996,32.84424599,31.74714797,30.6676691,29.60608062,28.56266182,27.53769987,26.53148961,25.54433313,24.57653919,23.62842236,22.70030185,21.79249989,20.9053396,20.03914217,19.19422318,18.37088778,17.56942443,16.79009696,16.03313421,15.29871692,14.58696112,13.89789727,13.23144431,12.58737836,11.96529553,11.36457022,10.78431144,10.22332324,9.680079542,9.152728243,8.639142789,8.137035817,7.644135651,7.158401439,6.678226938,6.202574482,5.731001767,5.263585143,4.80077821,4.343253911,3.891763635,3.447022667,3.009608708,2.579839644,2.157567047,1.74175754,1.329579054,0.914352981,0.481170872,0.001022352
1.369730311,56.4729651,55.10325028,53.74748778,52.40838474,51.08074878,49.76682062,48.46670499,47.1805603,45.90855016,44.65084358,43.40761516,42.17904536,40.96532067,39.76663386,38.58318418,37.41517763,36.26282716,35.1263529,34.0059824,32.90195079,31.81450103,30.74388402,29.69035878,28.65419248,27.63566051,26.63504636,25.65264152,24.68874507,23.7436633,22.81770888,21.91119988,21.02445835,20.15780839,19.31157364,18.48607385,17.68162055,16.89851131,16.13702231,15.39739881,14.67984297,13.98449828,13.31143003,12.66060096,12.03184162,11.42481515,10.83897742,10.27353491,9.727405895,9.199194248,8.68719011,8.189414276,7.703720716,7.227958849,6.760174117,6.298801053,5.84279426,5.391661366,4.94539976,4.504371866,4.069163368,3.640456024,3.218924783,2.805148258,2.3995028,2.00198341,1.611835823,1.226740189,0.840948755,0.441207285,0.00093572
1.364088397,54.8430643,53.5091607,52.1887508,50.88445113,49.59124189,48.31129114,47.04470156,45.7916278,44.55222964,43.32667218,42.11512606,40.91776767,39.73477936,38.5663497,37.4126737,36.27395301,35.15039624,34.04221911,32.94964474,31.87290385,30.81223497,29.76788464,28.74010757,27.72916673,26.73533346,25.75888742,24.80011649,23.85931658,22.93679115,22.03285068,21.14781171,20.28199566,19.43572709,18.60933141,17.80313188,17.01744555,16.25257804,15.50881673,14.78642191,14.08561547,13.40656641,12.74937252,12.11403759,11.50044335,10.90831615,10.33718887,9.78636031,9.254857071,8.741406555,8.24443424,7.762101318,7.292396595,6.833285175,6.382895072,5.939699936,5.502647032,5.071195907,4.645267772,4.225136516,3.811302127,3.404376321,3.004990426,2.61371668,2.230976933,1.856888183,1.490940477,1.131269252,0.772963403,0.404271471,0.000855748
1.358446483,53.24670074,51.94818162,50.66270737,49.39280598,48.13362643,46.88726564,45.6538242,44.43345304,43.22630812,42.03255066,40.8523473,39.68587039,38.53329815,37.39481493,36.27061148,35.16088512,34.06584006,32.98568759,31.92064638,30.87094265,29.83681047,28.81849192,27.81623731,26.8303053,25.86096304,24.9084862,23.9731589,23.05527357,22.15513066,21.27303808,20.40931053,19.56426834,18.73823602,17.9315402,17.1445069,16.37745788,15.63070587,14.90454828,14.19925907,13.51507827,12.85219846,12.21074772,11.59076817,10.99218958,10.41479777,9.858198278,9.321777197,8.80466376,8.305702566,7.82344772,7.356194028,6.902058817,6.459117635,6.02557751,5.599949705,5.181174678,4.768666037,4.362271791,3.962180188,3.568807426,3.182695263,2.804428812,2.434567622,2.073567476,1.721647979,1.378511773,1.042697413,0.710043751,0.370162126,0.00078199
1.352804568,51.68368357,50.42009888,49.16912023,47.93318908,46.70761938,45.49443846,44.2937448,43.10568561,41.93041307,40.7680845,39.61886261,38.48291567,37.3604178,36.25154915,35.15649616,34.07545184,33.00861598,31.95619542,30.91840433,29.89546441,28.8876052,27.89506425,26.9180874,25.95692889,25.01185158,24.08312696,23.17103522,22.27586515,21.39791388,20.53748652,19.69489552,18.87045976,18.06450321,17.27735315,16.50933769,15.76078253,15.03200655,14.3233161,13.63499752,12.96730739,12.32046006,11.69461169,11.08984014,10.50612015,9.943293406,9.401033838,8.878809946,8.37584803,7.891103742,7.423253263,6.970718421,6.531738923,6.104495699,5.687271386,5.278613486,4.877456317,4.483169817,4.095531926,3.714648357,3.340853734,2.974620379,2.616485221,2.26698971,1.92661329,1.595660695,1.274018316,0.960580124,0.651855297,0.338688764,0.000714022
1.347162654,50.15380387,48.92468225,47.70773793,46.50532796,45.31292735,44.13249539,42.96412845,41.80797007,40.66416864,39.53287763,38.4142558,37.30846741,36.21568243,35.13607683,34.06983279,33.01713895,31.97819071,30.95319042,29.94234774,28.94587981,27.96401159,26.99697607,26.0450145,25.10837666,24.18732094,23.28211459,22.39303369,21.52036315,20.66439661,19.82543607,19.00379143,18.19977972,17.41372391,16.6459514,15.89679178,15.16657389,14.45562188,13.76425,13.09275567,12.44141057,11.81044902,11.20005313,10.610334,10.04130836,9.49287022,8.964757822,8.456517295,7.967466598,7.496666455,7.042908755,6.60473594,6.18050414,5.768494773,5.367062828,4.974790805,4.590607653,4.213842016,3.84420502,3.481723137,3.126651894,2.779395087,2.440440069,2.110305605,1.789485727,1.478354595,1.176956189,0.884496361,0.598081607,0.309671364,0.000651444
1.34152074,48.65683529,47.46168596,46.27829541,45.10893834,43.94924692,42.80111399,41.6646338,40.53994623,39.42719593,38.32653255,37.2381109,36.16209123,35.09863943,34.04792729,33.0101327,31.98543999,30.97404011,29.97613096,28.99191764,28.02161272,27.06543655,26.12361748,25.19639216,24.28400576,23.38671218,22.50477425,21.63846379,20.78806171,19.95385789,19.136151,18.33524807,17.55146391,16.78512009,16.03654359,15.30606486,14.5940152,13.90072317,13.22650987,12.57168262,11.93652674,11.32129481,10.72619285,10.15136277,9.596860381,9.062628634,8.548466077,8.053991849,7.578610321,7.121481475,6.681506726,6.257342908,5.847456805,5.450225596,5.06407351,4.687616916,4.319780255,3.959853337,3.607483837,3.262622415,2.925448213,2.596297758,2.275607944,1.963871021,1.661587655,1.369187364,1.086848057,0.814047841,0.548423705,0.282940001,0.000593878
1.335878826,47.19253477,46.03084937,44.8805145,43.74372463,42.61626512,41.49996397,40.39491331,39.30124939,38.21911315,37.14865043,36.09001215,35.04335457,34.00883951,32.98663458,31.97691345,30.97985608,29.99564903,29.02448571,28.06656668,27.12209991,26.19130109,25.27439393,24.37161039,23.48319099,22.60938505,21.75045085,20.90665585,20.07827676,19.26559952,18.46891922,17.68853977,16.92477339,16.17793985,15.44836523,14.73638027,14.04231804,13.36651068,12.70928517,12.07095759,11.45182548,10.85215805,10.27218325,9.712071439,9.171914754,8.651701765,8.151287462,7.670359522,7.208403631,6.764673396,6.338173765,5.927669931,5.531733747,5.148833591,4.77745996,4.416262068,4.064160783,3.720409606,3.384596195,3.056598948,2.736523518,2.424640728,2.121336596,1.827073717,1.542352447,1.267645132,1.003242268,0.748858221,0.502599434,0.25833448,0.00054097
1.330236912,45.7606432,44.63189755,43.51410449,42.40938036,41.31365978,40.2287075,39.15461353,38.09151052,37.03953575,35.99883127,34.96954414,33.95182667,32.94583663,31.95173747,30.96969863,29.99989578,29.04251106,28.09773341,27.16575883,26.24679069,25.34104001,24.4487258,23.57007532,22.70532436,21.85471756,21.01850861,20.19696046,19.39034547,18.59894548,17.82305175,17.06296481,16.31899399,15.59145686,14.88067816,14.18698837,13.51072165,12.85221298,12.21179428,11.58978925,10.98650636,10.40222982,9.837207643,9.291636374,8.765641758,8.259254816,7.772383245,7.30477892,6.856003918,6.425400013,6.012069881,5.614881237,5.2325056,4.863498155,4.506412823,4.15993073,3.822970173,3.494750908,3.174804063,2.862939411,2.559192174,2.263769293,1.977005911,1.699332451,1.431242961,1.173241485,0.925711925,0.688572287,0.460342829,0.235703956,0.000492383
1.324594997,44.36088608,43.26454188,42.17876266,41.10558872,40.0411,38.9869996,37.94337541,36.91035655,35.88807664,34.87667399,33.87629184,32.88707857,31.90918793,30.94277927,29.98801781,29.04507492,28.11412836,27.19536261,26.28896911,25.39514662,24.5141015,23.64604802,22.7912087,21.94981457,21.12210553,20.30833056,19.50874801,18.72362576,17.95324137,17.19788211,16.45784483,15.73343571,15.02496974,14.33276991,13.6571659,12.99849236,12.35708635,11.73328386,11.12741514,10.53979831,9.970731076,9.420479663,8.889264634,8.377242758,7.884484429,7.410946441,6.956440685,6.520600865,6.102851648,5.70238782,5.318173978,4.948976092,4.593431915,4.25015608,3.917860779,3.595462782,3.282150694,2.977402624,2.680963428,2.39280107,2.11306067,1.842026852,1.580095931,1.327750497,1.085516464,0.853853956,0.632855141,0.421403468,0.21490656,0.000447804
1.318953083,42.99297423,41.92848067,40.87417479,39.83202296,38.7982465,37.77448845,36.76083459,35.75741054,34.76434631,33.78177653,32.80984064,31.84868313,30.89845376,29.95930781,29.03140631,28.11491637,27.21001138,26.31687137,25.43568324,24.56664115,23.70994677,22.86580965,22.03444751,21.21608661,20.41096201,19.61931796,18.84140808,18.07749567,17.32785385,16.5927657,15.8725242,15.16743207,14.4778014,13.803953,13.1462153,12.50492284,11.88041406,11.27302816,10.68310093,10.11095894,9.556911903,9.021242529,8.504193301,8.005949515,7.526617983,7.06620112,6.624566797,6.201415747,5.796250437,5.408352342,5.03677749,4.680381272,4.337879937,4.007946231,3.689322642,3.380925497,3.081914849,2.791719316,2.510022566,2.236728596,1.971922939,1.715840398,1.46884174,1.231393743,1.004035556,0.787288176,0.581391375,0.385545837,0.195809023,0.000406938
1.313311169,41.65660442,40.62339975,39.60001575,38.58834693,37.58475205,36.59081572,35.60662163,34.63229192,33.66795305,32.71373599,31.76977643,30.83621502,29.91319757,29.0008753,28.09940513,27.2089499,26.32967867,25.46176703,24.60539739,23.76075928,22.92804971,22.10747346,21.2992435,20.50358121,19.72071686,18.95088982,18.19434895,17.45135283,16.72217003,16.00707925,15.30636939,14.62033947,13.94929837,13.29356434,12.65346408,12.02933148,11.42150568,10.83032832,10.25613974,9.699273798,9.16005083,8.638768348,8.135688748,7.651023462,7.184912877,6.737401682,6.308409843,5.897700691,5.504849585,5.129219459,4.76995252,4.425988729,4.096118912,3.77907145,3.473618427,3.178676827,2.893380752,2.617112839,2.349499327,2.090383591,1.839793986,1.597916462,1.36507527,1.141717728,0.92838868,0.725656357,0.533884258,0.352548684,0.178286295,0.000369508
1.307669255,40.35146009,39.34897308,38.35594998,37.37421547,36.40026188,35.43561697,34.48036234,33.53461672,32.59850305,31.6721487,30.75568565,29.84925073,28.95298587,28.06703828,27.19156076,26.32671195,25.47265661,24.62956592,23.79761779,22.97699718,22.1678964,21.37051553,20.58506269,19.81175445,19.05081616,18.30248234,17.56699696,16.84461383,16.13559681,15.4402201,14.75876832,14.09153653,13.43883014,12.80096445,12.17826403,11.57106161,10.97969638,10.40451164,9.845851393,9.304055657,8.779454078,8.272357362,7.783045898,7.311754956,6.858655774,6.4238321,6.007252258,5.608737914,5.227932592,4.864275653,4.516990421,4.185096761,3.867456311,3.562850717,3.270081016,2.98806597,2.715916305,2.452972166,2.198806111,1.953204294,1.716140421,1.487752813,1.268328639,1.058292762,0.858189184,0.668621291,0.490054925,0.322204392,0.16222118,0.000335254
1.302027341,39.07721196,38.10486336,37.14163205,36.18927494,35.24441407,34.30852192,33.38167804,32.46399777,31.5556006,30.65661034,29.7671553,28.88736857,28.0173882,27.15735745,26.30742505,25.46774547,24.63847921,23.81979307,23.01186049,22.21486185,21.42898484,20.65442477,19.89138498,19.14007715,18.40072175,17.67354834,16.958796,16.25671364,15.56756034,14.89160564,14.22912969,13.58042342,12.94578844,12.32553683,11.7199906,11.12948081,10.55434614,9.99493082,9.451581646,8.924643746,8.414454803,7.921337188,7.445587453,6.987462509,6.54716183,6.124805142,5.720405539,5.333838931,4.964812459,4.612837069,4.277212337,3.957033544,3.651229525,3.358632928,3.078073153,2.808471864,2.548918955,2.298715528,2.057384185,1.824657283,1.600456512,1.384873994,1.178159625,0.980713393,0.793072843,0.615865869,0.449641563,0.294318344,0.147503962,0.000303934
1.296385426,37.83351876,36.8907226,35.95670717,35.03316365,34.11683994,33.20915484,32.31018584,31.42004495,30.53884826,29.66671606,28.80377307,27.95014866,27.10597706,26.27139762,25.44655506,24.63159972,23.82668785,23.03198193,22.24765096,21.47387079,20.71082445,19.95870256,19.21770363,18.48803449,17.76991066,17.06355676,16.3692069,15.68710503,15.01750534,14.36067259,13.71688233,13.08642112,12.46958657,11.86668719,11.27804208,10.70398017,10.14483905,9.600963237,9.072701465,8.560402988,8.064412317,7.58506204,7.122663115,6.677492001,6.249773904,5.83966158,5.447209454,5.07234375,4.714830866,4.374248683,4.049968355,3.741156269,3.446804986,3.165795995,2.896986517,2.639302232,2.391814713,2.153789407,1.924702647,1.704236419,1.49226311,1.288830255,1.094150597,0.908597371,0.732696868,0.567092169,0.41239863,0.268708308,0.134032046,0.000275321
1.290743512,36.62002785,35.70619273,34.80081174,33.90551234,33.01716449,32.13713486,31.2654989,30.40236538,29.547847,28.7020606,27.86512735,27.03717295,26.21832789,25.40872764,24.60851294,23.81783006,23.03683107,22.26567414,21.50452388,20.75355161,20.01293578,19.28286228,18.56352485,17.85512544,17.15787464,16.47199208,15.79770686,15.13525792,14.4848945,13.84687643,13.22147455,12.60897085,12.0096587,11.4238428,10.85183896,10.29397355,9.750582577,9.222010161,8.708606234,8.210723219,7.728711314,7.262911937,6.813648792,6.381215879,5.965861754,5.567769379,5.187031219,4.823620051,4.47735735,4.147883471,3.834636658,3.536850273,3.253577276,2.983745931,2.72624078,2.479992623,2.244057162,2.017667517,1.800257385,1.591461794,1.391106589,1.199196479,1.015907468,0.841584615,0.676738934,0.522020558,0.378096065,0.245203829,0.121709602,0.000249203
1.285101598,35.43637588,34.55090619,33.67357389,32.80594464,31.94500676,31.09207633,30.24722678,29.41056366,28.58219637,27.76223836,26.95080728,26.14802524,25.35401901,24.56892025,23.79286578,23.02599784,22.26846435,21.52041924,20.78202274,20.05344172,19.33485004,18.62642892,17.92836732,17.24086233,16.56411961,15.89835378,15.24378889,14.60065886,13.96920784,13.34969072,12.74237343,12.14753327,11.56545916,10.99645171,10.44082312,9.898896828,9.37100674,8.857495997,8.358714984,7.875018409,7.406761073,6.954291915,6.517945796,6.098032357,5.694821228,5.308522882,4.939264684,4.587062361,4.251788464,3.933141551,3.630622662,3.343528165,3.070968237,2.811915943,2.565282677,2.330005445,2.105126473,1.889849801,1.683570054,1.485878685,1.296557793,1.115571143,0.943058651,0.779336215,0.624896216,0.480388815,0.346518527,0.223645638,0.11044722,0.000225384
1.279459684,34.28218945,33.42448652,32.57461394,31.73407752,30.89998025,30.07358915,29.25497563,28.4442421,27.64149471,26.84684356,26.06040286,25.28229116,24.51263159,23.75155204,22.99918547,22.25567014,21.52114987,20.79577439,20.07969961,19.37308798,18.67610881,17.98893868,17.31176178,16.64477037,15.98816518,15.34215581,14.70696127,14.08281036,13.46994216,12.86860646,12.27906422,11.70158789,11.13646175,10.58398208,10.04445718,9.518207177,9.005563425,8.506867523,8.022469625,7.552725882,7.097994674,6.658631221,6.234980041,5.827364604,5.436073447,5.061341991,4.703329497,4.362091211,4.037546933,3.729449337,3.437358147,3.160628942,2.898426069,2.649765505,2.413585062,2.18882901,1.974528424,1.769861426,1.574187054,1.387056524,1.208210997,1.037575272,0.875254047,0.721533436,0.576884458,0.441951263,0.317464651,0.203885067,0.100161566,0.00020368
1.27381777,33.15708574,32.32654894,31.50354498,30.68952177,29.88169333,29.0812791,28.28834854,27.50300094,26.72533928,25.95547035,25.19350498,24.43955824,23.69374964,22.95620339,22.22704862,21.50641967,20.79445633,20.09130417,19.39711484,18.71204638,18.03626363,17.36993853,16.71325057,16.06638717,15.42954414,14.8029261,14.18674696,13.5812304,12.98661036,12.40313149,11.83104967,11.27063237,10.72215905,10.18592146,9.662223732,9.151382315,8.653725604,8.169593131,7.699334171,7.24330553,6.801868206,6.375382526,5.964201239,5.56865993,5.189063989,4.825671338,4.478670281,4.148152304,3.834080807,3.536258679,3.254300391,2.987617112,2.735424434,2.496779451,2.270645977,2.055976575,1.851793424,1.657251791,1.471678524,1.294587881,1.125682889,0.964851433,0.812164038,0.667876753,0.532437049,0.406477935,0.290746316,0.185783486,0.090775061,0.000183919
1.268175855,32.06067317,31.25670089,30.45997335,29.67188242,28.88974959,28.11474822,27.3469458,26.58643861,25.83332647,25.08771294,24.34970554,23.61941589,22.89695997,22.18245835,21.47603641,20.77782461,20.08795876,19.40658033,18.73383674,18.06988173,17.41487564,16.76898587,16.13238721,15.50526229,14.887802,14.28020598,13.68268306,13.09545178,12.51874089,11.95278987,11.39784939,10.85418185,10.32206176,9.801776117,9.293624633,8.797919786,8.314986605,7.845162068,7.388793974,6.946239043,6.517859983,6.104021121,5.705082097,5.321388984,4.953262071,4.600979468,4.264755802,3.94471568,3.640862622,3.353046008,3.080931308,2.823981809,2.581461565,2.352467059,2.135987724,1.930985404,1.736475553,1.551593549,1.375637352,1.208087465,1.048611567,0.897062734,0.753478519,0.618084904,0.491304136,0.373753756,0.266187942,0.169211761,0.082215552,0.000165944
1.262533941,30.99255202,30.21454265,29.44349918,28.68075923,27.92374831,27.17359511,26.43036521,25.69415191,24.96505195,24.24316573,23.52859748,22.82145547,22.1218522,21.42990465,20.74573451,20.06946842,19.40123829,18.74118152,18.08944139,17.44616733,16.8115153,16.18564815,15.56873604,14.96095681,14.3624965,13.77354975,13.19432034,12.62502164,12.0658772,11.51712124,10.97899923,10.45176834,9.935698013,9.431070317,8.938180321,8.45733624,7.988859373,7.533083699,7.090354972,6.661029138,6.245469764,5.844044139,5.457117523,5.085044944,4.728159743,4.386758019,4.061078142,3.751274876,3.45738855,3.179311489,2.916756581,2.669235926,2.436059376,2.216361157,2.009155947,1.813415826,1.628151611,1.452481649,1.285678199,1.127191145,0.976655562,0.833891859,0.698905939,0.571893978,0.453251749,0.343577746,0.243625802,0.154049715,0.074416011,0.000149606
1.256892027,29.95231503,29.19966789,28.45371685,27.71574713,26.98328478,26.25741528,25.53820233,24.82573629,24.12011089,23.42142342,22.72977491,22.04527031,21.36801872,20.69813359,20.03573297,19.38093977,18.73388202,18.09469315,17.46351232,16.84048473,16.225762,15.61950249,15.02187174,14.4330429,13.85319715,13.28252416,12.72122265,12.16950085,11.62757708,11.0956803,10.57405065,10.06294006,9.562612729,9.073345677,8.595429114,8.129166728,7.674875759,7.232886763,6.803542935,6.387198799,5.984217986,5.594969769,5.219823838,4.859142725,4.51327108,4.18252091,3.867151884,3.567346107,3.283177571,3.014578173,2.761304813,2.522915247,2.298762587,2.088017226,1.88971873,1.702850324,1.526420189,1.359532385,1.201436553,1.051554992,0.909492883,0.775040119,0.648172383,0.529056516,0.418060968,0.31576226,0.222907363,0.140185622,0.067314233,0.00013477
1.251250113,28.93954805,28.21166419,27.49021553,26.77643663,26.06795074,25.36580152,24.6700508,23.98078607,23.29809813,22.62208121,21.95283319,21.29045579,20.63505474,19.98674005,19.34562618,18.71183237,18.08548285,17.46670712,16.85564029,16.25242341,15.65720377,15.07013533,14.49137906,13.92110342,13.35948479,12.80670792,12.26296647,11.72846355,11.20341222,10.68803616,10.18257016,9.687260799,9.202366979,8.728160498,8.264926532,7.812964008,7.3725858,6.944118658,6.527902736,6.124290532,5.733645005,5.356336492,4.992737996,4.643218191,4.30813139,3.98780354,3.682513298,3.392467444,3.117770646,2.858391168,2.614126681,2.384577595,2.169137857,1.967012524,1.777265704,1.598892629,1.430900752,1.272382478,1.122567791,0.980854349,0.846820086,0.720226537,0.601020669,0.489340652,0.385527104,0.290132238,0.203890646,0.127515712,0.060852551,0.000121309
1.245608198,27.9538306,27.25011364,26.55257967,25.86241432,25.17733475,24.49834418,23.82550259,23.15889469,22.49860837,21.84473488,21.19736903,20.55660933,19.92255826,19.2953224,18.67501274,18.06174487,17.45563929,16.85682166,16.26542309,15.68158052,15.105437,14.53714212,13.97685235,13.42473151,12.8809512,12.34569129,11.81914043,11.30149659,10.79296761,10.29377183,9.804138701,9.324309372,8.854537357,8.395089123,7.946244644,7.508297871,7.081557036,6.666344731,6.262997622,5.871865632,5.493310347,5.127702323,4.775416823,4.436827382,4.112296428,3.802161998,3.506719547,3.226198008,2.960729898,2.71031681,2.474794103,2.253801988,2.046772935,1.852945227,1.671407174,1.501166833,1.341232745,1.190688169,1.048746276,0.914782922,0.788351375,0.669186957,0.557209483,0.452529278,0.355458918,0.266524497,0.186443608,0.115943695,0.054977559,0.000109105
1.239966284,26.9947365,26.31459334,25.64038946,24.97326325,24.31102258,23.65463155,23.00414835,22.35965493,21.72123637,21.08898099,20.46298057,19.84333053,19.23013009,18.62348254,18.02349541,17.43028075,16.84395538,16.26464115,15.69246529,15.12756065,14.57006613,14.02012699,13.47789527,12.94353019,12.41719864,11.89907562,11.38934482,10.88819907,10.39584102,9.912483683,9.438351102,8.973678985,8.518715378,8.073721311,7.638971417,7.214754475,6.801373826,6.399147584,6.008408518,5.629503459,5.262791985,4.90864407,4.567436258,4.239545749,3.925341629,3.625172279,3.339347895,3.068117176,2.811637817,2.569941855,2.342899422,2.130187811,1.931275817,1.745433573,1.571773261,1.409316526,1.257074719,1.114124342,0.979664473,0.853051896,0.733817722,0.621673179,0.51651254,0.418419237,0.32767786,0.244787044,0.170443559,0.10538031,0.049639847,9.81E-05
1.23432437,26.06183443,25.40467594,24.75322134,24.10856341,23.46859759,22.8342502,22.20557764,21.58265919,20.96557714,20.35441699,19.74926754,19.15022116,18.55737393,17.97082585,17.39068111,16.81704825,16.25004049,15.68977597,15.13637804,14.58997559,14.0507034,13.51870247,12.99412046,12.47711205,11.96783948,11.46647293,10.97319113,10.48818185,10.01164254,9.543780885,9.084815525,8.634976685,8.194506886,7.763661633,7.342710092,6.931935704,6.531636693,6.1421264,5.763733327,5.39680074,5.041685614,4.698756605,4.368390623,4.05096741,3.746861349,3.456429525,3.179994936,2.917823802,2.670096464,2.436872685,2.218054599,2.013354005,1.822273932,1.644115044,1.478013068,1.323003951,1.178103479,1.04238367,0.915032093,0.795389084,0.682966025,0.577452135,0.478717776,0.38682055,0.302017349,0.224778412,0.155776589,0.095742885,0.044793753,8.80E-05
1.228682456,25.15468852,24.51993018,23.89064845,23.26789211,22.64964113,22.03678528,21.42937924,20.82749967,20.23122617,19.64064141,19.05583133,18.47688531,17.90389632,17.3369612,16.77618079,16.22166026,15.67350927,15.1318423,14.59677891,14.0684441,13.54696858,13.03248917,12.52514919,12.02509888,11.53249583,11.04750548,10.57030167,10.10106711,9.639994063,9.187284938,8.743152945,8.30782281,7.881531482,7.464528875,7.057078577,6.65945854,6.271961674,5.894896283,5.528586262,5.17337088,4.829603959,4.497652155,4.177891894,3.870704416,3.576468125,3.295547274,3.028275839,2.774935447,2.535726705,2.310734526,2.099890427,1.902938275,1.719413335,1.548645548,1.389793859,1.24190918,1.104013261,0.975175779,0.854575262,0.741538102,0.635558289,0.536305078,0.443626565,0.357555672,0.278322071,0.206367036,0.14233703,0.086954923,0.040397114,7.90E-05
1.223040542,24.27285889,23.65992137,23.05224112,22.45082444,21.85373285,21.26182087,20.67514145,20.0937687,19.51777957,18.94725401,18.38227514,17.8229294,17.26930676,16.72150091,16.17960949,15.64373427,15.11398148,14.59046201,14.0732917,13.56259169,13.05848873,12.5611155,12.07061108,11.58712129,11.11079917,10.64180545,10.18030911,9.726487873,9.280528853,8.84262917,8.412996634,7.991850453,7.57942198,7.175955471,6.781708853,6.396954459,6.021979703,5.657087622,5.302597194,4.958843293,4.626176092,4.30495961,3.995569006,3.698386042,3.413791953,3.142156726,2.883823605,2.639087636,2.408167451,2.191170684,1.988055764,1.798596307,1.622357927,1.458698634,1.306800267,1.165729313,1.03451492,0.91222645,0.798035719,0.691257565,0.59137084,0.498026819,0.41105298,0.33045878,0.256447315,0.189430641,0.130026939,0.078945703,0.036411045,7.08E-05
1.217398627,23.41590219,22.82421193,22.23756728,21.65693365,21.08045116,20.5089403,19.94245234,19.38105889,18.82483433,18.27385594,17.72820407,17.18796232,16.6532177,16.12406084,15.60058621,15.08289231,14.57108197,14.06526255,13.56554626,13.07205047,12.58489799,12.10421749,11.63014383,11.16281849,10.70239002,10.24901451,9.802856122,9.364087641,8.932891068,8.509458272,8.093991671,7.686704959,7.287823867,6.897586954,6.516246408,6.144068836,5.781336003,5.428345466,5.085411009,4.752862755,4.431046767,4.120323847,3.821067158,3.533658083,3.258479582,2.995906031,2.746288345,2.509933126,2.287074921,2.077841803,1.882216776,1.700001016,1.530788689,1.373964721,1.228733521,1.094177707,0.969335162,0.853276835,0.74517004,0.644320326,0.550193565,0.462424983,0.380823069,0.305375086,0.236258335,0.173855674,0.118755605,0.071649906,0.032799711,6.35E-05
1.211756713,22.58337217,22.01236184,21.44619299,20.88579157,20.32937353,19.77772647,19.23090005,18.68896344,18.15198849,17.62004989,17.09322528,16.57159549,16.05524462,15.54426033,15.03873398,14.53876088,14.0444405,13.55587679,13.07317837,12.5964589,12.12583737,11.66143846,11.2033929,10.75183791,10.30691759,9.868783476,9.437594967,9.013519948,8.596735359,8.187427851,7.785794477,7.392043423,7.006394792,6.629081415,6.260349683,5.900460384,5.5496895,5.208328924,4.876686999,4.555088774,4.243875781,3.943405075,3.654047152,3.376182183,3.110193822,2.856459588,2.615336572,2.387141189,2.172121923,1.970425137,1.78205621,1.606841807,1.444402941,1.294150352,1.155310693,1.026983214,0.90821578,0.798082708,0.695748888,0.60051273,0.511829185,0.429319295,0.352774172,0.282160188,0.217629741,0.159536749,0.108439081,0.065007251,0.029530128,5.68E-05
1.206114799,21.77482018,21.22392915,20.67768278,20.13696901,19.60007685,19.0677622,18.5400731,18.01707636,17.49884137,16.98544028,16.47694811,15.97344295,15.4750061,14.98172228,14.49367983,14.01097091,13.53369177,13.06194295,12.59582958,12.13546171,11.68095454,11.23242885,10.79001132,10.35383496,9.924039525,9.500772015,9.084187161,8.674447996,8.27172645,7.876203999,7.488072357,7.107534225,6.734804079,6.370109002,6.013689545,5.665800601,5.326712259,4.996710584,4.676098263,4.365194975,4.064337345,3.773878198,3.494184744,3.225635172,2.968612883,2.723497373,2.490650522,2.270396925,2.062997155,1.868613845,1.687272678,1.518823856,1.362913622,1.218977471,1.086263971,0.96388946,0.850912933,0.746413741,0.649556297,0.559633906,0.476092557,0.398540906,0.326754268,0.260679442,0.200444919,0.146376129,0.098999738,0.058962156,0.026571962,5.08E-05
1.200472885,20.98979565,20.45847043,19.93160015,19.41003614,18.89213781,18.37863047,17.8695606,17.36499269,16.86499375,16.36963343,15.8789842,15.39312149,14.91212384,14.43607313,13.96505474,13.49915777,13.03847526,12.58310447,12.13314711,11.68870965,11.24990363,10.81684597,10.38965939,9.96847275,9.553421537,9.144648288,8.742303122,8.346544288,7.957538757,7.575462879,7.200503071,6.832856572,6.472732244,6.120351416,5.775948768,5.439773242,5.112088936,4.793175954,4.483331127,4.182868513,3.892119486,3.611432197,3.341170012,3.081708431,2.83342972,2.596714278,2.371927482,2.159400587,1.959404522,1.772116303,1.597579968,1.435667417,1.286048586,1.148182717,1.02133996,0.904654141,0.797196444,0.698052802,0.606388977,0.521495084,0.442810007,0.369931739,0.302621343,0.240807377,0.184595482,0.134283229,0.090365842,0.053463419,0.02389734,4.54E-05
1.194830971,20.22784664,19.71554124,19.20750796,18.7045629,18.20513323,17.70991482,17.21895259,16.73230878,16.25004807,15.7722377,15.29894763,14.83025071,14.36622279,13.90694297,13.45249373,13.00296117,12.55843524,12.11900997,11.68478371,11.25585944,10.8323451,10.41435385,10.00200449,9.595421856,9.194737193,8.800088668,8.411621853,8.029490275,7.653856012,7.284890337,6.922774418,6.567700066,6.219870549,5.879501445,5.546821551,5.22207381,4.905516257,4.597422913,4.298084594,4.007809501,3.726923456,3.455769536,3.194706754,2.944107268,2.704351404,2.475819473,2.258879143,2.053866921,1.861062477,1.680655439,1.512706375,1.357107146,1.213549931,1.081516748,0.960298996,0.849048337,0.746849118,0.652795285,0.566055653,0.485918939,0.411818686,0.34334387,0.2802428,0.222427123,0.169980743,0.123174143,0.082471157,0.048463907,0.021480683,4.05E-05
1.189189056,19.48852029,18.99469655,18.50496885,18.0201193,17.5386404,17.06119957,16.58784025,16.11862247,15.65360865,15.19286368,14.73645508,14.28445316,13.83693118,13.39396549,12.95563578,12.52202522,12.09322071,11.66931313,11.25039756,10.83657357,10.42794556,10.02462301,9.626720895,9.234360062,8.847667627,8.466777449,8.091830625,7.722976031,7.360370912,7.004181526,6.654583841,6.311764285,5.975920559,5.647262509,5.326013038,5.012409067,4.706702505,4.409161198,4.1200698,3.839730459,3.568463172,3.306605585,3.054511892,2.812550323,2.581098519,2.360535786,2.151230978,1.953524541,1.767703381,1.593968088,1.432394047,1.282891446,1.145173338,1.018743584,0.902914493,0.796855867,0.699666097,0.610448464,0.528376422,0.452738968,0.382965962,0.318638934,0.259494887,0.205429877,0.156507224,0.112971206,0.075254565,0.04392027,0.01929853,3.62E-05
1.183547142,18.77136328,18.29549122,17.8235456,17.35627589,16.8922374,16.43207019,15.97581621,15.52353339,15.0752819,14.63112436,14.19112593,13.75535444,13.3238806,12.89677812,12.47412393,12.05599835,11.64248533,11.23367265,10.82965219,10.43052021,10.03637762,9.647330307,9.263489507,8.884972152,8.5119013,8.144406582,7.782624694,7.426699934,7.076784783,6.733040548,6.395638052,6.064758389,5.740593734,5.423348222,5.113238871,4.810496563,4.51536704,4.228111895,3.949009503,3.678355783,3.41646467,3.16366806,2.92031491,2.686768985,2.463404564,2.250599108,2.048721634,1.85811531,1.679072883,1.511804366,1.356398359,1.212781842,1.080687439,0.959639971,0.848972311,0.747872652,0.65545423,0.570830878,0.493182149,0.42179889,0.356108836,0.295687561,0.24026216,0.189714394,0.144088178,0.103602565,0.068659711,0.039792675,0.017329391,3.23E-05
1.177905228,18.07592228,17.61748035,17.16280159,16.71260402,16.26550343,15.82211352,15.38247479,14.9466431,14.51467648,14.0866353,13.66258242,13.24258329,12.8267061,12.41502201,12.00760526,11.60453338,11.20588743,10.81175219,10.42221641,10.03737309,9.657319762,9.28215879,8.911997732,8.546949699,8.187133767,7.832675417,7.483707021,7.140368372,6.802807262,6.471180114,6.145652669,5.82640074,5.513611025,5.207481977,4.908224752,4.616064186,4.331239829,4.054006963,3.784637583,3.523421235,3.270665581,3.026696489,2.791857301,2.566506836,2.351015391,2.145757814,1.951102344,1.76739375,1.594929325,1.433927069,1.284487304,1.146552362,1.01987321,0.903994774,0.798270144,0.701906112,0.614031476,0.53377173,0.46031388,0.392952076,0.331113387,0.274368843,0.222436972,0.175186508,0.132643154,0.095001789,0.062634667,0.03604454,0.015553593,2.87E-05
1.172263314,17.40174442,16.96021974,16.52230108,16.08867622,15.65801913,15.2309181,14.80741225,14.38755541,13.97140351,13.55901478,13.1504498,12.7457717,12.34504627,11.94834213,11.55573091,11.16728745,10.78308996,10.40322031,10.02776419,9.656811422,9.290456225,8.928797525,8.571939284,8.219990873,7.873067462,7.531290465,7.194788008,6.863695459,6.538155994,6.218321222,5.904351874,5.596418542,5.294702495,4.999396553,4.71070603,4.428849732,4.154061001,3.886588765,3.626698565,3.374673448,3.130814629,2.895441694,2.668892044,2.451519109,2.243688653,2.045772205,1.858136363,1.681126467,1.515043156,1.360111089,1.216440911,1.083988958,0.962523378,0.851608386,0.750616937,0.658774585,0.575226326,0.499110328,0.429622285,0.366061002,0.307854242,0.254569822,0.205918984,0.161758671,0.122097569,0.08710749,0.057131613,0.032642304,0.013953147,2.56E-05
1.166621399,16.74837767,16.32326627,15.90160967,15.48406655,15.06936686,14.65807444,14.25022704,13.84587652,13.44507679,13.04788396,12.65435644,12.26455508,11.8785433,11.4963873,11.11815616,10.74392206,10.37376049,10.00775044,9.645974629,9.288519775,8.935476871,8.586941471,8.24301403,7.903800254,7.569411495,7.239965175,6.915585259,6.596402769,6.282556341,5.974192852,5.671468089,5.374547492,5.08360696,4.798833728,4.520427305,4.248600489,3.983580413,3.725609629,3.47494716,3.231869459,2.996671141,2.769665296,2.551183088,2.341572174,2.141193276,1.950413969,1.769598425,1.599091601,1.439196382,1.29014285,1.152050675,1.024888931,0.908441854,0.802292164,0.705832324,0.618306766,0.538877255,0.466695534,0.400967128,0.340996732,0.286214076,0.236185009,0.190614707,0.149349526,0.112382317,0.079862973,0.052106545,0.029555197,0.012511619,2.27E-05
1.160979485,16.11537126,15.70617825,15.30029455,14.89835089,14.49913104,14.10317528,13.71052005,13.32121529,12.93531296,12.55286709,12.17393398,11.79857227,11.4268431,11.05881027,10.69454041,10.33410311,9.97757119,9.62502084,9.276531887,8.932188026,8.592077093,8.256291357,7.924927841,7.59808867,7.275881456,6.958419718,6.645823341,6.33821908,6.035741119,5.738531674,5.446741667,5.160531458,4.880071641,4.605543919,4.337142048,4.075072844,3.819557246,3.570831418,3.329147828,3.094776253,2.868004583,2.649139232,2.438504869,2.23644303,2.043308947,1.859465666,1.685274213,1.521078296,1.367182027,1.223819771,1.091119017,0.969060394,0.857443193,0.755867885,0.663746084,0.580341178,0.504832187,0.436385253,0.374216757,0.317638426,0.266083131,0.219115921,0.17643707,0.137883496,0.103433394,0.073215904,0.047518989,0.026755029,0.011214005,2.02E-05
1.155337571,15.5022761,15.10851582,14.71792493,14.33110728,13.94689837,13.56581584,13.18789483,12.81318342,12.44173166,12.0735916,11.70881746,11.34746574,10.98959536,10.6352678,10.28454726,9.937500868,9.594198807,9.254714564,8.919125135,8.587511267,8.259957721,7.936553559,7.617392451,7.302573027,6.992199242,6.686380792,6.385233568,6.088880143,5.79745033,5.511081769,5.229920596,4.954122163,4.683851832,4.41928584,4.160612238,3.908031904,3.661759608,3.422025127,3.189074352,2.963170327,2.744594117,2.533645301,2.330641835,2.135918832,1.94982563,1.772720228,1.604959855,1.446886181,1.29880361,1.16094974,1.033458757,0.916321741,0.809352061,0.712167226,0.624197627,0.544725653,0.472947999,0.408045931,0.34924762,0.295872867,0.247358763,0.203270656,0.163305003,0.127290407,0.095191547,0.067117999,0.043331749,0.024215994,0.010046626,1.80E-05
1.149695657,14.9086451,14.52984128,14.1540723,13.78191619,13.41225817,13.04559409,12.68195782,12.32139566,11.96395579,11.60968832,11.25864547,10.91088166,10.56645365,10.22542065,9.887844548,9.55379001,9.223324695,8.896519445,8.573448503,8.254189744,7.938824929,7.627439992,7.320125335,7.016976171,6.718092882,6.42358143,6.133553792,5.84812845,5.567430925,5.291594371,5.020760218,4.755078892,4.494710595,4.239826167,3.990608019,3.747251137,3.509964159,3.278970492,3.05450944,2.836837278,2.626228165,2.422974721,2.227388,2.039796426,1.860543089,1.689980477,1.52846144,1.376324886,1.233874658,1.101350619,0.978892614,0.866501146,0.764002744,0.671031259,0.587035499,0.511316848,0.443090033,0.381552088,0.325943808,0.275594015,0.229945017,0.188563472,0.151143058,0.117505118,0.087601945,0.06152473,0.039510654,0.021914485,0.008997013,1.59E-05
1.144053743,14.33403356,13.96971943,13.60831078,13.25036084,12.89480261,12.54211098,12.19231859,11.84547001,11.50161159,11.16079159,10.82306026,10.48847002,10.1570755,9.828933746,9.504104362,9.182649648,8.864634795,8.550128076,8.23920105,7.931928796,7.628390157,7.328668014,7.032849584,6.741026743,6.453296387,6.169760826,5.890528213,5.615713022,5.345436575,5.07982762,4.81902297,4.563168206,4.312418454,4.066939229,3.826907368,3.592512026,3.363955753,3.141455614,2.925244335,2.715571398,2.512704003,2.316927708,2.128546504,1.947881904,1.775270438,1.611058672,1.455594548,1.309213561,1.172218217,1.044849755,0.927252721,0.819436077,0.721238653,0.632309978,0.552116902,0.479979773,0.415131641,0.356785866,0.304196616,0.256702587,0.213752216,0.17491441,0.139881033,0.108467188,0.080613868,0.056395057,0.036024331,0.019828923,0.008053818,1.41E-05
1.138411828,13.77799955,13.42771789,13.08021741,12.73602746,12.39412698,12.05497069,11.71859004,11.38502791,11.05432889,10.72653942,10.40170788,10.0798847,9.761122491,9.445476169,9.13300312,8.823763348,8.517819646,8.215237786,7.91608672,7.620438805,7.328370039,7.039960332,6.755293795,6.474459052,6.197549596,5.92466417,5.65590719,5.391389212,5.131227445,4.875546323,4.624478126,4.378163681,4.136753116,3.900406706,3.669295785,3.443603744,3.223527097,3.00927661,2.801078448,2.5991753,2.403827366,2.215313067,2.033929204,1.859990185,1.69382571,1.53577606,1.3861838,1.245380427,1.113666403,0.991283526,0.87838016,0.774972838,0.680911871,0.595861834,0.519307245,0.450587346,0.388953743,0.333636603,0.283904127,0.239105654,0.198696578,0.16224892,0.129453636,0.100120554,0.074180417,0.051691166,0.032843997,0.017939594,0.007206718,1.25E-05
1.132769914,13.24010416,12.90340743,12.56937241,12.23850556,11.90982993,11.58378084,11.26038859,10.93969441,10.62174121,10.30657365,9.994238294,9.68478365,9.378260348,9.074721253,8.7742216,8.476819158,8.18257439,7.891550638,7.603814319,7.319435139,7.038486333,6.761044915,6.48719197,6.217012954,5.95059804,5.688042491,5.429447073,5.174918513,4.924569997,4.678521734,4.436901565,4.199845647,3.967499202,3.740017346,3.517565991,3.300322835,3.088478422,2.882237266,2.681819007,2.487459547,2.299412074,2.117947813,1.943356275,1.775944603,1.616035436,1.463962455,1.320062433,1.18466234,1.058059953,0.940496892,0.832124522,0.732966117,0.642882708,0.561553302,0.488479708,0.423019965,0.364444409,0.312000424,0.264970819,0.22271626,0.18469985,0.150497519,0.119800158,0.09241323,0.068258242,0.047378233,0.029943252,0.016228501,0.006446329,1.11E-05
1.127128,12.71991188,12.39636223,12.07535951,11.7573882,11.4415137,11.12815271,10.81733439,10.50909839,10.20348596,9.900540082,9.600305505,9.302828909,9.008159002,8.716346643,8.427444989,8.141509636,7.858598785,7.578773417,7.302097484,7.028638118,6.758465862,6.491654918,6.228283419,5.968433738,5.712192812,5.45965251,5.210910037,4.966068378,4.725236789,4.488531345,4.25607554,4.028000953,3.80444799,3.585566696,3.371517646,3.162472925,2.958617174,2.760148718,2.567280715,2.380242308,2.199279666,2.024656791,1.856655825,1.695576517,1.541734253,1.395455836,1.257071883,1.126904368,1.00524781,0.892342972,0.788343475,0.693278566,0.607019274,0.529258456,0.45951483,0.397165103,0.341498465,0.291779855,0.247307187,0.207453063,0.171688967,0.139595465,0.110864166,0.085297026,0.062807289,0.0434242,0.027297898,0.014679227,0.005764133,9.80E-06
