RamanShift (cm-1),,,,,,,,,,,,,,,,,,,,,,,,,,,,,,,,,,,,,,,,,,,,,,,,,,,,,,,,,,,,,,,,,,,,,,
1299.898438,10.75857894,11.35007358,11.93581426,12.51467907,13.08890629,13.65765115,14.2209599,14.77886238,15.33139184,15.87858527,16.42048377,16.95713291,17.48858323,18.01489065,18.53611704,19.05233075,19.56360725,20.07002983,20.57169026,21.06868968,21.56113938,22.04916174,22.53289122,23.01247535,23.48807583,23.95986955,24.42804965,24.8928265,25.35442852,25.8131027,26.26911474,26.7227485,27.17430447,27.62409677,28.07244807,28.51968141,28.9661077,29.41200707,29.85760141,30.30301485,30.7482172,31.19294418,31.63658651,32.07803803,32.51549273,32.94618232,33.36605373,33.7694047,34.14853044,34.49349068,34.792176,35.03090541,35.1957648,35.27473572,35.26037599,35.15253777,34.96056292,34.70467703,34.41677385,34.14119078,33.93630072,33.87788343,34.06551699,34.63393873,35.77286665,37.76179092,41.03132889,46.26639867,54.5335857,67.11205177
1298.220703,15.03155318,16.23117244,17.40106408,18.53522462,19.64471403,20.72465922,21.77475979,22.79459492,23.78372768,24.74170421,25.66805277,26.56228283,27.42388398,28.25232485,29.04705192,29.80748825,30.53303212,31.22305558,31.87690288,32.49388883,33.07329698,33.61437773,34.11634629,34.57838051,34.99961856,35.37915648,35.71604559,36.00928979,36.25784276,36.46060507,36.61642126,36.72407707,36.78229679,36.78974101,36.74500502,36.64661831,36.49304561,36.28269044,36.01390235,35.68498948,35.29423918,34.83995006,34.32048085,33.73432315,33.08020827,32.35726105,31.56521751,30.70472418,29.7777353,28.78801243,27.74170687,26.64796566,25.51945893,24.37270733,23.22812905,22.10983972,21.04538251,20.06566686,19.20541035,18.50434418,18.00944491,17.77857453,17.88622293,18.43266143,19.55895897,21.47237316,24.48981593,29.10818945,36.08218479,46.26047812
1296.542969,8.976277204,9.827096503,10.6647049,11.48650799,12.29738422,13.09516463,13.87970109,14.65079084,15.4082229,16.15177753,16.88122577,17.59632878,18.29683724,18.98249067,19.65301667,20.30813009,20.9475321,21.57090922,22.17793219,22.76825477,23.34151231,23.89732028,24.43527251,24.95493928,25.45586511,25.93756625,26.39952787,26.84120074,27.26199743,27.66128796,28.03839454,28.39258559,28.72306846,29.02898088,29.30938064,29.56323319,29.78939651,29.98660279,30.15343604,30.28830477,30.38940877,30.45469914,30.48183103,30.46810951,30.41043114,30.30522785,30.14842679,29.9354512,29.66130314,29.3207872,28.90894504,28.42175896,27.85712725,27.2160125,26.50355556,25.72991197,24.91066864,24.06690832,23.22519685,22.41788131,21.68411411,21.07205447,20.64286502,20.4775519,20.68858845,21.43994572,22.98186862,25.70819997,30.22341367,37.22993655
1294.865234,28.77579221,29.16155746,29.53978095,29.90910427,30.27236766,30.62842906,30.97729394,31.3189429,31.65335752,31.98052051,32.30041591,32.61302926,32.91834782,33.21636084,33.50705976,33.79043853,34.06649391,34.33522579,34.59663756,34.85073646,35.09753404,35.33704648,35.5692951,35.79430669,36.01211398,36.22275587,36.42627777,36.62273159,36.81217564,36.99467407,37.17029591,37.33911326,37.50119848,37.65661986,37.80543516,37.94768213,38.08336486,38.21243416,38.33475974,38.45009083,38.55800105,38.65781147,38.74848452,38.82847962,38.89556025,38.94654371,38.97699063,38.98084613,38.95007432,38.87437495,38.74113197,38.53579168,38.24285389,37.84752762,37.33785608,36.70687034,35.95427083,35.08735102,34.12125551,33.07899113,31.99176631,30.90028131,29.85769091,28.93530269,28.23289659,27.89723395,28.15529476,29.37155274,32.12342703,37.13553173
1293.1875,13.03315243,13.08273245,13.15450466,13.25281378,13.36914503,13.50685279,13.66586197,13.84616545,14.04774837,14.27058711,14.51464807,14.77988629,15.0662439,15.37364838,15.70201048,16.05122197,16.421153,16.81164903,17.2225274,17.6535733,18.10453514,18.57511915,19.06498321,19.57372951,20.10089611,20.64594695,21.20826014,21.78711417,22.38167152,22.99095924,23.61384578,24.2490133,24.89492449,25.5497825,26.21148284,26.87755503,27.54509217,28.21066558,28.87022191,29.51895929,30.15117986,30.76011655,31.33773448,31.87451242,32.3592191,32.77871546,33.11784014,33.35947326,33.48492015,33.47479728,33.31060373,32.97707014,32.46514942,31.77518222,30.91949992,29.92376402,28.82679196,27.67928493,26.54237031,25.48698382,24.59496082,23.96258307,23.70750795,23.98069851,24.98644037,27.01620425,30.50608785,36.12805786,44.88454792,57.8634505
1291.507812,30.72096036,31.0693978,31.41793938,31.76635733,32.11441777,32.46186572,32.80843229,33.15382912,33.49775029,33.83987082,34.179845,34.51730459,34.85185682,35.18308209,35.51053153,35.83372415,36.15214377,36.46523548,36.77240173,37.07299787,37.36632719,37.65163521,37.92810329,38.19484127,38.45087917,38.69515765,38.92651699,39.14368461,39.34526049,39.52970045,39.69529672,39.8401555,39.9621708,40.05899412,40.12799925,40.16624151,40.17041066,40.13677709,40.06113089,39.9387144,39.76414981,39.5313659,39.23353177,38.86301174,38.41136568,37.86943389,37.22756615,36.47607899,35.6060468,34.61053444,33.48633318,32.23613728,30.87089263,29.41183278,27.89164971,26.35447642,24.85485691,23.45638801,22.23095626,21.2594155,20.63437255,20.46574803,20.89016512,22.08617173,24.29913107,27.8828452,33.36967046,41.5809493,53.7382625,71.14741254
1289.828125,25.19500691,25.0693424,24.94580572,24.82474746,24.70548394,24.58842382,24.47366701,24.36132695,24.25152314,24.14438158,24.04003527,23.93862467,23.84029834,23.74521346,23.65353654,23.56544414,23.48112358,23.40077388,23.32460657,23.25284673,23.18573405,23.12352393,23.06648874,23.01491907,22.96912514,22.92943816,22.89621181,22.86982369,22.85067666,22.83920014,22.83585104,22.84111433,22.8555029,22.87955635,22.91383836,22.9589316,23.0154296,23.08392381,23.16498411,23.25912999,23.36678879,23.48823612,23.6235124,23.77230799,23.93380922,24.10649909,24.28791271,24.47436198,24.66067196,24.84001479,25.00398165,25.14307445,25.24778124,25.31027539,25.32655535,25.2986303,25.23632484,25.15849943,25.09385451,25.08181205,25.17415909,25.43827297,25.96301597,26.86903257,28.32655525,30.58647947,34.03487001,39.28389402,47.28153988,59.14799994
1288.148438,7.104477646,7.648013013,8.197038753,8.752574932,9.312369045,9.877100506,10.44658937,11.02066078,11.59912739,12.18178817,12.76842714,13.35881189,13.95269195,14.54979702,15.1498349,15.75248924,16.35741692,16.96424517,17.57256828,18.18194383,18.79188846,19.401873,20.01131687,20.61958175,21.22596413,21.82968687,22.42988926,23.02561559,23.61580172,24.19925941,24.7746579,25.34050219,25.89510746,26.43656869,26.96272473,27.47111558,27.9589317,28.42295399,28.85948304,29.2642563,29.6323527,29.95808512,30.234884,30.45517988,30.61030075,30.69041311,30.68455531,30.58083812,30.36691648,30.03085595,29.56249989,28.9553549,28.20882982,27.33043067,26.3373643,25.25710577,24.12687742,22.99248244,21.90725063,20.93187228,20.13574996,19.60042778,19.4258614,19.74092293,20.72081653,22.61637992,25.8036384,30.86227203,38.65620078,50.1186123
1286.46875,20.63394853,20.90870118,21.17600281,21.43437752,21.68666779,21.93172366,22.16954574,22.40010957,22.62339144,22.83936854,23.04801919,23.249323,23.44326109,23.62981637,23.8089738,23.98072075,24.14504728,24.30194661,24.45141553,24.59345488,24.72807012,24.85527189,24.97507676,25.08750785,25.1925957,25.29037911,25.38090601,25.46423449,25.54043369,25.6095848,25.67178192,25.72713275,25.77575902,25.81779634,25.85339333,25.88270945,25.90591108,25.92316479,25.93462674,25.94042632,25.94064169,25.93526394,25.92414557,25.90692814,25.88294307,25.85108067,25.80962579,25.7560679,25.68691186,25.59754545,25.48225886,25.33454286,25.14778624,24.91641221,24.63734037,24.31150684,23.94514038,23.55063654,23.14712715,22.76107519,22.42736491,22.19145495,22.11334574,22.27455428,22.79023417,23.83042227,25.65749804,28.68918506,33.57638793,41.10062514
1284.789062,4.169973864,5.509809992,6.818734703,8.090690027,9.337319054,10.55375256,11.73987373,12.89545453,14.02026274,15.11406213,16.17661266,17.20767066,18.20698919,19.17431835,20.10940572,21.01199692,21.88183625,22.71866741,23.52223446,24.2922829,25.02856095,25.73082107,26.39882182,27.03232994,27.63112287,28.19499177,28.72374495,29.217212,29.67524862,30.0977422,30.48461847,30.83584916,31.1514609,31.43154556,31.67627199,31.88589945,32.06079249,32.20143726,32.30845868,32.3826375,32.42492557,32.43645648,32.41854697,32.37268231,32.30047586,32.20358969,32.08360113,31.94180106,31.77892007,31.59480309,31.38809837,31.15608716,30.89482833,30.59977925,30.26693904,29.89437083,29.48381123,29.04209139,28.58228694,28.12477659,27.69861148,27.34377198,27.11511875,27.08930954,27.37693157,28.14404878,29.65079348,32.31781794,36.8137695,43.97629869
1283.107422,22.98874279,23.06123601,23.13416966,23.20762749,23.28145239,23.35571852,23.430433,23.50560453,23.58124209,23.65735486,23.73395223,23.81104376,23.88863913,23.96674805,24.04538025,24.12454527,24.20425245,24.28451065,24.36532812,24.44671219,24.52866893,24.61120278,24.69431593,24.77800772,24.86227375,24.94710481,25.03248555,25.11839268,25.20479287,25.29163985,25.37887086,25.46640207,25.55412256,25.64188669,25.72950412,25.81672682,25.90323213,25.98860065,26.0722872,26.15358281,26.2315651,26.3050337,26.372427,26.43171669,26.48027747,26.51473291,26.5307864,26.52306045,26.48499167,26.40886171,26.28607687,26.1078203,25.86615393,25.55551991,25.17441318,24.72687287,24.2234894,23.68186199,23.126741,22.59030004,22.11306443,21.74606885,21.55497686,21.62734045,22.08513837,23.10658338,24.964222,28.08816487,33.14132312,40.90132926
1281.427734,15.75070018,15.61793516,15.50035714,15.40103315,15.31428423,15.24257173,15.18601693,15.14479978,15.11910605,15.10912754,15.11506222,15.13711445,15.17549506,15.23042151,15.302118,15.39081551,15.49675184,15.62017151,15.76132569,15.92047191,16.09787368,16.29379998,16.50852443,16.74232424,16.99547878,17.26826765,17.56096816,17.87385205,18.20718119,18.56120196,18.93613803,19.33218086,19.74947751,20.18811463,20.64809769,21.12932388,21.63154665,22.15432936,22.69698454,23.25849441,23.83740706,24.43170135,25.03861283,25.65441217,26.27413002,26.89122747,27.49722561,28.08133348,28.63015749,29.12763527,29.5553985,29.89379163,30.12369304,30.22905723,30.19977151,30.03418431,29.74072967,29.33847344,28.85692081,28.33577403,27.82543287,27.3890265,27.10688779,27.08485963,27.46894414,28.47100985,30.41393161,33.80690389,39.43632492,48.23226891
1279.746094,25.17379459,25.68262487,26.1906756,26.69807087,27.20517149,27.71202091,28.21876216,28.72554559,29.23253044,29.73988558,30.2477902,30.75643459,31.26602102,31.77676466,32.28889453,32.80265466,33.31830516,33.83612355,34.35640604,34.87946896,35.40565033,35.93531136,36.46883818,37.00664352,37.54916837,38.09688368,38.65029188,39.20992816,39.77636132,40.35019407,40.93206222,41.5226326,42.12259874,42.73267366,43.35357831,43.98602394,44.63068587,45.28816509,45.95893289,46.64325165,47.34106271,48.05182885,48.77431546,49.50629034,50.24411973,50.98223902,51.71248708,52.42332118,53.09898598,53.7188047,54.25688374,54.68262686,54.96244257,55.06278368,54.95417617,54.61539044,54.03674478,53.22190631,52.188267,50.96660343,49.60102895,48.15029893,46.69162004,45.32856572,44.20589496,43.53660008,43.65110399,45.0833443,48.68837775,55.56599385
1278.064453,26.15450096,26.09384748,26.03189634,25.96824562,25.90350033,25.83749576,25.77029279,25.70195148,25.6325359,25.5621144,25.49075998,25.41855068,25.34557001,25.27190741,25.19765876,25.12292697,25.04782252,24.97246421,24.89697984,24.82150704,24.74619411,24.67120099,24.59670029,24.5228784,24.44993666,24.37809266,24.30758155,24.23865742,24.17159475,24.10668969,24.0442614,23.98465305,23.92823249,23.87539229,23.8265488,23.78213981,23.74261999,23.70845326,23.68010063,23.65800171,23.64254724,23.63403951,23.63263619,23.63827319,23.65056139,23.66865501,23.69109431,23.71563893,23.73913042,23.75745882,23.76574966,23.7589173,23.73270863,23.68525382,23.61895913,23.54241816,23.4720175,23.43312495,23.46107481,23.6024489,23.91733555,24.4834202,25.40310683,26.8156429,28.91780582,31.99972217,36.50729882,43.14550514,53.00005187,67.33498128
1276.380859,33.45305196,33.74460662,34.03613964,34.32770877,34.61919032,34.91048888,35.2014916,35.49207733,35.78211736,36.07147477,36.36000364,36.64754822,36.93394205,37.21900681,37.50255122,37.78436968,38.06424077,38.34192554,38.61716556,38.88968072,39.1591667,39.42529203,39.68769474,39.94597848,40.19970797,40.44840375,40.69153594,40.92851702,41.15869317,41.38133402,41.59562048,41.80063007,41.99531927,42.17850219,42.34882469,42.50473267,42.6444335,42.76584857,42.86655513,42.94371506,42.99398798,43.0134262,42.99734977,42.94020191,42.83538937,42.67512076,42.45027017,42.15031651,41.76343942,41.27688658,40.67774413,39.95421042,39.09735724,38.10316087,36.97438216,35.72182158,34.36468131,32.930157,31.45273658,29.97383235,28.5423391,27.2166592,26.06884766,25.19196088,24.71264295,24.8127773,25.7668713,28.00309559,32.17260605,39.02017407
1274.699219,5.762445697,5.650584231,5.555097905,5.479259884,5.416909162,5.370653996,5.340578884,5.326828399,5.329550488,5.34889644,5.385020822,5.438081384,5.508238923,5.595657095,5.700502171,5.822942715,5.963149176,6.121293367,6.297547816,6.492084951,6.705076085,6.936690158,7.187092179,7.456441298,7.744888413,8.052573217,8.379620534,8.726135769,9.092199252,9.477859195,9.883122883,10.30794565,10.75221701,11.21574321,11.69822513,12.19923032,12.71815741,13.25419082,13.80624299,14.37288079,14.95223195,15.54186673,16.13864987,16.73855841,17.33646395,17.92588429,18.498723,19.04503858,19.5529204,20.00859376,20.39691518,20.70241613,20.91096275,21.01189638,21.00026788,20.87863688,20.65802915,20.35801317,20.00626384,19.6382156,19.29743721,19.03732583,18.92480657,19.0471092,19.52358455,20.52624307,22.3154733,25.29881694,30.09910316,37.43508675
1273.015625,0.805805401,1.199165985,1.58983609,1.977510901,2.363355789,2.747166675,3.129147718,3.509508476,3.888471788,4.266274877,4.643170549,5.019428522,5.395336877,5.77120366,6.147358651,6.524155307,6.901972913,7.281218959,7.662331761,8.045783367,8.432082774,8.821779476,9.215467401,9.613789254,10.01744132,10.42717873,10.84382129,11.26825977,11.70146285,12.14448447,12.59847169,13.0646729,13.54444605,14.0392666,14.55073454,15.08057948,15.63066228,16.20297112,16.79960845,17.42276404,18.07466685,18.75750552,19.47330293,20.22372546,21.00980144,21.83151931,22.6872753,23.57315273,24.48204882,25.40273426,26.31903969,27.20948839,28.04776231,28.80428895,29.44890547,29.95409821,30.29801491,30.46654518,30.45422092,30.26420748,29.90797926,29.40536876,28.78570518,28.09093315,27.38217415,26.75253934,26.35171941,26.43183997,27.41921099,29.92210543
1271.332031,19.08463979,19.38284727,19.67708137,19.96668681,20.253407,20.53687723,20.81735758,21.09511273,21.37042437,21.64359253,21.91493725,22.18480019,22.45354652,22.72156703,22.98928035,23.25713547,23.52561454,23.79523587,24.06655737,24.34018026,24.61675321,24.89697693,25.18160922,25.4714706,25.76745045,26.07051384,26.38170899,26.70217544,27.03315292,27.37599086,27.73215855,28.10325565,28.49102285,28.89735216,29.324296,29.77407386,30.24907471,30.75185226,31.28510893,31.85166233,32.4543855,33.09610808,33.77946102,34.5066414,35.27906752,36.09689061,36.9583317,37.85883103,38.79004489,39.73881756,40.68639517,41.60829991,42.4753502,43.2561555,43.92096914,44.44620749,44.81861267,45.03824432,45.12014378,45.09522876,45.01143711,44.93635854,44.9628443,45.21974927,45.89153573,47.25373164,49.73710126,54.03923744,61.27462253,72.85804775
1269.648438,7.247470623,7.599476069,7.939031597,8.263628025,8.578203287,8.880983263,9.172140986,9.451819675,9.72017507,9.977376655,10.22360901,10.45907332,10.68398905,10.89859579,11.10315537,11.29795414,11.48330561,11.65955332,11.82707411,11.98628184,12.13763142,12.28162355,12.41880989,12.54979904,12.67526318,12.7959457,12.91266972,13.02634782,13.13799305,13.2487313,13.35981537,13.47264072,13.58876313,13.70991832,13.83804356,13.97530099,14.12410226,14.28713361,14.46737956,14.66814268,14.89305474,15.14607253,15.43144761,15.75365493,16.11725887,16.52668919,16.98589508,17.49784889,18.06389127,18.68295984,19.35083357,20.05964429,20.79800331,21.55206716,22.30764343,23.05306366,23.78224616,24.4973743,25.21095864,25.94752887,26.74559956,27.66083485,28.77166321,30.18924865,32.07513196,34.67268128,38.36345838,43.76409551,51.85283077,63.84556003
1267.964844,40.35687248,40.61491041,40.85851327,41.08469085,41.29878486,41.4983733,41.68325844,41.8531802,42.0078673,42.14703655,42.27039211,42.37762467,42.46841053,42.54241069,42.59926973,42.63861471,42.66005385,42.66317524,42.64754523,42.61270685,42.55817794,42.48344915,42.38798172,42.27120501,42.13251379,41.97126521,41.78677547,41.57831608,41.3451097,41.08632558,40.80107442,40.48840268,40.14728639,39.77662419,39.37522994,38.94182463,38.47502805,37.9733503,37.43518384,36.85879708,36.24233091,35.58380115,34.88111072,34.1320783,33.3344932,32.48621098,31.5853101,30.63033574,29.62066025,28.55698484,27.44198617,26.28106702,25.08310752,23.86106016,22.63223736,21.41824251,20.24466772,19.14083709,18.13993404,17.27982428,16.60485735,16.16899886,16.04089664,16.31201513,17.10997413,18.62102132,21.12828293,25.07305806,31.12042083,40.00511129
1266.28125,10.3418221,11.19828403,12.03071777,12.83479477,13.61975327,14.38212411,15.12211608,15.83987315,16.53555531,17.20934024,17.86142519,18.49202903,19.10139459,19.68979124,20.25751775,20.80490557,21.3323224,21.84017629,22.32892017,22.79905703,23.25114567,23.6858072,24.10373248,24.50569034,24.89253705,25.26522691,25.62482427,25.97251718,26.30963264,26.63765398,26.95824021,27.27324782,27.58475481,27.89508722,28.20684773,28.52294588,28.84662879,29.18151037,29.53159574,29.90129546,30.29542105,30.71914853,31.17793038,31.67732676,32.22271523,32.81882507,33.46903074,34.17433906,34.93203098,35.73399628,36.56494701,37.40090535,38.20855001,38.94600912,39.56534718,40.01635091,40.2506135,40.22476731,39.90212481,39.25264235,38.2516134,36.87765252,35.11044292,32.92857927,30.30784181,27.22067511,23.63930328,19.55026612,15.00378645,10.26263694
1264.595703,20.2327859,19.84591374,19.47560798,19.12531375,18.78897145,18.4694236,18.16696518,17.88196676,17.61481578,17.36591763,17.13569685,16.92459826,16.73308838,16.56165682,16.41081781,16.28111191,16.17310771,16.08740382,16.02463089,15.98545382,15.97057407,15.9807322,16.01671044,16.07933548,16.1694813,16.28807208,16.43608506,16.61455337,16.82456853,17.06728258,17.34390932,17.65572458,18.00406452,18.39032146,18.81593586,19.28238281,19.79115076,20.34370906,20.94145993,21.58566824,22.27736066,23.01718232,23.80519564,24.64060228,25.52136584,26.44371361,27.40150382,28.38546941,29.3823997,30.37440758,31.33854427,32.24712606,33.06913721,33.77286481,34.32948943,34.71688807,34.92272996,34.9462538,34.79874202,34.50328003,34.09467117,33.62043061,33.1438472,32.75046246,32.56029267,32.75020124,33.59460696,35.53660773,39.28460011,45.74449555
1262.910156,7.681876426,8.076860636,8.469866103,8.860520277,9.249510693,9.636480237,10.02136795,10.40410179,10.78460585,11.16280002,11.53859969,11.91191532,12.28265199,12.65070898,13.01597915,13.37834838,13.73769486,14.09388828,14.44678899,14.79624694,15.14210053,15.48417528,15.82228226,16.15621632,16.48575398,16.81065099,17.13063948,17.44542451,17.75468008,18.05804428,18.35511352,18.64543554,18.92850097,19.20373298,19.47047462,19.72797334,19.97536166,20.21163344,20.43561429,20.6459249,20.84093573,21.01871134,21.17694312,21.31286977,21.42318731,21.50395451,21.55050766,21.55741122,21.51848935,21.42700427,21.27606206,21.05931482,20.77196895,20.4119961,19.98131886,19.48669498,18.94012454,18.35882492,17.76503814,17.18604926,16.65480552,16.21152764,15.90681281,15.80705744,16.00373286,16.62938322,17.88535501,20.08733353,23.71793845,29.33366386
1261.224609,21.07422686,21.19081553,21.31983858,21.46384257,21.6181028,21.78458265,21.96331781,22.15438747,22.35787135,22.57384953,22.80240213,23.04360902,23.29754942,23.56430143,23.84394147,24.13654362,24.44217882,24.76091391,25.0928105,25.43792355,25.79629978,26.16797563,26.55297488,26.95130576,27.36295739,27.78789551,28.22605729,28.67734485,29.14161748,29.61868187,30.10828011,30.6100748,31.12363034,31.64838958,32.18364446,32.7284988,33.28182127,33.84218559,34.40779436,34.97638215,35.54509234,36.11032136,36.66752377,37.21097217,37.73347009,38.22602423,38.67750056,39.07431986,39.40029599,39.63678154,39.76333827,39.7591484,39.60526155,39.28749941,38.79949763,38.14516728,37.34001858,36.41128686,35.3973574,34.34731138,33.32146405,32.39372583,31.65674717,31.23135056,31.28300616,32.05053692,33.89620171,37.38856477,43.40024292,52.94992047
1259.539062,44.58112118,44.61488425,44.64104167,44.65825063,44.66954572,44.67393364,44.67159391,44.66269311,44.64741004,44.62593679,44.59847998,44.56526202,44.52652259,44.48252026,44.43353424,44.37986634,44.32184315,44.25981845,44.19417586,44.12533182,44.05373888,43.97988928,43.90431909,43.82761259,43.75040729,43.67339936,43.59734968,43.52309041,43.45153219,43.38367188,43.3206008,43.26351336,43.21371578,43.17263456,43.14182398,43.12297172,43.11790092,43.12856643,43.15704182,43.20549186,43.27612328,43.37110295,43.49242903,43.64173482,43.82000038,44.02714238,44.26145437,44.51888434,44.79217473,45.06996678,45.3360869,45.56936188,45.74437043,45.8334152,45.80963188,45.65066923,45.34208331,44.87974413,44.2710855,43.53561503,42.70547476,41.82700266,40.96440325,40.20708451,39.68333635,39.58539443,40.21529988,42.06578851,45.93282933,52.853243
1257.853516,6.562226584,8.326002655,10.05508207,11.74292073,13.40250249,15.02839047,16.62044847,18.17841554,19.70202559,21.1910075,22.64508525,24.06397811,25.44740082,26.79506393,28.10667413,29.38193469,30.62054595,31.82220604,32.98661152,34.11345836,35.20244298,36.25326347,37.26562109,38.23922192,39.17377892,40.06901414,40.92466142,41.74046939,42.51620489,43.25165686,43.94664061,44.60100256,45.21462523,45.78743241,46.31939423,46.81053148,47.2609186,47.67068383,48.04000471,48.36909585,48.65818462,48.90746808,49.11704189,49.2867883,49.41620619,49.5041628,49.54854611,49.54580416,49.4903806,49.37410278,49.18565462,48.91035472,48.53050914,48.02654002,47.37885796,46.57012225,45.58732042,44.42317309,43.07670109,41.5531681,39.86384693,38.02613207,36.06455698,34.01344028,31.92238735,29.86704607,27.96992291,26.43982461,25.63583448,26.08951259
1256.166016,25.72259106,26.05991766,26.39454194,26.72608189,27.05560439,27.38278315,27.70769785,28.03042447,28.35104421,28.66964382,28.98631612,29.30116043,29.61428317,29.92579837,30.23582835,30.54450435,30.85196731,31.15836862,31.46387099,31.76864935,32.07289177,32.37680054,32.68059316,32.98450343,33.28878254,33.5937001,33.89954509,34.20662666,34.5152746,34.82583946,35.13869196,35.45422143,35.77283282,36.0949418,36.42096679,36.75131702,37.08637476,37.4264693,37.7718396,38.12258085,38.47856899,38.83935478,39.20401699,39.57096152,39.93765188,40.3002579,40.65321695,40.98872234,41.29619343,41.56184701,41.76857387,41.89639345,41.92374441,41.82969449,41.59681716,41.21414268,40.67949583,40.00081317,39.19654086,38.29565968,37.33810194,36.37638952,35.47944688,34.73998127,34.28788716,34.31431598,35.1149072,37.1642454,41.21373456,48.20396085
1254.478516,42.25593768,42.39354371,42.52868301,42.66098966,42.79133155,42.91931198,43.04489509,43.1680341,43.28867992,43.406781,43.52228303,43.63512877,43.74525767,43.85260563,43.95710456,44.05868197,44.15726046,44.25275713,44.34508291,44.43414177,44.51982974,44.60203381,44.68063063,44.75548486,44.82644731,44.89335261,44.95601637,45.01423176,45.06776528,45.11635154,45.15968671,45.19742041,45.22914547,45.25438496,45.27257575,45.28304742,45.28499525,45.27744537,45.25920972,45.22882762,45.18449029,45.12394332,45.04436175,44.94219228,44.81295836,44.65102865,44.4493593,44.19924008,43.89010582,43.50951844,43.04346858,42.47716012,41.79637867,40.98937462,40.04895073,38.97427385,37.77198618,36.45649466,35.04969833,33.58066825,32.08586112,30.61043396,29.2113027,27.96292249,26.96756752,26.37348096,26.40696665,27.42654302,29.99053023,34.77572194
1252.791016,33.4285805,33.99214398,34.53952292,35.06731256,35.58138709,36.07891033,36.55953265,37.02282548,37.46833946,37.89560292,38.30412033,38.69337054,39.06280487,39.41184504,39.73988083,40.04626761,40.3303235,40.59132635,40.82851032,41.04106212,41.22811686,41.38875339,41.52198917,41.6267745,41.70198612,41.74642004,41.75878349,41.73768598,41.68162923,41.58899589,41.45803699,41.28685792,41.07340281,40.81543742,40.51053031,40.15603277,39.74905761,39.2864579,38.76480701,38.18038243,37.52915753,36.80680777,36.00874151,35.13017096,34.1662459,33.11228259,31.96413003,30.71872425,29.37487867,27.93433329,26.40302129,24.79240065,23.12056832,21.41280134,19.70125861,18.02386779,16.42279563,14.94313786,13.63243562,12.54141527,11.72616732,11.25199461,11.19944343,11.67363977,12.819137,14.84431254,18.06187371,22.95138895,30.21789328,40.58994627
1251.103516,28.89823153,28.7883213,28.70361338,28.64925278,28.61556451,28.60643827,28.62184847,28.66185127,28.7264979,28.81583372,28.92989719,29.06871866,29.23231903,29.42070817,29.6338831,29.87182594,30.13450146,30.42185435,30.73380591,31.0702504,31.43105054,31.81603247,32.22497973,32.65762616,33.11364762,33.59265211,34.09416806,34.61763042,35.16236396,35.72756325,36.3122686,36.91533686,37.535406,38.17085205,38.81973629,39.4797406,40.14808798,40.82144452,41.4957989,42.16631389,42.82714474,43.47121847,44.08996994,44.67303368,45.20789884,45.67954994,46.07014325,46.35881098,46.52174303,46.53275743,46.36460125,45.99116263,45.39055607,44.54867016,43.46239258,42.14163317,40.6096392,38.90179448,37.06370568,35.14959754,33.22190239,31.35271917,29.62781099,28.15420029,27.0733925,26.58410747,26.98124352,28.71863943,32.47729318,39.01750076
1249.416016,30.00805027,30.46051012,30.91266635,31.36470222,31.81662855,32.26840248,32.71999271,33.17136472,33.62248166,34.07330408,34.52378963,34.97389275,35.42356427,35.87275098,36.32139509,36.76943366,37.21679791,37.66341237,38.10919396,38.55405089,38.99788125,39.44057149,39.88199451,40.32200737,40.76044856,41.19713468,41.6318564,42.06437348,42.49440868,42.92164027,43.34569258,43.76612436,44.182414,44.59394094,44.99996205,45.39958144,45.79171177,46.17502444,46.54788527,46.90827123,47.25366273,47.58090465,47.88602811,48.1640249,48.40856776,48.61167565,48.76333608,48.85112209,48.85988336,48.77164914,48.56594044,48.22070956,47.71404635,47.02656517,46.14406607,45.05982746,43.77594671,42.30352915,40.66201548,38.87825804,36.98601712,35.0264745,33.05035257,31.12246421,29.33018891,27.79877003,26.71879774,26.3935533,27.30140063,30.04434981
1247.726562,12.96358684,13.8154644,14.66631277,15.51587708,16.36438515,17.21151143,18.0570756,18.90088054,19.74271729,20.58236399,21.4195848,22.25412856,23.08572746,23.9140954,24.73892629,25.55989201,26.37664022,27.18879184,27.99593816,28.79763766,29.59341224,30.38274306,31.16506566,31.93976435,32.70616579,33.46353146,34.21104897,34.94782179,35.67285729,36.38505258,37.08317773,37.76585589,38.43153943,39.07848149,39.70470163,40.30794455,40.88563004,41.43479267,41.95200878,42.43330878,42.87407243,43.2689057,43.61149941,43.89447367,44.10921922,44.24575955,44.29267799,44.23718502,44.06543954,43.76327518,43.31749141,42.71780649,41.95939507,41.04566391,39.99068123,38.82067265,37.57434159,36.3023264,35.06656446,33.94049823,33.01101084,32.38297348,32.18759247,32.59661119,33.84621625,36.27781322,40.40797815,47.04162943,57.39684581,72.84063549
1246.039062,38.51133493,39.24033242,39.97040798,40.70166331,41.43348271,42.16580542,42.89839157,43.63098705,44.36332171,45.09510794,45.8260391,46.55578774,47.28400367,48.01031174,48.73430939,49.4555639,50.17360924,50.88794257,51.59802026,52.30325333,53.00300227,53.69657116,54.38320084,55.0620611,55.73224165,56.39274162,57.04245734,57.68016809,58.30451934,58.91400301,59.50693417,60.08142331,60.63534331,61.16629001,61.67153486,62.14796794,62.59202947,62.99962725,63.36603741,63.68578576,63.95250706,64.15878098,64.2959459,64.3538973,64.32088774,64.18336307,63.92589786,63.53133449,62.98128166,62.25717478,61.34210558,60.22353411,58.89675241,57.36860507,55.66066686,53.81110402,51.87493983,49.92320212,48.04203027,46.33301399,44.91595245,43.93521446,43.57130775,44.06046323,45.7274991,49.04175194,54.71282286,63.84498554,78.10572092,99.35585507
1244.349609,24.03332504,24.9488572,25.85132335,26.73837397,27.61479151,28.47848021,29.3293175,30.16712878,30.99173273,31.80294086,32.60055712,33.38437739,34.15418899,34.90977006,35.65088896,36.37730354,37.08876036,37.78499381,38.46572509,39.1306611,39.77949315,40.41189548,41.02752358,41.62601219,42.20697302,42.76999204,43.31462626,43.84039988,44.34679969,44.83326947,45.29920313,45.74393624,46.1667356,46.56678603,46.94317387,47.2948659,47.62068248,47.91926295,48.18902096,48.42808655,48.634231,48.80476949,48.93643556,49.02522132,49.06617801,49.05317536,48.97862794,48.8332146,48.60564878,48.2826013,47.8489239,47.28834163,46.58472731,45.72390564,44.69569011,43.49566888,42.12628888,40.59707282,38.9241813,37.12978882,35.24180591,33.29443869,31.33009266,29.40334756,27.58832402,25.99200067,24.77825705,24.20965456,24.70380113,26.79545684
1242.660156,36.26472506,37.06752652,37.8642336,38.65400256,39.43909239,40.21864862,40.99271528,41.76131915,42.52449006,43.28226114,44.03466912,44.78175459,45.52356233,46.26014162,46.99154659,47.71783657,48.43907642,49.15533692,49.86669507,50.57323444,51.27504541,51.97222537,52.66487881,53.35311723,54.03705883,54.7168279,55.39255371,56.06436884,56.73240662,57.39679742,58.05766339,58.71511098,59.36922054,60.02003191,60.66752447,61.31158962,61.95199303,62.58832268,63.21991762,63.84577039,64.46439361,65.07363863,65.67045036,66.25053992,66.80795493,67.33453113,67.81922226,68.24733788,68.59978029,68.85246871,68.97625838,68.93775085,68.70134512,68.23259415,67.50242188,66.49126978,65.1921455,63.61200219,61.77163423,59.70489248,57.4582693,55.09189941,52.68306816,50.33373532,48.18473049,46.44171998,45.42250042,45.63993347,47.91596156,53.31424878
1240.96875,30.49333916,31.03972808,31.57186397,32.08703948,32.59071633,33.08076298,33.55724049,34.02016646,34.46956381,34.90546144,35.32789488,35.7369071,36.13254939,36.51488227,36.88397663,37.23991489,37.58279233,37.91271864,38.22981952,38.5342386,38.8261395,39.10570813,39.37315531,39.62871964,39.87267071,40.1053126,40.32698784,40.53808168,40.73902671,40.93030792,41.11246797,41.28611267,41.4519164,41.61062725,41.76307117,41.91015454,42.05286384,42.19226055,42.32946882,42.4656517,42.60197056,42.73951966,42.87922478,43.02169165,43.16698588,43.31432457,43.46166239,43.60516893,43.73862709,43.8528444,43.93525977,43.97002237,43.93885155,43.82286784,43.60528052,43.27444454,42.82660962,42.26786105,41.61521637,40.89732569,40.15552925,39.44618519,38.84539529,38.4578089,38.43245274,38.99111769,40.47941333,43.45494126,48.8040167,57.64104223
1239.279297,48.38683724,48.0030049,47.6369298,47.29239067,46.96282668,46.65126093,46.35797023,46.08330959,45.82764943,45.59137644,45.37489456,45.178626,45.00301225,44.84851524,44.71561855,44.60482864,44.51667619,44.45171744,44.41053565,44.39374257,44.40197985,44.43592058,44.49627065,44.58377008,44.69919415,44.8433542,45.01709804,45.22130974,45.45690843,45.72484588,46.0261023,46.36167961,46.7325913,47.13984754,47.58443371,48.06728008,48.58921893,49.15092496,49.75283224,50.39501962,51.07705294,51.79776939,52.55498503,53.34510307,54.16259861,54.99935951,55.84387898,56.68033328,57.48765052,58.23879082,58.90059943,59.4347006,59.79985064,59.95583874,59.86843302,59.51429769,58.88468651,57.98723818,56.84607665,55.5011433,54.00798943,52.43927251,50.88927722,49.48330024,48.39512164,47.87868872,48.32531483,50.36267124,54.98633452,63.4517911
1237.587891,53.42214896,53.36137222,53.29982784,53.23760431,53.17504509,53.11216968,53.04909779,52.98595488,52.92287388,52.8599958,52.79747031,52.73545643,52.67412325,52.61365066,52.55423029,52.49606635,52.43937662,52.38439356,52.33136543,52.28055749,52.2322533,52.18675613,52.14439036,52.10550293,52.0704649,52.03967286,52.01355033,51.99254896,51.97714939,51.9678617,51.96522496,51.96980572,51.98219487,52.00300193,52.03284601,52.07234177,52.12207828,52.18258809,52.25430222,52.33748565,52.43214565,52.53790252,52.65380959,52.77810545,52.90787942,53.03863153,53.16371653,53.27368349,53.35556897,53.39227873,53.36229545,53.24003855,52.99719681,52.60515835,52.03826903,51.27723005,50.3117999,49.14225905,47.77967288,46.24550357,44.57136607,42.79975575,40.98662086,39.20696599,37.56554313,36.2165652,35.39984842,35.50468074,37.1591167,41.18580137
1235.896484,25.53864342,27.03515999,28.49454265,29.90963224,31.29438227,32.64296149,33.9552327,35.23092547,36.46976446,37.67146964,38.83575649,39.96233623,41.05091621,42.10120026,43.11288923,44.08568157,45.01927405,45.91336257,46.76764326,47.58181357,48.35557377,49.08862853,49.78068893,50.43147468,51.0407168,51.6081607,52.1335698,52.61672962,53.05745265,53.45558379,53.81100668,54.1236508,54.3934994,54.62059833,54.80506547,54.94710067,55.04699546,55.10514187,55.12203861,55.0982925,55.03461116,54.93178175,54.79062733,54.61192949,54.3963019,54.14399577,53.85461729,53.52674348,53.15744282,52.74175173,52.27222912,51.7387974,51.12913075,50.42979486,49.62812975,48.71456456,47.68485192,46.54178215,45.2962642,43.96804758,42.58663529,41.19309859,39.84369464,38.61663189,37.6243405,37.0356999,37.11650634,38.30065563,41.28886226,46.99351495
1234.205078,40.98862499,41.08737493,41.18366488,41.27716555,41.36889796,41.45861532,41.5464438,41.63250995,41.71694849,41.79990288,41.88152614,41.96198154,42.04144348,42.12009845,42.19814599,42.2757998,42.35328901,42.43085938,42.50877482,42.5873189,42.66679654,42.74753579,42.82988982,42.91423896,43.0009929,43.09059297,43.18351452,43.28026921,43.38140728,43.48751957,43.59923905,43.71724161,43.84224573,43.9750102,44.11632919,44.26702329,44.42792462,44.59985353,44.78358306,44.97978617,45.18895853,45.41130727,45.64659297,45.89390885,46.15137856,46.41575413,46.68190261,46.94219103,47.18582267,47.39825247,47.56090952,47.6515448,47.64552412,47.51820577,47.2481655,46.82062324,46.23027459,45.48300921,44.59656339,43.60067767,42.53760846,41.46393675,40.45476417,39.61187398,39.078623,39.06678363,39.90491939,42.12206433,46.55887687,54.27525427
1232.513672,46.80357927,47.24960681,47.67790153,48.08506645,48.47794867,48.85392997,49.21312837,49.5556107,49.88145319,50.19074244,50.48357658,50.7600665,51.02033726,51.26452959,51.49280171,51.70533116,51.902317,52.08398221,52.25057636,52.40237862,52.53970114,52.66289277,52.77234331,52.86848818,52.95181371,53.02286299,53.08224243,53.13062895,53.16877804,53.1975325,53.217832,53.23072325,53.23737073,53.23906759,53.2372462,53.23348737,53.22952708,53.22725821,53.22872438,53.23610069,53.25165444,53.27767538,53.31636099,53.36963733,53.43889013,53.52457721,53.62569478,53.73908484,53.85861127,53.97431043,54.07174187,54.13189791,54.13209349,54.04813,53.85764884,53.5440949,53.10042092,52.53184048,51.85751072,51.11166039,50.3451059,49.62833444,49.05762953,48.76643383,48.94578306,49.8809901,52.01770596,56.0761878,63.20310319,74.84343248
1230.822266,41.27796449,41.98608897,42.69580202,43.40786142,44.12177718,44.83806749,45.55697362,46.27875883,47.00370112,47.73209432,48.46424925,49.20049493,49.94117996,50.68667394,51.43736906,52.19368174,52.95605444,53.72495762,54.50089175,55.2843895,56.07601804,56.87638144,57.68612311,58.50592827,59.33652648,60.17869387,61.03325522,61.90108554,62.7831109,63.68030806,64.5937025,65.52436389,66.47339804,67.44193373,68.43110242,69.44200773,70.47568068,71.53301494,72.61467408,73.72096001,74.8516276,76.00562587,77.18073979,78.37310135,79.57653391,80.78169699,81.97501523,83.13742179,84.2430381,85.25806392,86.14034795,86.84027384,87.30356805,87.47623551,87.31105182,86.77423777,85.85069659,84.54681229,82.89095662,80.93285856,78.74345704,76.41692928,74.07672011,71.88811005,70.08175489,68.99663949,69.15816517,71.41467232,77.12356988,88.02821861
1229.128906,41.09594718,42.48587806,43.87209673,45.25432568,46.63362655,48.00929809,49.38112916,50.74888144,52.11230274,53.4711257,54.82506647,56.17382319,57.51707427,58.85447649,60.18566284,61.51024006,62.82778587,64.13784582,65.43992969,66.7335073,68.01800382,69.29279417,70.55719669,71.81046564,73.05178244,74.28024541,75.49485759,76.69451224,77.87797559,79.04386604,80.19062912,81.31650701,82.41950136,83.49732771,84.54735915,85.56655651,86.55138139,87.49768741,88.40058385,89.25426448,90.05179285,90.78483421,91.44332392,92.01506379,92.4852447,92.83590841,93.04539083,93.08783969,92.9329756,92.54636017,91.89051202,90.92719541,89.62099449,87.9438355,85.87957144,83.42744955,80.60356652,77.44022456,73.98396326,70.29349479,66.43874286,62.50197263,58.58196769,54.80265557,51.32880124,48.39385613,46.34924624,45.74765569,47.44757432,52.49612044
1227.435547,43.76772713,44.70602683,45.64241992,46.57682364,47.50970294,48.44065018,49.36949456,50.29604679,51.22010619,52.14145971,53.05988077,53.97512801,54.88694389,55.79505305,56.69916054,57.5989498,58.49408032,59.38418501,60.2688672,61.1476972,62.02020831,62.88589223,63.74419372,64.5945044,65.43615546,66.2684091,67.09044842,67.90136536,68.70014643,69.4856554,70.25661263,71.01156982,71.74887936,72.46665672,73.1627341,73.83460314,74.47934371,75.09353503,75.67314463,76.21338946,76.70856231,77.15181624,77.53489939,77.84783478,78.0785456,78.21243942,78.23198992,78.11639703,77.8414692,77.37994751,76.70255085,75.77999923,74.58608889,73.1015159,71.31770106,69.23965033,66.88715173,64.29429954,61.50805367,58.58691143,55.60075303,52.6327821,49.7845418,47.18551819,45.01014821,43.50762097,43.05411921,44.2399447,47.97491447,55.34132804
1225.742188,41.76506278,43.18385344,44.57238934,45.92483431,47.25248165,48.55051197,49.81873686,51.05685366,52.2645506,53.4415065,54.58739046,55.70186145,56.78456802,57.83514788,58.85322753,59.83842183,60.79033362,61.70855321,62.59265794,63.44221168,64.25676424,65.03585082,65.77899131,66.48568959,67.15543266,67.78768962,68.38191058,68.93752512,69.45394056,69.93053971,70.3666779,70.76167919,71.11483133,71.42537893,71.69251438,71.91536532,72.09297772,72.22429244,72.30811323,72.34306245,72.3275205,72.25954279,72.1367473,71.9561641,71.71403858,71.40558302,71.02468028,70.56356383,70.01253539,69.3598384,68.59187285,67.6939821,66.65200331,65.45459176,64.09602591,62.57893128,60.91634991,59.13291249,57.26537449,55.36319171,53.49001822,51.72713032,50.18006016,48.99046857,48.35692315,48.57146814,50.08436508,53.61371984,60.28367553,71.46410279
1224.048828,31.54109805,32.70866188,33.85573465,34.97843769,36.08439614,37.17035438,38.23618339,39.28167668,40.30662141,41.31079813,42.29398051,43.25593507,44.19642086,45.11518913,46.01198299,46.88653702,47.73857688,48.56781879,49.3739691,50.15672365,50.91576716,51.6507725,52.36139981,53.0472955,53.70809106,54.34340159,54.9528241,55.53593528,56.09228879,56.62141186,57.1228009,57.59591585,58.04017289,58.4549348,58.83949838,59.19307764,59.51478146,59.80358363,60.05828261,60.27744742,60.4593448,60.60184158,60.70227466,60.75728015,60.76257316,60.71267384,60.60058458,60.41744513,60.15223002,59.79160981,59.32016321,58.72116724,57.97814527,57.07716411,56.0095649,54.77455162,53.38106131,51.84867572,50.20782774,48.49994142,46.77831285,45.1106033,43.58400646,42.31473341,41.4647811,41.27158043,42.10063787,44.53499087,49.48902481,58.08400568
1222.355469,57.13931292,57.85472574,58.52736926,59.1488433,59.73547493,60.280709,60.78459104,61.24702719,61.66793127,62.04722617,62.38484528,62.68073427,62.93485294,63.14717744,63.31770274,63.44644545,63.53344701,63.57877738,63.58253917,63.54487245,63.46596016,63.34603438,63.1853835,62.98436044,62.74339214,62.46299044,62.14376463,61.78643603,61.39185467,60.96101865,60.49509648,59.99545285,59.46367831,58.90162331,58.31143717,57.69561215,57.05703303,56.39903159,55.72544527,55.04067751,54.34975549,53.65837761,52.97293832,52.3005103,51.6487546,51.0257167,50.43945423,49.89743543,49.40565925,48.96749829,48.58237501,48.2445534,47.94250674,47.65938246,47.37488127,47.06839745,46.72277227,46.32784192,45.88325445,45.40059192,44.90536287,44.43980418,44.06777668,43.88365652,44.02846792,44.71930224,46.30326895,49.35319031,54.80260406,63.88010929
1220.660156,53.36310778,53.77601403,54.18882264,54.60146162,55.01388623,55.42598451,55.83765455,56.24878599,56.65926148,57.06895602,57.47773623,57.88545955,58.29197324,58.6971134,59.10070373,59.50255419,59.90245945,60.30019712,60.69552569,61.08818218,61.47787945,61.86430298,62.2471072,62.62591114,63.00029331,63.36978565,63.73386636,64.09195126,64.44338352,64.78742113,65.12322186,65.44982479,65.76612774,66.07085945,66.3625452,66.63946399,66.89959528,67.1405522,67.35949807,67.55304171,67.71710696,67.84677098,67.93606669,67.97774708,67.9630151,67.88123553,67.71966833,67.46330179,67.09491992,66.59560525,65.94592745,65.12804308,64.12876096,62.94328952,61.57899673,60.05834769,58.42046734,56.72144065,55.03415028,53.44883705,52.07565236,51.05053715,50.54618084,50.79097575,52.10133506,54.93737229,59.9993386,68.38576282,81.77518007,102.09641
1218.966797,41.28515038,42.31625024,43.33128222,44.32702718,45.30941407,46.27577352,47.22589906,48.15951546,49.07633561,49.97605976,50.85837465,51.72295256,52.5694503,53.39750804,54.20674808,54.99677343,55.76716625,56.51748612,57.24726807,57.95602037,58.64322209,59.3083202,59.95072639,60.56981334,61.16491047,61.73529896,62.28020604,62.79879815,63.29017305,63.7533503,64.18726002,64.5907293,64.96246584,65.30103799,65.60485043,65.87211417,66.10080956,66.28864037,66.4329768,66.53078463,66.57853754,66.57210938,66.50664395,66.3764017,66.17458772,65.89317503,65.52275486,65.05247454,64.47016539,63.76281197,62.91754936,61.92335308,60.77345537,59.46826597,58.01828875,56.44640997,54.78916292,53.09709176,51.43487261,49.88215747,48.53619581,47.51738964,46.97935738,47.12615793,48.24156075,50.73945546,55.25124824,62.76950338,74.8142673,93.14048298
1217.271484,28.22229242,29.74965853,31.24778877,32.71102989,34.15037834,35.56124371,36.94352076,38.2969991,39.6214645,40.91669899,42.18248098,43.41858541,44.62478395,45.80084523,46.94653512,48.06161707,49.1458525,50.19900127,51.2208222,52.21107371,53.16951454,54.09590452,54.99000552,55.85158245,56.68040436,57.4762457,58.23888761,58.96811923,59.66373904,60.3255561,60.95339103,61.5470765,62.10645702,62.63138742,63.12172942,63.5773453,63.99808721,64.38377999,64.73419479,65.04900907,65.32774745,65.56969565,65.77377704,65.93837944,66.06111747,66.13851759,66.16562067,66.13551802,66.03887958,65.86360293,65.59480379,65.21544594,64.70789644,64.05650583,63.25095079,62.28970717,61.18292557,59.95430648,58.64216303,57.30039598,56.00041659,54.8352406,53.92732789,53.44262965,53.61525025,54.7909795,57.50455439,62.6108705,71.45153174,85.66695901
1215.574219,59.47448558,60.48908206,61.48850096,62.47005459,63.43933234,64.39394416,65.33379128,66.25871724,67.1685604,68.06315364,68.94232406,69.80589264,70.65367384,71.48547516,72.3010967,73.10033054,73.88296013,74.64875956,75.39749268,76.12891209,76.84275794,77.53875653,78.21661856,78.87603709,79.51668497,80.13821179,80.74024001,81.32236022,81.88412512,82.42504201,82.94456321,83.44207382,83.91687602,84.36816873,84.79502127,85.19633882,85.57081724,85.91688342,86.23261656,86.51564388,86.76300272,86.97095836,87.13476521,87.24835727,87.30395494,87.29158181,87.19850227,87.00862664,86.70199274,86.25452418,85.63836695,84.82316113,83.77851447,82.47762857,80.90153498,79.04299399,76.90913194,74.52243873,71.92051715,69.15554282,66.2945915,63.42199482,60.64503286,58.10491314,55.99654898,54.60381773,54.36248768,55.96780621,60.51355321,69.35619874
1213.878906,63.48439283,63.99925151,64.51076141,65.01854864,65.52366237,66.02550056,66.5239251,67.01877698,67.50988813,67.99708065,68.48016595,68.95894379,69.43320111,69.90271086,70.36723058,70.82650082,71.28024332,71.72815899,72.16992556,72.60519487,73.03358973,73.45470039,73.86808025,74.27324101,74.66964688,75.05670777,75.43377124,75.80011283,76.15492453,76.49730091,76.82622216,77.14053362,77.43892054,77.71987701,77.98166752,78.22227899,78.43936079,78.63014945,78.79137367,78.91913463,79.00875501,79.05458957,79.04978933,78.98601302,78.85308319,78.6385954,78.32750917,77.90178618,77.34019666,76.61848558,75.71015018,74.58807531,73.22712608,71.60747386,69.71802708,67.55910914,65.14371623,62.49726987,59.65642024,56.66781183,53.58773462,50.4834635,47.43711597,44.55327239,41.97266422,39.8963611,38.62847982,38.6481288,40.69890163,45.68217508
1212.183594,51.25701863,51.96480364,52.66633735,53.36044579,54.04924007,54.73154111,55.40709889,56.07562454,56.73681333,57.39034342,58.0358744,58.67304576,59.30147511,59.92075629,60.53045713,61.13011709,61.7192445,62.29731352,62.86376064,63.41798082,63.95932299,64.487085,65.00050778,65.49876873,65.98097398,66.44614952,66.89323085,67.32105095,67.72832609,68.11363922,68.47542033,68.81192305,69.12119681,69.40105349,69.64902736,69.86232669,70.03777535,70.17174205,70.2600547,70.29789713,70.27968513,70.1989198,70.0480172,69.81811794,69.49888713,69.07832898,68.54266306,67.87634226,67.06233719,66.08285393,64.92066597,63.56117657,61.99513871,60.22166019,58.2508457,56.10540417,53.82090907,51.44500085,49.0363245,46.66417405,44.40973946,42.36978666,40.66382124,39.44653111,38.92889282,39.41429332,41.36066057,45.48140638,52.85837481,64.7183488
1210.486328,58.38530575,58.64880524,58.89522513,59.12164955,59.33470735,59.53204951,59.7139321,59.88057264,60.03220677,60.16909,60.29149955,60.39973648,60.494128,60.57502999,60.64282991,60.69794992,60.74085039,60.77203384,60.79204929,60.80149712,60.80103447,60.79138131,60.77332721,60.74773884,60.71556837,60.67786286,60.63577465,60.59057288,60.54365623,60.49656687,60.45100563,60.40884828,60.37216268,60.3432263,60.32454332,60.31885999,60.32917602,60.35874889,60.41108577,60.48991556,60.59912972,60.7426752,60.92437578,61.14764891,61.41507434,61.72776062,62.08445179,62.48032939,62.90551403,63.34337755,63.76895496,64.14796386,64.43708397,64.58603559,64.54149103,64.25209503,63.67330502,62.77081984,61.52203264,59.91576846,57.95109975,55.63617413,52.9879433,50.03375348,46.81627122,43.40466464,39.91830138,36.57570285,33.78572294,32.2384479
1208.789062,66.70038874,67.11316803,67.50300967,67.86564462,68.20999674,68.53278784,68.8342744,69.11465424,69.37414396,69.61298088,69.83142503,70.02976147,70.2083028,70.367392,70.50740553,70.62875683,70.73190021,70.81733517,70.88561124,70.9373334,70.97316812,70.99385013,71.00018998,70.99308255,70.97351652,70.94258498,70.90149726,70.85159213,70.79435243,70.73142121,70.66461945,70.59596523,70.52769424,70.46228115,70.40246109,70.35125003,70.31196183,70.28821891,70.28395121,70.30337595,70.35094664,70.43125462,70.54885916,70.70801289,70.91223912,71.16370811,71.46235741,71.80471887,72.18247051,72.58084941,72.97725279,73.34058078,73.63201315,73.80776494,73.82380873,73.64175263,73.23451493,72.59058501,71.71646141,70.63781348,69.40056879,68.07343915,66.75367826,65.57858515,64.74704739,64.55921646,65.48949472,68.31621307,74.3051205,85.12566622
1207.091797,57.53803047,58.22439457,58.90399415,59.5756924,60.24203433,60.90202301,61.5556818,62.2030126,62.84401903,63.47870664,64.10708302,64.72915799,65.34494375,65.95445507,66.55770939,67.15472704,67.74553129,68.33014847,68.90860804,69.48094251,70.04718735,70.60738073,71.16156305,71.70977631,72.25206306,72.78846498,73.31902079,73.84376345,74.36271623,74.87588744,75.38326316,75.88479751,76.38039944,76.86991489,77.3531028,77.82960257,78.2988903,78.76021944,79.21254081,79.65439443,80.08376395,80.49788137,80.89296722,81.26388933,81.60372386,81.90320869,82.15009845,82.32846989,82.41809794,82.39412887,82.22739947,81.88582533,81.33719428,80.55335163,79.51519876,78.21744333,76.67203553,74.9098327,72.98092917,70.95478363,68.9215688,66.99626038,65.32727938,64.1124615,63.62733531,64.27508158,66.67502785,71.81233431,81.22583846,96.78369673
1205.394531,50.91077862,51.97900454,53.01729941,54.01986662,54.99814691,55.94759558,56.86828018,57.76017275,58.62325272,59.457508,60.26293604,61.03954524,61.7873563,62.50640391,63.19673855,63.85842857,64.49156243,65.09625137,65.67263226,66.22087088,66.74116564,67.23375165,67.69890545,68.13695015,68.54826135,68.93327368,69.29248815,69.62648026,69.93590909,70.22152718,70.48419135,70.72487428,70.94467662,71.14483938,71.32675574,71.49198145,71.64224192,71.77943364,71.90561588,72.02298692,72.13383637,72.2404613,72.34502909,72.44936417,72.5546295,72.66086976,72.76638653,72.86693541,72.95478602,73.01778263,73.03868866,72.99525518,72.86151816,72.61065792,72.21928138,71.67239021,70.96797453,70.1204303,69.16273428,68.14810381,67.15240295,66.27887724,65.66724322,65.51021169,66.08286624,67.7950335,71.28505338,77.58082461,88.31004792,105.4994503
1203.695312,38.18329427,39.91487146,41.61257893,43.26981225,44.89920743,46.49533487,48.05795529,49.58669935,51.08118572,52.54102054,53.96579691,55.35509434,56.70847811,58.02549865,59.30569085,60.54857338,61.75364784,62.92039798,64.04828879,65.1367655,66.18525253,67.19315229,68.1598439,69.08468167,69.9669935,70.8060789,71.60120683,72.35161301,73.05649687,73.71501766,74.32628985,74.88937727,75.40328573,75.86695361,76.27923962,76.6389069,76.94460197,77.19482684,77.38790189,77.52191613,77.59466081,77.60354095,77.54545837,77.41665971,77.21254344,76.9274256,76.55427508,76.08445368,75.5075368,74.81134992,73.98242082,73.00708032,71.87338055,70.57378793,69.10828582,67.48727052,65.73367278,63.88414307,61.98969878,60.11666382,58.34894503,56.79284501,55.58600291,54.91304367,55.03262557,56.32465779,59.37328477,65.10600151,74.96426664,90.67284461
1201.998047,46.65168476,48.27582054,49.88293344,51.47012435,53.04369071,54.60102226,56.14207037,57.66672616,59.17487885,60.66641571,62.14122209,63.59918134,65.04017481,66.46408177,67.87077934,69.26014235,70.63204322,71.98635169,73.32293455,74.64165521,75.94237314,77.22494314,78.48921431,79.73502873,80.9622197,82.17060935,83.36000557,84.53019782,85.68095165,86.81200143,87.92304066,89.01370903,90.08357531,91.13211431,92.15867615,93.16244496,94.14238337,95.09715761,96.0250366,96.92375566,97.79033277,98.62082184,99.40998333,100.1508496,100.8341624,101.4476648,101.9752547,102.3960476,102.683489,102.8047794,102.7210355,102.3887062,101.762679,100.8010932,99.47119225,97.75492111,95.65291988,93.18624991,90.39624431,87.34370215,84.10896556,80.79443382,77.53122168,74.49243496,71.9174754,70.15579003,69.74557754,71.54973321,76.93608495,87.62965324
1200.298828,55.52384146,56.49510148,57.44943524,58.38388339,59.30473843,60.20940266,61.0978366,61.96994171,62.82561829,63.66476563,64.48728207,65.29306512,66.08201158,66.85401771,67.60897931,68.34679192,69.06735094,69.77055181,70.45629013,71.12446178,71.77496302,72.4076905,73.02254121,73.61941226,74.19820053,74.75880201,75.30111079,75.82501749,76.33040705,76.81715546,77.28512515,77.73415853,78.16406885,78.57462766,78.96554719,79.3364561,79.68686587,80.01612438,80.3233517,80.60735177,80.86649075,81.09853061,81.30040268,81.46790338,81.59529214,81.67477469,81.69586696,81.64466514,81.50310571,81.24839261,80.85288506,80.28482983,79.51028431,78.49630931,77.2150219,75.64762037,73.78738498,71.64108404,69.22894484,66.5839549,63.75151358,60.79046323,57.7765861,54.81007566,52.02964194,49.63836687,47.95093739,47.47687354,49.03634116,53.70131509
1198.599609,44.36930529,46.01721904,47.61960094,49.16754194,50.67834113,52.14495961,53.56737292,54.94540264,56.27887367,57.56761512,58.81146142,60.01025355,61.16384048,62.27208077,63.33484437,64.35201474,65.32349124,66.24919182,67.12905609,67.96304892,68.75116439,69.49343042,70.18991401,70.84072722,71.44603401,72.006058,72.52109136,72.99150491,73.41775958,73.80041934,74.14016584,74.43781471,74.69433367,74.91086236,75.08873351,75.22949512,75.33493232,75.4070874,75.44827485,75.46108694,75.44838268,75.41324942,75.35892171,75.28863548,75.20538867,75.11157328,75.00844258,74.89539059,74.76906168,74.6223942,74.44384045,74.21716862,73.9223494,73.53791691,73.04478533,72.43092974,71.69597127,70.85486759,69.94055844,69.00618349,68.128062,67.41101495,66.99812928,67.08820097,67.96655883,70.05990856,74.03449748,80.96474318,92.55358441,110.92279
1196.898438,79.29411608,80.44705349,81.55197197,82.59960593,83.60818807,84.57033816,85.48606002,86.35519766,87.17760046,87.95312437,88.68163323,89.36300028,89.99710988,90.58385943,91.12316164,91.61494696,92.05916651,92.45579528,92.80483587,93.10632266,93.36032667,93.56696097,93.72638703,93.83882175,93.90454567,93.92391225,93.89735846,93.82541689,93.70872943,93.5480629,93.34432669,93.0985925,92.81211651,92.48636368,92.12303425,91.72409165,91.29179106,90.82870643,90.33775316,89.82220108,89.28567005,88.7320958,88.16564832,87.59057673,87.01094556,86.43021767,85.85063374,85.27234692,84.69230868,84.10299024,83.49117518,82.83725217,82.11557731,81.2964024,80.34945643,79.24862838,77.97671293,76.52923315,74.91695923,73.16752703,71.32715152,69.46377405,67.67333139,66.09161172,64.91595491,64.4448011,65.15000051,67.80453086,73.66103479,84.35868986
1195.199219,55.25719524,55.88843585,56.50541686,57.10550564,57.69412093,58.26911973,58.83054008,59.37837478,59.91262032,60.43327732,60.94035102,61.43385186,61.91379612,62.38020654,62.83311312,63.27255393,63.69857603,64.11123643,64.51060322,64.89675672,65.26979079,65.62981418,65.97695204,66.31134746,66.63316307,66.94258275,67.23981316,67.52508535,67.79865597,68.06080818,68.31185185,68.55212272,68.78198,69.00180163,69.21197614,69.41288955,69.60490521,69.78833344,69.9633868,70.13011505,70.28831158,70.43738057,70.57615051,70.70261649,70.81359151,70.90424841,70.96754441,70.99354715,70.96873592,70.87544105,70.69170181,70.39192096,69.94867845,69.33582974,68.53255379,67.52754247,66.32238832,64.93361619,63.39351861,61.75059357,60.07071864,58.44033533,56.97317737,55.82284531,55.20531308,55.43905522,57.01677184,60.72823133,67.81954611,79.83660114
1193.498047,53.55573712,54.47334495,55.36707702,56.2320606,57.07722978,57.89869208,58.69623722,59.46955973,60.21834297,60.94225861,61.64096596,62.31411131,62.96132723,63.58223178,64.17642765,64.74350127,65.28302178,65.79453997,66.27758706,66.73167338,67.1562869,67.55089162,67.91492574,68.24779959,68.54889337,68.81755443,69.05309432,69.25478521,69.42185585,69.55348674,69.64880443,69.70687467,69.72669418,69.70718058,69.64716,69.54535181,69.4003495,69.21059677,68.97435737,68.68967724,68.354337,67.9657928,67.52110425,67.01684916,66.44902856,65.81297233,65.10326886,64.31376393,63.43770651,62.46815872,61.39881926,60.22540101,58.94761213,57.57159806,56.11247519,54.59648275,53.06244498,51.5626481,50.16369243,48.94818469,48.01829246,47.50238748,47.56654579,48.43391207,50.41744009,53.97622075,59.81315718,69.03558615,83.34151412,104.6920188
1191.798828,65.05101447,65.88457973,66.68983412,67.4611749,68.20945023,68.93033584,69.62388419,70.29005624,70.92881921,71.54014748,72.12402363,72.68043959,73.20939791,73.71091319,74.18501373,74.63174334,75.05116334,75.44335492,75.80842164,76.14649237,76.45772454,76.74230777,77.00046799,77.23247201,77.43863271,77.61931474,77.77494095,77.9059995,78.01305166,78.09674035,78.1577994,78.1970633,78.21547737,78.21410781,78.19415105,78.15694135,78.10395505,78.03680896,77.95724929,77.86712576,77.76834297,77.66277806,77.55214953,77.43781697,77.3204873,77.19980108,77.0737782,76.93812529,76.78545905,76.60459466,76.38018454,76.09312895,75.72221736,75.24726472,74.65353959,73.93673196,73.10746488,72.19468157,71.24800145,70.33992118,69.56926575,69.06766226,69.01139312,69.64232429,71.30447833,74.50848154,80.04578198,89.18213254,103.9012732,126.6142854
1190.097656,53.59020328,54.97673413,56.33114856,57.64761298,58.93834812,60.19858457,61.42845899,62.62801085,63.79729156,64.93636589,66.04531353,67.12423087,68.17323287,69.19245534,70.18205726,71.14222353,72.07316799,72.97513676,73.84841203,74.69331626,75.51021688,76.29953149,77.06173379,77.79736004,78.50701632,79.19138656,79.85124143,80.48744804,81.10098061,81.69293183,82.264525,82.81712663,83.3522589,83.87161151,84.37705154,84.87062959,85.3545794,85.83130689,86.30336228,86.7733863,87.24401729,87.71774023,88.19665148,88.68210367,89.17418528,89.67098232,90.16757113,90.65471628,91.1173152,91.53276439,91.86962733,92.08721222,92.13677676,91.96486065,91.51859619,90.75198594,89.63161023,88.14048261,86.27969311,84.06848831,81.54405178,78.76244709,75.80230829,72.77337012,69.83337676,67.22015563,65.31198399,64.73790368,66.54379113,72.17919853
1188.394531,60.43393523,60.92701987,61.4096668,61.88029466,62.34308485,62.79679244,63.24175841,63.67831281,64.10680835,64.52762234,64.9411588,65.34785077,65.74816288,66.14259419,66.53168125,66.91600153,67.29617718,67.67287917,68.04683189,68.41881815,68.78968475,69.16034861,69.53180349,69.90512734,70.28149043,70.66216409,71.0485303,71.44209185,71.84448329,72.25748225,72.68302102,73.12319793,73.5802878,74.05675044,74.5552355,75.07858139,75.62980456,76.21207399,76.82866314,77.48286843,78.1778784,78.91657152,79.70121215,80.53300457,81.41145485,82.33348404,83.29224205,84.27560453,85.26441817,86.23071629,87.13635954,87.93280296,88.56278603,88.9644561,89.0776679,88.85123251,88.24934782,87.25580547,85.87566127,84.1351992,82.08168436,79.78459493,77.34015287,74.88156606,72.59907072,70.77757956,69.86685571,70.60808482,74.21900588,82.34755413
1186.693359,38.78622641,40.22001008,41.62711084,43.00241744,44.35610289,45.68411422,46.98650163,48.26322932,49.51426731,50.73959222,51.93918824,53.11304815,54.26117444,55.38358062,56.48029263,57.55135047,58.59680994,59.61674466,60.61124827,61.5804369,62.5244519,63.44346294,64.33767134,65.2073138,66.05266652,66.87404967,67.67183226,68.44643733,69.19834749,69.92811056,70.6363453,71.32374675,71.99109082,72.63923742,73.26913096,73.88179671,74.47833065,75.05987947,75.62760566,76.18263082,76.72594723,77.25828403,77.77990962,78.29034673,78.78797228,79.26947329,79.72914001,80.15800674,80.54291616,80.86569572,81.1027905,81.22584354,81.20373158,81.00630462,80.60950966,80.00094664,79.1846591,78.18438553,77.04539125,75.83586448,74.64938073,73.61022783,72.88385052,72.69586575,73.36576752,75.36677783,79.43256353,86.73946339,99.14091931,118.9220082
1184.992188,62.58556101,62.80026028,63.00915501,63.21103739,63.40811029,63.59944175,63.78499963,63.96472931,64.13857441,64.30647667,64.46837582,64.62420943,64.77391272,64.91741839,65.05465631,65.18555328,65.31003268,65.42801404,65.53941256,65.64413853,65.74209654,65.83318466,65.91729332,65.99430394,66.0640873,66.12650142,66.18138895,66.22857392,66.26785752,66.29901288,66.3217783,66.33584862,66.3408641,66.33639609,66.32192829,66.29683252,66.26033687,66.21148411,66.14907696,66.07160641,65.97715782,65.86328854,65.72687037,65.56388976,65.36920185,65.13624153,64.85671096,64.5202932,64.11449096,63.62475617,63.0351436,62.3297421,61.49504024,60.52311964,59.41520399,58.18484227,56.8601179,55.48477979,54.11882632,52.83952554,51.74405285,50.95507482,50.6310414,50.98406076,52.31058377,55.04462325,59.85057424,67.7769476,80.43826537,99.72201426
1183.289062,39.9840624,41.044345,42.09681469,43.14028278,44.17769393,45.20795192,46.23112773,47.24727105,48.25643643,49.25868371,50.25407849,51.24269259,52.22460458,53.19990029,54.16867345,55.13102624,56.08706999,57.03692579,57.98072518,58.91861084,59.8507372,60.7772711,61.69839221,62.61429348,63.5251812,64.43127488,65.33280651,66.2300193,67.12316535,68.0125021,68.8982869,69.78076915,70.66017888,71.53671066,72.41050088,73.28159606,74.14990866,75.0151558,75.87677455,76.73380497,77.58472951,78.42725338,79.2580068,80.07214613,80.86282942,81.62054669,82.33230256,82.98069051,83.54297638,83.99043213,84.28831217,84.39697621,84.27460303,83.88157583,83.18597555,82.1690065,80.82906831,79.18378348,77.27027085,75.14476352,72.88302146,70.58305178,68.37183639,66.41853771,64.9585659,64.33682348,65.08538703,68.05734892,74.60301525,86.41532194
1181.585938,45.93825457,47.06654281,48.16937918,49.24203833,50.29419228,51.32200871,52.32555162,53.30480458,54.25975777,55.19040884,56.09676392,56.97883867,57.83665954,58.67026514,59.47970771,60.26505491,61.02639164,61.76382222,62.47747272,63.16749367,63.83406297,64.47738918,65.09771525,65.6953225,66.27053523,66.82372557,67.35531902,67.8658003,68.35571973,68.82569994,69.27644284,69.70873653,70.12346182,70.52159778,70.90422519,71.27252672,71.62778139,71.97135043,72.30464968,72.62910184,72.94605896,73.25668161,73.56175591,73.8614241,74.15479787,74.43942081,74.71055097,74.96025718,75.17637837,75.34149701,75.43222815,75.41928021,75.26879555,74.94527897,74.41591533,73.65545589,72.65053303,71.40254528,69.92900718,68.2640324,66.45908124,64.58529146,62.73893174,61.05217879,59.71304645,59.00171421,59.35675919,61.49157758,66.55528152,76.03874397
1179.882812,73.71595921,74.12521043,74.51122248,74.86956758,75.20918312,75.52661657,75.82199519,76.09537737,76.34683199,76.57643968,76.78429406,76.97050325,77.1351915,77.27850097,77.40059381,77.50165438,77.58189181,77.64154281,77.68087483,77.70018963,77.69982721,77.68017023,77.64164904,77.58474715,77.51000749,77.4180393,77.30952583,77.18523285,77.04601807,76.8928414,76.72677609,76.54902063,76.36091107,76.16393354,75.95973607,75.75013874,75.53714023,75.32291823,75.10981949,74.90033341,74.69704036,74.5025217,74.31921378,74.1491812,73.99377872,73.85316552,73.72563819,73.6067671,73.48837044,73.35745728,73.19541881,72.97791047,72.67594359,72.25854538,71.69687683,70.96908585,70.06481592,68.98850976,67.7613537,66.42248545,65.03060314,63.66738487,62.44445888,61.51648993,61.10485558,61.54030654,63.34002902,67.34149213,74.88209847,87.66020479
1178.177734,37.74280543,39.26803849,40.76725597,42.23551634,43.68246297,45.1039231,46.49969122,47.86946051,49.2129134,50.52972103,51.81954269,53.08202513,54.31680196,55.52349284,56.70170273,57.85102099,58.97102041,60.06125615,61.12126456,62.15056185,63.1486426,64.11497807,65.04901428,65.95016983,66.81783329,67.65136021,68.45006962,69.21323974,69.94010297,70.62983966,71.28157057,71.89434746,72.46714135,72.9988277,73.48816758,73.93378346,74.33412792,74.6874431,74.99170757,75.24456688,75.44324235,75.58441192,75.66405524,75.6772551,75.61794862,75.4786273,75.24999839,74.92064685,74.47678204,73.90221709,73.17879757,72.28752603,71.21055273,69.93396567,68.45096149,66.76471106,64.89029026,62.85547897,60.7008101,58.47966978,56.25941016,54.12449437,52.18292648,50.57793481,49.50848719,49.2653885,50.29509997,53.30758547,59.41155261,69.95406504
1176.474609,54.48327598,54.94244143,55.4005737,55.85811092,56.31560477,56.77328615,57.23149962,57.69061068,58.15100658,58.61309796,59.07732072,59.54413803,60.01404245,60.48755839,60.96524462,61.44769721,61.9355525,62.42949059,62.93023892,63.43857632,63.95533733,64.48141689,65.01777543,65.56544426,66.12553139,66.69922762,67.28781286,67.8926626,68.51525428,69.15717328,69.82011805,70.5059038,71.21646361,71.9538457,72.72020467,73.51778384,74.34888433,75.21581501,76.12081433,77.06593231,78.05285524,79.08264989,80.15539572,81.26966429,82.4217967,83.60492584,84.80770086,86.01271052,87.19469379,88.31879004,89.33931527,90.19978183,90.83493471,91.17523114,91.15336991,90.7115025,89.8072778,88.41732648,86.53793775,84.18380012,81.38624466,78.19247638,74.66720546,70.89836188,67.00967936,63.18559779,59.7193611,57.1033165,56.17216986,58.13424726
1174.769531,43.89628174,45.30615946,46.69563069,48.06110858,49.41025593,50.73999969,52.05036108,53.34129485,54.61275883,55.86471444,57.09712721,58.30996737,59.5032105,60.67683821,61.83083896,62.96520891,64.07995286,65.17508527,66.2506314,67.30662846,68.34312696,69.36019203,70.35790484,71.33636411,72.2956875,73.23601302,74.15750029,75.06033142,75.9447115,76.81086827,77.65905068,78.4895257,79.3025727,80.09847416,80.87750134,81.63989243,82.38582046,83.11534623,83.82835056,84.52443723,85.20279523,85.86200479,86.49976696,87.11253156,87.69499474,88.23943855,88.73489773,89.16617424,89.51279191,89.74810427,89.83892681,89.74620153,89.42718735,88.83935928,87.9455797,86.71945412,85.14956916,83.24179163,81.01972804,78.52426301,75.81348739,72.9644003,70.07789354,67.28912892,64.78700676,62.84979468,61.91017009,62.66970541,66.25767076,74.14449684
1173.064453,57.34277615,58.1973647,59.02579084,59.82305536,60.5989919,61.34951096,62.07453037,62.77387487,63.44736655,64.094825,64.71606749,65.3109092,65.87916347,66.4206421,66.93515575,67.42251433,67.8825275,68.31500527,68.71975863,69.09660029,69.4453456,69.76581348,70.05782754,70.32121732,70.55581971,70.76148042,70.93805568,71.08541402,71.2034381,71.2920266,71.351096,71.38058206,71.38044082,71.35064867,71.29120087,71.20210776,71.08338729,70.93505207,70.75708828,70.54942267,70.31187225,70.04406936,69.74535215,69.41460788,69.05005393,68.64894139,68.20717119,67.71882947,67.17568413,66.56674655,65.87808672,65.09316875,64.19398008,63.16308124,61.98638898,60.65615904,59.17350429,57.55002208,55.80859627,53.9839069,52.12345044,50.29000648,48.56670362,47.06642703,45.94866006,45.44958848,45.93612562,47.99904453,52.57586736,60.84494096
1171.359375,55.49591397,56.22254141,56.93060957,57.61671601,58.28788959,58.94133172,59.57707802,60.19510468,60.79539188,61.37792439,61.94269216,62.48969103,63.0189235,63.53039959,64.02413777,64.50016605,64.95852314,65.39925974,65.82244003,66.2281432,66.61646528,66.98752104,67.34144614,67.6783994,67.99856536,68.30215693,68.58941822,68.86062747,69.11610002,69.35619114,69.58129856,69.79186438,69.98837588,70.17136464,70.34140286,70.49909563,70.64506694,70.77993656,70.9042836,71.01859076,71.12316098,71.21799494,71.30261428,71.37581067,71.43529764,71.4772408,71.4956497,71.48163736,71.4226045,71.30149429,71.09638613,70.78081293,70.32520064,69.69962533,68.87763412,67.84037123,66.58004095,65.1020485,63.42583231,61.58504294,59.62807468,57.62007951,55.64776584,53.82885698,52.32949346,51.39580375,51.41119021,52.99640456,57.14586261,65.13707112
1169.654297,65.10528262,65.92857872,66.73612933,67.52513643,68.30151618,69.06288745,69.80925969,70.54059032,71.25683865,71.95796617,72.64393692,73.31471784,73.97027924,74.61059516,75.23564397,75.84540882,76.43987827,77.01904689,77.5829159,78.13149388,78.66479749,79.18285211,79.68569264,80.17336404,80.64592197,81.10343306,81.54597507,81.97363654,82.38651587,82.7847195,83.16835883,83.53754535,83.89238327,84.2329585,84.55932278,84.87147073,85.16930727,85.45260138,85.72092114,85.97354263,86.20932297,86.42652458,86.62257383,86.79373412,86.934671,87.0378904,87.09304413,87.08613102,86.99868758,86.80716753,86.48284283,85.99266339,85.30147556,84.37570284,83.18804286,81.72219433,79.97650214,77.96589228,75.72230646,73.2945591,70.74887215,68.1714267,65.67445999,63.40814157,61.58218873,60.50473094,60.65222706,62.79022927,68.13341444,78.21271685
1167.947266,58.36784315,59.16818241,59.95079919,60.71242071,61.45972665,62.1900064,62.90325441,63.59940543,64.27839544,64.94016193,65.58464428,66.21178409,66.82152569,67.41381651,67.9886077,68.54585462,69.08551756,69.60756235,70.11196119,70.59869344,71.06774648,71.5191167,71.95281046,72.36884511,72.76724997,73.14806734,73.51135335,73.85717858,74.18562842,74.49680282,74.79081524,75.06779041,75.32786029,75.57115748,75.7978049,76.00790027,76.20149308,76.37855095,76.53891114,76.68221117,76.80779042,76.91455174,77.00076911,77.06382374,77.09984951,77.10327028,77.06622243,76.97788401,76.82378707,76.58527958,76.23941943,75.75967744,75.11780377,74.2869675,73.24581341,71.98261081,70.49854648,68.80961633,66.9472904,64.95875701,62.9078705,60.87804433,58.97856278,57.35650909,56.21821419,55.86759409,56.77482558,59.69433353,65.81905055,76.63806287
1166.242188,60.32803694,60.3719214,60.42328349,60.48399289,60.55139331,60.62695877,60.71099065,60.80383606,60.90586013,61.0174473,61.13900264,61.27095331,61.41375015,61.56786937,61.73381436,61.91211773,62.10334337,62.30808877,62.52698744,62.76071156,63.00997468,63.27553472,63.55819694,63.85881715,64.17830486,64.5176264,64.87780799,65.2599383,65.66517051,66.09472346,66.5498812,67.03199043,67.54245472,68.08272402,68.65427756,69.25859721,69.89712741,70.57121614,71.28202922,72.03042737,72.81679163,73.64077754,74.50097313,75.39442903,76.31602512,77.25763948,78.20710085,79.14694902,80.05311517,80.89378021,81.62886169,82.21074518,82.58686047,82.70433011,82.51617293,81.98775996,81.10195613,79.86194686,78.29184337,76.43613461,74.35951921,72.14872763,69.9180661,67.82107156,66.0724312,64.98807207,65.05815361,67.07488036,72.30731675,82.38908392
1164.535156,43.43189037,44.90206602,46.3474256,47.76338015,49.15914668,50.53081036,51.87823061,53.20117425,54.49940137,55.77266505,57.02071113,58.24327794,59.44009598,60.61088764,61.75536686,62.87323874,63.96419916,65.0279343,66.06412018,67.07242201,68.05249357,69.0039764,69.92649885,70.81967494,71.68310298,72.51636384,73.31901879,74.09060675,74.8306408,75.53860367,76.21394187,76.85605799,77.46430057,78.03795071,78.57620408,79.07814702,79.54272427,79.96869542,80.35457615,80.69855851,80.99840317,81.25129403,81.45364334,81.60083354,81.68688165,81.70401597,81.64216808,81.48841169,81.22643359,80.83620354,80.29410746,79.57387398,78.64857011,77.49368385,76.090875,74.43158145,72.51962994,70.37243757,68.02106971,65.50995904,62.89731533,60.25729656,57.68516613,55.30725514,53.29898986,51.91718813,51.55802348,52.85693517,56.82050692,64.7150684
1162.828125,61.2137657,62.47016399,63.69527186,64.88293126,66.04483592,67.17596393,68.27609594,69.34489236,70.38200261,71.38706469,72.35970462,73.29953602,74.20615946,75.07916198,75.91811637,76.7225806,77.49209705,78.22619176,78.92437361,79.58613344,80.21094301,80.79825397,81.34749661,81.8580785,82.32938294,82.7607672,83.15156037,83.50106093,83.80853376,84.07320657,84.29426537,84.47084897,84.60204186,84.68686515,84.72426487,84.71309663,84.65210533,84.53989847,84.37491037,84.15535458,83.87916035,83.54388825,83.14661919,82.68381072,82.15111626,81.54316771,80.85333461,80.07349635,79.19390496,78.20327323,77.0892851,75.83975349,74.44458354,72.89848735,71.20408206,69.37476696,67.43683911,65.43072035,63.41172593,61.4512317,59.63931462,58.09011806,56.95163179,56.42265206,56.78195127,58.43904027,62.02312223,68.53158565,79.50992197,96.79323485
1161.119141,64.5823753,65.74504302,66.87529361,67.96685189,69.03195753,70.06555826,71.06758069,72.03783783,72.97614121,73.88230127,74.75612771,75.59742996,76.4060177,77.18170148,77.92429338,78.63360784,79.30946255,79.95167948,80.56008609,81.13451665,81.67481379,82.18083016,82.65243045,83.08949348,83.49191469,83.85960876,84.19251257,84.4905884,84.7538273,84.98225264,85.17592366,85.3349388,85.45943861,85.54960755,85.60567413,85.62790817,85.6166136,85.57211436,85.49472999,85.38473598,85.24230184,85.06739721,84.85965313,84.61816187,84.34119575,84.02582548,83.6674261,83.25908111,82.79094426,82.24970195,81.6183935,80.87695176,80.00383296,78.97890525,77.78734072,76.42379256,74.89597488,73.22710068,71.4573157,69.64491867,67.8685544,66.23180336,64.87199519,63.97607749,63.80858538,64.76116048,67.44067594,72.81942222,82.42745694,98.14728736
1159.412109,42.5655148,43.76830473,44.95661596,46.1280899,47.28821388,48.43492469,49.56834174,50.68854463,51.79562171,52.88967091,53.97080069,55.03913101,56.09479447,57.13793752,58.16872176,59.18732543,60.19394497,61.18879675,62.17211895,63.14417359,64.10524873,65.05566082,65.99575716,66.9259186,67.8465622,68.75814402,69.6611618,70.55615752,71.44371952,72.32448397,73.19913525,74.06840464,74.93306645,75.79393045,76.65182867,77.50759443,78.36202973,79.21585645,80.06964426,80.92370565,81.77794485,82.63164267,83.48315342,84.32948403,85.16572034,85.98426549,86.77386775,87.51845226,88.19585034,88.77665464,89.22361138,89.49212537,89.53245856,89.2938751,88.73029853,87.80629359,86.50189427,84.81528414,82.76333722,80.38094661,77.72051691,74.85306596,71.87245696,68.90481253,66.12666056,63.79862759,62.32762481,62.3777413,65.02863033,71.71664502
1157.703125,50.66694954,51.92921516,53.16387497,54.36578401,55.54548228,56.69884769,57.82599124,58.9269395,60.00172881,61.05040654,62.07303229,63.06967942,64.04043661,64.98540965,65.90472345,66.79852427,67.66698216,68.51029375,69.32868532,70.12241625,70.89178279,71.63712239,72.35881838,73.05730521,73.73307429,74.38668036,75.01874852,75.62998184,76.22116957,76.79319592,77.34704906,77.88383029,78.40476277,78.91119911,79.40462674,79.88666921,80.35908107,80.82373228,81.28257682,81.73759715,82.19071321,82.64363939,83.09766729,83.55334464,84.01001383,84.46516955,84.91360119,85.34631331,85.74928439,86.10224831,86.37786407,86.54182647,86.55453222,86.37467386,85.96452113,85.29590051,84.35550187,83.14848914,81.70030999,80.05754383,78.28920313,76.49015763,74.78867014,73.36093163,72.45763394,72.45208225,73.92741231,77.82876225,85.66983658,99.38836788
1155.994141,41.8650023,43.16554473,44.43943993,45.68177155,46.902644,48.09803848,49.26801021,50.41252946,51.53157264,52.62512314,53.69317233,54.73572057,55.75277843,56.74436801,57.71052445,58.65129757,59.56675372,60.45697787,61.3220759,62.16217722,62.9774376,63.76804243,64.53421021,65.27619654,65.99429848,66.68885929,67.36027368,68.00899343,68.63553345,69.24047801,69.82448725,70.38830342,70.93275655,71.45876891,71.9673571,72.45963035,72.93678267,73.4000755,73.85080593,74.29025338,74.71959467,75.13977314,75.55130252,75.95397974,76.34647537,76.72576647,77.08638264,77.41945964,77.71165314,77.94407162,78.09154294,78.12268851,78.00132897,77.68953348,77.15209475,76.36156644,75.30267226,73.97519422,72.39523003,70.59550618,68.62589964,66.5554943,64.47769253,62.52053041,60.86592559,59.78493793,59.70230851,61.31047607,65.72902091,74.42337263
1154.285156,67.25723074,68.51814356,69.75839264,70.97412284,72.17294805,73.35154022,74.5097102,75.64718632,76.76368649,77.85891753,78.93257451,79.98433999,81.01388318,82.020859,83.00490709,83.96565061,84.902695,85.81562648,86.70401042,87.56738946,88.40528131,89.21717631,90.00253446,90.76078204,91.49130762,92.19345725,92.86652883,93.50976517,94.12234576,94.70337652,95.2518773,95.76676632,96.24684077,96.6907523,97.09697605,97.46377113,97.78912996,98.0707129,98.30576385,98.49100071,98.62247342,98.69538051,98.70383387,98.64056122,98.49653901,98.2605575,97.91874078,97.45408376,96.84613301,96.07102743,95.10220483,93.91210979,92.47511198,90.7714942,88.79187685,86.54109705,84.0406837,81.32970802,78.46459668,75.51904812,72.58537306,69.77862154,67.24514652,65.17819462,63.84524284,63.63597696,65.14683253,69.32310999,77.63457227,91.84993711
1152.576172,74.33767383,74.49344117,74.65856139,74.83527569,75.02015163,75.21489831,75.41975567,75.63501108,75.86096564,76.09793504,76.3462504,76.60625928,76.87832663,77.16283589,77.46019006,77.77081291,78.09515014,78.43367063,78.78686773,79.15526047,79.5393948,79.93984473,80.35721337,80.79213362,81.24526874,81.71731224,82.20898716,82.72104439,83.25425961,83.8094283,84.38735826,84.98885849,85.6147232,86.26570926,86.94250435,87.64568277,88.37564405,89.13252823,89.9160992,90.72558454,91.55945657,92.41513454,93.28858281,94.17377522,95.0619943,95.94094059,96.79365093,97.59727928,98.3218964,98.92962417,99.3746143,99.60452024,99.56402568,99.20051552,98.47114187,97.34975723,95.83205947,93.93807102,91.71233305,89.22321728,86.56318365,83.85186063,81.24401761,78.9454043,77.24172182,76.55070826,77.51562768,81.16603349,89.12820063,103.4327462
1150.867188,55.03428128,56.50365889,57.9569703,59.39117431,60.81200011,62.21667575,63.60485318,64.9761058,66.32998581,67.66602257,68.98372085,70.28255887,71.56198618,72.82142128,74.06024893,75.2778172,76.47343418,77.64636423,78.79582379,79.92097669,81.0209287,82.09472148,83.14132558,84.15963239,85.14844495,86.10646725,87.0322918,87.92438512,88.78107073,89.60050908,90.38067375,91.11932311,91.8139664,92.46182294,93.05977281,93.60429701,94.09140463,94.51654383,94.87449326,95.15922929,95.36376492,95.47995573,95.4982703,95.40752629,95.19460229,94.84415177,94.33837415,93.65694242,92.77724764,91.67518577,90.32674653,88.71060149,86.81165983,84.62516312,82.16048915,79.44373203,76.51853769,73.44545736,70.30080017,67.17628243,64.18073403,61.44506968,59.1320442,57.45333997,56.69875263,57.28643082,59.84980857,65.38010102,75.39016782,91.62256259
1149.15625,38.61202775,39.60620757,40.59039065,41.5630672,42.52809908,43.48417157,44.43147301,45.37017161,46.30044831,47.22249784,48.13653,49.04277089,49.94146441,50.83287383,51.71728347,52.59500066,53.46635771,54.33171426,55.19145965,56.04601565,56.8958393,57.74142609,58.58331327,59.42208348,60.2583685,61.09285322,61.92627966,62.75945099,63.59323531,64.42856898,65.26645909,66.10798446,66.9542944,67.806604,68.66618421,69.53434435,70.4124034,71.30164533,72.20325123,73.11819863,74.04711416,74.99006123,75.9462377,76.91355238,77.88804295,78.86309727,79.82845126,80.76897328,81.66332439,82.48272207,83.19022467,83.74113107,84.08510807,84.17033776,83.94927948,83.38485751,82.45555891,81.15839192,79.50967051,77.54454403,75.31667702,72.89958238,70.39121295,67.92398726,65.68400547,63.94663938,63.14208513,63.97192794,67.57448501,75.45530203
1147.445312,43.26619556,45.12106299,46.93241949,48.6920066,50.41624372,52.09840959,53.73844947,55.33615988,56.89133831,58.40378394,59.87329846,61.29968698,62.68275913,64.02233025,65.3182228,66.57026791,67.77830724,68.94219499,70.06180026,71.13700973,72.16773067,73.15389442,74.09546025,74.99241987,75.84480241,76.65268008,77.41617456,78.13546416,78.81079174,79.44247349,80.0309085,80.57658903,81.08011129,81.54218626,81.96364998,82.34547221,82.68876165,82.99476522,83.26485735,83.50051319,83.70325712,83.87457366,84.01576289,84.12771606,84.21058003,84.26327402,84.28282366,84.26349521,84.19576131,84.06522617,83.85178586,83.52946403,83.06744175,82.43264201,81.59375848,80.52599901,79.21544714,77.66215535,75.88178362,73.90636681,71.78528952,69.58777922,67.40848262,65.37838017,63.68495874,62.60906756,62.5923562,64.35649022,69.07023001,78.2663196
1145.734375,49.34200946,50.66672226,51.96796789,53.24105698,54.49461358,55.72471496,56.93103101,58.11312951,59.27055923,60.40284861,61.50950444,62.59001032,63.64382504,64.67038077,65.66908106,66.63929868,67.58037311,68.49160792,69.37226773,70.22157483,71.03870544,71.82278547,72.57288567,73.2880163,73.96712084,74.60906899,75.21264851,75.77655585,76.2993853,76.77961627,77.21559848,77.60553449,77.94745903,78.23921439,78.47842113,78.66244284,78.78834384,78.8528382,78.85222833,78.78233119,78.63839034,78.4149726,78.10584951,77.70386746,77.2008166,76.58732079,75.85279019,74.98550825,73.97296375,72.80257856,71.46299768,69.94605643,68.24937851,66.37929333,64.35351041,62.2029565,59.97250073,57.72085238,55.52041604,53.45812017,51.6382598,50.18847607,49.27043978,49.09794185,49.96741375,52.31022782,56.78298169,64.41504734,76.7766305,95.66411155
1144.023438,49.91279314,52.25327869,54.54226091,56.77001567,58.95584368,61.09169293,63.17738322,65.21255037,67.19682391,69.12982725,71.011178,72.84048831,74.61736531,76.34141162,78.01222599,79.62940403,81.19253912,82.70122339,84.15504898,85.55360943,86.89650133,88.18332615,89.41369246,90.58721838,91.70353437,92.76228642,93.76313956,94.7057818,95.58992837,96.41532631,97.18175915,97.88905167,98.53707417,99.12574587,99.65503654,100.124965,100.5355928,100.8870095,101.1793067,101.4125325,101.5866195,101.7012729,101.7558006,101.7488633,101.678116,101.5397081,101.3276166,101.0328049,100.6422577,100.138034,99.49662925,98.68908139,97.68230287,96.44192435,94.93644281,93.14186812,91.04575962,88.64982793,85.97101126,83.04168153,79.91007053,76.64216783,73.32652894,70.08403782,67.08619341,64.58874115,62.9935482,62.95881511,65.55638303,72.21329908
1142.3125,70.97671823,71.55866572,72.12384289,72.66912354,73.20089863,73.71665173,74.21643628,74.70025313,75.16810805,75.62001229,76.05598328,76.47604532,76.88023042,77.26857914,77.64114162,77.99797861,78.3391627,78.66477961,78.97492965,79.26972927,79.54931279,79.8138343,80.06346963,80.29841854,80.51890704,80.72518973,80.91755229,81.09631388,81.2618294,81.41449145,81.55473165,81.683021,81.79986866,81.90581835,82.0014412,82.08732336,82.164046,82.23215422,82.2921103,82.34422438,82.38855355,82.42475691,82.45189018,82.4681197,82.47033257,82.45362088,82.41062935,82.33078499,82.19948936,81.99745542,81.70050601,81.280267,80.70617717,79.94897582,78.98530742,77.80253789,76.40270839,74.80498095,73.04674024,71.18425327,69.29418836,67.47747523,65.8673086,64.64401176,64.06157774,64.49494247,66.52442494,71.08021798,79.6292866,93.98847507
1140.599609,45.82925215,47.35031952,48.83286629,50.26948677,51.67490249,53.04328492,54.37473612,55.66923655,56.92677721,58.14736107,59.33100469,60.47773995,61.5876161,62.66070198,63.69708851,64.69689157,65.66025514,66.58735486,67.47840211,68.33364846,69.15339083,69.93797721,70.68781315,71.40336903,72.08518827,72.7338966,73.35021235,73.93495812,74.48907363,75.0136301,75.50984599,75.9791042,76.42297036,76.84321213,77.24181846,77.62101795,77.98329416,78.33139487,78.66833075,78.99735602,79.32192086,79.64557982,79.97183454,80.30388057,80.64421948,80.99409001,81.3526732,81.71604661,82.07592114,82.41831164,82.72247592,82.96066593,83.09934448,83.1023448,82.93588522,82.57459038,82.00720139,81.24089456,80.30398563,79.24776987,78.14892045,77.11424982,76.29010641,75.87979184,76.17491065,77.61173263,80.87288335,87.06375797,97.94867925,115.7627534
1138.886719,67.2666068,68.6227881,69.94700233,71.23313423,72.49333455,73.72271939,74.92131597,76.08904626,77.22583712,78.33162108,79.40633726,80.44993245,81.4623622,82.44359218,83.39359959,84.3123748,85.19992316,86.05626703,86.88144807,87.67552975,88.43860016,89.17077521,89.87220204,90.5430629,91.18357939,91.79401705,92.37469041,92.92596836,93.44827978,93.94211937,94.40805344,94.8467253,95.25885975,95.64526584,96.00683682,96.34454544,96.65943199,96.95258148,97.2250845,97.47797398,97.71212721,97.92811793,98.12599851,98.30498637,98.46302404,98.59618155,98.6978803,98.75795007,98.76160192,98.68852337,98.51247253,98.20190792,97.7222088,97.03975597,96.12752025,94.97111322,93.57398594,91.96092443,90.17996752,88.30381457,86.4323529,84.69823759,83.27794539,82.41199065,82.44084001,83.86877958,87.4779429,94.52338663,106.9853033,127.3143519
1137.175781,46.18782991,47.29650221,48.39072015,49.46762021,50.53253255,51.58306467,52.61903585,53.64020369,54.64631532,55.63710666,56.61230167,57.57161146,58.51473335,59.44134982,60.35112729,61.24371482,62.11874263,62.97582042,63.81453546,64.63445046,65.4351011,66.21599319,66.97659939,67.71635548,68.43465586,69.13084841,69.80422834,70.45403089,71.07942259,71.67949083,72.25323108,72.79953141,73.31715348,73.80470902,74.26063069,74.68313557,75.07017947,75.4193992,75.72803975,75.99286213,76.21002706,76.37494914,76.48211596,76.52486867,76.4951451,76.38319769,76.1773195,75.86364805,75.42617144,74.84712969,74.10806184,73.19174037,72.08508717,70.78284553,69.29139248,67.63187288,65.84206445,63.97701134,62.10915882,60.32915143,58.74859377,57.50618182,56.77906967,56.80255756,57.90376319,60.55983399,65.49918565,73.86858326,87.42894584,108.2278448
1135.460938,56.95618209,56.99876393,57.06402352,57.15673316,57.26810812,57.40163543,57.55725639,57.73498333,57.93482161,58.1567685,58.40081201,58.66692945,58.95508586,59.26523216,59.59730306,59.95121466,60.32686161,60.72411388,61.14281306,61.58276793,62.04374942,62.5254846,63.02764974,63.54986205,64.09166994,64.65254147,65.23185065,65.82886093,66.44270555,67.07236375,67.71663201,68.37408908,69.0430533,69.72153032,70.40714867,71.09708021,71.78794157,72.4756716,73.15537897,73.82115263,74.4658267,75.08069089,75.65513781,76.17624235,76.62827675,76.99218352,77.24506188,77.35977849,77.30489235,77.0451746,76.5430655,75.76136152,74.66716771,73.23666418,71.45969692,69.34298714,66.91115358,64.20563476,61.28246123,58.21021342,55.06940065,51.95425389,48.97792223,46.2825879,44.05735751,42.56940606,42.21805694,43.62360777,47.72999092,55.629407
1133.748047,55.1666313,56.82051214,58.43868708,60.01428985,61.5605659,63.07176459,64.54758975,65.98760532,67.39135975,68.75838519,70.08819671,71.3802914,72.63414738,73.84922285,75.02495491,76.16075841,77.25602463,78.31011986,79.32238386,80.29212814,81.21863409,82.10115088,82.93889316,83.73103837,84.47672383,85.17504335,85.8250433,86.42571813,86.97600502,87.47477767,87.92083872,88.31291073,88.64962503,88.92950803,89.1509641,89.31225392,89.41146708,89.44648676,89.4149443,89.31416018,89.14106741,88.89211217,88.56312583,88.14916242,87.64429721,87.04138784,86.33181156,85.50521646,84.54936439,83.45019896,82.19232984,80.76014619,79.13969716,77.32126122,75.30221524,73.08958892,70.70176252,68.16917237,65.53441526,62.85251991,60.19230106,57.63978556,55.30496328,53.33386761,51.92964569,51.38951648,52.16999432,54.99691798,61.0028747,71.56130714
1132.033203,54.05192251,54.87578238,55.68735629,56.48474781,57.27274002,58.04973364,58.81598484,59.57172683,60.31721019,61.05270434,61.77849923,62.49490714,63.20226468,63.90093501,64.59131027,65.27381417,65.948905,66.61707875,67.27887273,67.93486936,68.58570045,69.23205185,69.87466849,70.51435989,71.15200611,71.78856413,72.42507465,73.0626692,73.70257741,74.34613432,74.99478726,75.65010185,76.31376629,76.98759273,77.67351408,78.3735736,79.08990364,79.82468825,80.58010193,81.35821377,82.16084151,82.98933454,83.84425685,84.72493286,85.62881021,86.55059023,87.48108501,88.4057962,89.30329447,90.14363107,90.88723216,91.4849469,91.87998043,92.01213011,91.82398417,91.26783109,90.31157193,88.94234991,87.16769648,85.01507223,82.53126713,79.78325533,76.86217891,73.89265982,71.05118064,68.60071426,66.95538771,66.79738812,69.24889875,75.83601199
1130.320312,57.43263279,59.5826237,61.69401115,63.7595237,65.79339858,67.78940675,69.74719261,71.66624702,73.54604166,75.386028,77.18563609,78.9442734,80.6613234,82.33614414,83.96806668,85.55639324,87.1003954,88.59931186,90.05234618,91.45866408,92.81739057,94.1276066,95.38834538,96.59858809,97.75725904,98.86322004,99.91526392,100.9121069,101.8523794,102.7346156,103.5572404,104.3185538,105.0167119,105.6497033,106.2153198,106.7111198,107.1343821,107.4820469,107.7506401,107.936177,108.0340376,108.0388069,107.9440713,107.7421622,107.4238407,106.977926,106.3908864,105.6464489,104.7253346,103.6053091,102.2618108,100.6694438,98.8045117,96.6484593,94.19165891,91.43667457,88.40024586,85.11379196,81.62293851,77.98704144,74.27981713,70.59218604,67.03862482,63.76903522,60.9898044,59.00105307,58.26278332,59.50741827,63.88367544,72.80756297
1128.605469,61.93384648,62.43321112,62.91952739,63.39031695,63.85043946,64.29782042,64.73237709,65.15397703,65.56248357,65.95775564,66.3396475,66.70800854,67.06268299,67.40350961,67.73032139,68.04294518,68.34120121,68.62490266,68.8938551,69.1478558,69.38669299,69.61014497,69.81797898,70.00994996,70.18579891,70.345251,70.48801312,70.61377094,70.72218517,70.81288679,70.88547109,70.93948999,70.97444206,70.98975979,70.98479278,70.9587859,70.91085048,70.8399263,70.74473129,70.62369491,70.4748699,70.29581593,70.08344738,69.83383682,69.54196723,69.20143114,68.80408791,68.33971633,67.79574365,67.1571958,66.40708163,65.52745723,64.50134553,63.31545876,61.96332824,60.44818012,58.78494177,57.00117873,55.13732668,53.24700035,51.3983338,49.67738391,48.1948845,47.09838266,46.59343709,46.98078303,48.72178314,52.54834437,59.59828231,71.23723132
1126.890625,67.19887748,68.89590866,70.56899305,72.21385613,73.83922946,75.44125436,77.01968155,78.5741645,80.10434261,81.60984031,83.09026602,84.54521115,85.97424881,87.37693256,88.75279485,90.10134544,91.42206949,92.71442549,93.97784288,95.21171938,96.41541784,97.58826274,98.72953604,99.83847239,100.9142535,101.9560015,102.962771,103.9335397,104.8671971,105.7625305,106.6182081,107.4327584,108.2045443,108.9317309,109.6122449,110.2437233,110.8234485,111.3482637,111.8144666,112.2176698,112.5526225,112.8129799,112.9910093,113.0772181,113.0598945,112.9245613,112.6533658,112.224475,111.6116175,110.7840169,109.7070651,108.3441158,106.6596382,104.6235679,102.2161253,99.43196357,96.28262812,92.79701526,89.02040588,85.01324045,80.85093722,76.62597752,72.45357619,68.48289203,64.91734252,62.05086207,60.3326502,60.47802453,63.61238703,71.13819029
1125.173828,34.98322272,35.93731203,36.87374482,37.78918486,38.69041056,39.57479832,40.44244006,41.29337486,42.12764935,42.94531853,43.74644675,44.53110871,45.29939058,46.0513913,46.78722396,47.50701738,48.2109178,48.89909082,49.57172354,50.22902689,50.87123824,51.49862431,52.1114843,52.71015346,53.29500685,53.86646357,54.42499122,54.97111076,55.50540156,56.02850667,56.541138,57.04408126,57.5382002,58.02443944,58.50382502,58.97746122,59.44652152,59.91223074,60.37583391,60.83854569,61.30147151,61.76548817,62.23106761,62.69802271,63.16514971,63.62974131,64.08695177,64.52902067,64.94441786,65.31706979,65.62596386,65.8455576,65.94743966,65.90347082,65.69014308,65.2933399,64.71245191,63.96314909,63.07886973,62.11182649,61.13477185,60.24499188,59.57234774,59.29410788,59.66141454,61.04646457,64.02689032,69.53038937,79.02255292,94.32172847
1123.458984,39.20961509,39.82338621,40.45116169,41.09577738,41.7518108,42.42136996,43.10438333,43.80082001,44.51064228,45.23380467,45.97025295,46.71992295,47.48273915,48.25861322,49.04744218,49.84910638,50.66346713,51.490364,52.32961162,53.180996,54.04427026,54.91914954,55.80530511,56.70235736,57.6098675,58.52732773,59.45414949,60.38964929,61.33303179,62.28336922,63.23957638,64.20038022,65.16428239,66.12951324,67.0939749,68.05517047,69.01011601,69.95523046,70.88619798,71.79779591,72.68368034,73.53612071,74.3456755,75.10080454,75.78742228,76.38841502,76.8831796,77.24729796,77.45254487,77.46752338,77.25929301,76.79631454,76.05277923,75.01389011,73.68109681,72.07604404,70.24240445,68.24571984,66.17234023,64.12905314,62.24502842,60.67765875,59.62423553,59.34262477,60.18679407,62.66814673,67.56177506,76.08063787,90.07550079,111.6720983
1121.742188,51.67085755,51.65908041,51.66218364,51.68294336,51.71548925,51.76187387,51.82184559,51.89518365,51.98164898,52.08098237,52.19290242,52.31710328,52.45325208,52.60098611,52.75990953,52.92958982,53.10955363,53.29928217,53.49820593,53.70569869,53.92107071,54.1435609,54.37232783,54.60643947,54.84486125,55.08644228,55.32989944,55.57379867,55.81653334,56.05629873,56.29106212,56.51852763,56.73609453,56.94080804,57.12930098,57.2977245,57.44166616,57.55605284,57.6350368,57.67186276,57.65871538,57.58654865,57.44490294,57.22172348,56.90320718,56.47372636,55.91590952,55.21100146,54.33967059,53.28345826,52.02703153,50.56124944,48.88675536,47.01743616,44.98286739,42.82905551,40.61744173,38.42292542,36.33214704,34.44326901,32.86823953,31.73840871,31.21469829,31.50454432,32.88987954,35.7740727,40.76105634,48.77997401,61.21080622,79.53042739
1120.025391,76.59688216,77.38971746,78.15725681,78.89479353,79.6119561,80.30494457,80.97383391,81.61861983,82.23930527,82.83590135,83.40842838,83.95691701,84.48140946,84.98196103,85.45864158,85.91153734,86.34075286,86.7464132,87.12866633,87.48768589,87.82367414,88.13686534,88.42752942,88.69597608,88.94255929,89.16768216,89.37180235,89.55543777,89.71917269,89.86366408,89.98964799,90.09794571,90.18946916,90.26522486,90.3263153,90.37393614,90.40936666,90.43395012,90.44905866,90.45603536,90.45610303,90.45022473,90.43889639,90.42184493,90.39760052,90.36290809,90.31195102,90.23538628,90.11925335,89.94393218,89.68348768,89.3058999,88.77472033,88.05245867,87.10543958,85.90920104,84.45319058,82.743865,80.80614756,78.68404443,76.44172082,74.16654703,71.97590057,70.0303195,68.55754608,67.89603148,68.57374176,71.44552985,77.87923499,89.62459493
1118.308594,51.48289841,53.21630933,54.91962893,56.58730476,58.23056679,59.84471947,61.42964842,62.98513091,64.51093966,66.00684285,67.47260413,68.90798265,70.31273311,71.68660587,73.02934695,74.34069824,75.62039753,76.86817867,78.08377175,79.26690319,80.41729589,81.53466937,82.61873976,83.66921984,84.68581884,85.66824209,86.61619031,87.52935854,88.40743437,89.25009532,90.0570049,90.82780691,91.56211726,92.25951226,92.91951199,93.54155686,94.12497458,94.66893388,95.17237958,95.63394217,96.05181186,96.42356459,96.74592325,97.01443413,97.22303677,97.36350808,97.42477554,97.3921285,97.24642235,96.9634773,96.51400745,95.86452069,94.97959187,93.82560896,92.37553481,90.61368002,88.53935802,86.16879021,83.53548275,80.69002267,77.7005767,74.65545964,71.66933315,68.89532018,66.54709865,64.93870376,64.5563147,66.18276418,71.06438454,80.78503004
1116.591797,59.0726115,59.60908221,60.14192912,60.67064998,61.196644,61.71944874,62.23914125,62.75579135,63.2694737,63.78026817,64.28826022,64.79354128,65.29620921,65.79636872,66.29413181,66.7896183,67.28295626,67.77428254,68.2637432,68.75149401,69.23770079,69.72253973,70.2061976,70.6888717,71.17076962,71.65210856,72.13311418,72.61401869,73.09505796,73.57646732,74.05847543,74.54129575,75.0251145,75.510074,75.99624968,76.48361839,76.97201493,77.4610725,77.95014114,78.43817654,78.92358869,79.40403711,79.87615592,80.3351896,80.77451986,81.18507029,81.55459375,81.86688874,82.10106558,82.23109749,82.22602596,82.05127922,81.67148498,81.05480032,80.17818169,79.03248246,77.62622358,75.9874947,74.16438331,72.22507905,70.25912855,68.38141483,66.74072597,65.535733,65.04342269,65.66948162,68.03775999,73.14205799,82.53810811,98.12399478
1114.873047,59.83063191,60.78564276,61.73134479,62.66614528,63.59336506,64.51146537,65.42029529,66.31966191,67.20936308,68.08918667,68.95890978,69.81829786,70.66710366,71.50506621,72.33190946,73.14734091,73.95104997,74.74270612,75.52195681,76.28842498,77.04170627,77.78136578,78.50693419,79.21790333,79.91372085,80.59378398,81.25743204,81.9039374,82.53249469,83.1422076,83.73207275,84.30095991,84.84758747,85.37049197,85.86798988,86.33812962,86.77863071,87.18680661,87.55946634,87.89278887,88.18216299,88.42198371,88.60539571,88.72397507,88.76734453,88.72272901,88.57448074,88.30364551,87.88770714,87.30073357,86.51422814,85.49899902,84.22820684,82.68138039,80.84870479,78.73458144,76.35964256,73.76107759,70.99191785,68.1204161,65.23076014,62.42632334,59.83684753,57.63173271,56.0434176,55.40839014,56.23931127,59.34587628,65.98286484,77.65258674
1113.15625,38.05116405,39.07349237,40.08507755,41.0840959,42.07454564,43.05480198,44.02485856,44.98467261,45.93420167,46.87340369,47.80223714,48.72066115,49.6286356,50.52612126,51.4130799,52.28947443,53.15526895,54.01042887,54.85492093,55.68871319,56.51177496,57.32407661,58.12558922,58.9162841,59.69613194,60.46510169,61.2231589,61.9702634,62.70636609,63.43140453,64.14529686,64.84793357,65.53916619,66.21879207,66.8865335,67.54200944,68.18469709,68.8138795,69.42857436,70.02743725,70.60863021,71.16964431,71.70706159,72.21623936,72.69089966,73.12261088,73.50016406,73.80888012,74.0299475,74.13998574,74.11114619,73.91213923,73.51051595,72.87623216,71.98601253,70.82756836,69.40267089,67.7285828,65.83813494,63.77935983,61.61585036,59.42905015,57.32383593,55.43938886,53.96891699,53.19499188,53.55288625,55.73943029,60.85548882,70.27650365
1111.4375,63.13313692,64.01698159,64.88435593,65.73209095,66.56630298,67.38434153,68.18607221,68.9712957,69.73980541,70.49138707,71.22581827,71.94286798,72.64229598,73.32385224,73.98727626,74.63229631,75.25862855,75.86597606,76.45402775,77.02245708,77.57092057,78.09905614,78.60648106,79.09278962,79.55755033,80.00030253,80.4205524,80.81776799,81.1913732,81.54074037,81.865181,82.16393417,82.43615198,82.68088096,82.89703844,83.08338209,83.23847063,83.36061285,83.44780123,83.49762547,83.50715985,83.47281703,83.39016012,83.25366447,83.0564239,82.7898035,82.44305974,82.00298186,81.45366444,80.77659701,79.95133361,78.95703061,77.77503287,76.39239024,74.80576759,73.02491814,71.07500374,68.99760426,66.8509653,64.71053087,62.6709992,60.85124294,59.40380427,58.53171093,58.51761203,59.77459106,62.93523863,69.00029349,79.51849459,96.32735993
1109.71875,66.98030365,68.01526792,69.02944561,70.01922752,70.99242291,71.9459229,72.87976676,73.79392745,74.68838223,75.56311329,76.41810834,77.25336141,78.06887357,78.86465385,79.64072019,80.39710052,81.13383392,81.85097192,82.54857988,83.22673856,83.88554575,84.52511805,85.14559281,85.74713009,86.32991477,86.89415863,87.44010239,87.9680176,88.47820816,88.97101122,89.44679723,89.90596836,90.34895476,90.77620756,91.18818696,91.58534337,91.96808846,92.33675185,92.69151724,93.03232951,93.35876104,93.66982101,93.96368681,94.23733039,94.48600824,94.70258326,94.87665742,94.99352694,95.03304196,94.96857276,94.76644809,94.38637995,93.78339539,92.91150565,91.72872849,90.20240288,88.31346869,86.0588108,83.45166033,80.52086585,77.31024547,73.87928225,70.30647059,66.69705397,63.1981605,60.02713967,57.52423093,56.24735044,57.11032535,61.3501587
1107.998047,36.84617514,38.83310586,40.79213668,42.71823235,44.62165994,46.49798526,48.3469953,50.16836937,51.96177561,53.72687036,55.46329759,57.17068814,58.84865904,60.49681269,62.11473591,63.701999,65.25815463,66.78273658,68.27525837,69.73521166,71.16206447,72.55525912,73.91420979,75.23829972,76.52687792,77.77925519,78.99469941,80.1724298,81.31160988,82.41133887,83.47064092,84.48845161,85.46360091,86.39479141,87.28057039,88.11929365,88.90907843,89.64774175,90.33271936,90.96095869,91.52877755,92.03167764,92.46409991,92.81910679,93.08797721,93.25970593,93.32041539,93.25272324,93.03517014,92.64190456,92.04292455,91.20523649,90.09520709,88.68207216,86.94206763,84.86222691,82.44288782,79.6984783,76.65690889,73.358459,69.85521956,66.21210302,62.51046538,58.8558153,55.39226165,52.32883671,49.98735551,48.88633752,49.85666079,53.97798433
1106.279297,50.92054578,52.01708,53.08887375,54.13121322,55.15343344,56.15170267,57.12598091,58.07614257,59.00206187,59.90361319,60.78067139,61.63311222,62.46081281,63.26365219,64.04151187,64.79427652,65.52183472,66.22407984,66.90091093,67.55223387,68.17796247,68.77801984,69.35233981,69.90086847,70.42356595,70.92040812,71.39138857,71.83652048,72.2558385,72.64940043,73.01728854,73.3596102,73.67649746,73.96810489,74.23460481,74.4761787,74.69300269,74.8852248,75.05292986,75.19608701,75.3144723,75.40755655,75.47434513,75.51315329,75.52129808,75.49468892,75.42730774,75.31059406,75.13280108,74.87847325,74.52830764,74.05975924,73.44874252,72.67256625,71.7138052,70.56435882,69.22880667,67.72653033,66.09275467,64.37928713,62.65608398,61.01494809,59.5769772,58.50623266,58.03402442,58.50207076,60.439507,64.69454863,72.60451908,85.82404636
1104.558594,45.83294054,46.63751998,47.43097216,48.21153133,48.98343235,49.74512346,50.49672763,51.23833943,51.97006215,52.69200856,53.40430181,54.10707638,54.80047916,55.48467055,56.15982579,56.82613628,57.48381112,58.13307877,58.7741888,59.40741388,60.03305185,60.65142804,61.26289761,61.86784821,62.46670259,63.05992144,63.64800609,64.23150122,64.81099729,65.38713242,65.96059347,66.53211579,67.10248088,67.67251096,68.24305901,68.81499215,69.38916538,69.96638158,70.5473317,71.13250695,71.7220716,72.31568058,72.91222142,73.50945412,74.10351809,74.6882745,75.25446249,75.78867834,76.27225389,76.68022595,76.98074653,77.13542994,77.10114414,76.83348164,76.29155864,75.4431371,74.26879662,72.76427762,70.94096673,68.82528385,66.45812084,63.89553918,61.21198071,58.50765659,55.92298005,53.66555653,52.0602696,51.63917888,53.27176059,58.12764013
1102.837891,58.99755843,59.88189554,60.74281558,61.57593474,62.39005446,63.18154981,63.95037369,64.69639756,65.41949213,66.11952756,66.7963738,67.44990085,68.07997918,68.68648016,69.26927648,69.82824274,70.36325609,70.87419683,71.36094928,71.82340259,72.26145171,72.67499845,73.06395264,73.42823341,73.7677705,74.08250571,74.37239433,74.6374066,74.87752905,75.09276557,75.28313812,75.44868669,75.58946812,75.70555326,75.79702144,75.86395118,75.90640517,75.92440711,75.91790673,75.88672785,75.83049255,75.74851163,75.63962883,75.50200257,75.33280659,75.12783116,74.88097395,74.58363166,74.22404922,73.78676146,73.25236665,72.59796462,71.79859135,70.82978822,69.67104517,68.3094282,66.74255189,64.98036551,63.04583198,60.97514067,58.81839465,56.64182516,54.53277243,52.60925741,51.03736936,50.06257574,50.06620966,51.66347904,55.83485681,63.82645557
1101.117188,47.62614339,49.39118633,51.12616325,52.82539456,54.49995864,56.14498814,57.76019051,59.34515243,60.89944455,62.42262064,63.91421657,65.37374921,66.80071526,68.19458996,69.55482568,70.88085037,72.17206582,73.42784578,74.64753385,75.83044109,76.97584338,78.08297842,79.15104233,80.17918577,81.16650946,82.11205904,83.01481905,83.87370588,84.68755945,85.45513329,86.17508259,86.84594984,87.46614716,88.03393469,88.54739367,89.00439294,89.40254662,89.73916067,90.01116481,90.21502562,90.34663559,90.40117163,90.37291619,90.25503431,90.03930287,89.71579624,89.27254944,88.69525054,87.96706403,87.06875297,85.97933147,84.67749214,83.14394369,81.36451585,79.33351387,77.05655786,74.5522677,71.85266786,69.00280756,66.06049658,63.09716795,60.20088787,57.48273688,55.08849323,53.21915814,52.16703054,52.37940349,54.5660516,59.83362057,69.52549461
1099.396484,47.70131343,48.85706913,49.99882427,51.12405052,52.23792053,53.33822382,54.42486976,55.49771436,56.55660883,57.6013993,58.63192655,59.64802568,60.6495257,61.63624917,62.60801166,63.56462124,64.50587786,65.43157257,66.34148672,67.2353909,68.11304378,68.97419064,69.81856167,70.64586988,71.45580848,72.24804782,73.0222314,73.77797109,74.51484097,75.23236967,75.93003062,76.60722952,77.26328837,77.89742476,78.50872497,79.09610895,79.65828432,80.19368599,80.70039641,81.17604029,81.61764567,82.02146106,82.3827165,82.69531552,82.95144623,83.1411076,83.2515657,83.26679217,83.1670023,82.92850299,82.52416222,81.92486154,81.10219158,80.03231766,78.70043776,77.10485695,75.2597558,73.19632021,70.96270717,68.62391065,66.26280826,63.98371638,61.92002826,60.24835596,59.21355321,59.17287883,60.67416893,64.5880028,72.27349099,85.381272
1097.675781,43.39855684,44.97032253,46.51426541,48.0250076,49.51286,50.97332048,52.40613835,53.81095225,55.18738733,56.53505454,57.85354986,59.14245338,60.4013284,61.62972044,62.82715605,63.99314168,65.12716227,66.22867982,67.2971317,68.33192885,69.33245373,70.29805795,71.22805973,72.12174083,72.97834316,73.7970648,74.5770553,75.31741033,76.01716512,76.67528684,77.29066521,77.86210126,78.38829344,78.86782048,79.29911999,79.68046159,80.00991288,80.28529614,80.50413289,80.66357281,80.76030243,80.79042852,80.74933007,80.63147384,80.43019093,80.13741926,79.7434328,79.23660648,78.60331171,77.82809811,76.89437547,75.78582186,74.48864297,72.99455332,71.30400852,69.42899631,67.39482121,65.24080456,63.02041328,60.80173086,58.66933065,56.72869974,55.11469688,54.00645387,53.653128,54.41877034,56.86097464,61.86222416,70.78930983,85.26778006
1095.953125,52.82220722,53.75791068,54.69345408,55.62921331,56.56518366,57.50144113,58.43803867,59.37503203,60.3124797,61.25044301,62.18898615,63.12817628,64.06808354,65.00878106,65.9503449,66.89285397,67.83638981,68.78103633,69.72687939,70.67400618,71.62250444,72.57246134,73.523962,74.47708755,75.43191256,76.38850165,77.34690506,78.30715288,79.26924751,80.23315375,81.19878592,82.16599087,83.13452581,84.104029,85.07398115,86.04365442,87.01204466,87.97778152,88.93900883,89.89322531,90.83707282,91.76605575,92.67417162,93.55343075,94.3932435,95.17966341,95.89449912,96.51436151,97.00980505,97.34486004,97.47740668,97.36093003,96.9480693,96.19591053,95.0722369,93.56133461,91.66796215,89.4188761,86.86243592,84.06764838,81.12430177,78.14582473,75.27666354,72.70679869,70.69809516,69.63141228,70.09076647,73.0072508,79.844928,92.41667418
1094.230469,65.45622924,66.21406357,66.95656907,67.68093126,68.39292266,69.09019985,69.77275672,70.44053526,71.09347829,71.73152973,72.35463484,72.96274051,73.55579555,74.13375101,74.69656057,75.2441809,75.77657211,76.29369815,76.79552728,77.28203256,77.75319231,78.20899054,78.64941743,79.07446959,79.48415031,79.87846955,80.25744367,80.62109471,80.96944899,81.30253496,81.62037965,81.9230035,82.21041264,82.48258787,82.73946883,82.98093166,83.20675752,83.4165885,83.6098661,83.78574568,83.94297817,84.07974734,84.1934481,84.28038836,84.33539605,84.35131683,84.31840234,84.22362232,84.04999674,83.77614311,83.37635484,82.82161515,82.08190142,81.12984153,79.94526747,78.51972566,76.85992895,74.98963273,72.95022902,70.80102822,68.62051858,66.51001298,64.60137428,63.07138248,62.16732348,62.25242466,63.88675353,67.96506575,75.89323822,89.40089585
1092.507812,39.52813578,41.1419693,42.73940762,44.31763163,45.88269552,47.43206502,48.96567447,50.48339885,51.98511008,53.47067696,54.93996499,56.39283627,57.82914935,59.24875897,60.65151591,62.03726666,63.4058531,64.75711208,66.09087491,67.40696673,68.70520568,69.9854019,71.24735623,72.49085858,73.71568583,74.92159914,76.10834044,77.275628,78.42315055,79.5505597,80.65746002,81.74339603,82.80783504,83.85014452,84.86956205,85.8651554,86.83576922,87.77995374,88.69586916,89.5811575,90.4327707,91.24674105,92.01787636,92.73936003,93.40223599,93.99476571,94.50166436,94.90326733,95.1747573,95.28570126,95.20028534,94.87872162,94.28020873,93.36743988,92.11201538,90.49956096,88.53332451,86.2356777,83.64792797,80.82959829,77.85861581,74.83386201,71.88169435,69.16879363,66.9255507,65.48801967,65.37318063,67.40846764,72.90196334,83.49305704
1090.785156,52.33298067,53.87271141,55.39452267,56.89541929,58.3818439,59.85091113,61.30240713,62.73604372,64.15152031,65.54852303,66.92672376,68.28577913,69.62532936,70.94499696,72.2443853,73.52307699,74.7806321,76.01658606,77.23044736,78.42169488,79.58977482,80.73409715,81.85403157,82.94890266,84.0179843,85.06049306,86.07558024,87.06232252,88.01971055,88.94663516,89.84187059,90.70405376,91.5316587,92.32296461,93.07601589,93.78857153,94.45804095,95.08140204,95.65509602,96.17489231,96.63571444,97.03141644,97.354497,97.59573852,97.74376024,97.78448404,97.70053157,97.47061194,97.06902521,96.46549893,95.62566906,94.51254937,93.08920615,91.32249598,89.18721088,86.66959671,83.7693012,80.49941548,76.8850467,72.96135521,68.77206034,64.36925157,59.8152433,55.18743601,50.58793982,46.16146606,42.12825794,38.84270786,36.8771019,36.99784805
1089.0625,51.13735642,53.18411185,55.19280114,57.15632829,59.0888825,60.98448159,62.84294407,64.66394902,66.44716752,68.19226252,69.8988887,71.56669235,73.19531123,74.78437449,76.33350253,77.84230694,79.31039041,80.73734664,82.12276033,83.46620705,84.76725323,86.02545601,87.24036315,88.4115128,89.53843322,90.62064226,91.65764667,92.64894096,93.59400577,94.49230549,95.34328471,96.1463632,96.90092861,97.60632613,98.26184377,98.86669144,99.41997148,99.92063701,100.3674334,100.7588162,101.0928359,101.366979,101.5779469,101.7213567,101.7913394,101.7800189,101.6768638,101.4679363,101.1351265,100.6555573,100.0014782,99.14106544,98.04052077,96.66757521,94.99598101,93.0100442,90.70811833,88.10443775,85.22947697,82.12971772,78.86803256,75.52597435,72.20943832,69.05983437,66.27456982,64.14409158,63.11895669,63.92682015,67.73145779,76.02770211
1087.337891,46.1043287,47.19327966,48.27905984,49.36129834,50.44097306,51.51749219,52.59070271,53.66042987,54.7264888,55.78868358,56.84680625,57.90063565,58.94993618,59.99445637,61.03392721,62.06806036,63.09654602,64.11905051,65.13521357,66.14464512,67.14692161,68.14158175,69.1281215,70.10598825,71.07457389,72.03320667,72.98114153,73.91754841,74.84149837,75.75194667,76.64771229,77.52745286,78.38963385,79.23249056,80.05398078,80.85172585,81.62293665,82.36432045,83.07196349,83.74118249,84.36633752,84.94059684,85.4556447,85.90132405,86.26521264,86.53214459,86.68371711,86.69787011,86.54869925,86.20675502,85.64015799,84.81685188,83.70812244,82.29308607,80.56332711,78.52657299,76.20856139,73.65303453,70.92065396,68.08812016,65.24883895,62.51639955,60.03231756,57.98032417,56.61140675,56.2875586,57.55839299,61.28873529,68.81220775,81.70769538
1085.613281,56.52639524,57.09740608,57.67400617,58.25775604,58.84662313,59.44173145,60.04330721,60.65161068,61.26691542,61.88950909,62.51969438,63.15779,63.80413171,64.45907341,65.12298836,65.79627036,66.47933507,67.17262133,67.87659255,68.59173812,69.31857476,70.05764792,70.80953297,71.57483629,72.35419604,73.14828256,73.95779803,74.78347538,75.62607581,76.48638461,77.36520451,78.26334559,79.18161051,80.12077326,81.08154894,82.0645513,83.07023337,84.09880481,85.15011746,86.22350725,87.31757688,88.42989867,89.55661148,90.69188056,91.82718679,92.95041739,94.0447525,95.08739603,96.04830118,96.88920284,97.5634687,98.01743076,98.19378652,98.03719077,97.50131762,96.55586417,95.19180192,93.42393279,91.2910651,88.85516316,86.20126322,83.43998747,80.71463755,78.21566752,76.20746981,75.07686158,75.42060829,78.19705264,84.92833685,97.53979163
1083.888672,64.87861374,66.03425451,67.18479672,68.32967536,69.47057302,70.60664874,71.73777669,72.86380502,73.98457362,75.09991329,76.20964498,77.31357881,78.41151301,79.5032327,80.58850852,81.667095,82.7387288,83.80312657,84.85998253,85.9089656,86.94971612,87.98184196,89.00491386,90.01846007,91.02195974,92.01483521,92.99644257,93.96606031,94.92287541,95.8659664,96.79428241,97.70661721,98.60157691,99.47753938,100.3326032,101.1645228,101.9706262,102.7477095,103.4919018,104.1984914,104.8617026,105.4744105,106.0277774,106.5107975,106.9097388,107.2074859,107.3828153,107.4096899,107.2567492,106.8872872,106.2601299,105.3318502,104.0605738,102.4111444,100.3607558,97.90370277,95.0540871,91.84616514,88.33306035,84.58522319,80.69014191,76.75468877,72.91157196,69.33207108,66.24903024,63.99771365,63.08835521,64.32928333,68.98303661,78.59650169
1082.164062,50.69795787,52.37621107,54.02033041,55.62380331,57.19935417,58.74155959,60.25021213,61.72497589,63.16550496,64.57144313,65.94242347,67.27806795,68.5779871,69.84177951,71.06903148,72.25931649,73.41219474,74.52721262,75.60390217,76.64178045,77.64034885,78.59909241,79.51747891,80.3949579,81.23095961,82.02489356,82.77614686,83.48408224,84.1480354,84.76731171,85.34118195,85.86887668,86.34957878,86.78241352,87.16643518,87.50060895,87.78378629,88.01467132,88.19177488,88.31335155,88.37731368,88.38111414,88.32158794,88.19474082,87.99547288,87.71722902,87.35157967,86.88776182,86.31225862,85.60857085,84.75742237,83.73770258,82.52840005,81.11154643,79.47579144,77.6198717,75.55520912,73.30729035,70.91612397,68.43659632,65.93979655,63.51649236,61.28421546,59.40021875,58.084381,57.65974621,58.62461687,61.77536739,68.363753,79.93190387
1080.439453,63.82633427,65.25348778,66.6542347,68.02380837,69.37210257,70.6950723,71.99268658,73.26482427,74.51136459,75.73218754,76.92717419,78.09620722,79.23917131,80.35595379,81.44644516,82.51053983,83.5481368,84.55914054,85.54346186,86.50101885,87.43173794,88.33555501,89.2124165,90.06228058,90.88511833,91.68091472,92.44966955,93.19139799,93.90613067,94.59391295,95.25480305,95.88886849,96.49618001,97.07680189,97.63077715,98.15810543,98.65871042,99.13239266,99.57876158,99.99713842,100.3864188,100.7448793,101.0699082,101.3576356,101.602434,101.7962632,101.9278459,101.9816958,101.9370939,101.7672295,101.4388818,100.9131524,100.1477418,99.10094437,97.73691128,96.03107677,93.97443905,91.57588517,88.86268777,85.88013262,82.69163519,79.38079025,76.05695253,72.86661575,70.01457895,67.80251442,66.6991594,67.46342819,71.31381745,79.82843813
1078.712891,51.06363227,51.96954193,52.8556553,53.71849972,54.56555351,55.39387821,56.20354154,56.99455029,57.76691739,58.52066271,59.25581385,59.97240708,60.67048835,61.35011443,62.01135416,62.65428985,63.27901882,63.88565513,64.47433145,65.04520119,65.5984408,66.13425231,66.65286618,67.15454431,67.63958339,68.10831847,68.56112678,68.99843174,69.42070702,69.82848061,70.22233862,70.6029284,70.97096056,71.32720914,71.67250863,72.00774633,72.33384762,72.65175052,72.96236462,73.26650719,73.56480623,73.85755652,74.14450944,74.42457168,74.69538234,74.95273485,75.18981621,75.39625897,75.55705739,75.6515007,75.65242249,75.52621342,75.23408532,74.73486699,73.98910342,72.96361858,71.63539214,69.99387901,68.04162308,65.79373455,63.27718294,60.53092623,57.60791365,54.5802872,51.55002595,48.66938716,46.17967508,44.48270912,44.25040344,46.42931382
1076.986328,47.80464118,49.98164959,52.11702855,54.20288006,56.25479175,58.26622719,60.23701445,62.16683068,64.05534607,65.90222387,67.70712044,69.46968525,71.18956105,72.86638392,74.49978351,76.08938322,77.63480048,79.13564712,80.59152971,82.00205006,83.36680575,84.68539071,85.95739592,87.1824101,88.36002049,89.48981359,90.57137584,91.60429425,92.58815666,93.52255163,94.40706759,95.24129097,96.02480257,96.75717162,97.43794613,98.06663813,98.64270132,99.16549787,99.63424984,100.0479686,100.4053534,100.7046472,100.9434334,101.1183551,101.2247332,101.256065,101.2033922,101.0545636,100.7934747,100.3994742,99.84725782,99.10768562,98.14993701,96.94514274,95.47109867,93.71711853,91.68793295,89.40600253,86.91245356,84.26759371,81.552361,78.87223103,76.36543478,74.21828888,72.69263474,72.1748214,73.26347314,76.92047916,84.6692507,98.41740743
1075.259766,71.6722527,72.16372263,72.65751757,73.15462963,73.65419599,74.1568036,74.66263036,75.1718742,75.68474361,76.20145822,76.72224959,77.24736196,77.77705309,78.31159511,78.85127544,79.3963977,79.94728278,80.50426974,81.06771688,81.63800275,82.21552704,82.80071152,83.39400069,83.99586233,84.60678762,85.22729084,85.85790834,86.49919658,87.15172881,87.81608993,88.49286881,89.18264714,89.8859835,90.60339095,91.33530571,92.08204351,92.84373932,93.620264,94.41110964,95.21523196,96.0308345,96.85507465,97.6836658,98.51034534,99.32617553,100.1186497,100.8705973,101.5589336,102.1533976,102.6155763,102.8987093,102.9489058,102.7083448,102.120569,101.1371792,99.72444808,97.86820654,95.57607075,92.87727227,89.82133748,86.47725373,82.93474245,79.30930236,75.75328532,72.47696926,69.78724305,68.15819519,68.35509606,71.60536685,79.50066215
1073.533203,69.58174964,70.83776345,72.0633251,73.25265586,74.41713121,75.55194525,76.65694476,77.73186412,78.77643079,79.79036517,80.77338044,81.72518238,82.64546925,83.53393164,84.39025226,85.21410584,86.00515897,86.76306993,87.4874885,88.17805584,88.83440424,89.45615689,90.04292759,90.59432039,91.10992907,91.5893365,92.03211371,92.43781869,92.80599461,93.13616744,93.42784257,93.68050015,93.89358855,94.06651524,94.19863405,94.28922748,94.33748191,94.34245321,94.3030187,94.21781057,94.08512356,93.90278778,93.66799511,93.37706494,93.02513476,92.60576403,92.11045135,91.52809289,90.8444617,90.0418695,89.09927287,87.9931596,86.69950977,85.1968815,83.47024029,81.51474542,79.33864679,76.96486809,74.43153895,71.79231332,69.11759016,66.49786819,64.05073417,61.93378059,60.36757046,59.67641986,60.36111195,63.22315684,69.52519874,80.83108991
1071.806641,54.48994973,55.52857531,56.56727373,57.60669319,58.64681146,59.68789263,60.73012762,61.77372095,62.81888862,63.8658589,64.91487321,65.96618696,67.02007054,68.07681029,69.13670962,70.20009006,71.26729249,72.33867826,73.4146305,74.49555527,75.58188277,76.67406846,77.77259404,78.87796818,79.99072692,81.1114336,82.24067801,83.37907457,84.52725901,85.68588314,86.85560675,88.03708584,89.23095547,90.43780553,91.65814655,92.89236192,94.1406414,95.40288894,96.67859527,97.96666219,99.26516125,100.5710039,101.8794937,103.1837261,104.4737968,105.7357861,106.9505106,108.0920885,109.1264797,110.0103336,110.6907015,111.1063367,111.1912364,110.8805748,110.1182583,108.8644348,107.1010822,104.8345878,102.0955829,98.93741659,95.43510418,91.68656738,87.8180197,83.99599744,80.45040764,77.51700369,75.71514207,75.88492171,79.37815364,87.95983349
1070.078125,86.4910448,86.6194337,86.76307981,86.92560421,87.10119676,87.29245206,87.49954973,87.72273272,87.96225302,88.21837196,88.49136057,88.78149985,89.08908111,89.41440615,89.7577875,90.11954854,90.50002352,90.89955747,91.31850596,91.75723458,92.21611821,92.69553986,93.19588906,93.71755962,94.26094654,94.82644194,95.41442953,96.02527736,96.65932823,97.31688701,97.99820407,98.70345335,99.43270357,100.1858803,100.9627158,101.7626829,102.5849069,103.4280491,104.290152,105.1684328,106.0590097,106.956539,107.8537379,108.7407627,109.6044147,110.4271548,111.1859385,111.8509451,112.3843894,112.7397686,112.862091,112.6897429,112.1585087,111.2077038,109.7874859,107.8656433,105.4321316,102.5005329,99.10693624,95.30771317,91.1779515,86.81217127,82.32889433,77.88116863,73.67676337,70.01522909,67.35533287,66.43298736,68.42221894,74.83570448
1068.349609,80.98846758,81.99728572,83.0005502,83.99758773,84.99026266,85.97766329,86.95966583,87.936119,88.90686338,89.87173069,90.83054295,91.78311156,92.72923627,93.66870396,94.60128727,95.52674306,96.4448106,97.35520949,98.25763724,99.15176646,100.0372416,100.9136749,101.780642,102.6376766,103.4842634,104.3198309,105.1437416,105.9552807,106.7536418,107.53791,108.3070409,109.0598336,109.7948983,110.5106148,111.2050804,111.8760434,112.520819,113.1361807,113.7182214,114.2621747,114.7621845,115.2110099,115.5996498,115.9168708,116.148629,116.277388,116.2813662,116.1338057,115.8024449,115.2495039,114.4326138,113.3071537,111.8302637,109.9663004,107.6927999,105.0055421,101.9214923,98.47929746,94.73810505,90.77617822,86.69092711,82.60187688,78.65823008,75.05350842,72.05180515,70.03428495,69.58156915,71.61312896,77.56256713,89.17639341
1066.623047,64.45958778,64.87339412,65.29527796,65.72734898,66.1666525,66.61474205,67.07188642,67.53839985,68.01461228,68.50087035,68.99753848,69.50500002,70.02365854,70.55393905,71.09628947,71.65118207,72.21911502,72.80061401,73.39623396,74.00656069,74.63221267,75.27384278,75.9321399,76.60783039,77.30167935,78.0144914,78.7471109,79.50042122,80.27534279,81.07282929,81.89386131,82.73943649,83.61055474,84.50819663,85.43329247,86.38667836,87.36903437,88.38079804,89.42204406,90.49231734,91.59040275,92.71400925,93.85933995,95.02051408,96.18880361,97.35165238,98.49146842,99.58423602,100.5981019,101.4922611,102.2166849,102.7133962,102.9199347,102.7751664,102.226698,101.2382878,99.79543616,97.90810737,95.61085554,92.96172819,90.04178743,86.95711172,83.84524601,80.88882314,78.34112852,76.57271897,76.1560512,78.01312401,83.6157372,94.84816639
1064.892578,59.02093585,59.99946715,60.97587998,61.95047888,62.92415008,63.89691919,64.86907629,65.84092485,66.81278644,67.78500216,68.75793408,69.73196684,70.70750941,71.68499695,72.66489282,73.64769083,74.63391751,75.62413475,76.6189424,77.61898125,78.62493605,79.63753874,80.65757179,81.68587159,82.7233319,83.77090714,84.82961535,85.90054075,86.9848353,88.08371896,89.19847787,90.33045954,91.48106356,92.65172603,93.84389495,95.05899272,96.29836058,97.5631774,98.85434262,100.1723089,101.5168453,102.8867039,104.2791566,105.689358,107.109486,108.5276107,109.9262633,111.2807318,112.5572251,113.7112421,114.6867399,115.4169225,115.8274587,115.842453,115.3924993,114.4230853,112.901227,110.8189315,108.1935137,105.0660715,101.5000034,97.58148124,93.42377907,89.17792558,85.05390535,81.36058232,78.58005117,77.50154288,79.41677157,86.07221228
1063.164062,68.96242356,70.24182759,71.50229356,72.7405891,73.96380118,75.16909409,76.35649149,77.5259556,78.67745157,79.810948,80.92641733,82.02383635,83.10318681,84.16445593,85.20763714,86.23273069,87.23974448,88.2286948,89.19960716,90.15251721,91.08747157,92.00452873,92.90375984,93.78524953,94.64909636,95.49541322,96.32432719,97.1359788,97.93052047,98.70811364,99.46892413,100.2131149,100.9408356,101.6522064,102.3472959,103.0260887,103.6884397,104.3340099,104.962176,105.5719045,106.1615761,106.7287438,107.2697996,107.7795248,108.2504901,108.6722797,109.030528,109.3058041,109.4724638,109.497731,109.3414496,108.9570885,108.2945411,107.3048708,105.9464212,104.1909803,102.0284954,99.46945436,96.54513967,93.3068942,89.82595254,86.19544317,82.53629815,79.00951051,75.83903477,73.35354425,72.06238745,72.78864697,76.85164477,85.95597039
1061.433594,40.21558949,41.97837659,43.72296457,45.44594693,47.15383648,48.84352955,50.51466723,52.16680435,53.79947407,55.41218624,57.00442563,58.57565003,60.12528807,61.65273682,63.15735922,64.63848103,66.09538763,67.52732026,68.93347188,70.3129825,71.66493382,72.98834322,74.28215684,75.54524168,76.77637649,77.97424124,79.13740488,80.26431111,81.35326157,82.40239618,83.40966975,84.37282411,85.28935484,86.15647114,86.97104745,87.72956456,88.42803797,89.06193033,89.62604419,90.11439106,90.52003178,90.83488391,91.04949277,91.15276673,91.13168552,90.97100584,90.65301618,90.15743575,89.46161227,88.54123774,87.37183768,85.93123235,84.20294947,82.18018223,79.86948787,77.29330938,74.49078736,71.51708495,68.44214856,65.35013942,62.3407304,59.53338978,57.07602974,55.16031149,54.04790087,54.11576908,55.93473744,60.39861945,68.8741646,82.94513406
1059.705078,74.36186616,75.21358275,76.05467156,76.88366854,77.70465611,78.5162722,79.31873645,80.11224861,80.89702306,81.67329007,82.44129716,83.20131054,83.95361678,84.69852449,85.43636628,86.16750082,86.89231514,87.61122705,88.32468782,89.03318508,89.7372459,90.43744011,91.13438385,91.82874323,92.52123819,93.21264643,93.90380723,94.59562505,95.28907275,95.9851938,96.68510321,97.38998624,98.10109386,98.81973327,99.54725151,100.2850086,101.034336,101.7964741,102.5724795,103.3630904,104.1685315,104.9882375,105.8204621,106.6617353,107.5061227,108.3442414,109.1620002,109.9390816,110.6472796,111.2489801,111.6963035,111.9316425,111.8903371,111.5058247,110.7167287,109.4743899,107.7489562,105.5327402,102.840807,99.70991124,96.19746216,92.38225802,88.36877012,84.2973099,80.36408375,76.85885592,74.23502666,73.23577441,75.0779105,81.40607747
1057.974609,65.85001776,67.52467733,69.17444988,70.79473088,72.39472734,73.97047877,75.52180546,77.04843175,78.55007254,80.02643275,81.4772068,82.90207802,84.30071794,85.67278562,87.01792678,88.33577292,89.6259403,90.88802873,92.12162026,93.32627762,94.50154246,95.64693324,96.76194275,97.84603519,98.89864264,99.91916084,100.906944,101.8612983,102.7814745,103.6666573,104.515954,105.3283781,106.1028298,106.8380706,107.5326902,108.1850638,108.7932964,109.3551499,109.8679465,110.3284426,110.7326617,111.0756749,111.3513153,111.5518093,111.6673129,111.6853468,111.5901516,111.3620259,110.9767909,110.4056392,109.6157447,108.572072,107.2406962,105.593539,103.61381,101.3009639,98.67405639,95.77310431,92.65904847,89.41363252,86.14077953,82.97111074,80.07156959,77.66318342,76.05245362,75.68674032,77.252313,81.84022022,91.15474987,107.2689949
1056.244141,81.75055874,82.42909227,83.0912331,83.73394415,84.36335602,84.97691474,85.57456392,86.15618811,86.72166955,87.27088819,87.80372162,88.32004508,88.81973141,89.30265103,89.76867189,90.21765939,90.64947631,91.06398269,91.46103561,91.84048903,92.20219343,92.54599537,92.8717369,93.17925479,93.46837939,93.73893322,93.99072898,94.22356692,94.43723132,94.6314857,94.80606651,94.96067455,95.09496346,95.20852424,95.30086441,95.37137975,95.41931623,95.44371834,95.44335914,95.41664559,95.36149051,95.27514039,95.15394543,94.99305656,94.78603419,94.5243596,94.19685654,93.78906676,93.28268836,92.6552833,91.88057407,90.9297197,89.77388544,88.38810166,86.7558882,84.87367097,82.75400792,80.42719881,77.94168222,75.36427558,72.78159879,70.30412621,68.07461541,66.28360218,65.19679802,65.20349198,66.902346,71.24672787,79.72789766,94.16275912
1054.511719,51.76184557,53.36687384,54.95589468,56.52608134,58.08324344,59.62478828,61.15052946,62.66021384,64.15357736,65.63034429,67.09022639,68.53292196,69.95811475,71.36547286,72.75464736,74.1252708,75.47695556,76.8092919,78.12184575,79.4141562,80.68573256,81.93605097,83.16455039,84.37062799,85.55363354,86.7128629,87.84755009,88.95685783,90.03986599,91.09555756,92.12280133,93.12033055,94.08671628,95.02033405,95.9193218,96.78152657,97.60443652,98.38509385,99.11998295,99.80488632,100.4346991,101.0031911,101.5027032,101.923767,102.2546373,102.4807432,102.5840845,102.5426543,102.3300411,101.9154762,101.2646917,100.3419864,99.11372928,97.55310486,95.64530784,93.39199187,90.81394272,87.95172046,84.86496878,81.63171406,78.34913745,75.13727706,72.14734285,69.57723782,67.6990184,66.90726195,67.80447126,71.3450059,79.01418052,92.60783687
1052.78125,72.83487544,74.51657575,76.14588794,77.71266254,79.23660131,80.70947121,82.13107863,83.50104174,84.81897178,86.08447331,87.29714445,88.45657732,89.5623584,90.61406914,91.61128664,92.55358439,93.44053332,94.27170289,95.04666248,95.76498301,96.4262388,97.03000982,97.57588429,98.06346168,98.49235627,98.86220122,99.1726533,99.4233983,99.61415731,99.74469373,99.81482135,99.82441322,99.77341152,99.66183815,99.48980576,99.25752878,98.96533331,98.61366457,98.20308925,97.73428913,97.20804031,96.62516949,95.98647557,95.29259975,94.54382289,93.73976483,92.87896141,91.95830793,90.9723927,89.91281445,88.76768552,87.52164316,86.15674946,84.65454497,82.99917763,81.18107828,79.20039753,77.06959413,74.81511039,72.47867227,70.11917008,67.81633516,65.67778619,63.85185155,62.55042417,62.08984783,62.96449416,65.97418095,72.39430254,83.84102951
1051.048828,68.52269827,69.25334857,69.97558454,70.688235,71.39455155,72.09346695,72.78516918,73.46983127,74.14763866,74.81879025,75.48349954,76.14199584,76.79452563,77.44135395,78.08276607,78.71906911,79.35059398,79.97769732,80.60076373,81.22020807,81.83647795,82.4500564,83.06146464,83.67126498,84.28006376,84.88851433,85.49731979,86.10723555,86.71907126,87.33369187,87.95201731,88.57501996,89.20371909,89.83917064,90.48245041,91.13462782,91.79672613,92.46966353,93.15416719,93.85064941,94.5590307,95.27848978,96.00711379,96.74141594,97.47568216,98.20111005,98.90471847,99.56805056,100.1657839,100.6645154,101.022192,101.1888366,101.1092106,100.7276657,99.99465779,98.8735562,97.34608983,95.41535494,93.10646308,90.46594462,87.56152482,84.48397811,81.35289568,78.32889866,75.63670376,73.6074554,72.75610077,73.91766254,78.43634361,88.06213653
1049.316406,49.74257636,50.84993925,51.93451123,52.9920438,54.03108992,55.048117,56.04307137,57.01581947,57.96622647,58.89415639,59.79947234,60.68203679,61.54171177,62.3783593,63.19184165,63.98202181,64.74876393,65.4919338,66.21139947,66.90703183,67.57870531,68.2262986,68.84969542,69.44878535,70.02346459,70.57363681,71.0992138,71.600116,72.07627278,72.52762217,72.95410999,73.35568781,73.73230944,74.08392509,74.41047222,74.71186168,74.98795712,75.23854472,75.4632894,75.66167184,75.83289883,75.97577669,76.08853449,76.16858071,76.21217478,76.2139966,76.16660673,76.05981542,75.88002996,75.60973381,75.22736047,74.70791609,74.02468743,73.1521469,72.06973032,70.76571798,69.24032534,67.50747742,65.59541395,63.54686632,61.41984907,59.29021717,57.25734676,55.45495647,54.07064983,53.38095317,53.81427327,56.05954233,61.2099227,70.64132949
1047.583984,53.76577645,54.07257212,54.36494184,54.64021637,54.90406241,55.15447057,55.39165846,55.61581051,55.82712653,56.02582315,56.21213538,56.3863184,56.54864947,56.69943013,56.83898851,56.96768204,57.08590036,57.19406858,57.2926509,57.38215466,57.46313479,57.53619886,57.6020126,57.66130607,57.71488056,57.76361615,57.80848015,57.85053636,57.8909552,57.93102471,57.97216242,58.01592781,58.06403519,58.11836645,58.1809829,58.25413487,58.34026712,58.44201701,58.56220093,58.7037822,58.8698108,59.06332068,59.28716535,59.54376497,59.83473141,60.1603321,60.51875547,60.90516028,61.31054372,61.72056545,62.11462261,62.46564497,62.74116237,62.9060308,62.92670761,62.77631486,62.43934131,61.91504946,61.21938553,60.38599832,59.46750022,58.53835955,57.70109644,57.09819751,56.93392897,57.51390151,59.31689179,63.1203027,70.17080793,82.0655271
1045.851562,60.21136994,60.8968853,61.56229738,62.20408442,62.82995037,63.43700821,64.02543504,64.59535356,65.14689978,65.6802243,66.19549378,66.69289265,67.17262485,67.63491584,68.08001489,68.50819749,68.9197681,69.31506326,69.69445488,70.05835409,70.40721537,70.7415412,71.06188724,71.36886797,71.66316303,71.94552412,72.21678263,72.47785787,72.72976597,72.97362944,73.21068701,73.44230372,73.6699807,73.89536389,74.12025062,74.34659236,74.576491,74.81218485,75.05601874,75.31038985,75.57765742,75.85999948,76.15919282,76.47628503,76.81111824,77.16165848,77.52308672,77.88663013,78.23817291,78.55680405,78.81363969,78.97145641,78.98576276,78.80773897,78.38889825,77.68656544,76.66881234,75.31771935,73.63064225,71.62003914,69.31293156,66.75121735,63.99410918,61.12432756,58.26077483,55.58294383,53.37734268,52.12332018,52.62529404,56.01974178
1044.117188,38.41420291,39.06788887,39.70346777,40.31794783,40.91838072,41.50233686,42.07014153,42.62208308,43.15847252,43.67964559,44.1859651,44.67782349,45.15564557,45.61989172,46.07106131,46.50969655,46.93638675,47.35177305,47.75655374,48.1514901,48.53741296,48.91523004,49.28593407,49.65061189,50.01045456,50.36676866,50.72098878,51.07469141,51.42961019,51.7876527,52.15091863,52.52171924,52.90259794,53.29635111,53.70604853,54.13505153,54.58702637,55.06594894,55.57609448,56.12200324,56.7084083,57.34010558,58.02173728,58.75744891,59.550367,60.4018319,61.31031497,62.26996428,63.26878055,64.28655249,65.29289371,66.2459869,67.09281912,67.77156174,68.21614941,68.36220266,68.15274963,67.5422524,66.49822435,65.00069924,63.0404381,60.6169049,57.7369339,54.41498878,50.67632,46.56567483,42.16760852,37.65194835,33.36809622,29.98219233
1042.382812,39.18637669,40.27440883,41.34733337,42.40225781,43.44475893,44.4723824,45.48497689,46.48232962,47.46421933,48.4304158,49.38067918,50.31475943,51.2323956,52.13331503,53.01723249,53.88384924,54.73285191,55.56391131,56.37668104,57.1707959,57.9458701,58.70149523,59.43723777,60.15263639,60.84719862,61.52039696,62.17166435,62.80038857,63.40590568,63.9874919,64.54435376,65.07561593,65.58030618,66.05733648,66.50547937,66.92333795,67.30930776,67.66152804,67.97781922,68.2556026,68.49179728,68.68268821,68.82375918,68.90948451,68.93307675,68.88619536,68.75863829,68.53806862,68.20987701,67.75734458,67.16233235,66.40673339,65.47481675,64.35632252,63.04980915,61.5655253,59.92721279,58.17275587,56.35420185,54.53808267,52.80710261,51.26432358,50.04128574,49.31238295,49.31973232,50.41648113,53.14260948,58.35118097,67.36030604,81.72879364
1040.648438,40.0088611,41.87588883,43.70329095,45.48333035,47.23081283,48.93940215,50.60883806,52.23870967,53.82859338,55.37805247,56.88663655,58.35388112,59.77930699,61.16241979,62.50270938,63.79964927,65.05269599,66.26128851,67.42484754,68.54277487,69.61445259,70.63924242,71.61648479,72.54549806,73.42557748,74.2559942,75.03599401,75.76479597,76.44159076,77.06553862,77.63576686,78.15136658,78.61138847,79.01483714,79.36066357,79.64775478,79.87491957,80.04086901,80.14418923,80.18330376,80.15642151,80.06146513,79.8959734,79.65697041,79.34079469,78.94288459,78.45752646,77.87759235,77.19433194,76.39733949,75.47488309,74.4148254,73.20632129,71.84229239,70.32237439,68.65577342,66.86347611,64.97961375,63.05231013,61.14477879,59.33767442,57.73388366,56.46734271,55.7184525,55.74075128,56.90755971,59.79413702,65.31585992,74.89924909,90.26135533
1038.914062,51.36846877,52.49797572,53.59229045,54.64469493,55.66859492,56.65864748,57.61491882,58.53736237,59.42593954,60.28062084,61.1013872,61.88823145,62.64116001,63.36019468,64.04537483,64.69675969,65.31443109,65.89849641,66.449092,66.96638704,67.45058786,67.90194284,68.32074798,68.70735314,69.06216918,69.38567592,69.67843119,69.94108103,70.17437103,70.37915915,70.55642982,70.70730953,70.83308374,70.9352149,71.01536112,71.07539463,71.11741858,71.14377992,71.15707451,71.16013912,71.15602138,71.14791548,71.13904499,71.13246777,71.13076913,71.13560226,71.14703293,71.1626586,71.17651515,71.17787654,71.15020252,71.07066899,70.91082621,70.63881735,70.22315256,69.63740598,68.86477254,67.90154518,66.75921615,65.46567696,64.06653267,62.62782998,61.24179074,60.03784922,59.20296242,59.01866819,59.928823,62.65912472,68.38375031,78.63532502
1037.179688,73.94502527,74.22694622,74.50710504,74.78562512,75.06328233,75.34007964,75.61625665,75.89206378,76.16776649,76.44364646,76.7200028,76.99715344,77.27543657,77.55521227,77.8368642,78.12080149,78.40746077,78.69730836,78.99084262,79.28859647,79.59114011,79.89908388,80.21308129,80.53383215,80.8620858,81.19864435,81.54436572,81.90016658,82.26702459,82.64597986,83.0381351,83.44465357,83.8667541,84.30570155,84.76279085,85.23932169,85.73656007,86.25568099,86.79768465,87.36327537,87.95268846,88.56544518,89.20000969,89.85331524,90.52012195,91.19216889,91.85709805,92.49716977,93.08787749,93.59671798,93.98257237,94.19632872,94.18337327,93.88820859,93.26070039,92.26263814,90.8729963,89.09083117,86.93585305,84.44771116,81.68550975,78.72914281,75.68412086,72.69215407,69.95140982,67.75394169,66.55442811,67.09189754,70.56072744,78.52999656
1035.445312,29.67753521,30.55729536,31.44000043,32.32643313,33.21522441,34.1066909,35.00064771,35.89690646,36.79526597,37.69551111,38.59741142,39.50071962,40.40516995,41.31047626,42.2163299,43.12239731,44.02831729,44.93369792,45.83811299,46.74109802,47.64214556,48.54069989,49.43615082,50.32782652,51.21498519,52.09680528,52.972374,53.84067383,54.70056641,55.55077353,56.38985424,57.21617743,58.02788875,58.82287048,59.59869266,60.3525534,61.0812057,61.78086747,62.44711085,63.07472623,63.65755561,64.18829032,64.65822872,65.05699321,65.37221327,65.58919613,65.69063253,65.65642655,65.46379534,65.0878468,64.50287847,63.68458759,62.61317507,61.2769596,59.67573884,57.82302141,55.7466063,53.4876818,51.09925299,48.64497049,46.19934885,43.85021619,41.70432999,39.89767341,38.61329241,38.11210597,38.78621947,41.24621522,46.42119089,55.38002488
1033.708984,19.12444434,20.84934579,22.55086695,24.2246323,25.87919458,27.51073136,29.11896714,30.70352921,32.26402932,33.80006267,35.31120685,36.79702071,38.25704304,39.69079122,41.09775964,42.47741806,43.82920967,45.15254905,46.44681985,47.71137216,48.94551959,50.14853601,51.31965178,52.45804951,53.56285917,54.63315253,55.66793659,56.6661461,57.62663469,58.54816438,59.42939328,60.26886072,61.06496945,61.8159641,62.51990485,63.17463512,63.77774172,64.32650534,64.81783889,65.2482105,65.61354732,65.90911601,66.1293754,66.2677983,66.31666246,66.26681852,66.1074576,65.82592651,65.40767732,64.8364859,64.0951135,63.16657757,62.03609076,60.69349647,59.1357488,57.36883484,55.40869025,53.28108943,51.02095935,48.6718287,46.28615136,43.92719928,41.67332759,39.6258826,37.923112,36.76457686,36.45417391,37.4725777,40.56737894,46.64398575
1031.972656,26.08015306,28.06521152,30.00875758,31.90275692,33.76259983,35.58157387,37.35931264,39.09528582,40.78894383,42.43971691,44.04701404,45.6102219,47.12870367,48.60179781,50.02881671,51.40904527,52.74173938,54.02612424,55.26139262,56.44670295,57.58117722,58.66389877,59.69390987,60.67020905,61.59174823,62.45742954,63.26610188,64.01655701,64.70752534,65.33767112,65.90558704,66.40978818,66.84870499,67.22067522,67.52393452,67.75660532,67.91668355,68.00202264,68.01031398,67.93906293,67.78555924,67.54684041,67.21964687,66.80036808,66.2849801,65.66897868,64.94731823,64.11437866,63.16400038,62.08965079,60.8848076,59.54364451,58.06205893,56.43897249,54.67769435,52.78705401,50.78207878,48.68421143,46.52132307,44.327949,42.14624049,40.0281759,38.03975307,36.26835834,34.83552143,33.91923616,33.79337873,34.89442512,37.90573466,43.66347425
1030.236328,32.77939608,34.58909764,36.37379858,38.12892884,39.86354124,41.57351174,43.25848866,44.91801266,46.55160403,48.15876132,49.73895987,51.29165015,52.81625599,54.31217262,55.77876448,57.21536281,58.621263,59.99572162,61.33795307,62.64712591,63.92235863,65.16271496,66.36719853,67.5347467,68.66422369,69.75441251,70.80400572,71.81159472,72.77565719,73.69454246,74.5664541,75.38942941,76.16131479,76.87973626,77.54206382,78.14536812,78.68636761,79.16136374,79.56616123,79.89596996,80.14528424,80.30773514,80.37591168,80.34114866,80.19328323,79.92039218,79.50853903,78.94158977,78.20119745,77.26710559,76.11795425,74.73274846,73.09301149,71.18538086,69.00410624,66.55277839,63.84482778,60.90281878,57.75704881,54.44418491,51.00661825,47.49307317,43.96098531,40.48142411,37.14804631,34.09301005,31.51527373,29.72889985,29.22560022,30.61998199
1028.5,62.14125528,63.22852889,64.29358975,65.33239387,66.35318854,67.3524924,68.33019586,69.28610769,70.22003161,71.13176614,72.02110447,72.88783429,73.7317376,74.55259058,75.35016334,76.12421972,76.87451706,77.60080591,78.30282971,78.98032439,79.63301794,80.26062984,80.86287037,81.43943973,81.99002692,82.51430834,83.01194595,83.48258483,83.92585007,84.34134255,84.72863343,85.0872568,85.41669978,85.71638927,85.98567412,86.22380099,86.42988157,86.60284819,86.74139327,86.84388692,86.90826496,86.93187701,86.91128199,86.84197563,86.71803425,86.53166202,86.27264198,85.92771956,85.48000193,84.90854122,84.18837212,83.29134798,82.18807186,80.85096135,79.25803698,77.39660552,75.26594582,72.87853086,70.2600045,67.44868461,64.49559113,61.46601922,58.44378092,55.53973653,52.90750489,50.7718804,49.48022465,49.59191638,51.99929665,57.84495706
1026.761719,50.4451896,50.81933604,51.20131535,51.59311145,51.99174882,52.39861457,52.81384445,53.2376097,53.67008884,54.11146799,54.56194127,55.02171115,55.4909888,55.96999446,56.45895784,56.95811837,57.46772554,57.98803914,58.51932941,59.06187708,59.6159733,60.18191933,60.76002595,61.35061254,61.95400566,62.570537,63.20054041,63.84434793,64.50228419,65.17465894,65.86175687,66.56382399,67.28104931,68.01354027,68.76128989,69.5241326,70.30168505,71.09326666,71.89779274,72.7136311,73.53840962,74.3687591,75.19997185,76.02555333,76.83664397,77.62129479,78.3636007,79.042741,79.63205823,80.09843125,80.40234464,80.49915056,80.34193036,79.88596638,79.09417492,77.94226188,76.42230457,74.54410443,72.3346345,69.83665463,67.10782122,64.221552,61.27090758,58.37720277,55.70637115,53.49890661,52.12427969,52.17599023,54.60094874,60.61582884
1025.023438,47.61120648,48.72176961,49.80541422,50.85712754,51.8870647,52.89110281,53.86923345,54.82135801,55.74737999,56.64720557,57.5207442,58.36790933,59.18861914,59.9827975,60.75037487,61.4912895,62.20548866,62.89293006,63.55358346,64.18743245,64.79447649,65.37473314,65.92824061,66.45506053,66.95528108,67.42902045,67.87643055,68.29770111,68.69306403,69.06279798,69.40723299,69.72675502,70.02181001,70.29290692,70.54061895,70.76558187,70.96848739,71.1500692,71.31107767,71.45223772,71.57418177,71.67734681,71.76182009,71.82711339,71.87184102,71.89327404,71.88674778,71.84491838,71.7569105,71.60748242,71.3764578,71.03879933,70.56573785,69.92720135,69.09536639,68.04864315,66.77514743,65.27495352,63.56104471,61.659511,59.60991059,57.46684594,55.30395481,53.2220119,51.36408747,49.94337012,49.29419623,49.96247345,52.83307834,59.07161009
1023.285156,33.65535518,34.70468072,35.75455248,36.80550709,37.85712731,38.90948347,39.96249681,41.01608485,42.07015937,43.12462576,44.17938237,45.23431969,46.28931954,47.34425397,48.39898417,49.4533591,50.50721394,51.56036833,52.61262428,53.6637637,54.71354561,55.76170272,56.80793748,57.85191733,58.89326906,59.93157202,60.96634994,61.99706101,63.02308578,64.04371239,65.05811825,66.06534754,67.06428298,68.05361067,69.0317757,69.99692606,70.9468413,71.87884155,72.78967097,73.6753483,74.53097532,75.35049177,76.12636445,76.84919752,77.50725535,78.08589953,78.56696624,78.92815445,79.14256816,79.17865289,79.00086159,78.57140738,77.853307,76.81452148,75.43245668,73.69771455,71.61613139,69.20882593,66.5108133,63.56925553,60.44248476,57.20078006,53.92984539,50.73831965,47.77174949,45.23774437,43.45104511,42.9108781,44.4019897,48.9059912
1021.546875,49.61844645,50.06014994,50.48494658,50.88951756,51.28021041,51.65434031,52.01181959,52.35249777,52.67622041,52.98282904,53.27216105,53.54404963,53.79832365,54.03480763,54.25332163,54.45368121,54.63569733,54.79917632,54.94391982,55.06972472,55.17638313,55.26368233,55.33140469,55.37932765,55.40722361,55.41485977,55.40199802,55.36839453,55.31379942,55.23795599,55.1405998,55.02145715,54.88024297,54.71665766,54.53038267,54.321074,54.08835308,53.83179365,53.55090334,53.24509765,52.91366355,52.55570898,52.17009347,51.75533459,51.3094847,50.82997462,50.31342721,49.75545683,49.15049627,48.49172992,47.77125794,46.98064636,46.1119934,45.15952252,44.12151211,43.00219356,41.81324427,40.57472521,39.31565615,38.07470889,36.90165727,35.86033682,35.03411334,34.53546722,34.52259521,35.22844681,37.01183353,40.4432534,46.41057037,55.97899811
1019.808594,39.69983591,40.2797092,40.85681877,41.43121625,42.00392539,42.574731,43.14378323,43.7112341,44.27724512,44.84198803,45.40564556,45.96841233,46.53049573,47.09211695,47.65351204,48.21493307,48.77664941,49.33894903,49.90213996,50.46655179,51.03253729,51.60047403,52.17076617,52.74384612,53.32017629,53.90025064,54.48459611,55.07377357,55.66837835,56.26903975,56.87641934,57.49120737,58.11411643,58.74587121,59.38719285,60.03877531,60.7012509,61.37514016,62.06078003,62.75822159,63.46708533,64.186358,64.91410962,65.64710384,66.38026987,67.10600376,67.8132757,68.48655061,69.10459385,69.63934614,70.05520461,70.30918799,70.35247348,70.13352705,69.60247709,68.71574034,67.43963288,65.75205397,63.64211257,61.10827499,58.15590661,54.79499145,51.03859247,46.9025127,42.40683379,37.58083755,32.47494993,27.18821514,21.92727776,17.10495631
1018.070312,39.15273966,39.50270875,39.84276295,40.17138871,40.49248389,40.80479891,41.10858436,41.40407571,41.69152541,41.97120432,42.24340344,42.50843563,42.76663767,43.01837242,43.26403127,43.50403682,43.73884585,43.96895262,44.19489251,44.41724607,44.63664349,44.85376954,45.06936915,45.2842534,45.49930628,45.71549214,45.93386375,46.15557125,46.38187177,46.61413978,46.85387805,47.10272901,47.36248605,47.63510432,47.92270986,48.22760571,48.55227258,48.89936069,49.2716676,49.67209447,50.10356971,50.56892411,51.0706954,51.61083191,52.19025628,52.80824267,53.46156016,54.14335208,54.84177121,55.53849564,56.2074147,56.81396617,57.31571369,57.66460745,57.81087165,57.70776211,57.31596424,56.6065285,55.5619104,54.17544993,52.45008651,50.39719783,48.03638483,45.39708773,42.52340467,39.48484053,36.39879729,33.47643875,31.10646219,29.93126309
1016.330078,33.37041981,33.7468318,34.10929519,34.45526159,34.79007095,35.11167407,35.42015747,35.71556732,35.99795676,36.26738668,36.5239265,36.76765522,36.99866238,37.21704925,37.42293018,37.616434,37.79770567,37.96690812,38.12422424,38.26985919,38.40404294,38.52703312,38.63911823,38.74062117,38.8319033,38.91336886,38.98546997,39.0487121,39.1036602,39.15094538,39.19127215,39.22542618,39.25428249,39.27881365,39.30009782,39.31932562,39.33780505,39.35696239,39.37833684,39.40356463,39.43434711,39.4723942,39.51933137,39.57655373,39.64500575,39.72486082,39.81507406,39.91279072,40.01262017,40.10584362,40.17971636,40.21713478,40.19700245,40.09555237,39.88860559,39.55435438,39.07599179,38.44358442,37.65497247,36.71593468,35.6401488,34.4495858,33.17603613,31.86468317,30.58125636,29.42569689,28.55803423,28.24600409,28.93773473,31.26133736
1014.589844,64.85028574,65.54194432,66.19467877,66.80077535,67.37496589,67.91114598,68.40921128,68.86892017,69.29002859,69.67229047,70.01545824,70.31928341,70.58351725,70.80791163,70.99221993,71.13619824,71.23960659,71.30221054,71.32378295,71.30410606,71.24297394,71.14019537,70.99559713,70.80902789,70.58036279,70.3095087,69.99641046,69.64105813,69.24349542,68.80382966,68.32224333,67.79900755,67.23449777,66.62921202,65.98379184,65.29904644,64.57597999,63.81582216,63.02006143,62.19048028,61.32919008,60.43866216,59.52174906,58.58168634,57.62206103,56.64672687,55.65964219,54.66460504,53.66487057,52.66266663,51.65868491,50.65171358,49.63865935,48.61521353,47.57728127,46.52303563,45.45522823,44.3833674,43.32560784,42.31055563,41.37952389,40.59005572,40.02189205,39.78725833,40.04877961,41.0511691,43.17777902,47.0474703,53.64036491,64.17339178
1012.849609,51.19454277,51.25688311,51.30755742,51.34437249,51.3718688,51.38837139,51.39400514,51.38886459,51.37305344,51.34668549,51.30988561,51.26279088,51.2055518,51.13833366,51.06131806,50.97470459,50.87871271,50.77358386,50.65958373,50.53700491,50.40616978,50.26743368,50.12118858,49.96786707,49.80794678,49.64195541,49.4704762,49.29415401,49.11370202,48.92990899,48.74364713,48.55588048,48.36767352,48.18019995,47.99475083,47.81274152,47.6357161,47.46534724,47.30342884,47.15185696,47.01259285,46.88759916,46.77873648,46.68760338,46.6152978,46.56207468,46.52687531,46.50671667,46.49596278,46.4855664,46.46247189,46.40948358,46.30595923,46.12958149,45.85914007,45.4778334,44.97634557,44.35509354,43.62551577,42.8108011,41.94680575,41.08408034,40.29212777,39.66752162,39.34871123,39.54282083,40.57422912,42.96929442,47.57117433,55.45777575
1011.109375,36.59994615,36.59907671,36.5902725,36.57221597,36.54817555,36.51723782,36.47971606,36.43591909,36.38617661,36.33084105,36.27028954,36.20492614,36.1351842,36.06152911,35.98446123,35.90451915,35.8222834,35.73838045,35.65348723,35.56833616,35.48372067,35.40050153,35.31961369,35.24207409,35.16899031,35.10157016,35.04113248,34.98911903,34.94710773,34.9168273,34.9001732,34.89922502,34.91626512,34.9537981,35.01457063,35.10159052,35.21814341,35.36780426,35.55443951,35.78219361,36.05545007,36.37875305,36.75666913,37.19356052,37.69323189,38.25840344,38.88995897,39.58592843,40.3402061,41.1410984,41.96995209,42.80030762,43.59815681,44.32379476,44.93532395,45.39320836,45.66477621,45.72761433,45.57138546,45.19834632,44.62335975,43.87440052,42.99465327,42.04760937,41.12747229,40.37926318,40.03718397,40.49572349,42.41957002,46.74795055
1009.367188,48.50727332,48.07358735,47.64383334,47.21887492,46.79743612,46.38034894,45.96785318,45.56021812,45.15772784,44.76068235,44.36939877,43.98421266,43.60547948,43.23357614,42.86890272,42.51188438,42.16297339,41.82265142,41.49143197,41.16986315,40.85853058,40.55806067,40.26912414,39.99243991,39.72877927,39.4789704,39.24390328,39.0245348,38.82189429,38.6370891,38.47131022,38.3258378,38.20204594,38.1014064,38.02549038,37.97596699,37.95459677,37.96321753,38.00371878,38.07799933,38.1879004,38.33510376,38.52098039,38.74637129,39.0112776,39.31443593,39.65275927,40.02064344,40.40918217,40.80541346,41.19183239,41.54651838,41.84425442,42.05885439,42.16652571,42.14963353,42.00001226,41.72120485,41.32958962,40.85493736,40.34128861,39.84919264,39.46054731,39.28784003,39.49092427,40.3072079,42.10599086,45.48225032,51.38040884,60.98459617
1007.626953,27.78737856,28.49004888,29.18236646,29.86234738,30.5337999,31.19503007,31.84592089,32.48631237,33.11603787,33.73492368,34.34278852,34.93944308,35.5246894,36.09832025,36.66011848,37.20985618,37.74729384,38.27217938,38.78424705,39.28321618,39.76878977,40.24065285,40.69847065,41.14188643,41.57051895,41.98395957,42.38176877,42.76347205,43.12855502,43.47645756,43.80656663,44.11820763,44.41063376,44.68301278,44.93441073,45.16377138,45.36989047,45.55138314,45.70664259,45.83378758,45.9305958,45.99441961,46.02208075,46.00974079,45.95274697,45.84545801,45.68106614,45.45145046,45.14712782,44.75740547,44.27087496,43.67638716,42.964573,42.1298013,41.17224479,40.099597,38.92808721,37.68277119,36.39745442,35.11484286,33.8875853,32.78090366,31.87769617,31.28755116,31.16230801,31.72310832,33.30767183,36.44887634,41.96882204,50.83673742
1005.884766,9.84451288,10.95254285,12.05770944,13.15998247,14.2604018,15.35869259,16.45496425,17.54932468,18.64188864,19.73277825,20.82212356,21.91006309,22.99674452,24.08232532,25.16697347,26.25086823,27.33420094,28.41717584,29.50001093,30.58293888,31.66620789,32.75008258,33.83484476,34.92079415,36.00824892,37.09754594,38.18904065,39.28310634,40.38013264,41.48052284,42.58468953,43.69304809,44.80600692,45.92395336,47.04723355,48.17612389,49.31079092,50.45123507,51.59721226,52.74812489,53.9028708,55.05963515,56.21560558,57.36658653,58.50648557,59.6266459,60.7150119,61.75514758,62.72519526,63.59697187,64.33554405,64.89974243,65.2440537,65.3220351,65.09082367,64.51571909,63.57362546,62.25456739,60.56130511,58.50776433,56.11726766,53.42148395,50.46088354,47.28758956,43.97211448,40.61697589,37.38330409,34.54145545,32.55344237,32.10453228
1004.142578,25.89442707,26.48312401,27.07410148,27.66831453,28.26494207,28.86457657,29.46741428,30.07367304,30.68358259,31.29738543,31.91533771,32.53771023,33.16478948,33.79687881,34.43429966,35.07739284,35.72652,36.3820651,37.04443607,37.71406648,38.39141732,39.07697892,39.77127284,40.47485378,41.18831152,41.91227267,42.64740223,43.39440477,44.15402497,44.92704727,45.71429409,46.51662212,47.33491573,48.17007624,49.02300553,49.89458135,50.78562126,51.69683045,52.62872698,53.58153568,54.55503848,55.54836487,56.55970132,57.58589266,58.62190493,59.66011884,60.68943492,61.69420414,62.65306736,63.53790403,64.31324653,64.93665558,65.3605479,65.53567686,65.41586827,64.96296564,64.15069197,62.96654812,61.41171083,59.49964391,57.25446027,54.71003335,51.91074989,48.91493367,45.80265529,42.69132979,39.76596053,37.33614095,35.92720468,36.3053479
1002.398438,23.97167956,24.34690628,24.70880889,25.05506243,25.39095592,25.71473882,26.02671032,26.3271463,26.61634327,26.8946202,27.16232058,27.41981475,27.66750236,27.90581524,28.13522044,28.35622372,28.5693734,28.77526462,28.97454408,29.16791545,29.35614522,29.54006943,29.72060108,29.89873848,30.0755746,30.25230749,30.43025202,30.61085288,30.79569921,30.98654067,31.18530535,31.39411925,31.61532743,31.85151652,32.105538,32.38053132,32.67994527,33.00755482,33.36746926,33.76412524,34.20225453,34.68681218,35.2228432,35.81525788,36.46847449,37.18587792,37.96903645,38.81662771,39.72306536,40.67691267,41.65933316,42.64303793,43.59234497,44.46489374,45.21512217,45.79891828,46.17830363,46.32500724,46.22237075,45.86579625,45.26249209,44.43148181,43.40490868,42.23190139,40.98703431,39.78727897,38.82524003,38.43266945,39.18452418,41.93499268
1000.65625,9.209704733,9.109336468,9.027248249,8.967229073,8.922457861,8.89594937,8.887894072,8.898556414,8.928210753,8.97714181,9.04564514,9.134027619,9.242607943,9.371717136,9.521699069,9.692910974,9.885723947,10.10052344,10.33770969,10.59769816,10.88091981,11.18782129,11.51886502,11.87452896,12.25530616,12.66170385,13.09424202,13.55345127,14.03986972,14.55403864,15.0964964,15.66777012,16.26836446,16.89874622,17.55932381,18.25041943,18.97223176,19.7247858,20.50786557,21.32092385,22.16296155,23.03236701,23.9267037,24.84243284,25.77455805,26.71618344,27.65799009,28.58766425,29.48936129,30.34336508,31.12618876,31.81141503,32.37151222,32.78061503,33.01786028,33.07052362,32.93618897,32.62358753,32.15233956,31.55228056,30.86320227,30.13580932,29.43472337,28.84469966,28.4821175,28.51566712,29.20340794,30.95621644,34.41982007,40.39283689
998.912109,27.04901569,26.94763227,26.8563404,26.77764018,26.70787676,26.64897357,26.60126739,26.56515264,26.54104394,26.52937756,26.53061295,26.54523441,26.57375292,26.61670811,26.67467043,26.74824347,26.83806652,26.94481733,27.0692151,27.21202377,27.37405552,27.55617461,27.7593015,27.98441723,28.23256814,28.50487084,28.80251741,29.1267807,29.47901965,29.86068444,30.2733211,30.71857508,31.19819326,31.71402319,32.26800829,32.86217682,33.49862166,34.17946665,34.90681323,35.68265895,36.50877542,37.38652908,38.31662187,39.29872201,40.33094818,41.40916603,42.52606109,43.6699761,44.82356055,45.96239141,47.05388611,48.05699854,48.9232468,49.59941021,50.03168523,50.17040565,49.97404744,49.41147749,48.46213259,47.11455106,45.36404192,43.2102426,40.65510313,37.70168464,34.35426519,30.62087689,26.52123311,22.10777091,17.51756548,13.08321908
997.167969,37.85094766,38.18463497,38.53255951,38.89756423,39.27401894,39.66395038,40.06716125,40.48348718,40.91274893,41.35475094,41.80927954,42.27610104,42.75495955,43.24557449,43.74763789,44.26081118,44.78472168,45.31895857,45.86306821,46.41654896,46.97884506,47.54933974,48.12734717,48.71210319,49.30275456,49.89834641,50.49780757,51.09993338,51.70336546,52.30656778,52.90779825,53.50507504,54.09613616,54.67839122,55.24886336,55.80411933,56.34018525,56.85244492,57.33551748,57.78311065,58.18784642,58.54105664,58.83254945,59.05035275,59.18045263,59.20656354,59.10999803,58.86974864,58.46294907,57.86593011,57.05608679,56.01466431,54.73030078,53.20277039,51.44604854,49.48986075,47.37941092,45.17377482,42.94403558,40.77237025,38.75310416,36.99658885,35.63694732,34.84550682,34.85340781,35.9899301,38.74766551,43.88650141,52.5432253,65.96438031
995.423828,17.57864573,18.86451381,20.1252298,21.35599151,22.56610499,23.75151307,24.91199519,26.04723166,27.15689119,28.24063028,29.2980926,30.32890831,31.33269335,32.30904866,33.25755937,34.17779389,35.06930294,35.93161852,36.76425278,37.56669681,38.33841922,39.07886478,39.78745273,40.46357501,41.10659431,41.71584184,42.29061488,42.83017394,43.33373963,43.80048897,44.22955117,44.62000265,44.97086122,45.28107902,45.54953408,45.77501991,45.95623272,46.09175533,46.180037,46.2193677,46.20784533,46.14333382,46.02340983,45.84529573,45.60577731,45.30110693,44.92689777,44.4780249,43.94856484,43.33182771,42.62055939,41.80739853,40.88564116,39.85027497,38.6991161,37.43378844,36.06031608,34.58926759,33.03560562,31.41854309,29.76175302,28.09428429,26.45260225,24.8844094,23.45545278,22.26163179,21.45066961,21.25946499,22.06357589,24.33816126
993.679688,18.86858565,20.47798211,22.05703636,23.59990879,25.11780551,26.6057958,28.06357954,29.49073453,30.88682237,32.25138754,33.5839565,34.88403662,36.15111506,37.38465763,38.58410744,39.74888354,40.87837935,41.97196107,43.02896577,44.04869951,45.0304351,45.97340971,46.87682225,47.73983043,48.56154748,49.34103852,50.07731646,50.76933737,51.41599528,52.01611614,52.56845101,53.07166811,53.52434358,53.92495064,54.27184684,54.56325885,54.79726419,54.97176933,55.08448304,55.13288402,55.11418165,55.02526843,54.86266324,54.62244519,54.30017995,53.89084455,53.38876421,52.78758714,52.08034174,51.25964209,50.31812368,49.24918226,48.04803041,46.71297058,45.24664973,43.65700141,41.95767722,40.16800024,38.3127149,36.42194165,34.53176839,32.68591785,30.93905161,29.36263934,28.05512441,27.1596741,26.89542541,27.61012362,29.8458058,34.26069089
991.933594,23.70384771,24.5845862,25.44901585,26.29411847,27.12600518,27.94214933,28.74251076,29.52699216,30.29549522,31.04792074,31.78416879,32.50413885,33.20773009,33.89484151,34.5653723,35.21922207,35.85629122,36.47648133,37.0796956,37.6658393,38.23482035,38.78654986,39.3209428,39.83791868,40.33740225,40.81932426,41.28362216,41.73024079,42.15913295,42.5702597,42.96359034,43.33910183,43.69677729,44.03660323,44.35856482,44.66263832,44.94877945,45.21690584,45.46687095,45.69842611,45.9111654,46.10444695,46.27728159,46.42817771,46.5549293,46.65433438,46.72183623,46.75109473,46.7335269,46.65790895,46.5102042,46.27384473,45.9306938,45.46278199,44.85463545,44.09571884,43.18241154,42.119144,40.91873618,39.60235802,38.19972552,36.75020224,35.30556652,33.93553676,32.7379786,31.85745883,31.51897779,32.08708678,34.14710469,38.45606955
990.189453,10.55634807,12.04679021,13.50988876,14.94057137,16.34914309,17.73141556,19.08737719,20.41692472,21.71995694,22.9963752,24.2460841,25.46899215,26.66501261,27.83406439,28.9760731,30.0909722,31.17870438,32.23922298,33.27249377,34.27849683,35.25722874,36.20870501,37.13296287,38.03006437,38.90009989,39.743192,40.55949991,41.34922421,42.11261226,42.84996393,43.56163782,44.24805777,44.90971939,45.54719644,46.16114623,46.75231329,47.32152993,47.86971132,48.39784221,48.90695023,49.39805912,49.87211166,50.32984869,50.77162495,51.19713782,51.60504038,51.99241122,52.3540665,52.68173523,52.96319053,53.18153916,53.31499541,53.33752487,53.22062893,52.9361915,52.45984495,51.77402701,50.87003675,49.74889519,48.42136158,46.90778938,45.2386144,43.45633466,41.62012087,39.81499032,38.16926702,36.88757448,36.3114828,37.01201938,39.78941793
988.443359,10.13398561,11.48121386,12.81548617,14.13445169,15.44277315,16.7382944,18.02080921,19.29005368,20.5457517,21.78761406,23.01533754,24.2286038,25.4270783,26.61040896,27.77822478,28.93013423,30.06572352,31.1845546,32.28616292,33.37005496,34.43570535,35.48255365,36.51000064,37.51740406,38.50407374,39.46926591,40.41217657,41.33193375,42.2275884,43.09810358,43.94234158,44.75904852,45.54683578,46.30415744,47.02928287,47.72026306,48.37488917,48.99064128,49.56462485,50.09349182,50.57334279,50.99960649,51.36689266,51.6688163,51.89779449,52.04482532,52.09927315,52.04870937,51.87889435,51.57402961,51.11744138,50.4928407,49.6861923,48.68800185,47.49557291,46.11466665,44.5601683,42.85578164,41.03319999,39.1314189,37.19684853,35.28481401,33.46309999,31.8185774,30.46885216,29.58264269,29.41553143,30.36975074,33.06715163,38.25153106
986.697266,2.475175654,3.632357838,4.786306926,5.936586186,7.084179559,8.228451088,9.369217148,10.50627039,11.63939161,12.7683487,13.89289559,15.012771,16.12769704,17.23737772,18.34149723,19.43971796,20.5316784,21.61699062,22.69523754,23.76596974,24.82870184,25.88290839,26.92801911,27.96341339,28.98841397,30.00227951,31.00419599,31.99326653,32.96849952,33.92879439,34.87292479,35.79951848,36.70703311,37.59372698,38.45762369,39.29646895,40.10767798,40.88827098,41.63479404,42.34322226,43.00884144,43.62610479,44.18846183,44.68815906,45.11601741,45.4612017,45.71101568,45.85078521,45.86393128,45.73237809,45.43746433,44.96148719,44.2898618,43.41362114,42.3317172,41.05250724,39.59405864,37.98339202,36.25522292,34.45093646,32.61845595,30.81354116,29.10308139,27.571288,26.33051247,25.53999984,25.43843703,26.39751139,28.98431223,33.85823218
984.951172,26.84571895,28.02846374,29.17295507,30.27169212,31.3390377,32.36892557,33.36116646,34.31543044,35.23137963,36.10866814,36.9469421,37.74583963,38.50499099,39.22401866,39.90253757,40.54015541,41.13647302,41.69108486,42.20357974,42.6735416,43.10055059,43.48418432,43.8240195,44.11963384,44.37060844,44.57653068,44.73699774,44.85162081,44.92003025,44.94188176,44.91686391,44.84470707,44.72519431,44.55817437,44.34357728,44.08143294,43.77189325,43.41525815,43.01200611,42.56282905,42.06867178,41.53077473,40.95071785,40.3304613,39.67237544,38.97924819,38.25425245,37.50085126,36.72261733,35.92295229,35.10471875,34.26984884,33.41905653,32.55182166,31.66678193,30.76254731,29.83879744,28.89744516,27.94371027,26.98711072,26.04255999,25.13191937,24.28653441,23.5515988,22.99382908,22.71522483,22.8780405,23.74865821,25.75835824,29.46879781
983.203125,23.57107004,24.29368708,25.01629372,25.73910616,26.46199076,27.18491078,27.90779451,28.630565,29.35314026,30.07543275,30.79734887,31.51878827,32.23964317,32.95979758,33.67912632,34.397494,35.1147538,35.83074608,36.54529677,37.25821549,37.96929337,38.6783005,39.38498292,40.08905911,40.79021573,41.48810265,42.18232691,42.87244553,43.55795673,44.23828929,44.91278951,45.58070521,46.24116587,46.893158,47.53549433,48.16677509,48.78533916,49.38920218,49.97597797,50.54277848,51.08608674,51.60159586,52.08400704,52.52677972,52.92183066,53.259187,53.52661586,53.70928421,53.78955184,53.74706296,53.55935996,53.20324573,52.65700315,51.90330381,50.93228006,49.74401588,48.34985416,46.772414,45.04477963,43.20965928,41.31935323,39.43729593,37.64199842,36.03464145,34.75261698,33.99339946,34.05663381,35.41486331,38.80084553,45.09640053
981.455078,42.70622509,43.0407097,43.37529431,43.71028643,44.04561232,44.38136877,44.71760483,45.05437322,45.39172945,45.72973188,46.06844191,46.40792414,46.74824648,47.08948029,47.43170053,47.77498584,48.11941863,48.46508512,48.81207533,49.16048298,49.5104053,49.86194276,50.21519851,50.57027769,50.92728642,51.28633027,51.64751236,52.01093062,52.37667416,52.74481834,53.11541825,53.48849992,53.86404858,54.24199299,54.62218446,55.00436876,55.38814839,55.77293203,56.1578665,56.54174531,56.92288603,57.29896613,57.6668049,58.02207675,58.35894131,58.66957966,58.94363965,59.16762242,59.32429596,59.39230241,59.34622169,59.15741512,58.79591554,58.23337083,57.44661764,56.42107664,55.15312459,53.65101996,51.93460377,50.03449331,47.9916598,45.85825143,43.70054798,41.6052764,39.69146504,38.13202016,37.19281895,37.30077612,39.13582011,43.56741865
979.707031,32.16241591,32.60916001,33.03609194,33.43947258,33.82694031,34.19558396,34.54554328,34.87690181,35.18975421,35.48420745,35.76038216,36.01841416,36.25845607,36.48067925,36.68527584,36.87246111,37.04247612,37.19559062,37.3321064,37.45236098,37.55673185,37.64564118,37.71956117,37.77902008,37.82460906,37.85698984,37.87690347,37.88518009,37.8827501,37.87065657,37.85006923,37.82230005,37.78882051,37.75128035,37.7115279,37.6716312,37.63389927,37.60090193,37.5754856,37.56078121,37.56019781,37.57739236,37.61620162,37.68051566,37.77406501,37.90008555,38.06081949,38.25681585,38.48601878,38.74269596,39.01637175,39.2910781,39.54535366,39.75338589,39.88740309,39.92094522,39.83224774,39.60695841,39.23980491,38.73538063,38.10862873,37.38580962,36.60687693,35.83051339,35.14391694,34.68128896,34.65861041,35.4371557,37.61889963,42.0354739
977.958984,49.65714684,50.00056572,50.3479559,50.70039925,51.05626895,51.41619487,51.780152,52.14812675,52.52010296,52.89606154,53.2759801,53.65983238,54.04758778,54.4392106,54.83465935,55.23388583,55.63683409,56.04343919,56.45362578,56.86730635,57.28437926,57.70472626,58.12820967,58.55466884,58.98391606,59.41573143,59.84985675,60.28598803,60.72376623,61.16276593,61.60248125,62.04230826,62.48152308,62.91925418,63.35444745,63.78582177,64.21181234,64.63049809,65.03950845,65.43590339,65.81601923,66.17527095,66.50790063,66.80666169,67.06243118,67.26375163,67.39632299,67.44250232,67.38092749,67.18646173,66.83073405,66.28357079,65.51549043,64.50111026,63.22286934,61.67416468,59.86111346,57.80271435,55.5298666,53.08413629,50.51722801,47.89201484,45.28598765,42.79836156,40.56309379,38.77215019,37.71695721,37.85900156,39.92015252,44.79053239
976.210938,48.56958804,48.43779807,48.31785415,48.21216201,48.11606158,48.03127725,47.95768183,47.89517829,47.84365971,47.8030082,47.77309369,47.75377258,47.74488621,47.74625916,47.75769728,47.77898548,47.80988523,47.85013171,47.89943055,47.95745406,48.02383696,48.09817147,48.18000152,48.26881619,48.36404201,48.46503392,48.57106483,48.6813132,48.79484848,48.91061388,49.02740585,49.14384966,49.25837015,49.3691566,49.47412055,49.57084468,49.65652125,49.72787742,49.78108522,49.81165309,49.81429635,49.7827845,49.70976501,49.58656741,49.40299908,49.14715743,48.80530513,48.36188672,47.79980444,47.10110706,46.24824879,45.2260019,44.02391774,42.63894985,41.07761608,39.35709111,37.5049857,35.55812133,33.5610282,31.56498668,29.62828494,27.81821809,26.2154208,24.92155343,24.07231678,23.85952642,24.56860381,26.63825892,30.72294582,37.53898163
974.462891,30.4845091,31.31604912,32.13382799,32.93515454,33.72500618,34.50103717,35.2629943,36.01056056,36.74340387,37.46117606,38.16351173,38.85002695,39.52031785,40.17395913,40.81050232,41.42947393,42.03037335,42.61267054,43.17580344,43.7191751,44.24215041,44.7440525,45.22415859,45.68169537,46.11583369,46.52568253,46.91028216,47.26859614,47.59950229,47.90178205,48.17410829,48.41503097,48.62296046,48.79614791,48.93266215,49.03036252,49.0868667,49.0995129,49.06531531,48.9809122,48.84250601,48.64579584,48.38590403,48.05730151,47.65374166,47.16822066,46.59299504,45.91970503,45.13967302,44.24446203,43.2267738,42.08171359,40.80833263,39.41119924,37.90163207,36.29827102,34.62690725,32.91983287,31.21521374,29.55703936,27.99613395,26.5926856,25.42091388,24.57698275,24.19226641,24.45591583,25.65352273,28.22966605,32.85704763,40.29370684
972.712891,45.3739896,45.84302854,46.29418867,46.72391981,47.1389145,47.53630045,47.91595371,48.27768173,48.62128581,48.94656086,49.25329515,49.54127003,49.81025963,50.0600306,50.29034177,50.50094384,50.69157902,50.86198064,51.01187284,51.14097004,51.2489766,51.33558628,51.40048177,51.44333406,51.4638019,51.46153101,51.43615336,51.3872862,51.31453102,51.21747222,51.09567556,50.94868617,50.77602612,50.57719116,50.35164663,50.09882193,49.81810323,49.5088237,49.17025027,48.8015658,48.40184502,47.97002222,47.50484842,47.00483555,46.46818602,45.89270839,45.27572533,44.61399088,43.90365217,43.14031683,42.31931529,41.43626007,40.48797421,39.47376543,38.39688098,37.26587288,36.09563471,34.90806451,33.7325685,32.60682533,31.57834515,30.70746608,30.07268071,29.77977053,29.9774376,30.8844392,32.83705115,36.36811222,42.30215703,51.61435743
970.962891,56.23972134,56.84122702,57.42904347,58.00076339,58.56152194,59.10925244,59.64396339,60.16561828,60.67418228,61.16962256,61.65190858,62.12101244,62.57690929,63.01957772,63.44900027,63.86516388,64.26806049,64.65768763,65.03404904,65.39715539,65.74702502,66.08368466,66.40717024,66.71752764,67.01481346,67.29909564,67.57045396,67.82898028,68.07477838,68.30796321,68.52865924,68.73699752,68.93311099,69.11712705,69.28915646,69.44927706,69.59750994,69.73378531,69.85789369,69.96941672,70.06762979,70.15136567,70.21882578,70.26732176,70.29292847,70.29003033,70.25075253,70.16429336,70.01622412,69.78790584,69.45627968,68.99437787,68.37288696,67.56287515,66.53936813,65.28501627,63.79296253,62.06836331,60.12865298,58.00320069,55.73327018,53.37323839,50.99411515,48.69082871,46.5958495,44.90406853,43.91812791,44.12801771,46.32086743,51.5182064
969.212891,63.30484621,63.89701358,64.45604747,64.9756133,65.46826535,65.92891239,66.35754995,66.75406299,67.11833978,67.45027265,67.74975885,68.01670163,68.2510113,68.45260661,68.62141619,68.75738022,68.86045243,68.93060222,68.96781721,68.97210609,68.94350189,68.88206571,68.787891,68.66110846,68.50189163,68.31046332,68.08710295,67.8321549,67.54603818,67.22925732,66.88241484,66.50622531,66.1015312,65.66932058,65.21074647,64.72714782,64.2200714,63.69129352,63.14283977,62.57699953,61.99633025,61.4036436,60.80196148,60.19442443,59.58412798,58.97385468,58.36566391,57.76030347,57.15642709,56.54965514,55.93161283,55.28921331,54.60456305,53.85584918,53.01932759,52.072113,50.99511277,49.77541275,48.40775648,46.8952384,45.24970056,43.49250944,41.65651506,39.79027775,37.96637888,36.29727439,34.96541865,34.27905343,34.75857168,37.14307671
967.462891,50.16702085,50.68631757,51.18718588,51.66623295,52.13049419,52.57723452,53.00654069,53.41844417,53.8129838,54.19020668,54.55016908,54.89293757,55.21859011,55.52721742,55.81892443,56.09383187,56.35207815,56.59382134,56.81924147,57.02854305,57.22195788,57.39974827,57.56221048,57.70967872,57.84252947,57.96118635,58.06612544,58.15788119,58.23705282,58.30431122,58.36040634,58.40617481,58.44254763,58.47055749,58.491345,58.50616285,58.51637622,58.52345714,58.52896912,58.53453685,58.54179325,58.55229311,58.56737787,58.58797136,58.61428031,58.6453696,58.67858404,58.7088032,58.72755682,58.72210682,58.67472226,58.56250614,58.35819267,58.03220207,57.55585473,56.90514427,56.06417188,55.02751096,53.80132714,52.40368382,50.86483743,49.2284718,47.55495083,45.92808205,44.46795072,43.35468847,42.87237589,43.48746949,45.96122836,51.30898639
965.710938,61.23812626,61.2912827,61.33027165,61.35254769,61.36367175,61.3616979,61.34685976,61.31936006,61.27941796,61.22727053,61.16317451,61.08740812,61.00027317,60.9020973,60.79323659,60.67407831,60.54504411,60.4065935,60.2592277,60.10349405,59.93999074,59.7693723,59.59235556,59.40972636,59.22234708,59.03116492,58.83722123,58.64166175,58.44574797,58.2508696,58.05855812,57.87050139,57.68855902,57.51477818,57.3514092,57.20091975,57.06600578,56.94959656,56.85484942,56.78512778,56.74395294,56.73491566,56.76152786,56.82698703,56.93381756,57.08334573,57.27496342,57.50514965,57.76626437,58.04522448,58.32232627,58.57066165,58.75668694,58.84238304,58.78899405,58.56168313,58.13399662,57.49113919,56.63169847,55.5682134,54.32748531,52.9517388,51.50188568,50.06457741,48.76588411,47.79698166,47.46211883,48.26537814,51.0383266,56.91149098
963.960938,61.97045757,63.45915271,64.90681916,66.30563967,67.67099222,68.99643628,70.28180926,71.52680056,72.73109336,73.89436467,75.0162855,76.09652103,77.13473079,78.13056899,79.08368487,79.99372311,80.86032439,81.68312602,82.46176269,83.19586738,83.88507244,84.52901077,85.12731733,85.67963075,86.18559524,86.64486282,87.05709568,87.42196901,87.73917396,88.00842095,88.22944304,88.40199949,88.52587899,88.60090244,88.62692455,88.60383352,88.53154734,88.41000484,88.23914852,88.01889486,87.74908601,87.42941412,87.05930624,86.63775408,86.16306886,85.63253982,85.04197841,84.38514655,83.65310495,82.83358814,81.91061384,80.86463798,79.67359572,78.31502459,76.769112,75.02208647,73.06916843,70.9165149,68.58213245,66.09627629,63.50217876,60.85809424,58.24184161,55.75957795,53.56185613,51.8727643,51.04295714,51.64283532,54.59143487,61.0843985
962.208984,72.77819119,73.69345065,74.58629416,75.45272588,76.30108159,77.12789382,77.93309102,78.71652219,79.47803376,80.21746963,80.93467126,81.62947776,82.30172599,82.95125068,83.57788456,84.18145855,84.76180187,85.31874229,85.85210624,86.36171908,86.84740523,87.30898831,87.74629131,88.15913656,88.54734562,88.91073903,89.24913571,89.56235195,89.85019989,90.11248512,90.34900311,90.5595341,90.74383559,90.90163181,91.03259863,91.13634237,91.21237,91.26004731,91.27854041,91.26673411,91.22311839,91.14563119,91.03144241,90.87666036,90.67593958,90.42197046,90.10484158,89.71129322,89.2239358,88.6205979,87.87408607,86.95273545,85.82210982,84.44796307,82.80010046,80.85629227,78.60524722,76.04803254,73.19802289,70.0800581,66.72974668,63.1938514,59.53270342,55.8259041,52.18351259,48.76699413,45.82816217,43.77933363,43.29599197,45.29677899
960.457031,72.3608531,73.81281064,75.23090303,76.60917314,77.96022732,79.27887228,80.56503956,81.81854397,83.03919917,84.22681797,85.38121276,86.50219598,87.58958059,88.64318072,89.66281232,90.64829392,91.59944753,92.51609953,93.39808185,94.24523311,95.0574,95.83443874,96.57621671,97.28261417,97.95352613,98.5888643,99.18855901,99.75256116,100.2808439,100.773404,101.2302622,101.6514632,102.0370727,102.3871727,102.7018525,102.9811931,103.2252431,103.4339824,103.6072657,103.7447405,103.8457263,103.9090397,103.9327438,103.9137938,103.8475458,103.7270884,103.5423689,103.2791043,102.9175327,102.431168,101.7858797,100.93978,99.84444197,98.44774659,96.69809345,94.54904141,91.963092,88.91361304,85.38465645,81.36916006,76.86636353,71.87920965,66.41227941,60.47067621,54.06044535,47.19191487,39.88961687,32.21834007,24.34733477,16.69248298
958.703125,83.35722477,84.3207894,85.26043599,86.1719115,87.06418714,87.93363336,88.78025116,89.60396203,90.40468967,91.18236041,91.93690377,92.66825301,93.37634574,94.06112469,94.72253845,95.36054232,95.97509933,96.5661812,97.13376957,97.6778572,98.19844934,98.69556517,99.16923933,99.61952356,100.0464883,100.4502243,100.8308441,101.1884835,101.5233021,101.8354841,102.1252369,102.3927892,102.6383862,102.8622817,103.0647253,103.2459425,103.4061049,103.5452862,103.6633975,103.760095,103.8346463,103.8857425,103.9112335,103.9077617,103.8702646,103.7913163,103.6602898,103.4623574,103.1774125,102.77912,102.2344579,101.5042566,100.5452382,99.31376156,97.77086889,95.8875698,93.64906201,91.05703461,88.13009978,84.90321187,81.42732664,77.77061777,74.0226556,70.30347348,66.78087701,63.70244122,61.45441192,60.66649201,62.3608273,67.89469871
956.951172,76.23960643,76.92023976,77.58444859,78.22977415,78.86254591,79.48060227,80.08424832,80.67375644,81.24941994,81.8115549,82.36050223,82.89662992,83.42033553,83.93204893,84.43223528,84.92139842,85.40008447,85.86888587,86.3284459,86.77946354,87.2226989,87.65897916,88.08920516,88.51435849,88.93550938,89.35382514,89.77057933,90.18716153,90.60508757,91.02601017,91.45172947,91.88420308,92.32555473,92.77808042,93.24424999,93.72670162,94.22822496,94.75172718,95.30017306,95.87648692,96.4833985,97.12320781,97.79743475,98.50630766,99.24803351,100.0177837,100.8063343,101.5983324,102.370248,103.0882389,103.7064096,104.1662224,104.3979326,104.3246326,103.8686572,102.9590354,101.5380304,99.5651348,97.01800675,93.89101751,90.19272677,85.94366014,81.1755975,75.93362923,70.28293573,64.3242454,58.22652474,52.29432023,47.09275332,43.57316314
955.197266,75.78118327,76.62321156,77.43480985,78.21035411,78.9614066,79.68339521,80.37640386,81.04042109,81.67544386,82.28147869,82.8585429,83.406666,83.92589121,84.41627725,84.87790026,85.31085593,85.71526201,86.09126101,86.43902324,86.75875026,87.05067874,87.31508474,87.55228853,87.76266002,87.94662474,88.10467054,88.23735504,88.34531382,88.42926938,88.49004093,88.52855475,88.5458552,88.54311574,88.52164969,88.48291965,88.42854424,88.36030004,88.28011527,88.1900506,88.09225953,87.98891795,87.88210773,87.77363301,87.66474058,87.55570762,87.44525383,87.3297366,87.20210771,87.05066493,86.85774049,86.59863582,86.24129892,85.74733116,85.07473598,84.18229268,83.03473626,81.60749528,79.88994992,77.88693126,75.61901705,73.12269811,70.45167966,67.68073088,64.9140031,62.30109169,60.06709292,58.56860651,58.39487889,60.5163577,66.25267982
953.443359,82.815979,84.71242667,86.57012238,88.3820489,90.16250582,91.90536001,93.61034818,95.27706004,96.90507198,98.49394652,100.0432317,101.5524602,103.021149,104.4487982,105.8348904,107.1788896,108.4802406,109.7383671,110.9526713,112.1225317,113.2473023,114.32631,115.358853,116.3441984,117.2815789,118.1701895,119.0091836,119.7976677,120.534695,121.2192581,121.8502786,122.426595,122.9469467,123.4099532,123.8140869,124.157638,124.4386669,124.6549423,124.8038572,124.8823167,124.8865879,124.8120973,124.6531622,124.402633,124.0514302,123.5879566,122.9973851,122.2608574,121.3546934,120.2498186,118.9117384,117.3014825,115.3778755,113.1011728,110.437541,107.363341,103.8680838,99.95544529,95.64254671,90.9583543,85.94226974,80.64390312,75.12495561,69.46440216,63.76907725,58.19384639,52.97961651,48.52304907,45.48274436,44.78626748
951.689453,101.9303763,103.1408576,104.3275908,105.4865878,106.6264367,107.7433506,108.8370904,109.907322,110.9536976,111.9758552,112.9734176,113.945991,114.8931644,115.8145079,116.7095714,117.5778832,118.4189479,119.2322445,120.0172243,120.7733078,121.4998823,122.196298,122.861864,123.4958439,124.0974498,124.665836,125.2000914,125.6992295,126.1621774,126.5877619,126.9746926,127.3215404,127.6267116,127.8884149,128.1046196,128.273003,128.3908818,128.4551255,128.462043,128.4072356,128.2854062,128.0901115,127.8134406,127.4456048,126.9744202,126.3846773,125.6574078,124.7691049,123.6910221,122.3887833,120.8226494,118.9488431,116.7222205,114.1001964,111.0472567,107.5389177,103.5640217,99.12486614,94.23551351,88.91919238,83.20579676,77.13027117,70.73244874,64.05893285,57.16807549,50.14031728,43.09872539,36.24891648,29.94705881,24.75015767
949.935547,98.38974343,100.3420059,102.249827,104.1051433,105.9244923,107.7009542,109.4343572,111.1243701,112.7706547,114.372866,115.9306525,117.4436558,118.9115109,120.3338465,121.7102851,123.040443,124.3239308,125.5603538,126.7493118,127.8904001,128.9832095,130.0273271,131.0223361,131.9678167,132.8633464,133.7084997,134.5028483,135.2459603,135.937399,136.5767209,137.163472,137.6971819,138.177356,138.6034619,138.9749118,139.2910351,139.5510397,139.753957,139.8985627,139.9832651,140.0059475,139.9637461,139.8527429,139.6675406,139.4006903,139.0419354,138.5772546,137.9877207,137.2482754,136.3266511,135.1828544,133.7697795,132.0355121,129.927543,127.3984061,124.4115146,120.9456975,116.9974542,112.580964,107.7267869,102.4806007,96.90332613,91.07398032,85.09699745,79.11703041,73.34713827,68.12193021,63.99501242,61.88709524,63.08953335
948.179688,93.40851339,95.75339705,98.04152427,100.2625562,102.4377174,104.5582465,106.6240161,108.6347013,110.589975,112.489508,114.3329696,116.1200288,117.8503549,119.5236184,121.1394925,122.6976544,124.1977866,125.6395788,127.02273,128.3469508,129.6119656,130.8175159,131.9633633,133.0492934,134.0751192,135.0406862,135.9458769,136.7906155,137.5748742,138.2986774,138.9621081,139.5653117,140.1084995,140.5919495,141.0160039,141.3810592,141.6875483,141.9359072,142.1265205,142.259635,142.3352268,142.3528015,142.3110985,142.2076629,142.0382372,141.7959208,141.4700492,141.0447766,140.4974225,139.796789,138.9018721,137.7616165,136.3164491,134.5020425,132.2550316,129.5194862,126.2524357,122.4270838,118.0333712,113.0765828,107.5752404,101.5595744,95.07175403,88.16921373,80.9332628,73.48739669,66.03465812,58.93234169,52.82488824,48.75511851
946.425781,103.2210108,104.8647476,106.4682787,108.024529,109.5486607,111.0346754,112.4826796,113.8926541,115.2645903,116.5984915,117.8943747,119.152272,120.3722327,121.5543252,122.6986396,123.8052903,124.8744186,125.9061962,126.9008288,127.85856,128.7796756,129.6645087,130.513445,131.3269285,132.1054685,132.8496458,133.5601208,134.2376415,134.8830512,135.4972974,136.0814397,136.6366567,137.1642516,137.6656543,138.1424184,138.5962101,139.0287845,139.4419431,139.8374637,140.2169883,140.5818522,140.9328269,141.2697417,141.5909372,141.8924932,142.1671654,142.4029764,142.5814427,142.6755223,142.6475503,142.4476989,142.0137808,141.2733063,140.1483496,138.5628555,136.4508879,133.7637044,130.4740034,126.5769723,122.0890766,117.0462286,111.5030787,105.5351301,99.24574688,92.78149931,86.36261042,80.34210165,75.31784719,72.31377853,72.84061468
944.669922,115.9247109,118.9837802,122.0066993,124.9874949,127.9391846,130.8559923,133.737527,136.5832507,139.3926027,142.1649983,144.8998271,147.5964511,150.2542027,152.8723821,155.4502554,157.9870506,160.4819555,162.9341132,165.3426179,167.7065103,170.0247719,172.2963183,174.5199914,176.6945511,178.818664,180.8908911,182.909673,184.8733112,186.7799465,188.6275323,190.4138009,192.1362232,193.7919576,195.3777855,196.8900312,198.324458,199.6761373,200.939279,202.107013,203.171106,204.1215943,204.9463088,205.6302628,206.1548728,206.4969852,206.627699,206.5110177,206.1024469,205.3477974,204.1826543,202.533187,200.3190663,197.4590097,193.878718,189.5198566,184.3478634,178.3564943,171.5682753,164.0316968,155.8171008,147.0134112,137.7275244,128.0879589,118.2548163,108.439767,98.94347747,90.22488726,83.02535945,78.54865904,78.4245441
942.914062,130.5652067,134.1898514,137.7421629,141.2093241,144.6181887,147.9575635,151.2272027,154.4266036,157.5552547,160.6126358,163.5982182,166.5114648,169.3518309,172.1187644,174.8117064,177.4300919,179.9733505,182.4409071,184.8321833,187.1465977,189.3835677,191.5425103,193.6228438,195.6239883,197.5453675,199.3864094,201.1465467,202.8252172,204.4218621,205.9359241,207.366842,208.714043,209.9769295,211.1548598,212.2471176,213.2528691,214.1710983,215.0005149,215.7394211,216.3855213,216.9356517,217.3853978,217.7285587,217.9564044,218.0566621,218.0121671,217.7991286,217.3850227,216.7262533,215.7659476,214.4325683,212.6403123,210.2922978,207.2870033,203.5272552,198.9297418,193.4324553,186.9981969,179.6139039,171.2870442,162.0409695,151.910982,140.9425076,129.1927404,116.7379491,103.6911186,90.24049444,76.73175051,63.82893351,52.72536186
941.15625,123.9840713,127.9387695,131.8277989,135.639708,139.3987493,143.0947225,146.7273339,150.2960522,153.800333,157.2396185,160.6133378,163.9209057,167.1617235,170.3351776,173.4406401,176.4774678,179.4450024,182.3425693,185.169478,187.9250204,190.608471,193.2190851,195.7560976,198.2187216,200.6061454,202.9175295,205.1520027,207.3086555,209.3865328,211.3846232,213.3018441,215.1370228,216.8888689,218.5559384,220.1365837,221.6288849,223.0305567,224.3388194,225.5502218,226.6603983,227.6637335,228.552905,229.3182576,229.9469612,230.42189,230.7201703,230.8113696,230.6553746,230.2001563,229.3798643,228.1140107,226.3087642,223.8613117,220.6675775,216.6322964,211.6791154,205.7579907,198.8481384,190.9566368,182.1143162,172.3711506,161.7931592,150.4624833,138.4824629,125.9907932,113.1871208,100.3885312,88.13876355,77.39771914,69.68333956
939.400391,123.5567111,127.7181712,131.8196607,135.850574,139.8326129,143.756015,147.620031,151.4236601,155.1658587,158.8455374,162.4615575,166.0127283,169.4978028,172.9154738,176.2643692,179.5430472,182.7499904,185.8835995,188.9421863,191.9239659,194.8270471,197.6494229,200.388958,203.0433758,205.6102427,208.08695,210.4706929,212.7584456,214.946932,217.0325908,219.0115341,220.8794962,222.6317731,224.2631472,225.7677953,227.1391739,228.3698768,229.4514562,230.374197,231.1268323,231.6961825,232.0667012,232.2199034,232.1336604,231.7813443,231.1308347,230.1434397,228.7728693,226.9645277,224.6555654,221.7762904,218.2535592,214.0164561,209.0038252,203.1722236,196.5022259,189.0013307,180.7030207,171.663033,161.9547736,151.6658115,140.8969632,129.7652102,118.4120537,107.0203155,95.84552347,85.27391774,75.92645479,68.81026131,65.2991221
937.642578,128.6107676,131.4789053,134.2982803,137.060371,139.7832237,142.4592873,145.0883724,147.6701141,150.20414,152.6900691,155.1275127,157.5160735,159.8553459,162.144916,164.3843611,166.5732498,168.7111417,170.7975873,172.8321275,174.8142934,176.7436054,178.6195727,180.4416918,182.2094452,183.9222995,185.5797021,187.1810774,188.7258215,190.213295,191.642813,193.0136316,194.3249297,195.575784,196.7651355,197.8917426,198.9541188,199.9504462,200.8784575,201.7352747,202.5171878,203.2193523,203.8353768,204.3567642,204.7721624,205.0663766,205.2190999,205.203352,204.9836827,204.5143407,203.737829,202.5845485,200.9744469,198.8215008,196.0412173,192.5601638,188.325386,183.3112942,177.5226084,170.9936761,163.7858974,155.9855499,147.7042293,139.0840781,130.3106604,121.6384767,113.4388936,106.2893824,101.1345658,99.5228299,103.5663114
935.884766,115.7820446,117.6737172,119.5428138,121.3860186,123.211702,125.0166293,126.8009143,128.564604,130.3077542,132.0304299,133.7327068,135.4146719,137.0764247,138.7180785,140.339761,141.9416166,143.5238067,145.0865122,146.6299342,148.1542957,149.6598436,151.1468495,152.6156113,154.0664544,155.4997325,156.9158271,158.3151476,159.6981289,161.0652275,162.4169157,163.7536716,165.0759643,166.3842328,167.678855,168.9601035,170.2280834,171.482645,172.723261,173.9488557,175.1575677,176.3464196,177.5108643,178.6441626,179.7365412,180.7740698,181.7372055,182.5989745,183.3228428,183.8604752,184.1498318,184.1143702,183.6643866,182.7014716,181.1263871,178.849383,175.8006506,171.9381992,167.2514519,161.7607035,155.5141677,148.5849821,141.0704505,133.0956543,124.8240822,116.4798156,108.3902038,101.0666057,95.35267689,92.6501002,94.92411756
934.126953,122.8797527,124.4771275,126.053354,127.6051089,129.1400747,130.6549971,132.1497619,133.6241769,135.0780436,136.5111574,137.9233066,139.3142724,140.6838279,142.0317381,143.3577587,144.6616352,145.9431024,147.2018826,148.4376847,149.6502021,150.839111,152.0040673,153.144704,154.2606274,155.3514116,156.4165936,157.4556647,158.468062,159.4531561,160.4102357,161.3384882,162.2369747,163.1045974,163.9400573,164.741799,165.5079382,166.2361663,166.9236238,167.5667331,168.1609756,168.7005959,169.1782098,169.5842869,169.9064762,170.1287417,170.2302874,170.1842819,169.9564641,169.5038362,168.7738383,167.704614,166.2271095,164.2695951,161.7645747,158.657043,154.9121714,150.5204544,145.499368,139.8920934,133.7649866,127.2058164,120.3246556,113.2592715,106.1875092,99.35110196,93.09953696,87.97033883,84.83079915,85.07615343,90.53921555
932.369141,108.4025894,111.2810779,114.1009981,116.8517806,119.5552038,122.2021579,124.7924188,127.3255525,129.801116,132.2186579,134.5777176,136.8778263,139.1185064,141.2992724,143.4196305,145.4790792,147.4771099,149.4132068,151.2868478,153.0975048,154.8446443,156.5277282,158.1462139,159.6995554,161.1872032,162.6086048,163.9632047,165.2504431,166.4697549,167.6205668,168.7022921,169.7143242,170.6560247,171.5267072,172.3256128,173.0518745,173.7044661,174.2821289,174.7832674,175.2058008,175.5469533,175.8029604,175.9686579,176.0369181,175.9978841,175.8379596,175.5385248,175.0743999,174.4121821,173.5087586,172.3105385,170.7541562,168.7693943,166.2846285,163.2341746,159.5659232,155.2472752,150.2680468,144.6403392,138.3965537,131.587255,124.2805725,116.5647457,108.5558206,100.4139392,92.37504487,84.8116262,78.34620927,74.03047743,73.38724811
930.609375,133.6824908,135.0975609,136.4734411,137.8032016,139.1014578,140.3622065,141.5853811,142.7707802,143.9182017,145.0274431,146.0983022,147.1305774,148.1240685,149.0785771,149.9939079,150.8698689,151.7062727,152.5029376,153.2596883,153.9763578,154.652788,155.2888317,155.8843536,156.4392322,156.9533608,157.4266491,157.8590244,158.2504317,158.6008345,158.9102127,159.1785608,159.4058823,159.5921811,159.7374484,159.8416417,159.9046544,159.9262702,159.9060973,159.8434743,159.7373342,159.586012,159.3869737,159.1364367,158.8288463,158.4561646,158.0069302,157.4650609,156.8084177,156.0072449,155.0227654,153.8064325,152.3005365,150.4408662,148.1617168,145.4026898,142.1158064,138.271107,133.859499,128.8928399,123.4023382,117.4368575,111.0627142,104.3665137,97.46298514,90.5111711,83.74556483,77.53518864,72.49262738,69.64181221,70.43335596
928.851562,103.5532105,104.8999919,106.2242935,107.5223098,108.802393,110.0611372,111.298521,112.5144467,113.7088169,114.8815347,116.032504,117.1616296,118.2688179,119.3539765,120.4170154,121.4578465,122.4763842,123.4725461,124.4462525,125.3974273,126.3259976,127.2318942,128.1150509,128.9754042,129.8128927,130.6274553,131.4190292,132.1875467,132.9329306,133.6550879,134.3539002,135.0292114,135.6808099,136.3084043,136.9115898,137.4898024,138.0422554,138.5678524,139.0650683,139.5317856,139.9650707,140.3608692,140.7135942,141.0155745,141.2563313,141.4216526,141.4924626,141.443536,141.242214,140.8474453,140.2096802,139.2723006,137.9751863,136.2605315,134.080144,131.4026268,128.2186751,124.5435112,120.4167959,115.9014277,111.0830794,106.0723403,101.0114465,96.0883842,91.56328473,87.8165445,85.43630717,85.37161364,89.14220653,98.7113645
927.091797,94.09675128,95.71442912,97.29039842,98.8169668,100.309787,101.7624291,103.1748227,104.5467534,105.8780064,107.168367,108.4176209,109.6255554,110.7919598,111.9166261,112.9993506,114.0399344,115.038185,115.9939179,116.9069577,117.7771404,118.604315,119.3883461,120.1291162,120.8265284,121.4805094,122.0910127,122.658022,123.1815542,123.6616637,124.0984448,124.492035,124.8426161,125.1504152,125.4157014,125.6387795,125.8199772,125.9596231,126.0580108,126.1153433,126.1316485,126.1066529,126.0395969,125.9289679,125.7721212,125.5647525,125.3001851,124.9684424,124.5551115,124.0400791,123.3963509,122.5893535,121.5772942,120.3131817,118.7488144,116.8403674,114.554444,111.8731169,108.7969277,105.3458014,101.5587834,97.4940096,93.23045484,88.87315721,84.56427419,80.50407047,76.98969413,74.4866377,73.75614318,76.03729642,82.98192238
925.332031,108.9052394,110.1904334,111.4420199,112.6539643,113.8389388,114.9918779,116.1128307,117.2017376,118.2585451,119.283207,120.2756853,121.2359512,122.1639864,123.0597847,123.9233532,124.7547144,125.5539081,126.3209931,127.05605,127.7591836,128.4305257,129.0702383,129.6785171,130.2555948,130.8017452,131.3172874,131.8025899,132.2580752,132.6842236,133.0815769,133.4507417,133.7923904,134.1072604,134.3961493,134.6599049,134.899406,135.1155323,135.3091147,135.4808609,135.6312431,135.760333,135.8675618,135.9513771,136.0087591,136.0345529,136.0205706,135.9544321,135.8181537,135.58659,135.2259959,134.6932025,133.9361159,132.8962678,131.5137771,129.734243,127.5161623,124.8370629,121.6971056,118.1201254,114.1532345,109.8667121,105.3560479,100.7481803,96.21474097,91.99719746,88.45324504,86.1421257,85.97622474,89.43594292,98.48124943
923.570312,96.83063488,97.84147964,98.83704314,99.81516301,100.7816894,101.734625,102.6742508,103.6008166,104.5145916,105.4158651,106.3049491,107.18218,108.0479203,108.9025617,109.7465273,110.580274,111.4042963,112.2191292,113.0253516,113.8235909,114.6145266,115.3988952,116.1774951,116.9511918,117.7209232,118.4877056,119.2526391,120.0169137,120.7818138,121.5487231,122.3191276,123.0946155,123.8768745,124.6676827,125.4688918,126.2823974,127.1100921,127.9537933,128.8151336,129.6954002,130.5953,131.5146228,132.4517611,133.4030401,134.3617944,135.3171323,136.2523412,137.1429425,137.9545256,138.6407043,139.1418287,139.3853691,139.2889234,138.7663215,137.7362278,136.1314242,133.9064115,131.0416388,127.544191,123.4461976,118.8029307,113.6926163,108.2199482,102.5257918,96.80729059,91.3565653,86.63406046,83.40347192,82.93759714,87.02140419
921.810547,91.46350617,92.35407698,93.24525221,94.13776086,95.03115145,95.925563,96.82095709,97.71729452,98.61453264,99.51262484,100.4115201,101.3111621,102.211489,103.1124318,104.0139142,104.9158505,105.818145,106.7206896,107.6233624,108.5260247,109.4285186,110.3306631,111.2322504,112.1330401,113.0327536,113.9310661,114.827597,115.7218989,116.6134426,117.5015991,118.3856172,119.264595,120.1374433,121.0028404,121.8591724,122.7044583,123.5362517,124.3515149,125.146454,125.916305,126.6550553,127.355082,128.0066856,128.5974954,129.1117279,129.5292919,129.8247676,129.9663551,129.9149965,129.6240325,129.0399212,128.1046107,126.7599659,124.9540628,122.6483101,119.8237028,116.484633,112.659677,108.4000806,103.7775472,98.88313295,93.8288905,88.75391298,83.83710618,79.32089126,75.55394063,73.06792689,72.70965699,75.81487064,84.06174187
920.048828,97.64364826,98.12768504,98.60334226,99.06975756,99.53014089,99.98352684,100.4301679,100.8703067,101.3042026,101.7321325,102.1543926,102.5713002,102.9831951,103.3904414,103.79343,104.1925805,104.5883439,104.9812047,105.3716845,105.7603444,106.1477888,106.5346685,106.921685,107.3095936,107.6992084,108.0914055,108.4871276,108.8873877,109.2932719,109.7059422,110.1266367,110.5566685,110.9974198,111.4503318,111.9168867,112.3985778,112.8968648,113.4131053,113.9484549,114.5037206,115.0791507,115.6741341,116.2867781,116.913319,117.5473177,118.178586,118.791806,119.3648523,119.866927,120.2567994,120.4816896,120.4775654,120.1716535,119.487547,118.3523874,116.7045646,114.4999259,111.7150504,108.3474202,104.4135059,99.94633309,94.99408018,89.62111178,83.9130628,77.9886491,72.02351446,66.29690698,61.2806444,57.7844415,57.01355143
918.287109,91.95841212,92.84094802,93.71324315,94.57395964,95.42683396,96.2704113,97.10473269,97.92980816,98.74565077,99.55227683,100.3497062,101.1379625,101.9170736,102.6870716,103.4479934,104.1998808,104.942781,105.6767464,106.4018351,107.1181108,107.8256429,108.5245059,109.2147794,109.8965467,110.569894,111.2349079,111.8916732,112.5402685,113.1807607,113.8131978,114.4375981,115.0539361,115.6621235,116.2619826,116.8532111,117.4353336,118.0076361,118.5690767,119.1181647,119.6527954,120.1700266,120.6657763,121.1344154,121.5682271,121.9566988,122.2856205,122.5359853,122.6827371,122.6935115,122.5276691,122.1361079,121.462485,120.4463947,119.0286005,117.1575983,114.7960178,111.9252091,108.5470785,104.6834215,100.3739558,95.67459733,90.65743707,85.41380341,80.06218703,74.76412819,69.75413241,65.3953355,62.27972595,61.37448379,63.9919111
916.525391,100.1748513,100.6190726,101.0527985,101.4745612,101.8882953,102.2925636,102.6874823,103.0731411,103.4496379,103.8170792,104.1755809,104.5252691,104.8662815,105.1987674,105.5228897,105.8388254,106.146767,106.4469238,106.7395232,107.0248124,107.3030591,107.5745541,107.839612,108.0985727,108.3518034,108.5996989,108.8426831,109.0812084,109.3157558,109.5468325,109.7749682,110.000709,110.2246072,110.4472062,110.6690184,110.890492,111.1119647,111.333597,111.5552772,111.7764893,111.9961263,112.2122317,112.4216421,112.6195003,112.7986029,112.948547,113.0546599,113.0967348,113.0476872,112.8723925,112.5271551,111.9604253,111.1153549,109.9344022,108.3654384,106.3680188,103.9182175,101.0109981,97.66018353,93.89703763,89.76888658,85.33919073,80.69044579,75.93167716,71.2135613,66.75708158,62.90716941,60.22997014,59.65694889,62.46567012
914.763672,108.6774231,110.1842128,111.6482091,113.06169,114.4407832,115.7790191,117.0764434,118.332963,119.5484917,120.7229518,121.8562749,122.9484036,123.9992929,125.0089124,125.9772477,126.9043033,127.7901046,128.6347009,129.4381686,130.2006146,130.9221804,131.603046,132.2434352,132.8436204,133.4039291,133.9247495,134.4065381,134.8498267,135.2552302,135.6234547,135.9553055,136.2516944,136.5136453,136.7422988,136.9389105,137.1048448,137.2415571,137.3505601,137.4333678,137.4914028,137.5258541,137.5374597,137.5261858,137.4907595,137.4280058,137.331931,137.1925041,136.9941206,136.7138225,136.3195101,135.7686185,135.0079852,133.9757147,132.6055371,130.8333415,128.6045673,125.8805913,122.6426618,118.8930789,114.6544949,109.968857,104.8976505,99.52514622,93.96683036,88.38670162,83.03059221,78.28957975,74.81742011,73.71233539,76.5349505
913,127.0315884,126.8631586,126.6912471,126.5153404,126.3365728,126.1543046,125.9683949,125.7786805,125.5849891,125.387138,125.1849339,124.9781712,124.766631,124.5500802,124.3282694,124.1009317,123.8677807,123.628508,123.3827813,123.1302407,122.8704963,122.6031232,122.3276581,122.0435931,121.7503697,121.4473713,121.1339146,120.8092385,120.4724914,120.1227161,119.7588303,119.379604,118.9836311,118.5692939,118.1347196,117.677726,117.1957523,116.6857733,116.1441899,115.5666915,114.9480811,114.2820571,113.5609407,112.7753426,111.9137687,110.9621746,109.903509,108.7173288,107.3796396,105.8632039,104.1386312,102.1765597,99.95105344,97.44393382,94.64926734,91.57695165,88.25459981,84.72767186,81.05863071,77.32638036,73.62731863,70.07929446,66.82999743,64.07220392,62.07034284,61.20679403,62.06282464,65.55305915,73.08620705,86.32435028
911.236328,108.8079665,108.7767964,108.7266121,108.6542644,108.5671818,108.4628291,108.3415669,108.203718,108.0496302,107.8796783,107.6942669,107.493833,107.2788491,107.0498265,106.8073189,106.5519267,106.2843018,106.0051519,105.7152469,105.4154247,105.1065982,104.7897631,104.4660064,104.1365157,103.8025899,103.4656508,103.1272555,102.789111,102.453089,102.1212427,101.795824,101.4793022,101.1743825,100.884024,100.6114557,100.3601884,100.1340188,99.93702119,99.77351828,99.64802107,99.56512006,99.52930474,99.54467796,99.61451957,99.74064061,99.92245772,100.1557167,100.4308198,100.7307873,101.0290452,101.2874785,101.4554843,101.4709229,101.263641,100.761486,99.8976636,98.61757907,96.88350435,94.67644873,91.9957984,88.85802188,85.29592814,81.35995689,77.12325049,72.69332902,68.23586291,64.0216967,60.51755711,58.5373035,59.3131566
909.472656,125.3092839,126.1420786,126.9585201,127.7561976,128.541106,129.3108398,130.0654121,130.8047829,131.5289141,132.2377698,132.931316,133.6095216,134.2723584,134.9198009,135.5518276,136.1684203,136.769565,137.3552515,137.9254744,138.4802324,139.0195287,139.5433705,140.0517686,140.5447366,141.0222896,141.4844421,141.9312052,142.3625825,142.7785645,143.1791204,143.5641878,143.9336572,144.2873522,144.6250013,144.9462006,145.2503616,145.5366419,145.8038483,146.0503069,146.2736841,146.470744,146.6370184,146.7663613,146.850355,146.8775277,146.832354,146.6940253,146.4350379,146.0197494,145.4032244,144.5309035,143.3397857,141.7617497,139.7291442,137.1818911,134.0744734,130.3809725,126.0970716,121.2392253,115.8422426,109.9569078,103.6491464,97.00209801,90.12276253,83.15608776,76.31219711,69.91803833,64.51254051,60.99248929,60.62498805
907.708984,120.8670631,120.6384735,120.41142,120.1869687,119.9646693,119.7451768,119.5288486,119.3160727,119.107259,118.9028414,118.7032792,118.5090592,118.320698,118.1387437,117.9637789,117.7964233,117.6373365,117.4872208,117.3468254,117.2169492,117.0984452,116.9922245,116.8992605,116.8205939,116.757337,116.7106788,116.6818897,116.6723257,116.6834326,116.7167486,116.7739052,116.8566264,116.9667229,117.1060809,117.2766431,117.4803774,117.7192275,117.9950405,118.3094584,118.6637606,119.0586376,119.4938686,119.967867,120.4770497,121.0149753,121.5711968,122.12979,122.6675676,123.1521022,123.5398709,123.7750987,123.7901224,123.5081229,122.8486269,121.735213,120.1037593,117.9091024,115.128588,111.7623581,107.8314834,103.3756421,98.45203723,93.13712368,87.53300119,81.7815636,76.09248171,70.79716393,66.44986364,63.98752244,64.76476338
905.945312,102.7216445,102.7025174,102.7002564,102.7193768,102.7535996,102.8061238,102.8774454,102.9681523,103.0788614,103.2102205,103.3629108,103.5376482,103.7351868,103.9563204,104.201886,104.4727665,104.7698934,105.0942508,105.4468784,105.8288755,106.2414046,106.6856955,107.1630495,107.6748432,108.2225325,108.8076563,109.4318395,110.096795,110.8043242,111.5563163,112.3547427,113.2016488,114.0991381,115.0493479,116.0544122,117.1164065,118.2372676,119.4186786,120.661905,121.9675619,123.3352885,124.763292,126.2477172,127.7817819,129.3546131,130.9497138,132.5430166,134.1005446,135.575845,136.9076018,138.0181643,138.8140202,139.189251,139.0324116,138.236039,136.7066259,134.3723316,131.1865049,127.1267843,122.1910584,116.3921753,109.753081,102.3035791,94.07967462,85.12690505,75.51077084,65.34172641,54.83195845,44.41531668,34.93967587
904.179688,115.4632206,115.1574369,114.8727471,114.6140895,114.3734663,114.1544695,113.9573633,113.7825005,113.6302478,113.5009863,113.3951118,113.3130357,113.2551857,113.222006,113.2139582,113.2315218,113.2751944,113.3454923,113.4429505,113.5681228,113.7215816,113.9039169,114.1157357,114.3576597,114.630323,114.9343685,115.2704422,115.6391867,116.0412312,116.4771785,116.947588,117.452952,117.9936651,118.5699826,119.1819657,119.8294081,120.5117373,121.2278841,121.9761061,122.7537533,123.5569528,124.3801908,125.2157564,126.0530152,126.8774716,127.6695958,128.4034178,129.0449658,129.5507488,129.8666836,129.9280891,129.6615198,128.9890736,127.8351877,126.1349101,123.8417073,120.9327678,117.4107348,113.3022969,108.6551972,103.535559,98.02722576,92.23463642,86.29111359,80.37583485,74.74591917,69.79606468,66.16552473,64.89282616,67.3762554
902.416016,122.3626366,123.0159769,123.6434106,124.2403519,124.8163384,125.3672922,125.8930464,126.3933366,126.86789,127.3164248,127.7386502,128.1342654,128.5029597,128.8444115,129.1582878,129.4442436,129.7019214,129.9309498,130.130943,130.3014995,130.442201,130.5526105,130.6322712,130.6807037,130.6974039,130.6818398,130.6334477,130.5516275,130.4357368,130.2850836,130.0989168,129.8764141,129.6166666,129.3186582,128.9812398,128.6030937,128.1826882,127.7182159,127.2075122,126.6479462,126.0362739,125.3684434,124.6393342,123.8424151,122.9693005,122.0091918,120.9482039,119.768613,118.4481234,116.9593505,115.2698325,113.3429634,111.1401761,108.6243968,105.7642672,102.5381507,98.93687283,94.96463863,90.63834374,85.98609233,81.0459313,75.8657297,70.50507447,65.04030607,59.5746791,54.25757561,49.3204467,45.14208833,42.34597153,41.79577328
900.650391,113.2081235,113.2817566,113.3587994,113.4406509,113.5258534,113.6150811,113.7083937,113.805867,113.9075794,114.0136122,114.124049,114.2389764,114.3584833,114.4826611,114.6116032,114.7454051,114.8841636,115.0279764,115.1769413,115.3311551,115.4907126,115.6557048,115.8262166,116.0023243,116.1840921,116.3715671,116.5647743,116.7637085,116.968325,117.1785271,117.3941504,117.6149419,117.8405331,118.070405,118.3038421,118.5398722,118.7771867,119.0140359,119.2480894,119.4762522,119.6944193,119.8971519,120.0772509,120.2252011,120.3284583,120.3705621,120.3300775,120.1794248,119.8837535,119.4001573,118.6776994,117.6588172,116.2825645,114.4896758,112.228663,109.4614684,106.1671391,102.3427242,98.00171599,93.17117009,87.88884572,82.20148913,76.1651359,69.84838591,63.34029239,56.76624134,50.31874641,44.31549519,39.2923954,36.03771097
898.884766,125.0954188,125.1241213,125.1292035,125.1064793,125.0649026,125.0009773,124.9148017,124.8064026,124.6758152,124.5230843,124.3482653,124.1514255,123.9326455,123.6920205,123.4296623,123.1457007,122.8402863,122.5135921,122.1658165,121.7971858,121.4079579,120.9984254,120.5689194,120.1198141,119.6515312,119.1645452,118.6593888,118.136659,117.5970229,117.0412249,116.4700923,115.8845422,115.285586,114.6743336,114.0519936,113.4198693,112.7793476,112.1318758,111.4789227,110.8219132,110.1621274,109.5005459,108.8376197,108.1729356,107.5047385,106.829271,106.1398927,105.4259653,104.6715553,103.8541177,102.9434967,101.9017627,100.6844662,99.24367586,97.53259099,95.51080088,93.14886476,90.43116165,87.35676865,83.93896027,80.20438668,76.19308427,71.96049032,67.58293797,63.16910924,58.88225884,54.98270949,51.90693023,50.39105455,51.49003097
897.117188,119.7253484,118.9671,118.2305369,117.5208081,116.8298063,116.1613543,115.5158592,114.8938294,114.2957963,113.7223157,113.1739691,112.6513654,112.1551426,111.6859693,111.2445468,110.8316109,110.4479341,110.0943276,109.7716433,109.4807767,109.2226683,108.9983065,108.8087294,108.6550269,108.5383422,108.4598728,108.4208708,108.4226423,108.4665449,108.5539827,108.6863989,108.8652638,109.0920557,109.3682356,109.695208,110.074268,110.5065245,110.9927954,111.5334593,112.1282515,112.7759821,113.4741483,114.2184059,115.0018559,115.8140975,116.6400002,117.4581721,118.2391603,118.9435384,119.5202339,119.9057034,120.0247697,119.7938999,119.1271731,117.9441771,116.1780194,113.7812946,110.7286014,107.0156138,102.6559099,97.67720148,92.11843246,86.02888144,79.47038821,72.52449645,65.3082248,58.00642448,50.93626433,44.66082197,40.08037396
895.351562,112.8967407,112.9765442,113.0472695,113.1078645,113.1616274,113.2073114,113.2449817,113.2746786,113.2964471,113.3103369,113.3164036,113.3147082,113.3053186,113.2883092,113.2637623,113.2317679,113.1924251,113.1458421,113.0921373,113.0314394,112.9638888,112.8896375,112.8088496,112.721702,112.6283842,112.5290979,112.4240562,112.3134825,112.1976075,112.0766652,111.9508877,111.820496,111.6856882,111.546622,111.4033902,111.255987,111.1042604,110.9478457,110.7860742,110.6178458,110.4414534,110.2543411,110.0527728,109.8313836,109.582581,109.2957631,108.9563353,108.5445419,108.0342025,107.3915678,106.574673,105.5337055,104.2128948,102.5541061,100.5016838,98.00739995,95.0341108,91.55716528,87.56348445,83.04898419,78.01527957,72.46644562,66.40628929,59.83636219,52.75498179,45.15807312,37.04441291,28.43301316,19.41376047,10.28969995
893.583984,135.3770859,135.4306601,135.4641054,135.4741431,135.4684453,135.4441834,135.4015681,135.3407583,135.2619282,135.1652685,135.0509884,134.9193172,134.770506,134.6048303,134.4225919,134.224122,134.0097838,133.7799754,133.5351342,133.2757396,133.0023184,132.7154484,132.4157643,132.103963,131.7808093,131.4471429,131.1038853,130.7520464,130.3927329,130.0271553,129.656635,129.2826109,128.9066436,128.5304171,128.1557355,127.7845128,127.4187501,127.0604977,126.7117907,126.3745487,126.0504225,125.7405651,125.4452957,125.1636163,124.8925303,124.6261066,124.3542405,124.0610964,123.723304,123.3081368,122.7721354,122.0608791,121.1106917,119.8527585,118.219346,116.1508366,113.6017605,110.5443877,106.9695347,102.885353,98.31544918,93.29775559,87.88548233,82.15169636,76.2000584,70.1867165,64.36357225,59.16168398,55.33033312,54.00672455
891.816406,106.7166679,108.6974193,110.6309099,112.5084133,114.3473358,116.1401024,117.8863095,119.5853683,121.2366685,122.8395775,124.3934387,125.8975708,127.3512656,128.7537873,130.1043703,131.4022177,132.6464989,133.8363479,134.9708605,136.049092,137.0700538,138.0327102,138.9359749,139.7787061,140.5597019,141.2776947,141.9313442,142.5192299,143.0398416,143.4915683,143.8726849,144.1813358,144.4155146,144.5730391,144.6515195,144.6483186,144.5605005,144.3847644,144.1173595,143.753973,143.2895848,142.7182771,142.0329869,141.2251867,140.2844815,139.1981134,137.9503853,136.5220489,134.8897641,133.0258289,130.898478,128.473104,125.7146625,122.5911979,119.0779286,115.1609123,110.8393274,106.1259524,101.0461827,95.63647232,89.9432263,84.02307721,77.94544472,71.79860518,65.70149204,59.82562229,54.43565413,49.96221454,47.1081071,46.83095007
890.048828,88.36929062,89.07088799,89.76145149,90.43954777,91.10924794,91.76902855,92.41898229,93.05917218,93.68966773,94.31054556,94.92188997,95.52379368,96.1163585,96.69969614,97.27392907,97.83919134,98.39562962,98.94340413,99.48268971,100.0136769,100.5365729,101.0516029,101.5590108,102.0590601,102.5520349,103.0382398,103.5180002,103.9916611,104.4595854,104.9221506,105.3797434,105.8327516,106.2815516,106.7264907,107.1678617,107.605866,108.0405626,108.4717954,108.8990921,109.3215226,109.7375023,110.1445204,110.5387663,110.9146215,111.263981,111.5753671,111.8328159,112.0145589,112.0916106,112.0265188,111.7727264,111.2751587,110.4726286,109.3022728,107.7054725,105.6339164,103.0541791,99.94974207,96.32044536,92.18027932,87.55479107,82.4792776,76.99873834,71.17063172,65.07216086,58.81561414,52.57916881,46.66723097,41.61401075,38.25387646
888.279297,93.21302021,93.25299399,93.30518189,93.37274036,93.450958,93.54196272,93.64591791,93.76303945,93.89355156,94.03768717,94.1956882,94.3678059,94.55430113,94.75544465,94.97151736,95.20281042,95.44962541,95.71227424,95.99107904,96.28637179,96.59849368,96.92779423,97.27462984,97.63936189,98.02235406,98.42396865,98.84456171,99.28447647,99.74403465,100.2235249,100.7231877,101.243195,101.7836236,102.3444204,102.9253547,103.5259573,104.1454369,104.782571,105.4355582,106.1018227,106.7777521,107.4583493,108.1367705,108.8037213,109.4466774,110.0489078,110.5883015,111.0360578,111.3554005,111.5006399,111.4170878,111.0424586,110.3102748,109.1552975,107.5201589,105.3616106,102.6547001,99.39396727,95.59195763,91.27625535,86.48648761,81.27253487,75.69492641,69.82848954,63.77107573,57.66108456,51.71137348,46.27295403,41.93630579,39.56226487
886.511719,94.30200668,94.56650761,94.82726519,95.08415869,95.33857094,95.59012994,95.83897624,96.085248,96.32909218,96.57066524,96.81013379,97.04767536,97.28347925,97.51774733,97.750695,97.98255214,98.21356415,98.44399303,98.67411847,98.90423897,99.134673,99.36576009,99.59786185,99.83136288,100.0666714,100.3042196,100.5444633,100.7878813,101.0349732,101.2862555,101.5422567,101.8035082,102.0705319,102.3438216,102.6238173,102.9108678,103.205179,103.5067411,103.815227,104.1298519,104.4491782,104.770847,105.0912121,105.4048437,105.7038702,105.9771236,106.2090765,106.3785978,106.4576457,106.4101591,106.1915929,105.7496957,105.0270913,103.9658369,102.513385,100.6286141,98.28636139,95.47947398,92.21846222,88.5297478,84.45386136,80.04488306,75.37232153,70.52689388,65.63270624,60.87075353,56.52342367,53.05625247,51.24235587,52.16586859
884.742188,93.02693419,93.07075218,93.11376652,93.15688052,93.20057672,93.24530589,93.29155878,93.33985889,93.39076076,93.44485232,93.50275756,93.56513939,93.63270282,93.70619836,93.78642578,93.87423827,93.9705469,94.07632558,94.19261642,94.32053563,94.46127996,94.6161337,94.78647627,94.97379048,95.1796714,95.40583582,95.6541323,95.92655168,96.22523774,96.55249787,96.9108131,97.30284672,97.73145039,98.19966597,98.71072049,99.26801072,99.87507171,100.5355218,101.2529729,102.0308897,102.8723761,103.7798564,104.754609,105.7960957,106.9010148,108.0619986,109.2658792,110.4914913,111.7070851,112.8676319,113.9126089,114.765183,115.3338461,115.517188,115.2114818,114.3194493,112.7577994,110.4615147,107.3841923,103.495129,98.77453807,93.2082195,86.78255646,79.48031763,71.27772997,62.14411735,52.04841016,40.9862357,29.06787723,16.78158358
882.972656,112.5145058,112.4613016,112.3948087,112.31315,112.2213629,112.1176712,112.0022743,111.8753424,111.7370594,111.5876244,111.4272527,111.2561777,111.0746525,110.8829512,110.6813718,110.4702375,110.2498996,110.0207401,109.7831745,109.5376551,109.2846743,109.0247686,108.7585226,108.4865737,108.2096167,107.928409,107.6437761,107.3566173,107.0679112,106.7787212,106.4902009,106.2035975,105.9202544,105.6416105,105.3691945,105.1046126,104.8495262,104.6056127,104.3745048,104.1576958,103.9563976,103.7713303,103.6024159,103.4483396,103.3059332,103.1693288,103.0288368,102.86953,102.6695869,102.3985831,102.0161202,101.4713943,100.7043834,99.64908413,98.23855464,96.4106689,94.11299821,91.30551225,87.96068362,84.06149012,79.59825843,74.56524202,68.95753839,62.76871856,55.98959609,48.60923881,40.6215524,32.04729404,22.99835329,13.85377762
881.203125,94.69840069,95.30564191,95.89152462,96.4527008,96.9971962,97.52196346,98.02715592,98.51286757,98.9792041,99.42628408,99.85424029,100.2632212,100.6533924,101.0249388,101.378066,101.713003,102.0300041,102.3293521,102.6113605,102.8763775,103.1247889,103.3570221,103.5735506,103.7748983,103.9616447,104.1344301,104.2939612,104.4410174,104.5764565,104.7012206,104.8163422,104.9229481,105.0222625,105.1156072,105.2043967,105.290127,105.3743526,105.4586494,105.5445523,105.6334596,105.7264883,105.8242569,105.9265695,106.0319594,106.137045,106.2356408,106.3175728,106.3671729,106.3615009,106.2684855,106.0453834,105.6381884,104.9827121,104.0078109,102.6405359,100.8120765,98.46282903,95.54517845,92.02349178,87.87177297,83.06989345,77.59923882,71.43825016,64.55797071,56.91753283,48.45981484,39.10923576,28.78053941,17.4320706,5.293447099
879.431641,107.2923071,107.9064505,108.5022712,109.076628,109.6363001,110.1784717,110.7030866,111.2100234,111.6991589,112.1703675,112.6235213,113.0584905,113.4751428,113.8733438,114.2529568,114.6138427,114.9558603,115.2788654,115.5827115,115.8672489,116.1323245,116.3777815,116.6034586,116.8091886,116.9947979,117.1601039,117.3049132,117.4290181,117.532192,117.614184,117.6747108,117.713446,117.7300059,117.7239302,117.6946561,117.6414829,117.5635246,117.4596448,117.3283695,117.1677668,116.9752859,116.7475373,116.4799987,116.1666238,115.7993308,115.3673533,114.8564516,114.2480232,113.5182251,112.6373368,111.5697343,110.274946,108.7101988,106.8345099,104.6137666,102.0256608,99.06324552,95.73644956,92.07180472,88.11137419,83.91215567,79.54721338,75.10984087,70.72255583,66.55411344,62.85068164,59.9927422,58.59522779,59.64647076,64.43703861
877.662109,110.1188527,110.4557329,110.7825395,111.0979128,111.4055462,111.7040075,111.9933421,112.2735655,112.5446966,112.806758,113.0597761,113.303782,113.5388113,113.7649049,113.9821091,114.1904763,114.3900651,114.5809409,114.7631763,114.9368513,115.1020536,115.2588788,115.4074303,115.5478189,115.6801625,115.804585,115.9212141,116.0301793,116.1316077,116.2256185,116.3123154,116.3917757,116.4640354,116.529068,116.5867564,116.6368531,116.6789265,116.7122866,116.7358835,116.7481675,116.7468993,116.72889,116.6896497,116.6229165,116.5200364,116.3691652,116.1542865,115.8540751,115.4407278,114.8790101,114.1259419,113.1316746,111.8420621,110.2030466,108.1662754,105.6946687,102.7664759,99.3769444,95.53773313,91.27504219,86.62773539,81.64664786,76.3961556,70.95931467,65.44881694,60.02821813,54.95227131,50.6413519,47.79586832,47.40775686
875.890625,112.6814579,113.2749526,113.8412294,114.3753018,114.8873201,115.3730454,115.832378,116.265121,116.6710733,117.0500301,117.4017828,117.7261192,118.0228231,118.2916751,118.5324522,118.7449279,118.9288728,119.0840545,119.2102376,119.3071842,119.374654,119.4124045,119.4201908,119.3977665,119.3448826,119.2612884,119.14673,119.0009504,118.8236876,118.6146723,118.3736252,118.1002517,117.7942351,117.4552261,117.0828285,116.6765784,116.2359146,115.7601378,115.2483515,114.6993813,114.1116601,113.4830708,112.8107279,112.090681,111.3175188,110.483853,109.5796763,108.5916141,107.502151,106.2890085,104.9249708,103.3785592,101.6159285,99.60409579,97.31511446,94.7302993,91.8434723,88.66261381,85.21005545,81.52199592,77.6484149,73.65450484,69.62484186,65.67202112,61.95280286,58.69761045,56.26434532,55.23311723,56.53780201,61.39875065
874.119141,96.67104325,97.80276637,98.92968607,100.0518596,101.1707977,102.2858792,103.3970921,104.5044082,105.6077981,106.707231,107.8026742,108.8940933,109.981451,111.0647073,112.1438187,113.2187373,114.2894101,115.355778,116.4177742,117.4753226,118.5283361,119.5767135,120.6203366,121.6590665,122.6927383,123.7211549,124.7440796,125.7612257,126.7722445,127.7767089,128.7740934,129.7637474,130.7448618,131.7164251,132.6771658,133.6254786,134.5593254,135.4761068,136.3724915,137.2441897,138.0856545,138.8896857,139.6469095,140.3450996,140.9683076,141.4957779,141.9006519,142.1485316,142.1960849,141.990055,141.4672339,140.5560923,139.1806202,137.2663648,134.7477116,131.5746201,127.7169358,123.1652852,117.9288997,112.0316877,105.5081067,98.40007068,90.75574997,82.63104821,74.09508034,65.24254524,56.21940706,47.27483465,38.85529923,31.69886088
872.347656,112.5300306,113.1761601,113.8032255,114.408133,114.9979824,115.569954,116.1240875,116.6603626,117.1787625,117.6792755,118.1618946,118.6266186,119.0734525,119.5024087,119.9135071,120.3067765,120.6822552,121.0399923,121.3800484,121.7024967,122.0074244,122.2949338,122.5651432,122.8181883,123.0542228,123.2734194,123.4759702,123.6620862,123.8319965,123.9859462,124.124192,124.2469961,124.3546158,124.447289,124.5252118,124.5885068,124.6371775,124.6710434,124.6896483,124.6921309,124.6770442,124.642103,124.583836,124.4971097,124.3744898,124.2054036,123.9750854,123.6633254,123.2431301,122.6795441,121.9290739,120.9403125,119.6563543,118.0192134,115.9757251,113.4836232,110.516217,107.0646308,103.1376296,98.75998265,93.97071044,88.82252651,83.38370187,77.74385865,72.02626491,66.41170365,61.18397881,56.81426939,54.09199314,54.14297293
870.574219,111.8838018,112.2930059,112.700983,113.1083592,113.5153475,113.9218805,114.3279685,114.733619,115.1388395,115.5436373,115.9480192,116.3519914,116.7555592,117.1587266,117.5614957,117.9638665,118.3658357,118.7673961,119.1685356,119.5692353,119.9694684,120.3691978,120.7683733,121.1669284,121.5647761,121.9618033,122.3578648,122.7527738,123.1462923,123.5381162,123.9278587,124.315027,124.6989935,125.0789576,125.4538969,125.8225023,126.1830935,126.5335079,126.8709532,127.1918125,127.4913868,127.7635536,128.0003185,128.1912311,128.3226353,128.3767344,128.3304739,128.1542987,127.8109431,127.2545567,126.4306455,125.2774151,123.7289918,121.7205092,119.1942542,116.1053477,112.425357,108.1429798,103.2620714,97.79810757,91.77435932,85.21876583,78.16212441,70.63807045,62.68561488,54.35604384,45.72850446,36.94394145,28.27342709,20.22127619
868.800781,108.5727295,109.4794539,110.3745475,111.2565861,112.1296761,112.9920853,113.843757,114.6845922,115.514489,116.3333418,117.1410412,117.9374739,118.722522,119.4960627,120.2579676,121.0081025,121.7463259,122.4724886,123.1864325,123.887989,124.5769775,125.2532031,125.9164542,126.5664994,127.203083,127.8259206,128.4346925,129.0290357,129.6085342,130.1727055,130.7209848,131.2527034,131.7670613,132.2630918,132.7396148,133.1951759,133.627966,134.0357153,134.4155523,134.7638167,135.0758112,135.345471,135.5649284,135.723942,135.8091635,135.8032171,135.6835953,135.421426,134.980263,134.3152038,133.3728141,132.092452,130.4094834,128.2603977,125.5890354,122.352407,118.5244896,114.0971249,109.0782857,103.4888308,97.35908242,90.72631563,83.63393926,76.13312002,68.28811786,60.18806997,51.9712158,43.87349632,36.31552065,29.98466556
867.029297,100.2676066,100.97162,101.6743335,102.3762875,103.0776709,103.7783314,104.4782063,105.1772249,105.8753117,106.5723858,107.2683605,107.9631424,108.6566306,109.3487158,110.0392792,110.7281911,111.4153095,112.1004784,112.7835254,113.4642594,114.1424676,114.8179121,115.4903252,116.1594048,116.8248078,117.4861423,118.1429591,118.7947392,119.4408806,120.0806799,120.7133111,121.3377974,121.9529765,122.5574566,123.1495594,123.7272483,124.2880341,124.8288549,125.3459184,125.8344975,126.2886639,126.7009419,127.0618598,127.3593772,127.5781642,127.6987238,127.6963739,127.540166,127.1919144,126.6056553,125.7280062,124.499971,122.8605783,120.7522193,118.1267776,114.9510118,111.2097,106.9058874,102.0587147,96.70006354,90.87137717,84.62172211,78.00787033,71.09722463,63.97504068,56.75900253,49.62748619,42.87286779,36.98723068,32.69779487
865.255859,133.5061002,132.6195608,131.7505146,130.9030213,130.0703409,129.2553456,128.4581398,127.6788938,126.9177818,126.1749821,125.4506766,124.7450511,124.0582943,123.3905984,122.7421576,122.1131683,121.5038278,120.9143335,120.3448817,119.795666,119.2668751,118.7586906,118.2712841,117.8048129,117.3594154,116.9352054,116.5322642,116.1506313,115.7902927,115.4511656,115.1330797,114.8357528,114.5587602,114.301495,114.0631175,113.8424893,113.6380888,113.4479005,113.2692712,113.0987222,112.9317042,112.7622787,112.5827049,112.3829119,112.1498346,111.8666052,111.5116163,111.0575241,110.4703535,109.7089935,108.725513,107.4667914,105.8778141,103.9065149,101.50934,98.65614902,95.33310768,91.5429853,87.30329139,82.64337103,77.60168795,72.2242681,66.56502804,60.688768,54.67819757,48.64782006,42.77039383,37.32574039,32.77569059,29.77639383
863.480469,96.09455596,97.26587302,98.41997502,99.55420607,100.6746871,101.7786748,102.8659639,103.9362776,104.9893274,106.0248116,107.0424147,108.041806,109.0226389,109.9845491,110.9271534,111.850048,112.7528062,113.634977,114.4960817,115.3356118,116.1530251,116.9477425,117.7191427,118.4665575,119.1892655,119.8864844,120.5573621,121.2009662,121.8162708,122.4021403,122.9573103,123.4803631,123.9696973,124.4234903,124.8396498,125.2157537,125.5489716,125.8359654,126.0727605,126.2545785,126.3756216,126.4287925,126.4053349,126.2943737,126.0823417,125.752282,125.2830453,124.6484439,123.8165058,122.7490865,121.4022184,119.7276299,117.6757347,115.1999639,112.2616877,108.8344712,104.9064618,100.4803932,95.57160976,90.20512056,84.41276836,78.231343,71.70220746,64.87300172,57.80243452,50.57036726,43.29794199,36.18685807,29.58669741,24.04732595
861.707031,111.083329,111.3937214,111.7055862,112.0201832,112.336691,112.6554947,112.9766298,113.3001403,113.6260714,113.9544694,114.285382,114.6188572,114.9549443,115.2936924,115.6351509,115.9793687,116.3263934,116.6762709,117.0290438,117.3847508,117.7434247,118.1050903,118.469762,118.8374405,119.2081087,119.5817263,119.9582235,120.3374923,120.719376,121.103655,121.4900296,121.8780969,122.2673213,122.6569962,123.0461939,123.4337,123.8179272,124.1968016,124.5676121,124.9268107,125.2697479,125.5903217,125.8805152,126.1297922,126.3243189,126.4459885,126.4712457,126.3697651,126.103133,125.6238335,124.8750178,123.7916555,122.3035605,120.3403121,117.8372849,114.7412591,111.0139647,106.6326216,101.5876482,95.87852752,89.50898035,82.48224394,74.796751,66.4420909,57.39493295,47.61473092,37.04017096,25.59228578,13.20933023,0.026463982
859.931641,108.5683718,109.4084838,110.2314651,111.0347692,111.8246805,112.5986755,113.3567676,114.0989145,114.8250761,115.5352147,116.2292949,116.9072844,117.5691543,118.2148792,118.8444378,119.4578135,120.0549942,120.6359736,121.2007507,121.7493308,122.2817254,122.7979526,123.2980368,123.782009,124.2499055,124.7017674,125.1376387,125.5575633,125.9615814,126.3497236,126.7220028,127.0784025,127.4188607,127.7432481,128.0513364,128.342756,128.6169373,128.8730288,129.1097854,129.3254141,129.5173621,129.6820265,129.814359,129.9073339,129.9512415,129.932773,129.8338808,129.6304423,129.2908477,128.7747833,128.0326746,127.0064123,125.6319491,123.8439447,121.5818532,118.7960416,115.4522694,111.5334612,107.0388016,101.9811076,96.38377303,90.27842707,83.70419639,76.70946019,69.35755371,61.73948515,54.00034522,46.39283804,39.37452106,33.70293911
858.15625,123.3501826,123.5661905,123.77351,123.9714903,124.1634583,124.3485096,124.5269796,124.6991988,124.8655197,125.0263183,125.181996,125.3329818,125.4797345,125.6227454,125.7625407,125.8996848,126.0347833,126.1684867,126.3014944,126.4345584,126.5684884,126.7041561,126.8425009,126.9845352,127.1313503,127.2841225,127.4441193,127.6127053,127.7913483,127.981624,128.1852197,128.4039353,128.6396814,128.8944711,129.170404,129.4696382,129.7943447,130.1466362,130.5284597,130.9414366,131.3866291,131.864202,132.3729405,132.9095706,133.4678186,134.0371406,134.6010638,135.1351282,135.6045334,135.9617931,136.1449958,136.0775629,135.6704677,134.8274632,133.4528388,131.460001,128.7785325,125.3579001,121.1673563,116.1929157,110.432914,103.8935544,96.58545132,88.52194107,79.72021292,70.20766342,60.0396171,49.34390012,38.42591212,27.9813738
856.380859,135.9363529,135.8316569,135.7218754,135.6066615,135.4878141,135.3646865,135.2373378,135.1058143,134.9701664,134.830448,134.6867173,134.539037,134.3874741,134.2321009,134.0729946,133.9102379,133.7439187,133.5741309,133.400974,133.2245532,133.0449791,132.8623673,132.6768381,132.4885148,132.2975227,132.1039871,131.9080296,131.7097644,131.5092927,131.3066944,131.1020183,130.895267,130.6863788,130.4752008,130.2614551,130.0446909,129.8242219,129.5990399,129.3676989,129.1281579,128.8775687,128.6119891,128.325999,128.0121919,127.6605095,127.2573981,126.7847787,126.2188767,125.5290412,124.6768303,123.6158068,122.2926178,120.6498555,118.6307806,116.1852406,113.2754089,109.8798271,105.9948807,101.6339119,96.82502182,91.60890069,86.03789569,80.17737727,74.11066709,67.94970441,61.85579279,56.07906749,51.03138655,47.3985795,46.15436633
854.605469,129.4149135,129.9518568,130.4688787,130.9629122,131.4415214,131.9019522,132.3444379,132.7691624,133.176326,133.5661472,133.938864,134.2947361,134.6340465,134.9571043,135.2642464,135.5558409,135.8322894,136.0940305,136.3415436,136.5753519,136.7960276,137.0041955,137.2005386,137.3858029,137.5608033,137.7264292,137.8836508,138.0335251,138.1772019,138.3159292,138.4510575,138.5840423,138.7164434,138.8499201,138.9862184,139.1271487,139.2745472,139.4302153,139.5958261,139.7727839,139.9620177,140.16368,140.3767148,140.5982476,140.8227393,141.0408421,141.2379079,141.3921455,141.4725321,141.4367751,141.2298965,140.7842824,140.0221009,138.8605813,137.2196766,135.0304834,132.2422329,128.8262077,124.7762967,120.1072091,114.8520246,109.0607811,102.8016755,96.16670407,89.28475815,82.34814578,75.66470305,69.75760819,65.52994486,64.337851
852.828125,134.8368878,135.3272984,135.7926467,136.2289469,136.6457309,137.0394978,137.4105199,137.7590062,138.085185,138.3893063,138.6716435,138.9324959,139.1721912,139.3910881,139.5895795,139.7680959,139.9271089,140.0671355,140.1887426,140.2925519,140.3792454,140.4495716,140.5043519,140.5444881,140.5709699,140.5848838,140.587422,140.5798919,140.5637265,140.5404941,140.5119084,140.4798372,140.4463096,140.4135191,140.3838217,140.3597246,140.3438618,140.3389482,140.3477039,140.3727328,140.4163357,140.4802294,140.5651319,140.6701618,140.7919875,140.923651,141.0530006,141.1607034,141.2179135,141.1838651,141.00395,140.6091492,139.9178095,138.8404043,137.2869509,135.1755361,132.4396853,129.0327158,124.9285213,120.1195828,114.6137176,108.4311087,101.602922,94.17281472,86.20334467,77.79140684,69.10185623,60.43867716,52.38244973,45.95592742
851.052734,130.4004136,132.5413942,134.6278584,136.6499991,138.6281456,140.5538807,142.4270617,144.2473552,146.0144237,147.7279263,149.3875189,150.9928548,152.5435855,154.0393611,155.4798314,156.8646468,158.1934591,159.4659231,160.6816975,161.8404469,162.9418432,163.9855672,164.9713111,165.8987803,166.7676957,167.5777962,168.3288404,169.0206095,169.6529079,170.2255652,170.7384349,171.191393,171.584332,171.9171521,172.1897446,172.4019667,172.5536019,172.644301,172.6734942,172.6402625,172.5431515,172.3799035,172.1470774,171.8395159,171.4496116,170.966321,170.3738894,169.6502896,168.7654786,167.6797436,166.3426503,164.6933334,162.662902,160.1793451,157.1744438,153.5911966,149.3898103,144.5508531,139.0754036,132.983197,126.3103211,119.1080169,111.444031,103.4082357,95.12540911,86.78095257,78.67135836,71.30103338,65.54281973,62.71750036
849.275391,140.5782222,141.9517507,143.306761,144.6406735,145.9601008,147.2622252,148.5469351,149.8140498,151.0633823,152.2947392,153.5079196,154.7027149,155.8789082,157.0362731,158.1745736,159.2935623,160.3929794,161.4725517,162.5319902,163.5709886,164.5892205,165.5863364,166.5619602,167.5156845,168.4470649,169.3556134,170.2407895,171.1019894,171.9385325,172.7496437,173.5344319,174.291861,175.0207142,175.7195464,176.3866232,177.0198407,177.6166202,178.1737697,178.6873006,179.1521848,179.5620322,179.9086646,180.181554,180.36709,180.4476401,180.4003778,180.1958843,179.7966032,179.1553534,178.2143025,176.9050279,175.1504333,172.8691401,169.9823356,166.4220153,162.1386296,157.1060543,151.3228129,144.809987,137.607368,129.7696965,121.3645478,112.473123,103.1953595,93.66182276,84.05742965,74.66733092,65.963332,58.74243464,54.17758488
847.498047,133.7036952,135.213049,136.7026855,138.1696793,139.621013,141.0535654,142.4671073,143.8613281,145.2359037,146.5904955,147.9247487,149.2382916,150.5307341,151.8016657,153.0506543,154.2772435,155.4809508,156.6612646,157.8176412,158.9495012,160.0562252,161.1371489,162.1915574,163.2186783,164.2176735,165.1876293,166.1275445,167.0363162,167.9127219,168.7553983,169.5628137,170.3332355,171.0646877,171.7548981,172.4012316,173.0006037,173.5493713,174.04319,174.4768305,174.8439393,175.136728,175.3455702,175.4584801,175.4604474,175.3326031,175.0512056,174.5864715,173.9013445,172.9504143,171.6793686,170.0255422,167.9202107,165.2930814,162.0788101,158.2244368,153.6958968,148.4818351,142.5939791,136.0647006,128.9433288,121.2929346,113.1890017,104.7211473,95.99928754,87.16675394,78.42544815,70.08314996,62.63986047,56.91795123,54.06756833
845.71875,155.6351769,156.2360051,156.8146078,157.3674916,157.9029387,158.4177107,158.9118926,159.385502,159.8385633,160.2711088,160.6831796,161.0748262,161.44611,161.7971038,162.1278933,162.4385785,162.7292746,163.000114,163.2512477,163.4828467,163.695104,163.8882365,164.0624862,164.2181225,164.3554437,164.4747779,164.5764842,164.6609529,164.7286043,164.7798863,164.8152699,164.8352407,164.8402866,164.8308784,164.8074413,164.7703135,164.7196862,164.6555188,164.5774171,164.4844627,164.374973,164.2461665,164.0936989,163.9110296,163.6885676,163.4125522,163.0636378,162.6152099,162.0315727,161.2663349,160.2615762,158.9485951,157.2510223,155.0906024,152.394968,149.1056826,145.1844521,140.6161039,135.4083301,129.5894144,123.2056932,116.3204381,109.0157088,101.3990292,93.61802205,85.88922464,78.553559,72.18026208,67.73150315,66.6042891
843.941406,181.4755221,182.0744529,182.6576377,183.2230119,183.7762574,184.3150803,184.8394808,185.3494074,185.8448091,186.3256359,186.7918382,187.2433678,187.680177,188.1022192,188.5094488,188.9018209,189.2792911,189.6418156,189.9893502,190.3218499,190.6392681,190.9415549,191.2286559,191.5005092,191.7570428,191.99817,192.223784,192.43375,192.6278959,192.805999,192.9677682,193.1128217,193.2406558,193.3506042,193.4417839,193.5130218,193.5627575,193.5889115,193.5887089,193.5584405,193.4931425,193.3861652,193.2285976,193.0085055,192.7099414,192.3116887,191.7857386,191.0955637,190.194394,189.0239048,187.5139862,185.5844404,183.1493402,180.1241404,176.4345218,172.024898,166.864323,160.948526,154.2984092,146.9566016,138.9840716,130.4585875,121.4765793,112.1602387,102.6730357,93.25001998,84.25565098,76.2910625,70.36076987,67.90233653
842.162109,172.6613423,173.1542781,173.6460126,174.13727,174.6282342,175.1188586,175.6091582,176.0991453,176.5888318,177.0782294,177.5673491,178.056201,178.5447934,179.0331328,179.521223,180.009064,180.4966512,180.9839738,181.4710136,181.9577422,182.4441192,182.9300883,183.4155738,183.9004753,184.3846616,184.8679625,185.3501594,185.8309721,186.3100431,186.7869173,187.2610159,187.731603,188.1977424,188.6582421,189.1115817,189.555818,189.9884612,190.4063118,190.805247,191.1799372,191.5234732,191.8268748,192.0784482,192.2629538,192.3605487,192.3454821,192.1845644,191.8355131,191.2454343,190.349916,189.0734607,187.3321227,185.0390076,182.1125303,178.4861347,174.1171703,168.9926226,163.1306351,156.5785362,149.4093588,141.7191806,133.6273702,125.2816873,116.8707952,108.6487282,100.9802043,94.42371076,89.8783517,88.78961904,93.06043646
840.382812,177.9168804,178.6103925,179.2771418,179.912975,180.5279475,181.1182536,181.684093,182.2255912,182.7428883,183.2361411,183.7055237,184.1512304,184.5734766,184.9725015,185.3485702,185.7019763,186.0330445,186.3421335,186.6296395,186.8959997,187.1416957,187.3672579,187.5732699,187.7603724,187.9292686,188.0807283,188.2155929,188.3347794,188.4392838,188.5301836,188.608638,188.6758846,188.7332328,188.7820485,188.8237305,188.8596713,188.8911977,188.9194818,188.9454091,188.9693873,188.9910709,189.0089679,189.0198854,189.0181569,188.9945849,188.9350285,188.8185854,188.6153771,188.2840841,187.7696134,187.0016077,185.8948189,184.3524013,182.2726412,179.5584308,176.1274266,171.9202218,166.904609,161.075695,154.4532014,147.0780111,139.0099891,130.3288835,121.1403601,111.5905576,101.8959432,92.40243375,83.69960032,76.81193837,73.30210447
838.603516,161.7015692,162.8129429,163.9280362,165.0484712,166.1721675,167.2994699,168.4299903,169.5633255,170.6990456,171.8366914,172.9757713,174.1157585,175.2560871,176.3961483,177.5352858,178.6727905,179.807895,180.9397664,182.0674992,183.1901061,184.306508,185.4155227,186.5158503,187.6060586,188.6845636,189.7496078,190.7992349,191.8312585,192.843226,193.8323745,194.795578,195.7292837,196.6294338,197.4913704,198.3097183,199.0782404,199.7896582,200.4354282,201.0054638,201.4877868,201.8680942,202.1292197,202.2504736,202.2068451,201.9680687,201.4975853,200.7514878,199.6776411,198.2153145,196.2958385,193.8449378,190.7873316,187.0537528,182.5896505,177.3637977,171.3745187,164.6518768,157.2557561,149.271403,140.8047756,131.9799015,122.9399341,113.8534195,104.9279383,96.4352241,88.75581929,82.45804187,78.43119496,78.05213455,83.00073498
836.824219,197.1429885,197.7494654,198.3216376,198.8538506,199.3590669,199.8323413,200.2739031,200.6838841,201.0624335,201.4097202,201.7259344,202.0112898,202.2660263,202.4904123,202.6847479,202.8493679,202.9846457,203.0909968,203.1688836,203.2188195,203.2413746,203.237181,203.2069391,203.151424,203.0714927,202.9680913,202.8422632,202.6951564,202.5280315,202.3422691,202.1393753,201.9209854,201.6888646,201.444902,201.1910965,200.9295302,200.6623219,200.3915534,200.1191545,199.8467304,199.5753051,199.3049468,199.0342293,198.7594676,198.4736559,198.1650279,197.8151748,197.3967149,196.8706437,196.1837394,195.2667443,194.0343935,192.3884438,190.2243403,187.4409296,183.9511669,179.6910381,174.6246008,168.7447601,162.071078,154.6467496,146.5369306,137.8304554,128.6473326,119.1559653,109.6079159,100.4061179,92.23540208,86.27739583,84.30562534
835.042969,196.1167677,197.3168898,198.4767811,199.5893983,200.6695652,201.7109904,202.7134499,203.6765705,204.5999679,205.4832466,206.3259991,207.1278052,207.888232,208.6068329,209.2831467,209.9166973,210.5069923,211.0535222,211.5557592,212.0131557,212.4251424,212.7911267,213.11049,213.3825846,213.6067301,213.7822088,213.9082599,213.9840722,214.0087745,213.981424,213.9009905,213.7663362,213.5761899,213.3291119,213.0234483,212.6572706,212.2282945,211.7337719,211.1703451,210.5338516,209.8190611,209.0193223,208.1260924,207.1283139,206.011606,204.7572418,203.3409124,201.7313395,199.8889144,197.7647219,195.3005234,192.430422,189.0848267,185.1967728,180.7096981,175.5848885,169.8066678,163.3842997,156.3509898,148.7614808,140.6901249,132.2312,123.5031841,114.6592464,105.9079424,97.55193319,90.05981744,84.19522297,81.20484243,82.78147011
833.261719,201.7936787,202.7658599,203.7116947,204.6271133,205.5216477,206.3912399,207.2357334,208.0548737,208.8483981,209.6160349,210.3575032,211.0725118,211.760759,212.4219315,213.0557034,213.6617354,214.2396733,214.7891465,215.3097664,215.8011242,216.2627884,216.6943014,217.0951766,217.4648928,217.8028893,218.1085588,218.3812384,218.620199,218.8246312,218.9936282,219.1261631,219.2210605,219.2769594,219.2922649,219.2650863,219.1931542,219.0737133,218.9033788,218.6779475,218.3921459,218.0392956,217.6108686,217.0959005,216.4802227,215.745474,214.8678647,213.816696,212.5527163,211.026529,209.177476,206.9336606,204.2139354,200.9325235,197.0062793,192.3634806,186.9520461,180.7449608,173.7417436,165.9664069,157.4635596,148.2946446,138.5360259,128.2803547,117.6428756,106.7755659,95.89499466,85.33581447,75.6507511,67.76858861,63.04009104
831.480469,187.5930082,189.5421506,191.4313069,193.2497698,195.019958,196.7326853,198.3878672,199.9852144,201.5244377,203.0052489,204.4273618,205.7904929,207.0943631,208.3386981,209.5232308,210.6477024,211.7118642,212.7154799,213.6583276,214.5402025,215.3609195,216.1203163,216.8182567,217.454634,218.0293747,218.5424427,218.9938424,219.3836232,219.7118823,219.9787669,220.1844756,220.3292565,220.4134021,220.4372387,220.4011073,220.3053327,220.1501745,219.9357529,219.6619375,219.3281837,218.9332943,218.4750767,217.9498537,217.351778,216.6718865,215.8968286,215.0072198,213.9756263,212.7643112,211.3230963,209.5880001,207.4816093,204.9161867,201.8000189,198.0463777,193.583177,188.3608218,182.3564409,175.5742999,168.043696,159.8163758,150.9655414,141.5884202,131.8148065,121.8256459,111.8897118,102.4345715,94.18055286,88.35618682,86.76948268
829.699219,222.0911143,222.4895824,222.8619676,223.2044121,223.5269432,223.8261231,224.1024228,224.3562602,224.5880854,224.798383,224.9876757,225.1565277,225.305548,225.4353946,225.5467793,225.6404719,225.7173063,225.7781858,225.8240898,225.8560806,225.8753113,225.8830338,225.880608,225.8695113,225.8513491,225.8278657,225.8009555,225.7726748,225.7452531,225.721104,225.7028343,225.6932504,225.6953599,225.712366,225.74765,225.8047374,225.8872388,225.9987527,226.1427169,226.3221806,226.5394682,226.7956872,227.0900196,227.4187187,227.7737151,228.1407299,228.4968127,228.8073009,229.0223758,229.0737149,228.8721946,228.3080548,227.2550338,225.5793021,223.152401,219.8654857,215.641244,210.4407787,204.2650243,197.1524839,189.1762045,180.4430319,171.0981154,161.3383163,151.4406441,141.8176626,133.123479,126.4508074,123.6380436,127.3109178
827.917969,208.9801249,210.2232427,211.4242353,212.5761059,213.6949344,214.7747668,215.8160255,216.8190226,217.7841009,218.7116368,219.6020437,220.4557752,221.2733295,222.0552536,222.802148,223.5146718,224.1935492,224.8395751,225.4536228,226.0366514,226.5897148,227.1139705,227.6106903,228.0812714,228.5272482,228.9503057,229.352293,229.7352378,230.1013614,230.453093,230.7930837,231.1242186,231.449624,231.7726697,232.09696,232.4263099,232.7646965,233.116176,233.484748,233.874144,234.2875062,234.7269103,235.1926686,235.6823313,236.1892839,236.7008314,237.1956749,237.6407649,237.9876979,238.1691527,238.0963467,237.6589783,236.7292594,235.1709745,232.8528361,229.6634056,225.5238197,220.3954483,214.2819601,207.2276104,199.3148162,190.6643005,181.4411161,171.8707303,162.2722133,153.1221869,145.1763043,139.6934449,138.7800112,145.4069805
826.134766,227.2783652,228.6331922,229.9486482,231.2180581,232.4560609,233.656698,234.8199413,235.9456296,237.0336029,238.0837032,239.0957744,240.0696635,241.0052208,241.9023007,242.7607626,243.5804712,244.3612978,245.1031207,245.8058262,246.4693095,247.0934749,247.6782367,248.2235196,248.7292584,249.1953975,249.62189,250.0086946,250.3557727,250.6630819,250.9305678,251.1581509,251.3457094,251.4930526,251.5998862,251.6657617,251.6900066,251.6716285,251.60918,251.5005737,251.3428259,251.131703,250.8612378,250.5230695,250.1055563,249.5926,248.9621332,248.1842495,247.2190483,246.0144283,244.5043349,242.608304,240.233411,237.2796346,233.6488883,229.2565652,224.0430558,217.9823534,211.0860564,203.4031528,195.0177077,186.0472939,176.6450001,167.0079326,157.3961707,148.1691248,139.8527111,133.2627837,129.7241535,131.3802318,141.0680059
824.351562,232.1054659,233.1908744,234.2706993,235.3454418,236.4169983,237.4849369,238.5495054,239.6109507,240.6695346,241.7255346,242.7792449,243.8309772,244.8810622,245.9298503,246.977713,248.0250436,249.0722585,250.1197981,251.1681275,252.2177372,253.2691434,254.3228874,255.3795357,256.4396774,257.5039221,258.5728953,259.6472318,260.7275666,261.8145218,262.9086878,264.0105987,265.1206969,266.2392866,267.3664688,268.5020543,269.6454445,270.7954705,271.9501733,273.1065061,274.2599298,275.4038643,276.5289478,277.6220412,278.6649062,279.6324779,280.4906672,281.1936823,281.6809806,281.8742029,281.6748102,280.9635981,279.6035987,277.4476873,274.3511123,270.1872115,264.8627141,258.3286586,250.5846674,241.6771609,231.6943541,220.7616821,209.0410471,196.7370368,184.1140767,171.531388,159.5092516,148.852787,140.8756987,137.7296555,142.3528754
822.568359,245.6181867,246.530167,247.4361402,248.3366106,249.2335691,250.1264958,251.0156004,251.901088,252.7831761,253.6620953,254.53809,255.4114194,256.282358,257.1511966,258.0182433,258.8838236,259.7482816,260.6119803,261.475302,262.3386483,263.2024399,264.0671157,264.9331312,265.8009565,266.6710719,267.5439634,268.4201142,269.2999951,270.1840489,271.0726713,271.9661834,272.8647953,273.7685566,274.6772897,275.5904994,276.507252,277.4260103,278.3444118,279.2589678,280.1646563,281.0543723,281.9181861,282.7423503,283.5079835,284.1893521,284.7516894,285.148538,285.3187289,285.1833396,284.6433394,283.5790723,281.8530515,279.3173477,275.8257711,271.2491259,265.4899941,258.4931419,250.2493169,240.7929666,230.1965931,218.5651898,206.0338755,192.7714528,178.9931427,164.9880941,151.1728214,138.1927326,127.1093084,119.6872644,118.420843
820.785156,241.037589,243.4863676,245.8683943,248.172104,250.4224392,252.6093117,254.7327267,256.7924687,258.7883283,260.7201038,262.5876027,264.3906429,266.1290549,267.8026838,269.4113912,270.9550579,272.4335869,273.8469055,275.1949697,276.477767,277.6953204,278.8476929,279.9349915,280.9573723,281.9150451,282.8082778,283.6374018,284.4028152,285.1049864,285.7444551,286.3218307,286.8377875,287.2930521,287.6883832,288.0245374,288.3022156,288.5219828,288.6841475,288.7885856,288.8344846,288.8199754,288.7416091,288.5936178,288.3668859,288.0475434,287.6150884,287.0399742,286.2806796,285.2804669,283.9643539,282.2372714,279.98479,277.0778404,273.3820988,268.7710563,263.1399409,256.4168669,248.5686449,239.6010258,229.5553111,218.5042695,206.5502922,193.828525,180.518264,166.868156,153.2461895,140.236648,128.8234766,120.6860917,118.3017998
819.001953,223.6484098,226.2400677,228.7749071,231.2434356,233.6667815,236.0364078,238.3523237,240.6143513,242.8223179,244.9760572,247.0754104,249.1202274,251.1103686,253.045706,254.9261249,256.7515262,258.521828,260.2369677,261.8969048,263.501623,265.0511328,266.5454742,267.9847196,269.3689762,270.6983881,271.9731389,273.1934522,274.3595919,275.4718603,276.5305941,277.5361552,278.4889182,279.3892474,280.2374653,281.0338029,281.7783295,282.4708501,283.1107589,283.6968316,284.2269303,284.6975889,285.1034334,285.4363769,285.6845146,285.8306328,285.8502456,285.7091044,285.3602198,284.7406307,283.7684878,282.3414645,280.3378992,277.6220671,274.0541418,269.5036989,263.8637554,257.0616351,249.0641445,239.8769691,229.5403572,218.1240795,205.7245296,192.4665071,178.5126212,164.0852435,149.5109112,135.3074669,122.3509488,112.1511585,106.9830631
817.216797,228.309086,230.8597659,233.3589715,235.7981687,238.1965429,240.5464222,242.8478752,245.1008044,247.3051209,249.4607454,251.5676096,253.6256576,255.6348474,257.595153,259.5065657,261.3690966,263.1827785,264.9476687,266.6638507,268.3314378,269.9505753,271.521443,273.0442589,274.5192809,275.9468095,277.3271897,278.6608117,279.9481101,281.1895622,282.3856816,283.5370087,284.6440951,285.7074783,286.7276452,287.7049779,288.639675,289.531639,290.3803169,291.1844727,291.9418691,292.6488202,293.2995691,293.8854276,294.3936015,294.805613,295.0952361,295.2258978,295.1476036,294.7936589,294.077816,292.8929442,291.112724,288.5978171,285.2070387,280.8122102,275.3134297,268.6508391,260.8103477,251.8234355,241.76349,230.742137,218.9089853,206.4580936,193.6453594,180.8240577,168.5126701,157.5226481,149.1919889,145.7375518,150.2456388
815.431641,255.3650576,257.1861163,258.9614327,260.6836024,262.3696945,264.0129803,265.6135938,267.1715269,268.6867838,270.1593819,271.5893538,272.9767488,274.3216348,275.6241003,276.8842565,278.1022399,279.2782146,280.4123753,281.5049499,282.5562033,283.5664399,284.5360073,285.4653,286.3547623,287.2048915,288.0162407,288.7894205,289.5250996,290.2240037,290.8869108,291.5146434,292.1080542,292.6680029,293.1953221,293.6907649,294.1549294,294.5881494,294.9903371,295.3607607,295.6977291,295.9981483,296.2569027,296.465997,296.6133819,296.6813724,296.6445723,296.467252,296.100233,295.4775396,294.5134391,293.1009609,291.1133953,288.4102419,284.8481704,280.2957175,274.648493,267.8409655,259.8522393,250.7058601,240.4660155,229.233504,217.1447938,204.3773268,191.164992,177.8304746,164.8476549,152.9600331,143.3990987,138.2194831,140.3236112
813.646484,242.0942423,244.0026771,245.8663261,247.6778559,249.4540286,251.1882656,252.8807208,254.5314102,256.1403632,257.7076241,259.2332533,260.7173298,262.1599526,263.5612431,264.9213473,266.2404387,267.5187204,268.7564288,269.9538363,271.1112547,272.229039,273.3075911,274.3473634,275.3488624,276.3126529,277.2393608,278.1296754,278.9843513,279.8042076,280.5901247,281.3430376,282.0639229,282.753778,283.4135883,284.044278,284.6466379,285.2212193,285.7681828,286.2870812,286.776552,287.2338843,287.6544127,288.0306755,288.3512621,288.5992589,288.7502106,288.7695447,288.6095155,288.2059314,287.475285,286.3133759,284.5969209,282.1896129,278.9531834,274.7621937,269.5193445,263.1674138,255.6952851,247.138172,237.5744813,227.1228046,215.942541,204.2416297,192.2958951,180.4877671,169.3794675,159.8498768,153.3425703,152.2330078,159.777569
811.861328,274.7718758,276.6429374,278.4603245,280.2150228,281.9270975,283.5885553,285.1994914,286.7598295,288.2695038,289.7284606,291.1366593,292.4940747,293.8006982,295.0565407,296.2616339,297.4160336,298.5198218,299.5731097,300.5760408,301.5287945,302.4315891,303.2846858,304.0883922,304.8430664,305.5491203,306.207023,306.8173032,307.3805511,307.8974176,308.3686119,308.7948946,309.1770654,309.5159425,309.8123308,310.0669736,310.2804803,310.4532223,310.5851815,310.6757343,310.7233447,310.7251296,310.6762509,310.5690689,310.3919807,310.1278515,309.7519507,309.2293404,308.5117647,307.5343042,306.212415,304.4404513,302.0931862,299.0318236,295.1150833,290.2140973,284.2278798,277.095421,268.8017987,259.3783656,248.899437,237.4789726,225.2707458,212.4754414,199.3590854,186.2903817,173.8117316,162.7727154,154.5735029,151.5300219,156.8527747
810.074219,291.8041178,293.1737704,294.4824811,295.7199004,296.909175,298.0415017,299.1173123,300.1368664,301.1004567,302.0084126,302.8611036,303.6589436,304.4023954,305.0919759,305.7282617,306.3118951,306.843591,307.3241446,307.7544395,308.1354571,308.4682865,308.7541358,308.9943443,309.1903956,309.3439323,309.4567713,309.5309205,309.5685962,309.572241,309.5445418,309.4884466,309.4071793,309.3042497,309.183457,309.04888,308.9048505,308.7558967,308.6066463,308.4616659,308.3252108,308.2008429,308.0908609,307.9954668,307.9115673,307.8310875,307.7386599,307.608574,307.4009577,307.0573837,306.4964897,305.6107826,304.2663943,302.3077352,299.568202,295.8861007,291.1225183,285.1765975,277.9947033,269.5727643,259.9538921,249.2248766,237.5153958,225.0037307,211.9336772,198.6504975,185.6712109,173.8195917,164.4785009,159.9873588,163.7195647
808.289062,255.5329028,256.7287965,257.9010376,259.046955,260.1754467,261.2835537,262.3717607,263.4405087,264.490271,265.5215554,266.5349075,267.5309132,268.5102031,269.4734551,270.4213994,271.354822,272.27457,273.1815566,274.0767661,274.9612603,275.8361842,276.7027728,277.5623578,278.4163743,279.266368,280.1140018,280.9610616,281.8094615,282.6612468,283.518594,284.3838066,285.2593041,286.1476017,287.051276,287.9729112,288.9150168,289.8799067,290.8695206,291.8851672,292.9271563,293.9942758,295.0830548,296.1867338,297.293844,298.3862803,299.4367477,300.405504,301.2364299,301.852708,302.1528144,302.0081004,301.2637689,299.7450745,297.2695626,293.6640049,288.782288,282.519526,274.8190684,265.6721007,255.1122723,243.2089968,230.0629154,215.8065402,200.6134008,184.721149,168.4796169,152.4466591,137.5745035,125.5252861,118.8585355
806.501953,282.2964664,283.9884774,285.6396298,287.2436375,288.8156722,290.3497873,291.8461263,293.3047074,294.7255611,296.1087308,297.4542748,298.7622673,300.0328004,301.2659858,302.4619567,303.6208697,304.742907,305.8282788,306.8772257,307.8900207,308.8669724,309.8084265,310.7147688,311.5864265,312.4238701,313.2276133,313.9982126,314.736265,315.4424022,316.1172819,316.7615738,317.3759375,317.9609908,318.5172636,319.0451308,319.5447185,320.015771,320.4574637,320.8681417,321.2449553,321.5833533,321.8763832,322.1137303,322.2804143,322.3550493,322.3075801,322.0964495,321.66527,320.939303,319.8224398,318.1958737,315.9200746,312.8415973,308.8052294,303.6699811,297.3253509,289.7036404,280.7856231,270.5997485,259.2175245,246.748736,233.3400225,219.1800948,204.5156352,189.684801,175.1819779,161.7807461,150.7607276,144.2560896,145.2851351
804.714844,264.1671037,265.9528189,267.694127,269.3839344,271.0389207,272.6526845,274.2254889,275.7574686,277.2487781,278.6995944,280.1101188,281.4805796,282.8112345,284.1023738,285.3543234,286.5674483,287.7421564,288.8789027,289.9781932,291.0405904,292.0667176,293.0572647,294.0129935,294.9347437,295.8234381,296.6800886,297.5058006,298.3017776,299.0693231,299.8098403,300.5248284,301.215872,301.8846231,302.5327703,303.1619903,303.7738751,304.3698226,304.950878,305.5175031,306.0692473,306.6042784,307.1187225,307.6057409,308.0542576,308.4472356,308.7593982,308.9543347,308.9810322,308.7701137,308.2304518,307.2473557,305.6840025,303.387779,300.2022294,295.9832882,290.6162939,284.0294405,276.2007451,267.1584999,256.9777862,245.7768228,233.7169462,221.0099467,207.9374925,194.8907398,182.4459158,171.5066596,163.5640873,161.0883254,167.5111418
802.925781,258.0978857,260.0614796,261.9753025,263.8309561,265.6469362,267.4157186,269.1372711,270.8113943,272.4378902,274.0165638,275.5472229,277.0296794,278.4637502,279.8492578,281.1860315,282.4739081,283.7127336,284.9023638,286.0426658,287.1335188,288.1748154,289.1664627,290.1083827,291.0005126,291.842805,292.6352264,293.3777553,294.0703778,294.7130819,295.3058475,295.8486321,296.3413503,296.7838439,297.1758404,297.5168935,297.8063007,298.0429879,298.2253488,298.3510213,298.4165782,298.4170996,298.3455841,298.192145,297.9429247,297.5786524,297.0727788,296.3891608,295.479371,294.2799091,292.7099191,290.6704335,288.0465005,284.713452,280.5476656,275.4404642,269.3120818,262.1221504,253.8745658,244.6170871,234.4381401,223.4641674,211.8608298,199.8413584,187.6864271,175.7831584,164.6980551,155.3122523,149.0642588,148.3020228,156.1952644
801.138672,283.7965921,285.0970018,286.366768,287.6016708,288.8130205,289.9964931,291.1522766,292.2804709,293.3811898,294.4545619,295.500732,296.5198628,297.5121361,298.477755,299.4169449,300.3299562,301.2170655,302.0785784,302.9148309,303.7261919,304.5130651,305.2758906,306.015147,306.731352,307.4250634,308.0968778,308.7474292,309.3773844,309.9874361,310.5782914,311.1506549,311.7052038,312.2425514,312.7631962,313.2674493,313.7553328,314.2264382,314.6797284,315.1132641,315.5238234,315.9063773,316.2533682,316.5537247,316.7915304,316.944255,316.9804609,316.8569455,316.5153968,315.8788738,314.8488107,313.30374,311.1013332,308.0852681,304.0973846,298.993586,292.6598913,285.0244161,276.0626118,265.7959577,254.2867207,241.6323489,227.9628465,213.4441215,198.2908457,182.7948472,167.3810254,152.7148482,139.9033842,130.812559,128.1431848
799.349609,249.7851858,252.2718537,254.7044086,257.0737704,259.4000137,261.6749484,263.8985221,266.0704989,268.1906441,270.2587244,272.2745086,274.2377688,276.1482805,278.005824,279.8101852,281.5611566,283.2585381,284.9021386,286.4917765,288.0272812,289.508494,290.9352685,292.3074717,293.624984,294.8876984,296.0955194,297.2483603,298.3461386,299.3887692,300.3761534,301.3081635,302.1846207,303.0052626,303.7696986,304.4773463,305.1273435,305.7184252,306.2487517,306.7156716,307.1153924,307.4425256,307.6894612,307.8455132,307.8957655,307.8195377,307.5883997,307.1637025,306.4937024,305.510565,304.1278807,302.2397662,299.7229786,296.443378,292.2671206,287.0751705,280.7778947,273.3259878,264.7154264,254.98676,244.2212629,232.5373657,220.0906928,207.0809256,193.7696303,180.5162245,167.8461278,156.5784147,148.0576935,144.4993286,148.9572301
797.560547,265.7727219,268.2807183,270.7220253,273.0850305,275.3947646,277.6412199,279.8244894,281.9444513,284.0009953,285.9940248,287.9234585,289.7892328,291.5913036,293.3296495,295.0042745,296.6152107,298.1625222,299.6463089,301.0667104,302.4239106,303.7181426,304.9496941,306.1189125,307.2262113,308.2720758,309.2570691,310.1818383,311.0471192,311.8537408,312.6026272,313.2947969,313.9313569,314.5134899,315.0424317,315.5194322,315.9456956,316.3222887,316.6500038,316.9291586,317.1593045,317.3388085,317.464258,317.5296233,317.5250932,317.4354889,317.2381553,316.9002674,316.3755876,315.6009306,314.4929637,312.9464774,310.8357203,308.0204077,304.3571107,299.7148214,293.9913939,287.1267417,279.1099989,269.9806243,259.8259677,248.7790334,237.0203202,224.787726,212.3997967,200.3014371,189.1497074,179.9736053,174.462324,175.3879093,186.5207956
795.771484,265.5018223,266.9560577,268.3724572,269.7447884,271.0871237,272.3938109,273.6648788,274.9002322,276.0997805,277.2634378,278.3911244,279.4827672,280.5383002,281.5576661,282.5408164,283.4877129,284.3983287,285.2726488,286.1106711,286.9124077,287.677885,288.4071446,289.1002435,289.7572534,290.3782601,290.9633608,291.5126613,292.0262701,292.5042903,292.9468077,293.3538737,293.7254811,294.0615306,294.3617835,294.6257966,294.8528322,295.0417338,295.1907545,295.2973208,295.3577088,295.3665993,295.3164709,295.1967779,294.9928484,294.6844336,294.243851,293.633707,292.8042976,291.6909913,290.2122341,288.2692263,285.7486309,282.5295302,278.4948768,273.5459473,267.6166248,260.6839821,252.7731788,243.9572866,234.3547888,224.1283858,213.4887503,202.7070753,192.1417544,182.2886059,173.872711,168.0157382,166.5296258,172.3213109,189.16396
793.982422,269.3410886,271.0322423,272.6760244,274.2644535,275.8150806,277.3207024,278.7812398,280.1964503,281.5660905,282.8899155,284.1676801,285.3991383,286.5840446,287.722154,288.8132223,289.8570072,290.853268,291.8017666,292.7022677,293.5545391,294.3583515,295.1134788,295.8196972,296.4767843,297.0845175,297.6426708,298.1510107,298.6092903,299.0172402,299.3745565,299.680883,299.9357871,300.1387269,300.2890049,300.3857049,300.4276044,300.413056,300.3398217,300.2048481,300.0039556,299.7314138,299.3793622,298.9370243,298.3896537,297.7171455,296.8922523,295.878391,294.627121,293.0755781,291.144454,288.7375096,285.743906,282.0445154,277.5224709,272.0765728,265.6345587,258.1628691,249.6709484,240.2105425,229.8724477,218.7839562,207.1101704,195.0623543,182.9175422,171.0567913,160.0364313,150.7197771,144.5126031,143.701818,151.3559743
792.191406,225.1572492,228.1724765,231.1251531,234.0045103,236.8337791,239.6034087,242.313284,244.9630744,247.5524473,250.0810685,252.5486027,254.9547143,257.2990682,259.5813303,261.8011685,263.9582538,266.0522609,268.0828698,270.0497664,271.9526436,273.7912027,275.5651542,277.2742182,278.9181254,280.4966167,282.0094422,283.4563599,284.8371316,286.1515175,287.3992673,288.5801067,289.6937182,290.739713,291.7175906,292.6266824,293.4660716,294.2344809,294.9301156,295.5504444,296.0918943,296.5494266,296.9159521,297.1815281,297.3322694,297.3488953,297.2048402,296.8638941,296.2774372,295.3815355,294.0944907,292.3158662,289.9283598,286.8038213,282.8138237,277.8434818,271.8054536,264.6505206,256.3724949,247.0076895,236.6313181,225.3540807,213.3221187,200.7234298,187.8047013,174.9054258,162.5227368,151.4331973,142.9148459,139.0804285,142.8611627
790.402344,250.0669999,251.3599988,252.6131745,253.8199146,254.9951546,256.1330339,257.2336904,258.297139,259.3234067,260.3125334,261.2645739,262.179599,263.0576977,263.8989787,264.7035727,265.4716346,266.2033459,266.8989173,267.5585914,268.1826459,268.7713963,269.3251998,269.8444577,270.3296192,270.7811844,271.1997065,271.5857943,271.9401126,272.2633819,272.5563743,272.8199073,273.0548309,273.2620082,273.4422847,273.5964423,273.7251328,273.8287802,273.9074421,273.9606106,273.9869329,273.9838165,273.9468796,273.869189,273.7402197,273.5444566,273.2595654,272.8540951,272.2847684,271.4936145,270.4055191,268.9271912,266.948905,264.3503235,261.0108657,256.8234068,251.7083635,245.6246513,238.5752941,230.6079093,221.8124388,212.3194624,202.3025032,191.9878541,181.6766831,171.7876908,162.9362684,156.080475,152.7811442,155.572902,167.830641
788.611328,223.7787539,225.5870423,227.3478531,229.053102,230.7205882,232.3432405,233.9211587,235.4542917,236.9425986,238.3860506,239.7846315,241.1383402,242.4471919,243.7112206,244.9304806,246.1050496,247.2350305,248.3205549,249.3617857,250.3589204,251.3121946,252.221886,253.0883176,253.9118623,254.6929461,255.4320523,256.1297248,256.7865699,257.4032584,257.980524,258.5191596,259.0200087,259.4839505,259.9118751,260.3046448,260.6630365,260.9876561,261.278813,261.5363408,261.7593385,261.9458053,262.0921241,262.1923423,262.2371804,262.21269,262.0984843,261.8654948,261.4732953,260.8672212,259.975821,258.7095943,256.9623355,254.6163895,251.5523394,247.6620491,242.8622632,237.1053453,230.3849003,222.7363553,214.2346577,204.9922152,195.1602783,184.9370235,174.5866456,164.4769068,155.1495559,147.4513166,142.7698096,143.3782198,152.3599801
786.818359,241.3521139,242.9613505,244.526506,246.0401684,247.5188525,248.9560198,250.351779,251.7060998,253.0189624,254.2903588,255.5202938,256.7087872,257.8558751,258.9616118,260.0260716,261.0493514,262.031573,262.9728852,263.8734673,264.7335312,265.5533251,266.3331365,267.0732952,267.7741769,268.4362061,269.0598587,269.6456639,270.1942056,270.7061214,271.1820995,271.622872,272.029203,272.4018693,272.7416303,273.049183,273.3250961,273.5697137,273.7830174,273.9644297,274.1125354,274.2246895,274.2964688,274.3209124,274.2874814,274.1806606,273.9781259,273.6484382,273.1483185,272.4197541,271.3875083,269.9580324,268.0211408,265.4557671,262.1402743,257.9661279,252.8519839,246.7546684,239.6748002,231.657252,222.7887903,213.1962111,203.048351,192.5654553,182.0405632,171.8810112,162.6856888,155.3878722,151.5105604,153.5333875,164.7769171
785.027344,217.6573505,219.6784662,221.6478287,223.5565253,225.4239355,227.2422928,229.0116548,230.7319112,232.4029599,234.0247082,235.597074,237.1199873,238.5933921,240.0172481,241.3915325,242.7162425,243.9913979,245.217043,246.3932503,247.520123,248.5977986,249.6264525,250.6063012,251.5376067,252.4206795,253.255883,254.0436361,254.7844157,255.4787582,256.1272587,256.7305669,257.2893796,257.8044264,258.2764454,258.7061473,259.094159,259.4409414,259.7466691,260.0110557,260.2331042,260.4107523,260.5403708,260.6160641,260.6287042,260.5646213,260.403875,260.1180577,259.667669,258.9992788,258.0430002,256.7112022,254.8997514,252.4930665,249.3735087,245.4340714,240.5916441,234.7975016,228.0427924,220.3590653,211.8159121,202.5187495,192.6098278,182.2755899,171.76447,161.4221989,151.7583156,143.5703416,138.1684607,137.707079,145.1323099
783.234375,211.8179218,212.7837097,213.7257413,214.6409995,215.5385679,216.41547,217.2722363,218.1093565,218.9273558,219.7267977,220.5082871,221.2724746,222.0200595,222.7517948,223.4684914,224.1710235,224.8603342,225.5374412,226.2034438,226.8595301,227.5069845,228.1471962,228.7816685,229.4120278,230.0400344,230.6675923,231.2967605,231.929763,232.568999,233.2170509,233.8766911,234.5508828,235.2427765,235.9556946,236.6931037,237.4585633,238.2556453,239.0878072,239.9582017,240.8693937,241.8229465,242.818826,243.8545503,244.9239955,246.015749,247.1108921,248.1801231,249.1802197,250.0500478,250.706696,251.0428304,250.9268769,250.2077338,248.7249171,246.3231745,242.8684342,238.2609086,232.4422398,225.3961605,217.1446178,207.7424981,197.2740857,185.8540471,173.6360698,160.834259,147.7674853,134.9477495,123.2518473,114.2114768,110.178799
781.443359,196.3849953,197.395884,198.402819,199.4065856,200.4086292,201.4089029,202.4078105,203.4057711,204.4032289,205.4006546,206.3985473,207.3974366,208.397885,209.4004899,210.4058861,211.4147487,212.4277958,213.4457912,214.4695473,215.4999288,216.5378551,217.5843036,218.6403126,219.7069835,220.7854834,221.8770452,222.9829682,224.1046155,225.2434095,226.4008229,227.5783652,228.7775607,229.9999172,231.2468797,232.5197641,233.8196643,235.1473197,236.5029313,237.8859046,239.294492,240.7252987,242.1726012,243.6274171,245.0762461,246.4993972,247.8688198,249.1454005,250.2758008,251.1891282,251.7941046,251.9778559,251.6078386,250.5383254,248.6218934,245.7244725,241.7405792,236.604774,230.2968396,222.8408788,214.3008144,204.7756963,194.3980481,183.3382219,171.8183584,160.1420818,148.7520115,138.3389433,130.0429325,125.7608925,128.1625648
779.650391,224.036657,223.9970237,223.9672695,223.9509052,223.9441318,223.9490581,223.9661114,223.9957829,224.0385882,224.0950698,224.1657979,224.2513726,224.3524257,224.4696227,224.6036647,224.7552907,224.9252797,225.1144529,225.3236759,225.5538613,225.8059701,226.0810141,226.3800573,226.7042164,227.0546616,227.4326154,227.8393496,228.2761811,228.7444635,229.2455748,229.7809,230.351804,230.9595956,231.6054743,232.2904585,233.0152843,233.7802662,234.5851047,235.428622,236.3083978,237.2202715,238.1576624,239.1106483,240.064729,240.9991956,241.8850307,242.6823115,243.3371954,243.7787802,243.9164785,243.6389794,242.8162182,241.305659,238.9632376,235.6575125,231.2837777,225.7743838,219.1029461,211.2826633,202.3610746,192.4143466,181.5439015,169.8777594,157.5792533,144.8675843,132.0592045,119.6483253,108.4591748,99.89121179,96.00490862
777.855469,176.1795101,177.6642439,179.1416657,180.6118193,182.0771553,183.5368402,184.9909872,186.4396943,187.8830656,189.3212122,190.7542526,192.1823124,193.6055252,195.0240324,196.4379839,197.8475376,199.2528597,200.6541242,202.0515128,203.4452139,204.8354212,206.2223325,207.6061466,208.9870604,210.3652639,211.7409341,213.1142266,214.4852639,215.8541211,217.2208053,218.5852298,219.9471783,221.3062591,222.6618421,224.012977,225.3582821,226.6957965,228.0227818,229.3354555,230.6286327,231.895245,233.125696,234.3070022,235.4216612,236.446183,237.3492356,238.0894031,238.6126595,238.8498644,238.714891,238.1043736,236.9003112,234.9765851,232.2094904,228.4907502,223.7399576,217.9131416,211.0056324,203.0497671,194.1098039,184.2769878,173.6673867,162.4247633,150.7311683,138.8299012,127.0701312,115.9916665,106.4812458,100.0124208,98.66873104
776.0625,183.0649583,184.5692275,186.059757,187.5352543,189.0005693,190.4538071,191.8950132,193.3241911,194.7413472,196.1464913,197.5396359,198.9207973,200.2899949,201.6472515,202.9925935,204.3260503,205.6476541,206.9574399,208.2554441,209.5417037,210.8162552,212.0791322,213.3303626,214.5699657,215.7979466,217.0142902,218.2189528,219.4118508,220.5928463,221.7617275,222.9181834,224.06177,225.1918658,226.3076122,227.4078358,228.4909424,229.5547778,230.5964395,231.6120252,232.5962948,233.5422165,234.440359,235.2780837,236.0384776,236.698973,237.2296034,237.5908991,237.7315184,237.5859077,237.0725693,236.0938686,234.5385519,232.2879671,229.2260744,225.2517874,220.2907508,214.3034313,207.2878136,199.277235,190.3356259,180.5529665,170.0434736,158.9487121,147.4482768,135.7826266,124.2972255,113.5261308,104.3455941,98.2082885,97.15791027
774.267578,193.434401,193.9351834,194.4193659,194.8848622,195.3378453,195.7760914,196.1998065,196.6091561,197.0043199,197.3854924,197.7528847,198.1067257,198.4472634,198.7747668,199.0895274,199.3918612,199.6821106,199.9606464,200.2278705,200.4842174,200.7301571,200.9661975,201.1928864,201.4108139,201.6206143,201.8229676,202.0186,202.2082834,202.3928338,202.5731063,202.7499873,202.9243821,203.097195,203.2693005,203.4415011,203.6144662,203.7886452,203.9641449,204.1405562,204.3167112,204.4903447,204.6576243,204.8125033,204.9458393,205.0442143,205.0883932,205.0513847,204.8961484,204.57314,204.0181534,203.1512503,201.8778637,200.0931233,197.6897819,194.5687882,190.6501407,185.8811765,180.240423,173.7370361,166.4074978,158.3119235,149.5322176,140.1740837,130.3752409,120.323819,110.2948276,100.720611,92.32327452,86.32563285,84.51123307
772.472656,174.6750303,175.9463617,177.2002222,178.4343479,179.655078,180.8599072,182.0488769,183.2219734,184.3791864,185.5205093,186.6459391,187.7554771,188.849129,189.9269052,190.988821,192.0348969,193.0651588,194.0796377,195.0783697,196.061396,197.0287618,197.9805156,198.9167077,199.8373882,200.7426035,201.6323928,202.5067819,203.3657752,204.2093456,205.0374197,205.8498585,206.6464319,207.4267832,208.1903825,208.9364636,209.6639386,210.3712834,211.0563826,211.7163191,212.3470904,212.9432251,213.497265,213.999073,214.4349137,214.7862566,215.0282557,215.1279019,215.0419294,214.7147243,214.0767418,213.0442531,211.5214678,209.4059411,206.5973915,203.0086923,198.5765073,193.2688027,187.0876876,180.0680256,172.2738344,163.7950403,154.7469638,145.2747455,135.5655024,125.8730748,116.5649287,108.2098238,101.7365091,98.66820472,101.0924977
770.677734,188.4118066,189.631253,190.8107939,191.9438062,193.0452769,194.109356,195.1362076,196.1258753,197.0784165,197.9939041,198.8724285,199.7140989,200.519046,201.2874238,202.0194128,202.7152222,203.3750934,203.9993034,204.5881683,205.1420475,205.6613483,206.1465306,206.598112,207.0166737,207.4028657,207.7574136,208.0811244,208.3748924,208.6397048,208.8766465,209.0869028,209.2717591,209.432597,209.5708832,209.6881486,209.7859529,209.8658284,209.9291927,209.9772177,210.010636,210.0294578,210.0325633,210.0171205,209.9777691,209.9054921,209.7860982,209.5982513,209.3110492,208.8812953,208.2508673,207.3449435,206.0722005,204.3281625,202.0023161,198.9883104,195.1950471,190.5557517,185.0328741,178.6184771,171.3315029,163.2141384,154.3294962,144.762614,134.627052,124.0808481,113.3593467,102.8404239,93.17099866,85.48049713,81.50358709
768.882812,156.3209932,157.5963266,158.8565925,160.1001047,161.3324028,162.5514948,163.7575672,164.9507697,166.1312647,167.2992278,168.4548491,169.5983344,170.7299062,171.8498054,172.9582923,174.0556483,175.1421775,176.2182079,177.2840937,178.3402164,179.3869864,180.4248448,181.4542645,182.4757511,183.4898434,184.4971131,185.4981633,186.4936258,187.4841562,188.4704252,189.4531071,190.4328612,191.4103064,192.3859837,193.3603044,194.3334767,195.3054037,196.2755412,197.2427005,198.2047757,199.1583664,200.098261,201.0167303,201.9025744,202.739858,203.506271,204.1710895,204.6927906,205.0165461,205.072095,204.7728427,204.0173287,202.6941285,200.6905142,197.903769,194.2525948,189.685612,184.1850596,177.7658397,170.471767,162.371555,153.5569056,144.1448119,134.2865588,124.1876421,114.1470118,104.6324986,96.42177973,90.82450675,89.73225636
767.087891,168.7701524,168.7397277,168.7234822,168.7252707,168.7395743,168.768894,168.8134258,168.873427,168.9491645,169.0409156,169.1489678,169.2736194,169.4151794,169.5739682,169.7503171,169.9445687,170.1570764,170.3882042,170.6383262,170.9078253,171.197092,171.5065225,171.8365158,172.1874704,172.5597793,172.9538235,173.3699641,173.8085307,174.2698075,174.7540141,175.2612811,175.7916173,176.3448674,176.9206562,177.5183147,178.1367824,178.7744788,179.4291315,180.0975483,180.7753142,181.4563875,182.1325647,182.7927746,183.4221573,184.000882,184.5026753,184.8930668,185.1274557,185.1492599,184.8886565,184.2627044,183.1778152,181.5353477,179.2403026,176.2117904,172.3927949,167.7566611,162.309007,156.0856589,149.1486207,141.5824863,133.4934198,125.0125823,116.306317,107.597138,99.2035211,91.61404663,85.62088467,82.51458389,84.04693013
765.291016,159.5903595,160.5381836,161.4632797,162.362277,163.2437574,164.104587,164.9450224,165.7652631,166.5655264,167.3460496,168.107091,168.8489325,169.5718814,170.2762729,170.9624723,171.6308784,172.2819258,172.9160887,173.533884,174.1358757,174.7226784,175.294962,175.8534565,176.3989564,176.9323259,177.4545039,177.966509,178.4694433,178.9644966,179.4529478,179.9361653,180.4156033,180.8927928,181.3693253,181.8468259,182.32691,182.8111176,183.3008157,183.7970544,184.300359,184.810431,185.325724,185.8428455,186.3557287,186.8545003,187.3239763,187.7417339,188.0757779,188.2819692,188.3016365,188.0601431,187.4675059,186.4221845,184.8185591,182.5573115,179.5564697,175.7602649,171.1438041,165.7133995,159.5041045,152.5767907,145.0171089,136.9385457,128.4922668,119.8882767,111.4368026,103.6276074,97.27779642,93.76331326,95.05923483
763.494141,152.3476931,153.2480542,154.1492485,155.0524407,155.9568689,156.8626688,157.769701,158.6778199,159.5868694,160.4966818,161.407077,162.3178604,163.2288219,164.1397336,165.0503475,165.9603938,166.8695769,167.7775729,168.6840253,169.5885404,170.4906819,171.3899644,172.285846,173.1777188,174.0648986,174.9466112,175.8219766,176.6899901,177.5494982,178.3991695,179.2374594,180.0625648,180.8723684,181.6643692,182.4355932,183.1824812,183.9007457,184.5851867,185.2294555,185.8257506,186.3644254,186.8334846,187.2179405,187.4990011,187.6530666,187.6505307,187.4544307,187.019076,186.2889321,185.1982377,183.6720315,181.6293355,178.9889552,175.6775725,171.638698,166.8402403,161.2786619,154.9790124,147.9917873,140.388611,132.2588662,123.7090038,114.8660145,105.886944,96.97787049,88.42916003,80.68008815,74.43299883,70.81331253,71.30640858
761.697266,148.435013,149.8286533,151.1923467,152.5213731,153.8269989,155.1049497,156.3554416,157.5786072,158.7745948,159.943571,161.0857214,162.2012535,163.2903982,164.3534123,165.390581,166.4022207,167.3886822,168.3503536,169.2876644,170.2010891,171.0911515,171.9584292,172.8035587,173.6272401,174.4302429,175.2134107,175.9776674,176.7240215,177.4535709,178.1675057,178.8671093,179.5537564,180.2289062,180.8940876,181.5508757,182.2008511,182.8455387,183.4863139,184.1242653,184.7599917,185.3933113,186.0228441,186.6454217,187.2552645,187.8428525,188.3934159,188.8849902,189.2860446,189.5528421,189.6269409,189.4336032,188.8822115,187.869835,186.2885063,184.0354729,181.0242091,177.1933202,172.511272,166.9767021,160.6157735,153.4788356,145.638649,137.1922483,128.2688777,119.0480517,109.7957824,100.9352762,93.18139187,87.75958483,86.49001193
759.900391,165.130078,166.234983,167.2959919,168.3053888,169.2796929,170.2123279,171.1033784,171.9527895,172.7605157,173.5265225,174.2507877,174.9333029,175.5740758,176.1731318,176.7305164,177.2462979,177.72057,178.1534549,178.5451071,178.8957168,179.2055145,179.4747755,179.703825,179.8930438,180.0428744,180.1538278,180.2264897,180.2615289,180.2597038,180.2218699,180.1489867,180.0421229,179.9024591,179.7312875,179.5300043,179.3000935,179.0430962,178.7605582,178.4539474,178.1245242,177.7731478,177.3999875,177.0041026,176.5828408,176.1309928,175.6396374,175.094618,174.4746397,173.7490834,172.8758323,171.7996968,170.4523166,168.7545064,166.6216095,163.9714217,160.7330355,156.8543227,152.3062985,147.0840079,141.2049768,134.7069923,127.6470624,120.1033242,112.1820245,104.0331085,95.88138666,88.08739216,81.26333621,76.4626497,75.25666652
758.101562,150.0418068,151.0197298,151.9958634,152.970885,153.9452232,154.9187861,155.8916293,156.8638066,157.8353744,158.8063912,159.7769184,160.7470194,161.7167596,162.6862066,163.6554293,164.6244974,165.5934812,166.5624502,167.5314721,168.5006113,169.4699268,170.4394696,171.4092795,172.3793806,173.3497761,174.320441,175.2913132,176.2622818,177.2331719,178.2037257,179.1735768,180.1422179,181.1089583,182.0728682,183.0327059,183.9868221,184.9330331,185.8684534,186.7892736,187.6904649,188.5653875,189.4052715,190.1985332,190.9298857,191.5791992,192.1200867,192.5182264,192.7295287,192.6984117,192.3566944,191.6238917,190.4098605,188.6205486,186.1667945,182.9748363,178.9960683,174.2135234,168.6438601,162.3355425,155.3653136,147.8354784,139.874287,131.6415818,123.3425563,115.2546563,107.777451,101.5241884,97.48385582,97.24900019,102.9193423
756.302734,121.7956556,122.9390348,124.0710877,125.1905491,126.3016034,127.4027708,128.4942107,129.576056,130.6484501,131.7115477,132.7655156,133.8105338,134.8467963,135.8745126,136.8939082,137.9052264,138.9087293,139.9046989,140.8934388,141.8752755,142.8505591,143.8196652,144.7829953,145.7409779,146.6940685,147.6427493,148.587528,149.5289349,150.4675188,151.4038398,152.3384593,153.2719237,154.2047436,155.1373617,156.0701093,157.0031448,157.9363682,158.8693025,159.8009294,160.7294622,161.6520334,162.5642659,163.4596902,164.3289595,165.1588105,165.9307233,166.6192627,167.190154,167.5982902,167.7860943,167.6829529,167.2066662,166.267786,164.7770751,162.6551311,159.8420217,156.3044571,152.0389993,147.0715361,141.4546926,135.2654268,128.6049779,121.6032424,114.4302315,107.31919,100.6103264,94.83248103,90.85077473,90.08400935,94.46838599
754.503906,143.8516929,144.6257367,145.3842874,146.1253764,146.8548232,147.5705953,148.2729359,148.9620545,149.6381769,150.3015466,150.9524267,151.591101,152.2178759,152.8330828,153.4370796,154.0302536,154.6130233,155.1858418,155.7491989,156.3036248,156.8496929,157.3880234,157.9192869,158.4442077,158.9635674,159.4782087,159.9890377,160.497027,161.0032163,161.5087125,162.0146864,162.5223663,163.0330258,163.5479641,164.0684753,164.5958022,165.1310673,165.675173,166.2286584,166.7914929,167.3627856,167.9403751,168.5202578,169.0958006,169.6566743,170.1874433,170.6657711,171.0602619,171.3281001,171.4128836,171.2433647,170.7341011,169.7890256,168.3083688,166.1981662,163.3802557,159.8001394,155.4308933,150.2730034,144.3515361,137.7127273,130.4220044,122.565237,114.2552766,105.6472146,96.96920102,88.5827644,81.0978198,75.5607524,73.53221753
752.705078,149.1768099,149.5598762,149.9290487,150.2825336,150.625665,150.9567079,151.2759832,151.5837888,151.8804434,152.1662892,152.4416933,152.7070498,152.9627828,153.2093479,153.4472359,153.6769753,153.8991359,154.1143322,154.3232271,154.5265366,154.7250342,154.9195554,155.1110035,155.3003545,155.4886636,155.6770704,155.8668053,156.059195,156.2556679,156.4577579,156.6671073,156.8854658,157.1146862,157.3567135,157.6135638,157.8872908,158.179931,158.4934217,158.8294772,159.1894077,159.5738565,159.9824234,160.413131,160.8616792,161.3204232,161.7770059,162.2125962,162.599744,162.8999941,163.0616367,163.0182913,162.6893247,161.9831449,160.8038798,159.0607742,156.6783048,153.6044174,149.815034,145.3146331,140.134274,134.3291807,127.9780424,121.1860961,114.0945234,106.9004214,99.89567566,93.5412029,88.60471085,86.37452154,88.68491733
750.90625,142.8076453,143.8614465,144.8873793,145.8809514,146.8525928,147.798239,148.7180085,149.6119359,150.4800654,151.3224526,152.1391648,152.9302826,153.6959018,154.4361342,155.1511099,155.8409787,156.5059128,157.1461082,157.7617878,158.3532039,158.9206404,159.4644168,159.9848904,160.4824602,160.9575698,161.4107111,161.8424271,162.2533145,162.6440257,163.0152697,163.3678105,163.7024631,164.0200854,164.3215632,164.6077869,164.8796151,165.1378196,165.3830044,165.6154871,165.8351287,166.0410886,166.2314784,166.4028746,166.549643,166.6630173,166.729873,166.7311552,166.6399742,166.4194998,166.020995,165.3826118,164.4298332,163.0784718,161.2406434,158.8330831,155.7859844,152.0500411,147.600046,142.4348873,136.5751475,130.0601312,122.9461097,115.3073879,107.2420435,98.88541251,90.43746796,82.21668279,74.76339571,69.01097494,66.36837138
749.105469,137.8701239,139.2758495,140.6430898,141.9651858,143.2565684,144.5114683,145.7299402,146.9119152,148.057331,149.1661336,150.2382779,151.2737295,152.2724654,153.2344762,154.1597675,155.0483618,155.9003008,156.7156477,157.4944895,158.2369401,158.9431433,159.6132761,160.2475523,160.8462265,161.409598,161.9380152,162.4318797,162.8916507,163.3178487,163.7110585,164.0719312,164.4011838,164.6995958,164.9680002,165.2072685,165.418283,165.6018951,165.7588595,165.889736,165.9947442,166.0735515,166.1249672,166.1465074,166.1337823,166.0796535,165.9730982,165.7977399,165.5300464,165.1373125,164.5757361,163.789173,162.7094152,161.2588847,159.3561943,156.9240353,153.8977102,150.2321035,145.9054882,140.9199683,135.2996893,129.0885957,122.3495456,115.1665071,107.6519251,99.96278076,92.33227911,85.13109442,78.98273741,74.94819,74.58048753
747.304688,123.8225424,125.8617718,127.8402266,129.7467187,131.6040292,133.4027766,135.1428408,136.8238922,138.4455991,140.0076292,141.5096501,142.9513303,144.3323402,145.6523537,146.9110492,148.1081117,149.2432342,150.3161205,151.326487,152.2740659,153.1586082,153.9798871,154.7377024,155.4318848,156.0623007,156.6288582,157.1315127,157.5702742,157.9452138,158.2564718,158.5042648,158.6888937,158.8107496,158.8703187,158.868184,158.8050206,158.6815832,158.4986796,158.257123,157.9576535,157.6008139,157.186757,156.7149583,156.1837922,155.5899249,154.9274673,154.1868374,153.353312,152.4053257,151.3127273,150.0354303,148.5231325,146.7168797,144.5529679,141.9689267,138.9103692,135.3369547,131.2260488,126.5737321,121.3939048,115.7168534,109.588754,103.0735847,96.25925312,89.27097432,82.29786739,75.6448458,69.83158777,65.7548143,64.75662844
745.503906,111.7771105,114.0988128,116.3639936,118.5623098,120.7149264,122.8131233,124.8567851,126.8456008,128.7792573,130.6574405,132.4798355,134.2461277,135.9560037,137.6091523,139.2052656,140.7440406,142.2251805,143.6483969,145.0134112,146.3199572,147.5677835,148.7566565,149.8863629,150.956714,151.9675486,152.9187373,153.810187,154.6418449,155.4137032,156.1258028,156.7782375,157.3711558,157.9047612,158.3793096,158.7951008,159.1524624,159.4517222,159.693163,159.8769518,160.003032,160.0709618,160.0796778,160.0271509,159.9098967,159.7222919,159.4556444,159.0969765,158.6275204,158.0210174,157.2420821,156.2451281,154.9745886,153.3672156,151.3568802,148.8814474,145.8903025,142.3506322,138.2510722,133.6025539,128.4373721,122.8081148,116.788205,110.4758596,104.0038265,97.55894749,91.4194163,86.02510214,82.10664249,80.88194667,84.05908803
743.703125,115.1611142,116.1776331,117.1731017,118.1439915,119.0980923,120.0322021,120.9462812,121.8402174,122.7138974,123.5672072,124.4000317,125.2122555,126.0037625,126.7744361,127.5241597,128.2528163,128.9602888,129.6464601,130.311213,130.9544301,131.5759936,132.1757849,132.753684,133.3095687,133.8433128,134.3547847,134.8438447,135.3103406,135.7541032,136.1749391,136.5726206,136.9468728,137.2973558,137.62364,137.9251728,138.2012338,138.450873,138.6728267,138.8654036,139.0263284,139.1525301,139.2398543,139.2826753,139.2733804,139.2016932,139.0538128,138.8113638,138.4502067,137.9392535,137.2395874,136.3043741,135.0801858,133.5102866,131.5399643,129.1231936,126.229142,122.8468951,118.9875011,114.6836458,109.9882312,104.9735182,99.73246273,94.38392907,89.08409218,84.04810755,79.58991673,76.19502932,74.64886988,76.21568701,82.5510555
741.902344,103.368043,105.7719339,108.1252214,110.4185993,112.6706748,114.8733253,117.0261002,119.1283491,121.1793976,123.1785458,125.1250668,127.0182055,128.8571764,130.6411623,132.3693121,134.0407386,135.6545163,137.2096786,138.7052149,140.1400674,141.5131277,142.8232324,144.0691585,145.2496182,146.3632532,147.408627,148.3842172,149.2884061,150.1194687,150.8755598,151.5546971,152.1547416,152.6733726,153.108058,153.4560152,153.7141639,153.8790639,153.9468374,153.913067,153.7726645,153.5197001,153.1471807,152.6467629,152.008386,151.2198102,150.2660556,149.1287545,147.7854747,146.2091386,144.3677683,142.2248961,139.7410359,136.8764932,133.5954182,129.8704384,125.6867481,121.0445768,115.9595947,110.4616749,104.5930383,98.40694518,91.96797292,85.35487627,78.6673847,72.03940154,65.66348578,59.83604914,55.0383102,52.05370929,51.94493024
740.099609,113.4980981,114.8397935,116.1605907,117.4572083,118.7372391,119.9974708,121.2377942,122.4580236,123.6579677,124.8374292,125.9962046,127.1340837,128.2508495,129.346277,130.4201334,131.472177,132.5021563,133.5098095,134.4948629,135.4570297,136.3960085,137.311481,138.2031097,139.0705346,139.9133696,140.7311977,141.5235645,142.2899713,143.0298645,143.742624,144.4275464,145.083825,145.7105224,146.3065359,146.870551,147.4009814,147.8958888,148.3528762,148.7689469,149.1403153,149.4621552,149.7282641,149.9306184,150.0587904,150.0991957,150.0341485,149.8407279,149.489515,148.9433645,148.1565363,147.0746994,145.6364483,143.7768562,141.433086,138.5512189,135.0926877,131.0386023,126.3910658,121.1718243,115.4195426,109.1872815,102.5415768,95.56434846,88.35914471,81.06434741,73.87860097,67.10889328,61.25885992,57.1634388,55.99863385
738.296875,120.6321805,121.4370976,122.2109676,122.9484387,123.6611356,124.3443983,124.9982617,125.6226602,126.2175335,126.7828271,127.3184933,127.8244921,128.3007925,128.7473734,129.1642253,129.5513517,129.9087707,130.2365169,130.5346437,130.8032251,131.0423588,131.2521685,131.432807,131.5844598,131.7073481,131.8017326,131.8679176,131.9062547,131.9171466,131.9010504,131.8584805,131.7900098,131.6962692,131.5779434,131.4357627,131.2704857,131.0828726,130.8736418,130.6434024,130.3925542,130.121138,129.8286179,129.5135678,129.1732256,128.802873,128.3949916,127.9381557,127.415655,126.8039142,126.0709228,125.1750873,124.0651253,122.681678,120.9610251,118.8405756,116.2649512,113.1910308,109.5906981,105.451006,100.7724343,95.56638622,89.8530482,83.66056008,77.0264551,70.00289144,62.66882693,55.15608761,47.70382263,40.76192747,35.11055193
736.494141,102.1504669,103.4691423,104.7577577,106.0114308,107.2414935,108.4436199,109.6180087,110.7647736,111.8840435,112.9759644,114.0407011,115.0784388,116.0893859,117.0737755,118.031869,118.9639581,119.8703687,120.7514639,121.6076481,122.4393714,123.2471341,124.0314918,124.7930612,125.5325265,126.2506452,126.948256,127.626286,128.2857584,128.9278005,129.5536517,130.1646702,130.762339,131.348269,131.9241984,132.4919855,133.0535917,133.6110503,134.1664131,134.7216649,135.2785915,135.8385808,136.4023273,136.9694015,137.5376329,138.1022414,138.6546475,139.1808955,139.6596696,140.0599863,140.3388406,140.4393759,140.2904459,139.8085425,138.9026912,137.4819352,135.4638124,132.7815457,129.3881123,125.2566779,120.3782237,114.7578738,108.411414,101.3632076,93.64663358,85.30874803,76.42275989,67.11658688,57.63590308,48.47302314,40.55427311
734.691406,108.4888551,109.5845903,110.6569632,111.7020235,112.7283049,113.7321444,114.7133807,115.671764,116.6070359,117.5189291,118.4071667,119.2714619,120.1115172,120.9270235,121.71766,122.4830926,123.2229733,123.9369388,124.6246095,125.2855877,125.9194558,126.5257744,127.1040796,127.6538797,128.1746522,128.6658385,129.1268391,129.5570063,129.955636,130.3219569,130.6551171,130.954167,131.2180372,131.4455104,131.6351844,131.7854244,131.8943001,131.9595026,131.9782352,131.9470675,131.8617428,131.7169222,131.5058474,131.2199001,130.8480367,130.3760825,129.7858912,129.0544172,128.1528328,127.0459371,125.6922517,124.0452794,122.056315,119.6787943,116.8735211,113.6135292,109.8872897,105.6996102,101.0705332,96.03325435,90.6322877,84.92297094,78.97328688,72.86922806,66.72587034,60.70847633,55.07213527,50.23406078,46.88234194,45.97636536
732.886719,105.4588726,106.1645869,106.8636256,107.5554623,108.2424443,108.9236831,109.5992222,110.2690864,110.933303,111.5919022,112.2449174,112.8923849,113.5343445,114.1708394,114.8019164,115.4276256,116.0480208,116.6631594,117.2731017,117.877911,118.4776529,119.0723944,119.6622025,120.2471429,120.8272774,121.4026608,121.9733367,122.539332,123.1006489,123.6572552,124.209071,124.7559504,125.2976579,125.8338371,126.3639675,126.8873086,127.4028231,127.9090749,128.4040912,128.8851773,129.3486665,129.7895854,130.2012065,130.5744571,130.8971511,131.1530172,131.320519,131.3715224,131.2699653,130.9708486,130.4200657,129.555721,128.3115,126.6221582,124.4303354,121.6931029,118.3864991,114.507082,110.0707603,105.1101314,99.67186492,93.81550345,87.61486341,81.16343455,74.58618857,68.06262862,61.87073236,56.46831694,52.61901323,51.41093332
731.083984,105.6614768,106.5104139,107.3405068,108.1486235,108.9416365,109.7166027,110.4733971,111.2118237,111.9316794,112.6327546,113.3148318,113.977686,114.6210837,115.2447823,115.8485298,116.4320637,116.9951102,117.5373835,118.0585844,118.5583988,119.0364967,119.4925293,119.9261278,120.3368999,120.7244267,121.0882585,121.4279098,121.7428527,122.0325092,122.2962412,122.5333375,122.742998,122.9243124,123.0762336,123.1975426,123.2868029,123.3423004,123.3619642,123.3432622,123.2830619,123.1774468,123.0214719,122.8088424,122.5314947,122.1790585,121.738188,121.1917661,120.5180321,119.6897574,118.6737098,117.4307835,115.9172495,114.0874918,111.8982123,109.3134629,106.3093191,102.8769717,99.02363166,94.77156469,90.15625773,85.22492072,80.03641094,74.66359231,69.19944169,63.76922868,58.55335879,53.8297648,50.05007764,47.95054717,48.53073784
729.279297,122.9301935,123.8065587,124.6539995,125.4673114,126.2572885,127.0194692,127.7537823,128.4600556,129.1381145,129.7877828,130.4088826,131.0012347,131.5646588,132.0989735,132.6039972,133.079548,133.5254443,133.9415051,134.3275507,134.6834027,135.008885,135.3038239,135.5680485,135.8013912,136.0036877,136.1747769,136.3145005,136.422702,136.4992246,136.5439086,136.5565869,136.5370779,136.4851756,136.4006353,136.2831529,136.1323358,135.9476609,135.7284167,135.4736214,135.1819081,134.8513656,134.4793177,134.0620196,133.5942461,133.0687425,132.4755123,131.8009308,131.0267173,130.1288739,129.076836,127.8332406,126.3548574,124.5951892,122.5088857,120.0574351,117.2149121,113.9723771,110.3400967,106.3477738,102.0438517,97.4953481,92.78972691,88.04044355,83.39846639,79.07383379,75.3750259,72.78073301,72.0659985,74.47671571,81.63504999
727.472656,103.2812899,104.4412805,105.5842819,106.7077535,107.817803,108.9118132,109.9896702,111.0511964,112.0962081,113.1245146,114.1359182,115.1302137,116.1071875,117.0666172,118.0082708,118.9319058,119.837268,120.7240908,121.5920932,122.4409786,123.2704326,124.0801206,124.869685,125.6387416,126.3868756,127.1136359,127.8185286,128.5010092,129.1604722,129.796238,130.4075366,130.993487,131.5530701,132.0850939,132.5881489,133.0605496,133.500257,133.9047781,134.2710318,134.5951722,134.8723541,135.0964224,135.2595038,135.3514742,135.3592751,135.266061,135.0501829,134.6840628,134.1331104,133.354973,132.2995729,130.9104927,129.1281552,126.8947876,124.1603959,120.8882993,117.0587128,112.6695894,107.7350344,102.2824138,96.34948309,89.98265091,83.23725086,76.18078276,68.90078907,61.52082029,54.23165031,47.35080148,41.42023709,37.2549586
725.667969,111.1187101,112.4268473,113.701054,114.9354059,116.1425488,117.3173087,118.4596432,119.5693945,120.6464049,121.690518,122.7015782,123.6794319,124.623928,125.5349186,126.4122596,127.2558118,128.0654416,128.8410225,129.5824358,130.2895719,130.962332,131.6006293,132.2043906,132.7735577,133.3080891,133.8079618,134.2731719,134.7037363,135.0996925,135.4610987,135.7880313,136.0805815,136.3388481,136.5629262,136.75289,136.9087656,137.0304922,137.1178639,137.1704464,137.1874565,137.1675903,137.1087809,137.0078568,136.8600699,136.6584513,136.3929558,136.0493656,135.6079653,135.0420835,134.3167433,133.3878655,132.20265,130.701775,128.8237018,126.5106193,123.7147249,120.4031946,116.5606842,112.1892792,107.3067758,101.9446247,96.14683869,89.97105578,83.49315816,76.81780732,70.09960837,63.58452072,57.68897113,53.12993799,50.98395989
723.863281,96.06308629,97.51409668,98.93428314,100.3182455,101.6774496,103.0071678,104.3073337,105.5777734,106.818312,108.0287728,109.2089784,110.3587504,111.4779101,112.5662786,113.6236775,114.649929,115.6448569,116.6082867,117.5400462,118.4399664,119.3078819,120.1436315,120.9470588,121.7180125,122.4563471,123.1619225,123.8346042,124.4742616,125.0807672,125.653993,126.1938059,126.7000606,127.1725894,127.6111862,128.0155844,128.3854255,128.7202136,129.0192516,129.2815517,129.5057092,129.689726,129.8307666,129.9248193,129.9662364,129.9471155,129.856492,129.6793247,129.3952983,128.9775539,128.3915989,127.5948316,126.5372763,125.1640988,123.4200997,121.2556497,118.6327588,115.5297258,111.943372,107.8889353,103.3986255,98.52024617,93.31727225,87.87174663,82.29175384,76.72651348,71.39504649,66.64002602,63.02599212,61.48686386,63.31907926
722.056641,77.59867696,79.53765759,81.43550295,83.2848044,85.1008523,86.87724952,88.613838,90.31031229,91.96636067,93.58166525,95.15590199,96.68874078,98.17984557,99.62887453,101.0354802,102.3993097,103.7200052,104.9972038,106.2305384,107.4196377,108.564127,109.6636282,110.7177608,111.726142,112.6883873,113.6041105,114.4729243,115.2944395,116.0682644,116.7940033,117.4712537,118.0996015,118.6786144,119.2078309,119.6867447,120.1147815,120.4912655,120.8153705,121.0860511,121.3019431,121.4612231,121.5614105,121.59909,121.5695287,121.4661549,121.2798665,120.9981483,120.6040068,120.0748046,119.3811943,118.4865139,117.3471568,115.9144313,114.1381322,111.9714287,109.3759858,106.3259651,102.8099709,98.83088792,94.40435893,89.55700015,84.32542646,78.75705739,72.91384929,66.88089324,60.78378128,54.82276746,49.33850723,44.9217183,42.47176196
720.25,95.93628779,98.1023195,100.2224592,102.2884736,104.3174954,106.3024643,108.2432852,110.1397041,111.991465,113.7983108,115.5599836,117.2762249,118.9467769,120.5713831,122.1497886,123.6817419,125.1669954,126.6053067,127.9964402,129.3401684,130.6362736,131.8845496,133.0848036,134.2368587,135.3405555,136.3957542,137.4023374,138.3602111,139.2693067,140.1295813,140.9410176,141.703621,142.4174142,143.0824282,143.6986856,144.2661763,144.7848187,145.2544029,145.6745063,146.0443704,146.3627237,146.6275277,146.835618,146.9822027,147.0601753,147.059195,146.9645039,146.7554901,146.4040994,145.8733609,145.1165136,144.0774291,142.6930458,140.898152,138.6320232,135.8454923,132.5066356,128.6038006,124.1458902,119.1609216,113.6944023,107.809099,101.5877408,95.14060279,88.62129655,82.25730005,76.40816291,71.67357335,69.06168178,70.01436992
718.443359,104.236534,104.8132307,105.3874882,105.9594607,106.5299,107.0985245,107.6653475,108.230375,108.7936135,109.3550694,109.9147494,110.47266,111.0288073,111.5831968,112.1358332,112.6867194,113.2358564,113.7832425,114.3288719,114.8727341,115.4148121,115.9550803,116.4935025,117.0300284,117.5645902,118.0970975,118.6274308,119.1554341,119.6809045,120.2035793,120.723119,121.2390864,121.7509179,122.257888,122.7590612,123.2532302,123.738834,124.2138505,124.6756532,125.1208231,125.5448984,125.9420448,126.3046216,126.6226203,126.8829462,127.068532,127.157292,127.1209882,126.9241819,126.5235961,125.868387,124.901923,123.5655331,121.8041702,119.573118,116.8441691,113.6096915,109.8838435,105.7014173,101.1156866,96.19688612,91.03281733,85.7330238,80.43847005,75.34016394,70.71341015,66.98032935,64.81974253,65.31914036,69.8951775
716.634766,87.01699922,88.68370171,90.33243747,91.96027495,93.57360687,95.16950881,96.74772026,98.30790273,99.84970205,101.3727472,102.8766491,104.360999,105.825367,107.2693004,108.6923213,110.0939247,111.4735758,112.8307071,114.164715,115.4749559,116.7607421,118.0213366,119.2559468,120.4637181,121.6437252,122.794963,123.9163344,125.006637,126.0645464,127.0885959,128.0771516,129.0283829,129.9402243,130.8103294,131.6360124,132.4141748,133.1412126,133.8128982,134.4242295,134.9692369,135.4407365,135.8300138,136.1264243,136.3168923,136.3852978,136.3117549,136.0718164,135.6356977,134.9677106,134.0262243,132.7645964,131.1335479,129.0852501,126.5788652,123.5865614,120.0985258,116.1256998,111.699877,106.8719235,101.7095767,96.29637942,90.73311948,85.14314395,79.68351175,74.56557953,70.09199406,66.72299931,65.19046203,66.64767848,72.54491692
714.828125,119.9070796,121.4821598,123.0289545,124.5426075,126.033398,127.4968155,128.9325905,130.340341,131.7196699,133.0701637,134.3913923,135.6829068,136.9442393,138.1749005,139.3743788,140.542138,141.6776159,142.7802214,143.8493322,144.8842918,145.884406,146.8489393,147.7771095,148.6680829,149.5209676,150.334806,151.1085652,151.8411265,152.5312713,153.177665,153.7788363,154.3331519,154.8387848,155.2936742,155.6954745,156.0414907,156.3285944,156.5531164,156.7107062,156.7961504,156.8031347,156.7239357,156.549021,156.2665378,155.8616714,155.3158644,154.6059176,153.7030482,152.5720756,151.1710436,149.4517339,147.3615972,144.8474685,141.8609376,138.3644888,134.3369301,129.7766942,124.7024335,119.1514658,113.1774105,106.8485288,100.2481135,93.47819791,86.66830497,79.99233595,73.69969428,68.17226581,64.0251591,62.24827952,64.14998986
713.019531,107.1248098,108.5766615,109.9920172,111.3645027,112.7078598,114.0166438,115.2909444,116.5307369,117.7360057,118.9067455,120.0429627,121.1446766,122.2119217,123.2447489,124.2432275,125.2074481,126.1375243,127.0335962,127.8958329,128.7244361,129.519644,130.2817352,131.0110331,131.7079114,132.3727987,133.0061847,133.6086261,134.1807526,134.723274,135.2369855,135.7227738,136.1816212,136.6146078,137.02291,137.4077936,137.7705981,138.112708,138.4355059,138.7402962,139.0281895,139.2999278,139.5556261,139.7943976,140.0138175,140.2091729,140.3724379,140.490928,140.5456223,140.5092446,140.3443687,140.0020689,139.421896,138.534028,137.2640842,135.5401987,133.3008811,130.5016463,127.1188726,123.1506,118.6152172,113.5496299,108.0085773,102.0667129,95.82541887,89.42764561,83.08724541,77.14577774,72.1797482,69.17289191,69.56874236
711.210938,116.3234137,117.9182945,119.4574544,120.9305691,122.3586939,123.7333466,125.0545612,126.3221889,127.5360891,128.69613,129.8021911,130.8541647,131.8519576,132.7954941,133.684718,134.519596,135.3001209,136.0263152,136.6982354,137.3159771,137.8796799,138.389534,138.8457866,139.2487501,139.5988103,139.8964366,140.1421926,140.336748,140.4808928,140.575551,140.6217973,140.6208734,140.5742062,140.4834247,140.3503767,140.1771419,139.9660388,139.7196213,139.4406579,139.1320831,138.7969058,138.4380537,138.0581222,137.658985,137.2412133,136.8032357,136.3401749,135.8423173,135.2932502,134.6678505,133.9305522,133.0345983,131.9231364,130.5327991,128.7996672,126.6664966,124.0894145,121.0425207,117.5198702,113.535486,109.1227966,104.3351228,99.24895231,93.97223541,88.6614445,83.5546336,79.03477593,75.74804602,74.78996108,77.73878547
709.400391,93.16766348,94.67799352,96.16301621,97.61872229,99.05461336,100.4670527,101.8561986,103.2221369,104.5649655,105.884796,107.1817545,108.4559833,109.7076429,110.9369131,112.1439958,113.3291164,114.4925266,115.634507,116.7553699,117.8554621,118.9351684,119.9949155,121.0351751,122.0564687,123.0593712,124.0445155,125.0125965,125.9643755,126.9006833,127.8224228,128.7305702,129.6261732,130.5103461,131.3842588,132.2491176,133.1061348,133.9564802,134.8012085,135.6411511,136.4767581,137.3078689,138.1333852,138.9508057,139.7555779,140.5402067,141.293061,141.9968316,142.6266463,143.1479611,143.5145464,143.6671672,143.5338237,143.0324557,142.0765684,140.5832134,138.4815968,135.7200474,132.2696942,128.1246188,123.2995869,117.8270887,111.7553923,105.149128,98.09411236,90.7092186,83.17093008,75.76224256,68.9677229,63.63447898,61.06641543
707.591797,103.8102482,104.8548853,105.8864663,106.9031107,107.9095859,108.9039708,109.8862691,110.856441,111.8144478,112.7602517,113.6938156,114.6151041,115.5240825,116.4207177,117.3049779,118.1768325,119.0362523,119.8832092,120.7176761,121.5396262,122.3490329,123.1458686,123.9301035,124.7017044,125.4606319,126.2068379,126.9402613,127.6608227,128.3684171,129.0629042,129.7440955,130.4117374,131.0654877,131.7048855,132.3293094,132.9379228,133.5295993,134.1028226,134.655552,135.18504,135.687587,136.1582119,136.5902118,136.9745803,137.2992527,137.548152,137.7000384,137.7272195,137.5942883,137.2572224,136.6633737,135.7530205,134.4630453,132.732791,130.5112693,127.7640787,124.478279,120.6642876,116.3551721,111.60473,106.4861144,101.0926794,95.54271039,89.9902789,84.6461657,79.81650521,75.9736608,73.88162388,74.7721293,80.26714403
705.78125,94.06095078,96.09711773,98.0845575,100.0144266,101.904831,103.7481609,105.5442034,107.292569,108.9928592,110.6446666,112.2475748,113.801158,115.3049817,116.7586021,118.1615664,119.513413,120.8136716,122.0618633,123.257501,124.4000894,125.4891259,126.5241003,127.5044958,128.4297889,129.2994503,130.1129447,130.8697311,131.569263,132.210987,132.7943423,133.3187578,133.7836482,134.1884076,134.5324002,134.8149451,135.0352949,135.1926043,135.2858834,135.3139316,135.2752415,135.1678626,134.9892072,134.7357779,134.4027878,133.9836418,133.4692434,132.8471027,132.1002507,131.2060355,130.1349926,128.8501486,127.3072711,125.4565937,123.246262,120.6271306,117.5578443,114.0088345,109.9642577,105.4217663,100.3908061,94.89048769,88.94803778,82.59869266,75.88798154,68.87797268,61.6607295,54.38594727,47.31662521,40.9294372,36.00836212
703.970703,87.35332701,89.56188556,91.7375792,93.87467539,95.98507392,98.06346176,100.1094581,102.1225465,104.1021889,106.0478239,107.9588654,109.834701,111.6746897,113.4781604,115.2444091,116.9726965,118.662245,120.3122359,121.9218052,123.4900397,125.0159724,126.4985772,127.9367623,129.3293635,130.6751358,131.9727436,133.2207494,134.4176001,135.5616111,136.6509466,137.6835963,138.6573468,139.5697464,140.4180617,141.1992235,141.909759,142.5457066,143.1025071,143.5748657,143.9565753,144.2402904,144.4172379,144.4768499,144.406302,144.1899463,143.8086372,143.2389788,142.4525731,141.4154321,140.087836,138.4250345,136.3792227,133.9030505,130.954453,127.5019364,123.5289781,119.0363475,114.0419469,108.5787688,102.6921838,96.43783999,89.8812157,83.09972358,76.18852142,69.27216011,62.5263613,56.21830182,50.77884533,46.90756379,45.55594362
702.160156,92.75019227,93.95232759,95.13659868,96.30022333,97.44988578,98.58301626,99.69971633,100.8000354,101.8840304,102.9517672,104.0033205,105.0387755,106.0582285,107.0617881,108.0495764,109.02173,109.9784018,110.9197619,111.8459994,112.7573242,113.6539683,114.5361876,115.404264,116.2585064,117.0992527,117.9268711,118.7417604,119.5443507,120.3351025,121.1145038,121.8830663,122.6413172,123.3897878,124.1289948,124.8594138,125.5814405,126.2953338,127.0011367,127.6985622,128.386834,129.0644626,129.7289337,130.3762778,131.0004837,131.592711,132.1402613,132.6252869,133.0232661,133.3013868,133.4171531,133.3177678,132.9410389,132.2185323,131.0812229,129.4669768,127.3282329,124.6379354,121.3924736,117.6117223,113.3374415,108.63181,103.5778608,98.28358277,92.89198146,87.6010662,82.7014596,78.64646293,76.17842022,76.51382668,81.30545848
700.349609,123.5531487,125.3291373,127.0476315,128.697986,130.3017375,131.8499735,133.3425476,134.7791125,136.1593171,137.4828075,138.749227,139.9582174,141.1094192,142.2024734,143.2370219,144.2127088,145.1291824,145.9860966,146.7831127,147.5199016,148.1961469,148.811547,149.3658186,149.8587009,150.2899586,150.6593876,150.9668192,151.2121259,151.3952273,151.5160964,151.5747655,151.5713326,151.5059666,151.378911,151.1904849,150.9410791,150.6311446,150.2611696,149.8316383,149.3429633,148.7953777,148.1887698,147.5224352,146.7947116,146.0024569,145.1403204,144.1997654,143.1678273,142.0256587,140.7470476,139.2972873,137.6329871,135.7034925,133.4543357,130.8324835,127.7923203,124.3008395,120.340832,115.9117875,111.0291909,105.7234287,100.0396339,94.03980711,87.80890681,81.46775853,75.19837972,69.29293122,64.24615103,60.90415343,60.51317864
698.537109,106.3714929,107.6029048,108.8139299,110.00122,111.1721197,112.3233826,113.4547973,114.5660701,115.656895,116.7269533,117.7759122,118.803424,119.8091251,120.7926345,121.7535525,122.6914594,123.605913,124.4964473,125.3625696,126.2037581,127.0194586,127.809081,128.5719949,129.3075246,130.0149431,130.693465,131.342238,131.9603325,132.5467286,133.1003013,133.6198008,134.1038291,134.5508099,134.9589515,135.3261987,135.6501728,135.928093,136.1566761,136.3320067,136.4493672,136.5030183,136.4859134,136.389329,136.2023938,135.9114978,135.499575,134.9452781,134.2221136,133.2976928,132.1333767,130.6847252,128.9032207,126.7395936,124.1486232,121.0946096,117.5561778,113.5291362,109.0268658,104.0787304,98.72768488,93.02839576,87.04699974,80.86350764,74.57815788,68.32407064,62.2908786,56.76838108,52.22456766,49.41802179,49.37131255
696.726562,86.51470107,88.55816014,90.58746274,92.60078859,94.60313859,96.59237071,98.56839032,100.5310494,102.4801944,104.4156654,106.3372961,108.2449128,110.1383337,112.0173686,113.8818173,115.7314687,117.5660998,119.3854736,121.1893377,122.9774215,124.7494341,126.5050604,128.2439577,129.96575,131.6700226,133.3563142,135.0241076,136.6728181,138.3017787,139.9102216,141.4972545,143.0618306,144.6027103,146.1184106,147.6071417,149.0667223,150.4944701,151.8870577,153.2403231,154.549019,155.8064828,157.0042014,158.1312413,159.1735098,160.1128143,160.9256999,161.5820799,162.0437509,162.2630176,162.1818484,161.7322109,160.838358,159.4216617,157.4079149,154.735955,151.3655552,147.2825096,142.4999368,137.0563996,131.0125881,124.4486057,117.4636732,110.1799006,102.7522474,95.38843373,88.38622948,82.20245679,77.57642081,75.70777226,78.20909905
694.914062,104.1508924,105.7322338,107.2688494,108.7526812,110.2006108,111.6059044,112.9686391,114.2887494,115.5661787,116.8008816,117.9928245,119.141988,120.2483684,121.31198,122.3328574,123.3110584,124.2466665,125.1397949,125.9905895,126.7992339,127.5659533,128.2910201,128.9747596,129.6175566,130.2198622,130.7822018,131.3051836,131.7895082,132.2359782,132.6455088,133.0191386,133.3580404,133.6635308,133.9370785,134.1803079,134.3949987,134.5830733,134.7465714,134.8875998,135.0082482,135.110453,135.1957862,135.265136,135.3182362,135.3529876,135.364511,135.3438698,135.2764393,135.1399819,134.9026567,134.5214423,133.9417231,133.0989054,131.9226336,130.3433557,128.2999259,125.7463159,122.6558583,119.0225991,114.8605531,110.2023476,105.0988904,99.62170266,93.86994904,87.98554891,82.18298063,76.80700826,72.44173978,70.08607109,71.20699216
693.101562,104.9796339,106.6998196,108.3835434,110.0243642,111.6357301,113.2119289,114.7527548,116.2578666,117.7269134,119.1595337,120.5553554,121.9139952,123.2350582,124.5181374,125.762813,126.9686521,128.1352075,129.2620177,130.3486054,131.3944766,132.3991197,133.3620039,134.2825775,135.1602662,135.9944702,136.7845614,137.5298794,138.2297269,138.8833632,139.4899962,140.0487725,140.5587632,141.0189465,141.4281843,141.7851907,142.0884901,142.3363616,142.5267631,142.6572296,142.7247349,142.7255047,142.6547641,142.5063977,142.2724976,141.9427702,141.5037796,140.9380212,140.2228632,139.3294758,138.221999,136.8573625,135.1862912,133.1559679,130.7144397,127.8161554,124.4273521,120.5298623,116.1225159,111.220322,105.8524321,100.0601657,93.89628168,87.42655976,80.73500235,73.93493642,67.19058373,60.75824344,55.06291256,50.81830765,49.05329399
691.287109,115.0472782,116.0327088,116.9953322,117.9313117,118.8491219,119.7453184,120.6198889,121.4727446,122.3037974,123.1129608,123.9001497,124.6652811,125.4082743,126.1290516,126.8275383,127.5036636,128.1573611,128.7885689,129.3972305,129.9832955,130.5467196,131.0874652,131.605502,132.1008069,132.5733637,133.0231629,133.4502004,133.8544757,134.2359887,134.5947356,134.9307013,135.2438503,135.5341124,135.801363,136.0453948,136.2658795,136.4623128,136.6339392,136.7796467,136.8978214,136.9861465,137.0413258,137.058707,137.0317718,136.9514605,136.805298,136.5763102,136.2417665,135.7718775,135.1287343,134.2659649,133.1297464,131.6617575,129.8042348,127.5064946,124.7314774,121.4606566,117.6963127,113.4613447,108.7977832,103.7655752,98.44319462,92.93163402,87.36383968,81.92318901,76.87799609,72.64543929,69.90615149,69.76996231,73.73171361
689.474609,112.0686338,113.3441143,114.597565,115.8254498,117.0359395,118.2257615,119.3949401,120.5434282,121.6711818,122.7781605,123.864328,124.9296526,125.9741076,126.9976721,128.0003317,128.9820788,129.942914,130.8828459,131.8018927,132.7000826,133.5774543,134.4340581,135.2699559,136.0852219,136.8799421,137.6542144,138.4081467,139.1418552,139.8554609,140.5490838,141.2228352,141.8768058,142.5110492,143.125558,143.7202304,144.2948236,144.8488888,145.3816807,145.8920314,146.3781767,146.837516,147.2662813,147.659087,148.0083211,148.3033374,148.5294101,148.6664369,148.6874282,148.5569366,148.2297578,147.6504653,146.7545289,145.4717109,143.7319395,141.4729146,138.647751,135.2306984,131.219737,126.6362188,121.5228745,115.9419797,109.9754186,103.7283334,97.33852644,90.995375,84.97560271,79.71015482,75.90535288,74.72219392,77.75254753
687.660156,110.3544512,111.1993025,112.0347296,112.8595672,113.6772965,114.4866403,115.2876957,116.0805353,116.865238,117.6418898,118.4105841,119.1714221,119.924514,120.6699791,121.4079465,122.138556,122.8619587,123.5783176,124.287808,124.9906188,125.6869521,126.3770242,127.0610654,127.7393198,128.4120447,129.0795092,129.7419922,130.3997785,131.0531545,131.7024001,132.3477785,132.989522,133.6278107,134.2627453,134.8943074,135.5223064,136.1463059,136.7655232,137.3786911,137.9838693,138.5781866,139.1574908,139.7158764,140.2450533,140.7335199,141.1655071,141.5196882,141.767711,141.872725,141.7882616,141.4580558,140.817561,139.7978273,138.3318614,136.362623,133.8508787,130.7809506,127.1632602,123.0340061,118.4534798,113.5049855,108.2962969,102.965632,97.69484238,92.73455602,88.45040003,85.40749292,84.51927157,87.25423659,95.52874559
685.845703,107.0980156,108.0918251,109.0748156,110.0457983,111.008853,111.9626467,112.9074193,113.8433916,114.7708002,115.6898988,116.6009592,117.5042733,118.4001544,119.288939,120.1709888,121.0466926,121.9164686,122.780767,123.640072,124.494905,125.3458269,126.1934417,127.0383989,127.8813966,128.7231847,129.5645674,130.4064054,131.2496176,132.0951813,132.9441308,133.7975539,134.6565841,135.5223877,136.3961439,137.2790137,138.1720937,139.0763499,139.9925201,140.9209768,141.8615307,142.8131545,143.7735967,144.7388456,145.7023935,146.6542471,147.5796257,148.4573147,149.2577046,149.9406741,150.453699,150.73086,150.6936795,150.2547036,149.3241934,147.819156,145.672735,142.8415356,139.3092618,135.0866563,130.2091629,124.7343549,118.741139,112.3326176,105.6449164,98.86588919,92.2713803,86.29421361,81.65162578,79.54136556,81.65662665
684.029297,113.7947801,115.0765805,116.3319671,117.5565013,118.7599306,119.9382107,121.0912645,122.2189223,123.3210112,124.3973556,125.4477774,126.4720954,127.470126,128.4416829,129.3865773,130.3046177,131.1956102,132.0593582,132.8956623,133.7043205,134.4851274,135.2378741,135.9623474,136.6583287,137.3255929,137.9639064,138.5730239,139.1526854,139.7026107,140.2224924,140.7119862,141.1706983,141.5981673,141.99384,142.3570389,142.686917,142.9823965,143.2420854,143.4641628,143.6462222,143.7850583,143.8763756,143.9143948,143.8913253,143.7966706,143.6163358,143.3315283,142.9174912,142.3422039,141.565339,140.5379561,139.2035624,137.501109,135.3700563,132.7568289,129.621193,125.9408862,121.7135098,116.955861,111.7018459,106.0004689,99.91531027,93.52679536,86.93888445,80.29300517,73.79481318,67.76480304,62.73131616,59.57247677,59.52465824
682.214844,87.85251071,90.27902082,92.65268262,94.96395641,97.23243157,99.44983439,101.6159033,103.7301835,105.7922085,107.8014999,109.757567,111.659907,113.5080043,115.3013306,117.0393447,118.7214922,120.3472052,121.9159025,123.4269895,124.8798575,126.2738841,127.6084331,128.8828538,130.096481,131.248635,132.3386204,133.3657254,134.329221,135.2283582,136.0623658,136.830446,137.5317681,138.1654598,138.7305944,139.2261725,139.6510958,140.0041302,140.2838523,140.4885751,140.6162409,140.6642721,140.62936,140.5071708,140.2919397,139.9759181,139.5486395,138.9959784,138.2990104,137.4327496,136.364969,135.0554722,133.456347,131.5137402,129.1713931,126.3755385,123.0800363,119.2503222,114.8651509,109.9160097,104.4048845,98.34139534,91.74021826,84.61947838,77.00072135,68.91142561,60.39220968,51.51390768,42.41656107,33.39292888,25.03132717
680.398438,97.8348089,99.84721106,101.8338477,103.7904748,105.7264118,107.637583,109.5237538,111.3845878,113.2197352,115.0288323,116.8115003,118.5673441,120.2959516,121.9968919,123.6697139,125.3139451,126.9290888,128.5146229,130.0699967,131.5946281,133.0879007,134.5491592,135.9777052,137.3727915,138.7336155,140.0593114,141.3489407,142.6014802,143.815808,144.990686,146.1247374,147.2164196,148.2639896,149.2654597,150.2185414,151.1205733,151.9684278,152.7583898,153.4859989,154.1458427,154.731287,155.2341224,155.6441056,155.9483698,156.1306796,156.1705207,156.0420399,155.7129194,155.1433732,154.2856122,153.0842994,151.4786007,149.4062754,146.8096884,143.6427686,139.8772336,135.5064431,130.5461643,125.032821,119.0206927,112.5797416,105.795541,98.7726568,91.64325071,84.58407834,77.84815533,71.82317951,67.13577151,64.80101103,66.18071693
678.582031,99.51487088,101.063125,102.5903324,104.0927304,105.577754,107.0418005,108.4844138,109.9050354,111.3030793,112.6779293,114.0289369,115.3554189,116.6566544,117.9318818,119.180295,120.4010398,121.5932096,122.7558401,123.8879041,124.9883052,126.0558706,127.0893432,128.0873721,129.0485023,129.9711623,130.8536501,131.6941166,132.4905462,133.2407348,133.9422625,134.5924624,135.1883825,135.7267407,136.2038703,136.6156538,136.9574426,137.2239591,137.4091766,137.5061714,137.5069425,137.4021903,137.1810476,136.8307583,136.3363011,135.6799673,134.8409208,133.7948027,132.5134997,130.9652711,129.1155164,126.928518,124.370424,121.4134638,118.040889,114.2516056,110.0632893,105.513236,100.6571468,95.5669297,90.3289832,85.04432936,79.83176188,74.83529706,70.2380001,66.28610878,63.33095225,61.90199487,62.82780423,67.37970891,77.05552314
676.765625,78.76644402,81.9417309,85.04389089,88.05902831,91.0143044,93.89804122,96.70972037,99.44854402,102.1136885,104.7043033,107.2195099,109.6584007,112.0200377,114.3034514,116.5076392,118.6315644,120.6741545,122.6342996,124.5108509,126.302619,128.0083721,129.6268339,131.1566818,132.5965447,133.9450004,135.200573,136.3617305,137.4268808,138.3943685,139.2624705,140.0293905,140.693253,141.2520951,141.7038564,142.0463658,142.2773239,142.394279,142.3945957,142.2754099,142.0335683,141.6655439,141.1673191,140.5342252,139.760723,138.8401098,137.7641378,136.5225394,135.1024805,133.4880097,131.6596531,129.5944051,127.2664461,124.6488936,121.7166614,118.450075,114.8384648,110.8828604,106.5972922,102.0088707,97.15738576,92.0954236,86.89005961,81.6273219,76.42117771,71.43018608,66.8878916,63.15846432,60.83542203,60.88172536,64.57844781
674.949219,89.14022148,91.09219259,93.00787848,94.88099159,96.72501248,98.5343899,100.3090511,102.048798,103.7534312,105.4227502,107.0565535,108.6546395,110.2168064,111.7428533,113.2325801,114.6857887,116.1022834,117.4818717,118.824365,120.1295797,121.3973378,122.6274682,123.8198072,124.9741995,126.090499,127.1685691,128.2082832,129.2095237,130.172181,131.0961508,131.9813299,132.8276088,133.6348612,134.4029275,135.1315917,135.8205469,136.4693459,137.0773318,137.6435378,138.1665469,138.644294,139.0737892,139.450734,139.7689939,140.0198873,140.1912481,140.2662369,140.2219204,140.0277312,139.6440822,139.0216232,138.1018151,136.8194944,135.1076941,132.9041649,130.1581419,126.8355705,122.9215794,118.4201695,113.3521247,107.7526003,101.6697859,95.16589119,88.3219127,81.24864041,74.10884558,67.16076872,60.84136061,55.9036718,53.48195057
673.130859,98.59702997,100.1767295,101.7133718,103.1989659,104.6496454,106.0587308,107.4261096,108.7515183,110.0346903,111.2753563,112.4732446,113.628082,114.7395937,115.8075043,116.8315387,117.8114223,118.7468825,119.6376496,120.483458,121.2840472,122.039164,122.7485638,123.4120125,124.0292885,124.6001851,125.124513,125.6021024,126.0328061,126.4165015,126.7530928,127.0425129,127.284724,127.4797162,127.6275044,127.7281207,127.7816005,127.7879614,127.7471674,127.6590758,127.5233567,127.3393741,127.1060133,126.8214317,126.482708,126.0853554,125.6226663,125.0848643,124.458072,123.7231722,122.8547665,121.8205997,120.5819866,119.0957879,117.3182031,115.2100151,112.7422177,109.9006623,106.6887893,103.1284451,99.25966368,95.14075795,90.85019007,86.49185272,82.20604973,78.19017723,74.73676613,72.30335779,71.63659752,73.94808613,80.84309756
671.314453,83.84686826,86.66193721,89.41820392,92.10480334,94.74358423,97.32528534,99.84958975,102.3159631,104.7238564,107.0727058,109.361932,111.5909398,113.759118,115.865839,117.9104579,119.8923128,121.8107239,123.6649933,125.4544046,127.1782225,128.8356922,130.4260392,131.9484683,133.4021636,134.7862871,136.099978,137.3423513,138.5124959,139.6094722,140.6323087,141.5799971,142.4514855,143.2456689,143.9613759,144.5973496,145.1522213,145.6244724,146.0123818,146.3139513,146.5268002,146.6480187,146.6739615,146.5999635,146.419948,146.1258994,145.7071703,145.149606,144.4345084,143.5375329,142.4277427,141.0672088,139.4116892,137.4129048,135.0225977,132.1978936,128.906795,125.1323956,120.8749165,116.1516361,110.9956423,105.4547124,99.59163638,93.48730672,87.24832439,81.02218132,75.02602024,69.60071378,65.30983081,63.08960101,64.25060969
669.496094,104.806236,107.1647326,109.4578169,111.6733927,113.8359567,115.9353706,117.9714679,119.9438534,121.8521278,123.6958885,125.4747301,127.1882452,128.8360257,130.4176637,131.9327526,133.3808892,134.7616749,136.0747179,137.3196356,138.4960575,139.6036274,140.6420079,141.6108835,142.5099657,143.3389976,144.0977599,144.7860769,145.4038237,145.9509342,146.4274085,146.8333227,147.1688368,147.4342042,147.6297784,147.756019,147.8134923,147.8028658,147.7248912,147.5803696,147.3700901,147.0947285,146.7546852,146.3498372,145.8791667,145.3402188,144.7283344,144.0356053,143.249521,142.3513489,141.3144229,140.1027244,138.6703768,136.962781,134.9198985,132.4815143,129.5934174,126.2128883,122.3121335,117.8792374,112.9172131,107.4423068,101.482812,95.07959289,88.28970773,81.19541053,73.92309854,66.68180201,59.83986998,54.06062421,50.41168537
667.675781,84.67207934,86.66764449,88.61747826,90.51351023,92.37288558,94.18868651,95.96093129,97.68948824,99.37423126,101.0150409,102.6118056,104.164423,105.6728014,107.1368615,108.5565384,109.9317835,111.262567,112.5488808,113.7907409,114.9881915,116.1413078,117.2502013,118.3150231,119.3359701,120.31329,121.2472874,122.1383305,122.9868584,123.793388,124.5585221,125.2829563,125.9674862,126.6130126,127.220544,127.7911958,128.3261809,128.8267915,129.2943629,129.730214,130.1355511,130.5113185,130.8579732,131.1751498,131.461173,131.7123632,131.9220723,132.0793921,132.1675079,132.1617565,132.0276058,131.7190188,131.1779243,130.3356266,129.1166994,127.4451031,125.2512393,122.4780403,119.0845166,115.0462709,110.3536156,105.0085288,99.02169651,92.41065936,85.20002408,77.42518722,69.14265226,60.45411676,51.5606384,42.87608055,35.20397069
665.857422,112.615865,113.8955887,115.1352668,116.3277724,117.4881811,118.6104641,119.6946785,120.7407529,121.748623,122.7182334,123.6495387,124.5425046,125.3971101,126.2133485,126.9912302,127.7307842,128.4320613,129.095136,129.7201105,130.3071176,130.8563244,131.3679373,131.8422056,132.279428,132.6799572,133.0442066,133.3726574,133.6658652,133.924468,134.1491938,134.3408686,134.500423,134.6288987,134.7274513,134.7973502,134.839971,134.8567783,134.8492926,134.8190345,134.7674337,134.6956882,134.6045501,134.4940088,134.3628291,134.2078944,134.023298,133.7991291,133.5199357,133.1629282,132.696144,132.0770282,131.2521318,130.1587207,128.7287988,126.8952639,124.5989344,121.7946283,118.4548363,114.5706142,110.1504428,105.2184076,99.81313815,93.98887427,87.82027308,81.41360646,74.9296026,68.62870522,62.95871246,58.7022541,57.05774031
664.037109,88.81133725,90.91482718,92.96121939,94.93996506,96.87257537,98.75031547,100.5731673,102.3409222,104.0533757,105.7103297,107.3115931,108.8569833,110.3463286,111.7794695,113.1562612,114.4765761,115.7403066,116.9473685,118.0977043,119.1912879,120.2281286,121.2082768,122.1318299,122.9989388,123.8098157,124.5647422,125.2640792,125.9082769,126.4978863,127.0335724,127.516127,127.9464833,128.3257305,128.6551278,128.936117,129.1703317,129.3595994,129.5059338,129.6115088,129.6786052,129.7095151,129.7063839,129.670959,129.6042057,129.5057378,129.3730012,129.2001481,128.9765656,128.6850921,128.3001056,127.7858944,127.0959875,126.1742594,124.9584037,123.3856522,121.3996416,118.9566956,116.0300291,112.6113802,108.710695,104.3551715,99.58915942,94.47646224,89.10697686,83.61089175,78.18672566,73.15580088,69.06561514,66.85762044,67.92549544
662.21875,93.78156396,95.37374402,96.92956173,98.44263819,99.92655353,101.3757756,102.7902777,104.1699109,105.5145278,106.8239834,108.0981353,109.336845,110.5399784,111.7074069,112.8390083,113.9346678,114.9942799,116.0177492,117.0049924,117.9559399,118.8705376,119.7487494,120.590559,121.3959727,122.1650216,122.8977645,123.5942905,124.2547212,124.8792132,125.4679594,126.0211894,126.5391685,127.0221942,127.4705877,127.8846818,128.2647984,128.6112151,128.924114,129.2035052,129.4491145,129.6602207,129.8354203,129.9722944,130.0669406,130.1133278,130.1024289,130.0210965,129.850684,129.5654977,129.1313143,128.5044046,127.6317061,126.4528197,124.9041742,122.92495,120.4634776,117.4824275,113.9615556,109.8978284,105.3037535,100.205217,94.64011972,88.65898185,82.3288527,75.74274891,69.03908461,62.44034594,56.32835035,51.37209581,48.60621241
660.398438,86.70038003,88.58033547,90.42467767,92.22752183,94.00234051,95.74400945,97.45277982,99.12880284,100.772249,102.3833103,103.9622018,105.5091649,107.0244695,108.5084171,109.9613439,111.3836248,112.7756773,114.1379658,115.4710066,116.7753734,118.0517034,119.3007035,120.5231582,121.7199369,122.8920031,124.0404233,125.1663775,126.2711695,127.3562381,128.4231684,129.4737025,130.5097492,131.5333918,132.5468917,133.5526858,134.5533735,135.5516884,136.5504469,137.5524612,138.5604018,139.5765853,140.6026545,141.6391072,142.6846133,143.7350471,144.7821493,145.8117447,146.8014819,147.7181841,148.5151177,149.1298226,149.4834955,149.4830608,149.0266527,148.0121313,146.3468514,143.9560942,140.7880422,136.8146746,132.0295166,126.4439898,120.0841557,112.9893876,105.214534,96.83800445,87.98076113,78.8471763,69.8106281,61.57651518,55.36674156
658.576172,93.12146596,95.4879163,97.79435118,100.0296548,102.216285,104.344917,106.4153747,108.4272704,110.3802111,112.273799,114.1076318,115.8813038,117.5944058,119.2465266,120.8372539,122.366175,123.8328785,125.2369556,126.5780018,127.8556193,129.0694186,130.2190216,131.3040644,132.3242004,133.2791043,134.1684762,134.9920459,135.7495781,136.4408775,137.0657945,137.6242307,138.116144,138.541553,138.9005397,139.193249,139.4198836,139.580691,139.6759383,139.7058696,139.6706351,139.570182,139.4040859,139.1712999,138.8697887,138.4960036,138.0441553,137.5052396,136.8658038,136.1065083,135.2006712,134.1131767,132.8003364,131.2113637,129.291872,126.9891485,124.2581262,121.0665324,117.3980091,113.2529442,108.6477085,103.6135269,98.19630832,92.458776,86.48658649,80.40129512,74.38578116,68.73338497,63.94069461,60.85695371,60.73273364
656.755859,92.46848332,94.57854822,96.63515503,98.62856383,100.5787806,102.4775655,104.3248125,106.1202308,107.863528,109.5544111,111.1925868,112.7777624,114.3096468,115.7879518,117.2123928,118.5826909,119.8985739,121.1597786,122.3660524,123.5171563,124.612867,125.6529803,126.6373141,127.5657126,128.4380501,129.2542358,130.0142191,130.7179944,131.3656076,131.9571614,132.4928217,132.9728226,133.3974709,133.7671485,134.0823114,134.3434825,134.5512372,134.7061742,134.808867,134.859786,134.8591763,134.8068728,134.7020247,134.5426939,134.325282,134.0437347,133.688476,133.2450538,132.6925508,132.0019505,131.1348591,130.0431987,128.6705779,126.955787,124.8381773,122.2638049,119.1907227,115.5921096,111.4568831,106.7884286,101.6026103,95.92627983,89.79739673,83.26801283,76.41215863,69.34275317,62.24628794,55.45254015,49.55960877,45.54332732
654.933594,101.7208346,103.0692588,104.3866945,105.6679807,106.9247656,108.1525091,109.3513443,110.5213113,111.6624616,112.7748589,113.8585812,114.9137218,115.9403915,116.93872,117.9088585,118.8509816,119.7652903,120.6520145,121.5114163,122.3437934,123.1494829,123.9288656,124.6823702,125.4104783,126.1137297,126.792728,127.4481463,128.0807331,128.6913184,129.2808189,129.8502428,130.4006933,130.9333682,131.4495574,131.9506321,132.438026,132.9132019,133.377597,133.8325388,134.279117,134.7179927,135.1491191,135.5713375,135.9818026,136.3751808,136.7425577,137.0700029,137.3367806,137.5132922,137.5590228,137.4210241,137.033735,136.3210178,135.2009211,133.5927609,131.4250069,128.6418747,125.206989,121.1037397,116.3331916,110.9110284,104.8650011,98.23413786,91.07101595,83.44916259,75.47981753,67.34725861,59.38144876,52.19277023,46.8105139
653.111328,92.4783117,94.05618104,95.59991872,97.10375577,98.58044761,100.0248963,101.4371515,102.8171537,104.1648495,105.4801929,106.7631461,108.0136804,109.231778,110.417433,111.5706532,112.6914616,113.7798985,114.8360236,115.8599181,116.8516879,117.8114655,118.7394139,119.6357296,120.5006462,121.3344381,122.1374249,122.9099752,123.6525108,124.3655107,125.0495141,125.7051232,126.3330039,126.9338833,127.5085443,128.0578135,128.5825392,129.0835579,129.561639,130.0174034,130.4512002,130.8629259,131.2517616,131.6157966,131.9514949,132.2529544,132.5109018,132.7113762,132.8340915,132.8505604,132.7222254,132.3990839,131.8195322,130.9122179,129.6003494,127.808074,125.4675281,122.5246424,118.9422098,114.6998628,109.7917175,104.222968,98.00665992,91.16159122,83.71218731,75.69162297,67.15095508,58.1808167,48.9607808,39.86420759,31.6292291
651.289062,106.1283723,108.0474407,109.9113974,111.7100617,113.4639966,115.1645985,116.8116557,118.4047589,119.9434908,121.4274261,122.8561317,124.229167,125.5460841,126.8064282,128.0097381,129.1555466,130.2433813,131.2727653,132.2432181,133.1542568,134.0053973,134.7961555,135.5260494,136.1946004,136.8013358,137.3457909,137.8275116,138.2460569,138.6010014,138.8919385,139.1184821,139.2802685,139.376957,139.4082282,139.3737792,139.2733144,139.1065281,138.873076,138.5725305,138.2043111,137.7675791,137.2610816,136.6829229,136.0302356,135.2987174,134.4819942,133.5707778,132.5518097,131.4066451,130.1104427,128.6310928,126.9291827,124.95935,122.673344,120.0245413,116.9729625,113.4894773,109.5581841,105.1767639,100.3554094,95.11534974,89.48802223,83.51589437,77.25612393,70.78905452,64.23554695,57.79142353,51.79457301,46.83936962,43.85019889
649.466797,105.5690021,106.620969,107.6382578,108.614662,109.563161,110.4784546,111.3605081,112.2091694,113.0242874,113.8057127,114.553298,115.2668991,115.9463754,116.5915909,117.2024151,117.7787243,118.3204027,118.8273439,119.2994522,119.7366447,120.1388532,120.5060259,120.8381302,121.1351551,121.397114,121.6240475,121.8160266,121.9731557,122.095576,122.1834678,122.237053,122.2565965,122.2424053,122.1948255,122.1142354,122.0010316,121.855607,121.6783147,121.4694121,121.2289778,120.9567871,120.6521295,120.3135471,119.9384614,119.522654,119.0595606,118.5393469,117.9477631,117.2648401,116.4636152,115.5092483,114.3590631,112.9640917,111.2724407,109.2341774,106.8067013,103.9592038,100.6751612,96.95268167,92.80337084,88.25080653,83.32974299,78.08709752,72.58597304,66.91480924,61.20582229,55.67122509,50.67274897,46.83691462,45.11146126
647.642578,85.93788686,87.82599923,89.6687504,91.45815486,93.2113039,94.92141711,96.58860122,98.21282039,99.79405005,101.3322784,102.8275082,104.2797586,105.6890671,107.0554925,108.3791166,109.6600481,110.8984255,112.0944207,113.2482432,114.3601449,115.4304252,116.4594364,117.4475906,118.3953665,119.3033172,120.1720792,121.0023815,121.7950561,122.5510489,123.2714318,123.9574141,124.6103551,125.2317746,125.8233629,126.3869857,126.9246836,127.4386611,127.9312589,128.4049026,128.8620126,129.3048593,129.7353359,130.1546149,130.562637,130.9573735,131.3337868,131.6824215,131.9875844,132.225164,132.3603116,132.3454778,132.1195961,131.6093554,130.7332167,129.4079789,127.5565479,125.1148433,122.0360652,118.2916959,113.8698667,108.7724193,103.0120594,96.61080097,89.60088221,82.02996063,73.97432776,65.56861808,57.0705735,48.99137139,42.27498837
645.818359,100.5536335,102.2803414,103.96499,105.5998463,107.2006288,108.7608057,110.2802484,111.7586795,113.195817,114.5913754,115.9450649,117.2565923,118.5256615,119.7519734,120.9352265,122.0751178,123.171343,124.2235972,125.2315762,126.1949765,127.1134969,127.9868396,128.8147105,129.5968215,130.3328906,131.0226436,131.6658151,132.2621489,132.8113986,133.313327,133.7677044,134.1743059,134.5329049,134.8432645,135.1051223,135.3181684,135.4820121,135.5961334,135.6598119,135.672025,135.6313015,135.5355152,135.3815939,135.1651178,134.8797722,134.5166249,134.0632071,133.5024196,132.8113609,131.9603121,130.9122895,129.6237363,128.0469152,126.1342245,123.8439693,121.1463737,118.0283673,114.4961993,110.575967,106.313077,101.7721099,97.03865112,92.22479114,87.48067945,83.01631353,79.14158797,76.33975949,75.3976811,77.5896246,84.59920081
643.994141,90.55678475,92.4873065,94.38383242,96.24070422,98.07055257,99.86826996,101.6338594,103.3672119,105.0682216,106.7367864,108.3728086,109.976196,111.5468622,113.084728,114.5897225,116.0617838,117.5008609,118.9069146,120.2799193,121.6198644,122.9267564,124.2006202,125.4415017,126.649469,127.8246148,128.9670582,130.0769455,131.1544521,132.1997821,133.2131673,134.1948644,135.1451495,136.0643082,136.9526206,137.8103379,138.6376473,139.4346202,140.2011378,140.9367822,141.6406829,142.3112957,142.9460937,143.5411318,144.0904464,144.5852364,145.0127755,145.3550155,145.5868929,145.6744478,145.5730501,145.2262707,144.5661671,143.5157753,141.994174,139.9235706,137.2368144,133.8832941,129.8317445,125.0697648,119.6010122,113.4415404,106.6166376,99.15922505,91.11082025,82.52664867,73.4882854,64.1315008,54.70588314,45.69213483,37.95670885
642.169922,94.31106448,96.46443935,98.58554422,100.6690285,102.7268218,104.754031,106.7506049,108.7163822,110.651201,112.5548988,114.4273131,116.2682816,118.0776427,119.8552358,121.6009015,123.3144826,124.995824,126.6447734,128.2611821,129.8449046,131.3958,132.9137313,134.3985663,135.850177,137.2684391,138.6532312,140.0044325,141.3219208,142.6055671,143.8552301,145.0707465,146.2519182,147.3984933,148.5101408,149.5864137,150.6266989,151.6301468,152.5955741,153.5213283,154.4051014,155.2436714,156.0325478,156.7654864,157.433834,158.0256557,158.5246029,158.9085006,159.1476916,159.2032918,159.025704,158.5539816,157.7168434,156.4360914,154.6326638,152.2345578,149.1848221,145.4475046,141.0102136,135.883383,130.097544,123.7003853,116.7552641,109.342647,101.5662176,93.56661071,85.54870747,77.83452762,70.96313919,65.85154964,63.8505185
640.345703,89.63464662,92.52880318,95.35306206,98.09409062,100.7779898,103.3936968,105.940835,108.4187687,110.826845,113.1643937,115.4307266,117.6251376,119.7469018,121.7952756,123.7694964,125.668782,127.492331,129.2393222,130.9089145,132.5002476,134.0124412,135.4445957,136.7957926,138.0650946,139.2515463,140.3541747,141.3719901,142.3039864,143.1491424,143.9064215,144.5747723,145.1531281,145.6404045,146.0354963,146.3372708,146.5445569,146.6561279,146.6706737,146.5867603,146.4027666,146.1167931,145.7265276,145.2290512,144.6205648,143.8960102,143.0485602,142.0689639,140.9447621,139.6594479,138.1917593,136.5154319,134.5998729,132.4122173,129.9209604,127.1008038,123.9377526,120.4332918,116.6069112,112.497116,108.161865,103.6798205,99.15397975,94.71958042,90.55910942,86.92945927,84.21080985,82.99496826,84.23924333,89.47504044,100.66652
638.519531,118.8697022,121.3918297,123.8436995,126.21205,128.5230623,130.7656261,132.9393532,135.0435945,137.0776832,139.0409344,140.9326441,142.7520897,144.4985287,146.1711989,147.7693175,149.2920815,150.7386665,152.1082271,153.3998965,154.6127863,155.7459862,156.7985645,157.7695675,158.6580201,159.4629258,160.183267,160.8180048,161.36608,161.826412,162.1978997,162.4794197,162.6698252,162.7679425,162.7725663,162.6824505,162.4962956,162.2127278,161.830268,161.3472854,160.7619292,160.0720277,159.2749428,158.3673616,157.3450017,156.202203,154.9313791,153.5223066,151.9612632,150.230084,148.3053128,146.1577753,143.7530367,141.0532171,138.020383,134.6211712,130.8316883,126.6414776,122.0557447,117.0958678,111.7989967,106.2179466,100.4226866,94.50486172,88.58736777,82.84253576,77.5258002,73.03800312,70.03730217,69.60214595,73.19512858
636.693359,122.6559838,125.088361,127.4560509,129.7468986,131.9850527,134.1603421,136.2724664,138.3208894,140.3050618,142.2244213,144.0783926,145.8663871,147.5878033,149.2420261,150.8284275,152.3463663,153.7951886,155.1742277,156.4828048,157.7202291,158.8857985,159.9788004,160.998512,161.9442015,162.8151285,163.6105457,164.3296989,164.9718284,165.5361691,166.0219508,166.4283974,166.7547243,167.0001351,167.1638138,167.2449137,167.242539,167.1557169,166.983356,166.7241845,166.3766588,165.9388326,165.4081668,164.7812612,164.0534778,163.218424,162.2672628,161.1878297,159.9635714,158.5724025,156.9857067,155.1678922,153.0770731,150.6674515,147.8936428,144.7164946,141.1092017,137.0622425,132.586181,127.7124238,122.4929776,117.0007451,111.3320333,105.6131602,100.0138613,94.77225811,90.24051453,86.96835568,85.85076037,88.33540469,96.32914382
634.867188,112.7189423,114.6966801,116.6111155,118.4502703,120.2380955,121.964882,123.6306227,125.2350991,126.7780988,128.2594169,129.6788575,131.0362359,132.3313799,133.5641331,134.7343565,135.8419325,136.8867675,137.868796,138.787985,139.644339,140.4379051,141.1687799,141.8371162,142.4431312,142.9871155,143.4694433,143.8905842,144.2511155,144.551737,144.7932866,144.9767574,145.1033166,145.1743249,145.1913567,145.1562192,145.0709699,144.9379276,144.7596757,144.5390479,144.2790888,143.9829744,143.6538706,143.2947004,142.9077791,142.4942648,142.0533605,141.581208,141.069437,140.5034127,139.8603799,139.1079447,138.2036109,137.0962341,135.7300153,134.0509038,132.0142569,129.5919699,126.7775811,123.5889703,120.0695082,116.2893318,112.3487849,108.3864316,104.595056,101.2515473,98.7718524,97.81204978,99.44814395,105.4315866,118.0842376
633.041016,108.2928622,111.1638599,113.9562695,116.6556711,119.2915865,121.8519602,124.336716,126.7455123,129.0780103,131.333876,133.5127816,135.6144071,137.6384429,139.5845915,141.4525707,143.2421165,144.9529865,146.5849639,148.1378621,149.6115298,151.0058564,152.3207794,153.5562912,154.7124478,155.7893783,156.7872958,157.7065096,158.5474385,159.310626,159.996757,160.6066757,161.141405,161.6021671,161.990403,162.307792,162.5562673,162.7380243,162.8555174,162.9114362,162.9086498,162.8501005,162.7386213,162.5766398,162.3657163,162.1058492,161.7944628,161.4249906,160.9849893,160.4537994,159.7999417,158.9787241,157.9308711,156.5832035,154.8521751,152.6502395,149.8937982,146.5106104,142.4446983,137.6578976,132.1285185,125.8483888,118.8196836,111.0527667,102.5662204,93.39082357,83.58117381,73.24363928,62.60081044,52.13062707,42.79855491
631.212891,113.4816831,116.6184894,119.6825298,122.6604558,125.5794376,128.4281692,131.206418,133.9136937,136.5494984,139.1133267,141.6046664,144.022999,146.3678001,148.6385408,150.8346877,152.9557051,155.0010551,156.9702,158.8626034,160.6777324,162.4150595,164.0740653,165.6542412,167.1550923,168.5761409,169.9169303,171.1770285,172.3560322,173.4535712,174.469312,175.402961,176.2542669,177.0230198,177.7090488,178.3122124,178.8323822,179.2694137,179.6230992,179.8930937,180.0788029,180.1792139,180.1926468,180.1163926,179.9461962,179.6755318,179.2946119,178.7890848,178.138411,177.3140083,176.2774302,174.9790947,173.3583335,171.3456031,168.8673262,165.852946,162.2427066,157.9941391,153.0857263,147.5174803,141.3094059,134.4994582,127.1426631,119.3130099,111.1100794,102.6737137,94.21329887,86.06501999,78.80137225,73.41177213,71.38553215
629.386719,131.7320045,133.1796627,134.5832308,135.934471,137.2499114,138.5226952,139.7526963,140.9396322,142.0832168,143.1831602,144.2391692,145.2509476,146.2181967,147.1406156,148.0179019,148.8497525,149.6358639,150.3759334,151.06966,151.7167451,152.3168939,152.8698167,153.3752299,153.8328578,154.2424335,154.6037009,154.9164155,155.1803458,155.3952734,155.5609938,155.677314,155.7440505,155.7610233,155.7280467,155.6449148,155.5113782,155.3271108,155.091659,154.8043686,154.4642791,154.0699724,153.6193577,153.1093711,152.5355588,151.8915133,151.1681307,150.3526741,149.4276709,148.3697582,147.1487368,145.7272799,144.061909,142.1058258,139.8138088,137.1486407,134.0877529,130.6285403,126.7914103,122.6207753,118.1852208,113.5786004,108.9239875,104.3827329,100.1719393,96.59622506,94.10490402,93.39510888,95.59063998,102.4815331,116.3427603
627.558594,121.9972056,123.4400545,124.8515463,126.2263534,127.5761332,128.896136,130.1863369,131.446605,132.6768107,133.8768258,135.0465239,136.1857811,137.2944765,138.3724927,139.4197168,140.4360408,141.4213627,142.3755871,143.2986263,144.1904011,145.0508421,145.8798901,146.6774975,147.443629,148.178262,148.8813872,149.5530081,150.1931401,150.8018087,151.3790457,151.9248835,152.4393462,152.9224362,153.3741148,153.7942739,154.1826956,154.5389953,154.8625402,155.1523351,155.4068631,155.6238611,155.80001,155.9305055,156.0084747,156.0241922,155.9640558,155.8092983,155.5344649,155.1057902,154.4797882,153.6025965,152.410818,150.8345731,148.8030185,146.2516699,143.1299055,139.4067036,135.0733546,130.1432021,124.6496169,118.6438917,112.1947019,105.3906855,98.34807544,91.22670065,84.26089094,77.81821894,72.508069,69.34916122,69.78773401
625.728516,137.7560648,139.28465,140.7828542,142.2457178,143.6845797,145.0949562,146.4769264,147.8304741,149.1555905,150.4522753,151.7205374,152.9603962,154.1718825,155.3550403,156.5099277,157.6366186,158.7352045,159.805796,160.8485253,161.8635475,162.8510434,163.8112211,164.744319,165.6506076,166.5303916,167.3840121,168.2118477,169.0143155,169.7918705,170.5450033,171.2742355,171.9801118,172.6631858,173.3239995,173.9630517,174.5807519,175.1773526,175.7528532,176.3068613,176.8383978,177.3456204,177.8254379,178.272974,178.6808316,179.038101,179.3290548,179.5314965,179.6147923,179.5377487,179.2467221,178.6746447,177.7419132,176.3600701,174.4386468,171.8943803,168.6607836,164.6955948,159.9844588,154.5408435,148.4036592,141.6346925,134.3179339,126.5627748,118.5135158,110.3693573,102.4230726,95.13456918,89.26689686,86.09612921,87.43247164
623.900391,127.5146308,129.7557723,131.9467214,134.0786103,136.1701946,138.2138218,140.2094456,142.1568504,144.0558221,145.9061489,147.7076225,149.4600389,151.1631992,152.8169114,154.4209912,155.9752638,157.4795657,158.9337463,160.3376701,161.691219,162.994295,164.2468225,165.4487517,166.6000613,167.700762,168.7509,169.75056,170.6998682,171.5989954,172.448158,173.2476185,173.9976836,174.6986977,175.3510324,175.9550673,176.5111593,177.0195953,177.4805212,177.8938358,178.2590359,178.5749917,178.8396255,179.049455,179.1989547,179.2796784,179.2790831,179.1790108,178.9538358,178.5684037,177.9760891,177.1175845,175.9212994,174.3062842,172.1881251,169.487216,166.1376294,162.0942857,157.3367766,151.8696758,145.7205539,138.9375757,131.5885774,123.7634282,115.5818743,107.2105853,98.89675135,91.03300022,84.2797223,79.76108174,79.12481292
622.072266,129.8752004,132.328444,134.7288715,137.0672869,139.3634675,141.6094511,143.8052705,145.9507865,148.0458664,150.090386,152.0842306,154.0272966,155.9194932,157.7607443,159.5509906,161.2901919,162.9783298,164.6154108,166.2014688,167.7365695,169.2208137,170.6543416,172.0373379,173.3700362,174.6527246,175.8857514,177.0695307,178.2045485,179.2913678,180.3306338,181.3230775,182.2695168,183.170854,184.0280689,184.8422017,185.6143248,186.3454959,187.0366841,187.6886573,188.3018139,188.8759352,189.4098244,189.9007895,190.3439122,190.7310323,191.0493735,191.2797492,191.3943444,191.3541985,191.1067485,190.5841272,189.7032366,188.3686953,186.4792553,183.9371002,180.6580331,176.5798818,171.6671069,165.91126,159.3285335,151.9564341,143.8516226,135.0907772,125.7765988,116.0524518,106.1326465,96.36289952,87.3383243,80.10477367,76.28527204
620.242188,139.8607014,141.9197569,143.9305402,145.8845047,147.7996902,149.6687302,151.4915754,153.2680131,154.9978315,156.6808209,158.3167743,159.9054882,161.4467639,162.9404082,164.3862349,165.7840658,167.1337328,168.4350792,169.6879615,170.8922516,172.0478388,173.1546325,174.2125642,175.2215906,176.1816959,177.092895,177.9552352,178.7687992,179.5337059,180.2501109,180.9182053,181.5382116,182.1103753,182.6349519,183.1121837,183.5422665,183.9252968,184.261196,184.5495974,184.7896846,184.9799582,185.1179048,185.1995313,185.2187168,185.1663295,185.0290506,184.7878694,184.4162663,183.878222,183.1263984,182.1011149,180.7310061,178.9362557,176.6348089,173.7509026,170.224084,166.0164156,161.1162832,155.5387524,149.3238127,142.5345119,135.2570202,127.6046463,119.7283932,111.8384959,104.2456173,97.43870926,92.22805291,89.96326957,92.53962441
618.412109,146.0974244,148.8870129,151.5873522,154.1817608,156.7038474,159.1398692,161.4897256,163.7530129,165.9293299,168.01828,170.0194725,171.932525,173.7570652,175.4927342,177.1391888,178.6961055,180.1631838,181.5401511,182.8267676,184.0228321,185.1281883,186.1427326,187.0664224,187.8992856,188.6414318,189.2930646,189.8544953,190.3261589,190.7086316,191.0026499,191.209133,191.329205,191.3642205,191.3157898,191.1858039,190.9764576,190.6902658,190.3300694,189.899022,189.400545,188.8382337,188.2156865,187.5362209,186.8024209,186.0154494,185.1740369,184.2730612,183.301653,182.2408531,181.0610298,179.7195668,178.1596887,176.311509,174.0961462,171.4328615,168.2478939,164.4827768,160.100143,155.0862628,149.4510222,143.2269826,136.4694706,129.2597511,121.7138781,114.0015392,106.3832913,99.28304482,93.42600888,90.06385358,91.05994583
616.580078,153.21802,155.2415043,157.2018803,159.0874951,160.9221292,162.696133,164.4094906,166.0619751,167.6533648,169.1834445,170.652007,172.0588547,173.4038015,174.6866746,175.9073174,177.0655916,178.1613807,179.1945929,180.1651649,181.0730668,181.9183058,182.7009325,183.421046,184.0788012,184.6744156,185.2081777,185.6804555,186.0917062,186.4424863,186.7334624,186.9654215,187.139282,187.256102,187.317087,187.323591,187.2771123,187.179276,187.0317991,186.8364284,186.5948367,186.3084596,185.9782447,185.6042761,185.1852261,184.7175714,184.1945085,183.6045065,182.9294853,182.1427093,181.2066913,180.0716931,178.675712,176.946949,174.8093597,172.1908918,169.0327862,165.2976722,160.9747207,156.0815631,150.6641709,144.796727,138.5837826,132.1672079,125.7413556,119.5823187,114.1025624,109.9525096,108.2036345,110.6164075,119.5804835
614.75,143.6702982,145.442819,147.1676942,148.8362299,150.4662591,152.0504311,153.5886452,155.0806351,156.5261323,157.9248669,159.2765677,160.5809633,161.8377821,163.0467535,164.2076086,165.3200813,166.3839089,167.3988338,168.3646044,169.2809768,170.147716,170.964598,171.7314113,172.4479584,173.1140586,173.7295486,174.2942852,174.8081457,175.2710289,175.6828549,176.0435627,176.3531063,176.611447,176.8185405,176.9743171,177.0786515,177.1313173,177.1319206,177.0798038,176.9739061,176.8125656,176.5932384,176.312105,175.9635262,175.5393054,175.0277132,174.412252,173.6701867,172.7709759,171.6749195,170.3325744,168.6857047,166.6705158,164.2234647,161.2890107,157.8276816,153.8224922,149.2824591,144.2433411,138.7669769,132.9411982,126.8824195,120.7432041,114.7280325,109.1229301,104.3497899,101.0657835,100.3389965,103.8943361,113.9966206
612.917969,158.6709469,161.4876294,164.234934,166.9000574,169.5088399,172.0504127,174.5244649,176.930433,179.26774,181.5357958,183.7339963,185.8617239,187.918347,189.9032202,191.815684,193.6550652,195.4206765,197.1118169,198.7277715,200.2678119,201.7311963,203.1171693,204.4249623,205.6537936,206.8028675,207.8713748,208.858491,209.7633752,210.5851675,211.322985,211.975916,212.5430108,213.0232692,213.4156213,213.7189011,213.9318069,214.0528472,214.0802619,214.0119116,213.8451219,213.5764643,213.2014495,212.7141039,212.1063888,211.3674193,210.4824423,209.4315525,208.1881834,206.7175248,204.9752063,202.9068385,200.4492057,197.533876,194.093481,190.069932,185.4228083,180.1358485,174.2202626,167.7150714,160.6859663,153.2247825,145.4517568,137.5229044,129.6457649,122.109244,115.3385883,109.9964276,107.1624239,108.5887058,116.6051797
611.085938,153.7179275,156.1878376,158.5990457,160.9409516,163.235441,165.4734287,167.6547425,169.7790028,171.8458246,173.8548176,175.8055864,177.6977311,179.5308479,181.3045292,183.0183646,184.6719414,186.2648456,187.7966628,189.2669788,190.6753813,192.0214604,193.3048104,194.5250308,195.6817276,196.7745144,197.8030135,198.7668563,199.6656837,200.4991449,201.2668953,201.968592,202.6038866,203.1724136,203.6737723,204.1075001,204.4730329,204.7696474,204.9963784,205.1518998,205.2343548,205.2411165,205.1684501,205.0110428,204.7613562,204.4087494,203.9383238,203.3294587,202.5540678,201.5747288,200.3430451,198.7988753,196.8713074,194.4822411,191.5529121,188.0126238,183.8078025,178.9090917,173.3149929,167.0521296,160.1736092,152.7576,144.9082889,136.7614321,128.4974439,120.3671436,112.7401014,106.1947859,101.6816003,100.7634763,105.5793338
609.253906,166.502052,168.9537197,171.3466177,173.6703992,175.9471059,178.1678617,180.3327017,182.4414687,184.494013,186.490194,188.4298818,190.3129584,192.13932,193.9088791,195.6215665,197.2773344,198.8761586,200.4180423,201.9030195,203.3311586,204.7025668,206.017395,207.2758427,208.4781634,209.6246706,210.7157438,211.751835,212.7334749,213.6612786,214.5359514,215.3582916,216.1291926,216.849639,217.520698,218.1435009,218.7192101,219.248966,219.7338044,220.1745297,220.5715266,220.9244835,221.2319904,221.4909646,221.6958396,221.8374425,221.90148,221.8665706,221.7018267,221.3641379,220.7955724,219.9216808,218.6518506,216.8829212,214.5066908,211.4206051,207.5393713,202.8045188,197.1897363,190.7017117,183.3780228,175.2845254,166.5147735,157.1939442,147.4903479,137.6397381,127.9926415,119.1050149,111.9073376,107.970164,109.5542197
607.421875,177.4520264,179.9780015,182.4336063,184.80595,187.121365,189.3689723,191.5486052,193.6598516,195.7022954,197.6755172,199.5790951,201.4126055,203.1756238,204.8677259,206.4884891,208.0374938,209.514325,210.9185741,212.2498408,213.5077359,214.6918833,215.8019233,216.8375153,217.7983416,218.6841107,219.4945615,220.2294666,220.8886369,221.4719247,221.9792265,222.4104849,222.7656881,223.0448662,223.2480826,223.3754178,223.4269421,223.4026719,223.3025027,223.1261065,222.8727814,222.5412293,222.1292359,221.6332124,221.0475505,220.3637321,219.569132,218.6454694,217.5669209,216.2980298,214.7917672,212.9884003,210.8161083,208.1943233,205.0402684,201.2780545,196.8484394,191.7168151,185.8777258,179.3558401,172.2048289,164.5063747,156.3716768,147.9479402,139.4331953,131.1052386,123.3758951,116.8921738,112.7191997,112.610072,118.9624727
605.587891,179.9559616,182.1157741,184.2145732,186.2412736,188.2187295,190.1375633,191.9976791,193.7987713,195.540534,197.2226614,198.8448492,200.4067949,201.9081994,203.3487683,204.7282127,206.0462514,207.3026123,208.4970344,209.6292703,210.6990878,211.7062737,212.6506357,213.532006,214.3502446,215.1052429,215.7969272,216.4252623,216.9902554,217.4919582,217.9304698,218.3059365,218.6185505,218.8685438,219.0561768,219.1817193,219.2454182,219.2474481,219.1878364,219.0663516,218.8823394,218.6344855,218.3204739,217.9365042,217.4766151,216.931757,216.2885539,215.5277126,214.6221,213.5346387,212.2163951,210.6055432,208.6281712,206.2019129,203.2428546,199.6750106,195.4403871,190.5071442,184.874162,178.5720055,171.6618506,164.2347085,156.4134317,148.3601388,140.2926456,132.5161347,125.4820725,119.8973009,116.9196251,118.4408723,127.0089464
603.755859,201.9480944,203.2810903,204.5668074,205.7972,206.9901613,208.1388009,209.2433869,210.30405,211.3209421,212.294239,213.2241425,214.1108838,214.9547262,215.7559684,216.5149489,217.2320496,217.9077006,218.5423858,219.1366476,219.6910942,220.2064059,220.6833426,221.1227523,221.5255803,221.8928782,222.2258152,222.5256889,222.7939366,223.0321479,223.2420754,223.4256464,223.5849712,223.7223488,223.8402669,223.9413927,224.0285496,224.104674,224.17274,224.2356389,224.295992,224.3558679,224.4163626,224.4769869,224.5347901,224.5831285,224.6099824,224.595738,224.5104167,224.3104911,223.9357191,223.3068425,222.3254273,220.8772477,218.8400371,216.0949783,212.5395547,208.0984635,202.7300482,196.4277316,189.2179541,181.1571822,172.3306844,162.8556805,152.8920128,142.6655815,132.5148302,122.9809382,114.9783577,110.0694623,110.5516194
601.921875,173.1609683,176.104895,178.9645672,181.7245319,184.4166582,187.0282102,189.5593167,192.0098355,194.3796412,196.6686274,198.87671,201.0038299,203.0499569,205.0150933,206.8992789,208.7025957,210.4251733,212.0671957,213.6289082,215.1106251,216.512739,217.8357304,219.0801793,220.2467772,221.3363413,222.34983,223.2883595,224.153223,224.9459109,225.6681327,226.3218401,226.909251,227.4328726,227.8955235,228.3003504,228.6508371,228.9507992,229.2043556,229.4158637,229.5897996,229.7305544,229.8421073,229.9275198,229.9881767,230.0226777,230.0252697,229.983716,229.8765485,229.6697984,229.3135825,228.7393555,227.8591183,226.5680909,224.7518856,222.2978216,219.1081997,215.1122595,210.2741123,204.5959178,198.1177089,190.916548,183.108084,174.8537991,166.3782555,158.0036347,150.2156182,143.7879607,140.0115075,141.0434394,149.9086712
600.085938,186.9653424,190.4154249,193.7889789,197.0720154,200.2929731,203.4398591,206.512306,209.5096662,212.4312756,215.2764533,218.0445012,220.7347035,223.3463267,225.8786188,228.330809,230.7021074,232.9917047,235.1987712,237.3224569,239.3618903,241.3161781,243.184404,244.9656275,246.6588826,248.2631757,249.7774827,251.2007457,252.5318678,253.7697066,254.9130653,255.9606799,256.9112023,257.763177,258.515009,259.1649194,259.7108847,260.1505527,260.4811264,260.6992039,260.800557,260.7798264,260.6301035,260.3423596,259.9046762,259.3012256,258.5109555,257.505966,256.2496401,254.6947451,252.781959,250.4395867,247.5854656,244.1319727,239.9943524,235.1013089,229.4055475,222.8916553,215.5798159,207.5257716,198.8190478,189.5821415,179.9734195,170.1966542,160.5212888,151.3206723,143.1422194,136.8358572,133.7812084,136.2067657,147.0490807
598.251953,186.97479,190.149521,193.2379683,196.2242713,199.1407019,201.973887,204.7235925,207.3892813,209.97041,212.4664288,214.8767833,217.2009143,219.4382597,221.5882553,223.6503361,225.6239382,227.5085004,229.3034665,231.0082874,232.6224239,234.14535,235.5765558,236.9155517,238.1618724,239.3150816,240.3747765,241.3405936,242.2122134,242.9893663,243.671837,244.2594684,244.7521641,245.1498874,245.4526559,245.6605287,245.7735829,245.7918729,245.7153663,245.5438435,245.2767459,244.9129501,244.450436,243.885808,243.2136126,242.4253879,241.5083725,240.4438173,239.2049028,237.7543897,236.0423689,234.0048053,231.5638926,228.6313076,225.1149386,220.9284793,216.0018922,210.2900996,203.777974,196.4814146,188.4459469,179.7451389,170.4812668,160.7907361,150.8575251,140.9402694,131.4239184,122.9173778,116.4331048,113.6616814,116.9842383
596.416016,176.125685,178.4298598,180.6865926,182.8878187,185.0513646,187.1702059,189.244487,191.274205,193.2593701,195.2000074,197.0961585,198.9478839,200.7552642,202.5184035,204.2374314,205.9125058,207.5438164,209.1315875,210.6760826,212.1776075,213.6365152,215.0532108,216.4281557,217.7618735,219.0549553,220.308065,221.5219446,222.697419,223.8354003,224.9368894,226.0029767,227.0348373,228.0337214,229.0009361,229.937814,230.8456643,231.7256975,232.5789132,233.4059344,234.2067674,234.9804556,235.7245877,236.4346029,237.1028269,237.7171546,238.2592985,238.7025463,239.0090549,239.1268858,238.9872945,238.5032035,237.5701707,236.0711869,233.8859024,230.9033157,227.0352257,222.2270498,216.4636766,209.7702774,202.2100776,193.8820833,184.9218491,175.5083989,165.8813415,156.3751187,147.483846,139.9828232,135.1493403,135.0914153,142.7101357
594.580078,175.4070789,179.0572444,182.624517,186.0936055,189.4954538,192.8171387,196.0583581,199.2185125,202.2969913,205.2931724,208.2064228,211.0360983,213.7815445,216.4420969,219.0170815,221.5058153,223.9076073,226.221759,228.4475657,230.5843173,232.6312997,234.5877958,236.4530872,238.2264551,239.9071822,241.4945529,242.9878552,244.3863797,245.6894198,246.8962686,248.0062147,249.0185345,249.9324791,250.7472547,251.4619929,252.0757066,252.5872252,252.9951008,253.2974732,253.4918773,253.5749683,253.542136,253.3869643,253.1004872,252.6701814,252.0786384,251.3018873,250.3074083,249.0520269,247.4801257,245.52294,243.0999849,240.1236333,236.5072242,232.1757913,227.0771522,221.1906522,214.5318619,207.1534498,199.1441662,190.6286958,181.7713009,172.7864538,163.9609658,155.695538,148.580944,143.5375097,142.0618161,146.5731822,160.2562361
592.744141,201.1170999,204.4094117,207.6019895,210.6761323,213.6692224,216.5657243,219.3653343,222.0673955,224.6712418,227.176198,229.581581,231.8867005,234.0908603,236.1933593,238.1934933,240.0905566,241.8838441,243.5726535,245.1562884,246.6340611,248.0052964,249.2693356,250.4255411,251.473302,252.4120393,253.2412133,253.9603301,254.5689499,255.0666951,255.4532592,255.7284153,255.8920245,255.944042,255.8845213,255.7136131,255.4315559,255.038654,254.5352367,253.921587,253.1978274,252.3637412,251.4185006,250.3602629,249.1855823,247.8885741,246.4597608,244.8845418,243.1412788,241.1991062,239.0157994,236.536347,233.6931978,230.4092465,226.6041668,222.2036001,217.1493744,211.4082716,204.9775044,197.8866909,190.1977482,182.0050429,173.4384252,164.6720721,155.9432049,147.5877422,140.1064431,134.2873849,131.4258091,133.6432956,143.804673
590.908203,198.2521121,201.2282177,204.1209176,206.9147765,209.641037,212.2867699,214.8517619,217.335507,219.7374937,222.0572055,224.294122,226.4477194,228.5174719,230.5028527,232.4033355,234.2183962,235.9475146,237.5901765,239.1458762,240.614119,241.9944244,243.2863292,244.4893916,245.6031945,246.6273508,247.5615074,248.4053505,249.1586102,249.8210657,250.3925492,250.8729489,251.2622106,251.560335,251.767371,251.8834004,251.9085116,251.8427558,251.6860779,251.4382109,251.0985173,250.6657547,250.1377346,249.5108326,248.779295,247.93428,246.9625635,245.8448644,244.5538011,243.0516324,241.2881732,239.1996128,236.7092771,233.7314172,230.1785508,225.9716565,221.0511288,215.3858199,208.9783159,201.8664124,194.1224693,185.8532241,177.2028625,168.3624133,159.5897207,151.2474074,143.8730609,138.3086716,135.9316648,138.9860438,150.4714735
589.070312,210.9605415,212.9408431,214.8722538,216.7462471,218.5811226,220.3694928,222.1113708,223.8066077,225.4550596,227.0565886,228.6110637,230.1183618,231.5783691,232.9909826,234.3561115,235.6736788,236.9436231,238.1659006,239.3404873,240.4673811,241.5466041,242.578205,243.5622618,244.4988841,245.3882149,246.2304331,247.0257546,247.7744323,248.4767552,249.1330449,249.7436491,250.3089306,250.829249,251.3049338,251.7362441,252.1233089,252.4660417,252.7640176,253.0162991,253.2211886,253.3758815,253.4759811,253.5148275,253.4825792,253.3649808,253.1417508,252.784558,252.2546414,251.5003024,250.4547889,249.0354692,247.1455106,244.6792297,241.5315145,237.6102193,232.8488804,227.2166126,220.7232269,213.4198291,205.3970921,196.7842876,187.7522611,178.5237275,169.3955261,160.7809512,153.2877514,147.8612591,146.0379652,150.3026599,163.9319439
587.234375,172.3774453,176.164411,179.8859731,183.5304326,187.1219865,190.6503916,194.1153034,197.5161356,200.8522853,204.1231329,207.3280407,210.466353,213.5373948,216.5404712,219.4748665,222.3398432,225.1346407,227.8584744,230.5105335,233.0899798,235.5959455,238.0275302,240.3837982,242.6637743,244.8664394,246.9907237,249.0354999,250.9995727,252.8816662,254.6804078,256.3943065,258.0217251,259.5608429,261.0096071,262.3656676,263.6262899,264.7882385,265.8476201,266.7996717,267.6384749,268.3565708,268.9444399,269.3898083,269.6767281,269.7843813,269.6855697,269.3448927,268.7167138,267.7431947,266.3529512,264.4612178,261.972634,258.7875938,254.8122421,249.9707279,244.2169797,237.5430846,229.9827702,221.6107066,212.5401064,202.9217667,192.947675,182.8624832,172.9875259,163.7656958,155.8431863,150.2180858,148.5007126,153.2712566,167.872609
585.396484,186.0792523,189.6157024,193.0586178,196.3907282,199.6471818,202.813593,205.8898443,208.8754993,211.7701229,214.5732834,217.2845539,219.9035139,222.4297518,224.8628671,227.2024729,229.4481994,231.599697,233.6566406,235.6187335,237.4857129,239.2573552,240.9334823,242.5139686,243.9987493,245.3878281,246.6812875,247.8792991,248.982134,249.9901756,250.9039311,251.7240436,252.4513035,253.0866573,253.6312131,254.0862391,254.4531519,254.7334876,254.928848,255.0408084,255.070769,255.0197237,254.8879088,254.674283,254.375771,253.9861904,253.4947705,252.8841875,252.1280989,251.1883104,250.0119772,248.5296404,246.6553048,244.2898883,241.3288283,237.6732682,233.2425863,227.9851811,221.8851721,214.9646539,207.2831299,198.9368653,190.061199,180.839093,171.5203349,162.4589926,154.183749,147.529285,143.874463,145.4954014,155.5140897
583.556641,218.2331184,220.9558218,223.5958615,226.1379881,228.6132671,231.0089908,233.3250597,235.5610923,237.7167087,239.7915321,241.7851897,243.6973149,245.5275486,247.2755415,248.9409566,250.5234713,252.0227809,253.4386015,254.7706742,256.0187687,257.1826885,258.2622754,259.2574162,260.1680482,260.9941664,261.7358308,262.393175,262.9664135,263.4558511,263.8618907,264.185041,264.4259221,264.5852686,264.6639273,264.6628471,264.5830573,264.4256271,264.1915981,263.8818775,263.497072,263.0372395,262.5015203,261.8876019,261.1909548,260.4037638,259.5134757,258.5009024,257.3378837,255.9846657,254.3874227,252.4767259,250.1681366,247.3661748,243.9723181,239.896329,235.0686229,229.4506727,223.0413055,215.8787521,208.0402543,199.6420844,190.8431264,181.8554868,172.9669454,164.5835972,157.3086854,152.0879563,150.4689524,154.9720159,168.9600731
581.71875,209.0390134,211.6682495,214.2258539,216.6990097,219.1147032,221.4621382,223.7414128,225.9523937,228.0949608,230.169009,232.1744503,234.1112164,235.9792613,237.7785644,239.509134,241.1710108,242.7642726,244.2890383,245.7454738,247.1337972,248.4542856,249.7072818,250.8932021,252.012545,253.0658999,254.0539573,254.9775189,255.8375089,256.6349845,257.3711471,258.0473517,258.6651146,259.226117,259.7322035,260.1853691,260.5877338,260.9414927,261.2488347,261.5118122,261.7321406,261.9108964,262.0480715,262.1419251,262.1880589,262.1781232,262.0980555,261.9257723,261.6283087,261.1585768,260.4522248,259.4255291,257.9756952,255.9850492,253.3299373,249.893571,245.5801845,240.3269729,234.1111914,226.9520734,218.9094438,210.0820862,200.6091553,190.6780614,180.5433229,170.5640809,161.2751356,153.5203034,148.6954027,149.1120933,157.9662907
579.878906,190.5306962,193.8195929,197.0398117,200.1790462,203.2629581,206.2810037,209.2330629,212.1187788,214.9377927,217.6897454,220.3742776,222.9910307,225.5396482,228.0197765,230.4310663,232.7731739,235.0457629,237.2485059,239.3810861,241.4431995,243.434557,245.3548866,247.2039357,248.9814732,250.6872917,252.3212095,253.8830716,255.37275,256.7901429,258.1351717,259.4077741,260.6078942,261.7354644,262.7903796,263.7724569,264.6813769,265.5165991,266.2772388,266.9618922,267.568387,268.0934317,268.5321223,268.8772582,269.1184025,269.2406167,269.2227991,269.0355932,268.6389155,267.9793391,266.9878652,265.5790144,263.6525069,261.0987593,257.8086389,253.68636,248.6627684,242.7057369,235.8256001,228.0758695,219.5515048,210.3879634,200.7643781,190.9144274,181.1498066,171.9048981,163.8191659,157.8885783,155.7345001,159.9845744,174.1187336
578.041016,190.0758347,193.8528936,197.5408468,201.1235429,204.6344275,208.0598817,211.3998461,214.653961,217.8218714,220.9032286,223.8976921,226.8049312,229.6246278,232.3564783,235.000197,237.5555189,240.0222034,242.4000384,244.6888447,246.888481,248.9988495,251.0199019,252.9516464,254.7941551,256.5475719,258.2121217,259.7881191,261.2759785,262.6762234,263.9894962,265.2165662,266.3583358,267.4158431,268.3902577,269.2828681,270.0950531,270.8282316,271.4837805,272.062903,272.5664281,272.9945092,273.3461797,273.6187068,273.8066713,273.9006785,273.8856056,273.7383037,273.4247523,272.8968353,272.0892225,270.9172893,269.2774469,267.0513644,264.1148904,260.3508992,255.6634156,249.9894713,243.3060763,235.6319625,227.0259866,217.5852461,207.4461814,196.7920456,185.8711617,175.0335307,164.8004532,155.9957365,149.985983,149.0444129,156.343309
576.201172,212.9509299,215.7172081,218.4143349,221.0299567,223.5901295,226.0844406,228.5129926,230.8756651,233.1723506,235.4029565,237.5674072,239.6656462,241.697639,243.6633759,245.5628753,247.3961872,249.1633971,250.8646307,252.5000586,254.0699015,255.5744363,257.0140027,258.3890099,259.6999444,260.947378,262.1319769,263.2545098,264.3158579,265.3170228,266.259135,267.1434602,267.9714023,268.744502,269.4644281,270.1329569,270.7519349,271.3232165,271.8485647,272.3294991,272.7670668,273.1615058,273.5117538,273.8147443,274.0644138,274.2503275,274.3558288,274.3556422,274.2129455,273.8761169,273.2756959,272.3225629,270.9087837,268.9126293,266.2085233,262.6809789,258.2396585,252.8318509,246.4497585,239.1324553,230.96472,222.0761654,212.6443468,202.90579,193.1802851,183.9176897,175.784991,169.8274448,167.7571562,172.3694146,187.4158119
574.359375,240.8311889,243.6762976,246.435497,249.0930878,251.681409,254.1873595,256.6109326,258.9518356,261.2097834,263.3845007,265.4757238,267.4832025,269.4067035,271.2460122,273.0009365,274.6713101,276.2569968,277.7578944,279.17394,280.5051157,281.7514542,282.9130463,283.9900477,284.9826878,285.8912788,286.7162248,287.4580328,288.1173237,288.6948429,289.191472,289.6082387,289.946325,290.2070725,290.3919809,290.5026988,290.5409987,290.5087317,290.4077496,290.2397797,290.0062313,289.7079017,289.3445414,288.9142195,288.4124161,287.8307506,287.1552488,286.3640731,285.4247144,284.2908219,282.8991647,281.1676687,278.9959157,276.2695954,272.869717,268.6857929,263.63033,257.6510815,250.7384781,242.9279883,234.2994351,224.9765308,215.1302103,204.9896491,194.8662663,185.1998742,176.6445505,170.2277513,167.6357895,171.6274678,185.9190211
572.519531,230.4102312,233.5721712,236.6692851,239.6897993,242.6576116,245.5624226,248.4037514,251.1808676,253.893015,256.539411,259.1192448,261.6316758,264.0758321,266.4508081,268.7556628,270.9894173,273.1510518,275.2395032,277.253661,279.1923637,281.0543942,282.8384744,284.543259,286.1673283,287.7091792,289.1672146,290.5397312,291.8249031,293.0207631,294.1251785,295.1358214,296.0501309,296.8652649,297.578039,298.184847,298.6815584,299.0633844,299.3247021,299.4588242,299.4576932,299.3114805,299.0080562,298.5322964,297.8651869,296.9826863,295.8543307,294.4416134,292.6962753,290.5588246,287.9578667,284.8111206,281.029152,276.5225913,271.2126752,265.0435197,257.9933519,250.08201,241.3736118,231.9755371,222.036506,211.7470918,201.3459861,191.1357118,181.5132672,173.0255961,166.468768,163.0655111,164.7700882,174.6670696,196.6170366
570.677734,229.753614,233.6281381,237.4064206,241.070634,244.6567794,248.1498868,251.5496541,254.8554378,258.0665841,261.1824294,264.202301,267.1255177,269.9513903,272.6792227,275.308313,277.8379543,280.2674367,282.5960481,284.8230766,286.9478121,288.9695482,290.8875851,292.7012319,294.409809,296.0126509,297.5091092,298.8985543,300.1803778,301.3539931,302.4188349,303.3743562,304.2200213,304.9552942,305.5796182,306.0923848,306.4928851,306.7802378,306.9532835,307.0104292,306.9494255,306.7670463,306.4586354,306.0174689,305.4338734,304.6940263,303.7783722,302.6596149,301.3003335,299.6504507,297.6450766,295.2036565,292.231691,288.6262771,284.285948,279.1237405,273.0807783,266.137115,258.3177815,249.6943246,240.3842159,230.5515603,220.4127971,210.2515466,200.4485448,191.5371383,184.3043357,179.9747874,180.5338526,189.1736087,210.0413313
568.835938,257.516656,260.4683576,263.3449004,266.1328005,268.8601374,271.5153618,274.0983331,276.6086504,279.0459107,281.4097094,283.699641,285.9153003,288.0562832,290.1221878,292.1126162,294.027175,295.8654778,297.6271464,299.3118128,300.9191211,302.4487298,303.9003138,305.2735666,306.5682029,307.7839597,308.9205986,309.9779065,310.955695,311.8537992,312.6720729,313.410381,314.0685869,314.6465314,315.1440028,315.5606905,315.8961189,316.1495509,316.3198502,316.4052846,316.4032484,316.3098711,316.1194698,315.8237913,315.4109728,314.8641458,314.1596068,313.2645202,312.134213,310.709325,308.9134083,306.6520064,303.8146081,300.280819,295.9312136,290.6616087,284.3977106,277.106526,268.8022864,259.5471943,249.4495388,238.6627639,227.3892114,215.892511,204.5241183,193.7736392,184.3614645,177.4087245,174.7384486,179.3001025,194.9869451
566.994141,251.1790775,254.4185876,257.5776654,260.6416188,263.6405252,266.5619448,269.4056745,272.1712293,274.8581183,277.4658454,279.9939101,282.441808,284.8090316,287.0950713,289.2994164,291.4215563,293.4609815,295.4171855,297.2896656,299.0779255,300.7814759,302.3998374,303.9325414,305.3791322,306.7391686,308.0122248,309.1978905,310.2957711,311.3054846,312.2266574,313.0589161,313.8018746,314.455114,315.0181518,315.4903984,315.871091,316.1592016,316.353303,316.4513795,316.4505599,316.3467408,316.1340625,315.8041821,315.345282,314.7407393,313.9673904,312.9933634,311.7755477,310.2569718,308.3646818,306.0091363,303.0864761,299.4849515,295.0959108,289.8280631,283.6220116,276.4615702,268.3797844,259.4601263,249.8355562,239.6891861,229.2605149,218.8616689,208.9100125,199.9883744,192.9543376,189.138504,190.6908928,201.0533234,224.6572943
565.150391,246.2169127,250.3896306,254.4516166,258.3824451,262.2236296,265.9580623,269.5855142,273.1053722,276.5170191,279.8198353,283.0131994,286.0964906,289.06909,291.9303826,294.6797599,297.3166225,299.840383,302.2504695,304.5463295,306.7274339,308.7932826,310.7434091,312.5773869,314.2948361,315.8954307,317.3789061,318.7450673,319.993798,321.1250682,322.1389432,323.0355894,323.8152798,324.4783934,325.0254101,325.4568944,325.7734637,325.9757349,326.0642357,326.0392675,325.9006956,325.6476371,325.2780011,324.7878242,324.1703259,323.414591,322.5037843,321.412824,320.1055205,318.5313775,316.6225761,314.2921304,311.4346486,307.9312161,303.659183,298.5059664,292.3840479,285.2434815,277.0792894,267.9335783,257.894565,247.0959496,235.7203778,224.0110447,212.2969852,201.041674,190.9334407,183.0530512,179.1746472,182.2028994,196.0602317
563.308594,261.9811113,265.9788192,269.8625677,273.6109421,277.2665734,280.8116169,284.2456269,287.5677468,290.7771028,293.8728034,296.8539405,299.719589,302.4688076,305.1006392,307.6141119,310.0082392,312.2820218,314.4344481,316.4644963,318.3711354,320.1533277,321.8100303,323.340198,324.7427855,326.0167504,327.1610558,328.1746736,329.0565862,329.8057893,330.4212922,330.9021176,331.2472973,331.4558643,331.526839,331.459204,331.2518668,330.9036,330.4129529,329.7781197,328.9967465,328.0656517,326.9804248,325.7348588,324.3201566,322.7238462,320.9283382,318.9090867,316.6323964,314.0530829,311.1124752,307.7376296,303.8429545,299.3354397,294.1239692,288.1317432,281.3092793,273.6449273,265.1709628,255.9655427,246.1528296,235.9046396,225.4473127,215.0780815,205.1971715,196.3666567,189.4170554,185.6406833,187.1297032,197.2381235,220.2925548
561.464844,269.3405798,273.7025473,277.9495474,282.0604133,286.0781512,289.9849322,293.7804378,297.4639446,301.0347203,304.4920236,307.8351059,311.0632119,314.1755809,317.1714484,320.0500477,322.8106119,325.452376,327.9745793,330.3764683,332.6573002,334.8163459,336.8528941,338.7662557,340.5557685,342.220802,343.7607626,345.175099,346.4633071,347.6249345,348.6595837,349.5669136,350.3466367,350.9985123,351.5223308,351.9178861,352.1849311,352.3231063,352.3318321,352.2101461,351.9564645,351.5682328,351.0414227,350.3698166,349.5440018,348.5499879,347.3673529,345.9668558,344.3075428,342.3335697,339.971306,337.1277548,333.6917566,329.5394853,324.5449316,318.5943248,311.601492,303.5203633,294.3520369,284.1463908,273.0006269,261.0583499,248.5130253,235.6199497,222.7223957,210.3017955,199.0709608,190.1466117,185.3586683,187.697953,201.1938223
559.621094,259.9208611,264.4039389,268.782043,273.035848,277.2046196,281.2720744,285.2379163,289.1014783,292.8620849,296.5190516,300.0716862,303.5192895,306.8611565,310.0965769,313.2248372,316.2452214,319.1570132,321.9594977,324.6519631,327.2337035,329.7040212,332.0622292,334.307654,336.4396388,338.4575459,340.3607596,342.1486884,343.8207661,345.376452,346.8152289,348.1365974,349.3400658,350.4251332,351.3912615,352.2378339,352.9640914,353.5690396,354.0513129,354.4089785,354.6392556,354.7381152,354.6997172,354.515622,354.1737055,353.6566901,352.9402128,351.9903865,350.7609204,349.1900814,347.1981408,344.6864326,341.5395542,337.6321994,332.8411606,327.0611645,320.2212322,312.297633,303.3209892,293.3779214,282.6101385,271.2151112,259.4527533,247.6630636,236.3017964,226.0066251,217.7175951,212.8963212,213.9105845,224.5642073,249.7912367
557.777344,285.3700848,289.4416436,293.3968098,297.2141094,300.9372768,304.5484129,308.0473711,311.4336071,314.7065787,317.8657473,320.91058,323.8405515,326.655147,329.353865,331.9362203,334.4017479,336.7500071,338.9805858,341.0931063,343.0872306,344.9626673,346.7191787,348.3565888,349.8747924,351.2737646,352.5535716,353.7143818,354.7564778,355.6802684,356.4863007,357.1752707,357.7480327,358.2056033,358.54916,358.7800287,358.8996542,358.909547,358.8111916,358.6059014,358.2945925,357.8774432,357.3533882,356.7193827,355.9693493,355.0927033,354.0723455,352.8820351,351.483147,349.8210242,347.8215106,345.3887741,342.4060469,338.7410193,334.2568133,328.827582,322.3555895,314.7856127,306.1136794,296.3899126,285.7179459,274.254827,262.2157324,249.8882429,237.6627443,226.0903384,215.9900919,208.6470805,206.1663354,211.9814227,230.6884117
555.931641,291.1627428,295.1867837,299.1104714,302.9157346,306.6401305,310.2682705,313.8000128,317.2348719,320.5723627,323.8120011,326.9533063,329.9958019,332.9390176,335.7824918,338.5257733,341.1684244,343.7100233,346.1501678,348.4884782,350.7246017,352.8582163,354.8890355,356.816813,358.6413482,360.3624907,361.9801466,363.4942826,364.9049308,366.2121916,367.416235,368.5172982,369.5156787,370.4117195,371.2057837,371.8982133,372.489264,372.9790082,373.3671893,373.653009,373.8348188,373.9096767,373.8727164,373.716259,373.4285796,372.9922235,372.3817717,371.5609855,370.479378,369.0684903,367.2385572,364.8767912,361.849004,358.0062973,353.1975635,347.2864686,340.169332,331.789452,322.1449063,311.2898829,299.3323677,286.4323565,272.8049528,258.7329374,244.5950052,230.9204332,218.4909519,208.5295498,203.0393129,205.2948692,219.7135722
554.087891,287.0928535,291.8315166,296.4469898,300.91661,305.2865558,309.5378135,313.6701404,317.6828672,321.5753206,325.3468255,328.9967055,332.5242856,335.9288934,339.2098621,342.3665328,345.3982572,348.3044016,351.0843503,353.7375095,356.263313,358.6612267,360.9307546,363.0714457,365.0829007,366.9647799,368.7168112,370.3387985,371.8306306,373.1922892,374.4238565,375.5255205,376.4975775,377.3404287,378.0545691,378.6405633,379.099002,379.4304307,379.6352367,379.7134761,379.6646138,379.4871401,379.1780118,378.7318505,378.1398086,377.3879998,376.4553826,375.3110195,373.9107302,372.1933848,370.0774692,367.4590989,364.2131731,360.1994281,355.274253,349.3071447,342.1984212,333.893852,324.3931856,313.7524771,302.0828954,289.5501313,276.3788692,262.86717,249.41744,236.5955924,225.2407013,216.667578,213.0290474,217.8373573,235.8011269
552.242188,289.0712566,293.8713563,298.5539128,303.0974151,307.5459143,311.8813027,316.1033705,320.2115024,324.2050805,328.0834863,331.8461015,335.4923104,339.0215013,342.4330694,345.7264187,348.9009652,351.95614,354.891393,357.7061969,360.4000515,362.9724888,365.4230783,367.751433,369.9572156,372.0401453,374.0000045,375.8366461,377.5500002,379.1400797,380.606985,381.9509058,383.1721181,384.2709758,385.2478908,386.1032998,386.8376077,387.4511004,387.9438106,388.3153182,388.5644554,388.6888785,388.6844518,388.5443728,388.2579471,387.8089073,387.1731661,386.3159322,385.188228,383.7230882,381.8321333,379.4037774,376.3048469,372.3874198,367.5016983,361.5136114,354.3235006,345.8813245,336.1953115,325.3341222,313.4254923,300.6557949,287.2752934,273.6142829,260.1173297,247.4081949,236.4095773,228.5633675,226.2223329,233.2067431,254.5878437
550.394531,311.2241717,316.6606716,321.9586402,327.0925029,332.1140121,337.0015974,341.7547869,346.3726151,350.8540997,355.1982418,359.4040268,363.470425,367.3963925,371.1808725,374.8227962,378.3210844,381.6746497,384.8823979,387.9432304,390.8560471,393.619749,396.2332415,398.6954379,401.0052629,403.1616568,405.1635791,407.0100124,408.6999656,410.2324757,411.6066085,412.8214559,413.8761293,414.7697456,415.501404,416.070148,416.4749062,416.7144025,416.7870223,416.6906158,416.4222116,415.9776044,415.3507651,414.5330083,413.5118321,412.2693313,410.7800852,409.0084569,406.9053472,404.4046778,401.4202666,397.8442905,393.5490085,388.3934288,382.2356367,374.9494882,366.442171,356.6683086,345.6377455,333.4171372,320.1282071,305.9468804,291.1077737,275.9188734,260.7930911,246.3083942,233.3190324,223.160697,218.0168383,221.4443113,238.2036477
548.548828,317.1267672,321.899618,326.5443521,331.0375243,335.4273438,339.6942442,343.8381888,347.8587118,351.7553577,355.5276831,359.1752604,362.69768,366.0945546,369.3655231,372.5102547,375.5284545,378.4198687,381.1842915,383.8215716,386.3316207,388.7144217,390.9700391,393.0986294,395.1004532,396.9758881,398.7254425,400.3497711,401.8496903,403.2261945,404.4804718,405.6139188,406.6281528,407.5250185,408.3065867,408.9751398,409.5331364,409.9831453,410.3277319,410.5692775,410.7096972,410.7500145,410.6897298,410.5258992,410.2518176,409.8551728,409.3155311,408.6010428,407.6643691,406.4380849,404.8302793,402.7217235,399.9666267,396.3991441,391.846807,386.1497259,379.1816861,370.8679796,361.1962245,350.2198236,338.0570256,324.8903536,310.9716357,296.6383333,282.3489536,268.7510148,256.8073948,248.0302935,244.900685,251.4750896,273.2101309
546.701172,331.1690988,336.6016245,341.8955384,347.0253231,352.0429165,356.9268974,361.676965,366.292336,370.7722213,375.1158271,379.3223564,383.3910109,387.3209929,391.1115079,394.761767,398.27099,401.6384087,404.8632708,407.9448445,410.8824225,413.6753282,416.3229211,418.8246034,421.1798267,423.3880999,425.4489967,427.3621636,429.1273276,430.7443035,432.2129993,433.5334194,434.7056629,435.7299159,436.6064327,437.3355018,437.9173887,438.3522452,438.6399693,438.7799951,438.7709809,438.6103542,438.2936548,437.8135983,437.1587626,436.3117789,435.2469097,433.9269327,432.2993697,430.2923594,427.8109241,424.7349937,420.9211231,416.2098774,410.4397934,403.4665229,395.1832123,385.537157,374.5393759,362.267165,348.8628594,334.5336669,319.5578251,304.3028486,289.2639025,275.1363433,262.9493364,254.3114377,251.8469611,259.815018,283.8624512
544.855469,346.9449257,350.3227751,353.6272007,356.8457469,360.0059329,363.0968338,366.1186084,369.0711821,371.9544967,374.7685117,377.5132071,380.1885854,382.7946746,385.3315312,387.799243,390.1979328,392.5277624,394.7889361,396.9817059,399.1063751,401.1633041,403.152915,405.0756967,406.9322102,408.7230932,410.4490644,412.1109266,413.7095679,415.2459605,416.7211552,418.1362706,419.4924728,420.7909443,422.0328343,423.2191858,424.3508272,425.4282166,426.4512167,427.4187756,428.3284744,429.1758904,429.9537082,430.6504885,431.2489839,431.7238765,432.0388177,432.1427094,431.9653215,431.4126599,430.3630248,428.6653897,426.1423157,422.5995285,417.842909,411.7009177,404.047646,394.8207733,384.0308309,371.7621781,358.1696047,343.4760749,327.9772835,312.058961,296.2350084,281.2205488,268.0670021,258.4105431,254.9134797,261.889634,285.0518186
543.007812,341.3760814,346.3749436,351.2589278,356.0074261,360.6636353,365.2101453,369.6470128,373.9739161,378.1905474,382.2966158,386.2918496,390.1759999,393.9488437,397.6101883,401.1598753,404.5977855,407.9238442,411.1380273,414.2403675,417.2309618,420.1099789,422.8776679,425.5343676,428.0805159,430.5166603,432.8434684,435.0617385,437.1724102,439.1765727,441.0754726,442.8705165,444.5632684,446.1554382,447.6488556,449.0454244,450.3470467,451.5555036,452.6722736,453.6982617,454.6334006,455.4760727,456.2222801,456.8644681,457.3898822,457.7783169,457.9991133,458.0073114,457.7390121,457.1063195,455.9927863,454.2510234,451.7048213,448.1581603,443.4121745,437.2883402,429.6530851,420.4378105,409.6502916,397.377537,383.7839946,369.1109157,353.6831006,337.9297854,322.4290142,307.9917746,295.8170703,287.7768126,286.9213999,298.1944525,328.1289511
541.158203,380.6000681,384.3716802,388.0312674,391.5584967,394.995496,398.325197,401.5475879,404.6622828,407.6689055,410.5670917,413.3564911,416.0367704,418.6076164,421.0687391,423.419876,425.6607956,427.7913031,429.8112444,431.7205131,433.5190559,435.20688,436.7840607,438.2507494,439.6071829,440.8536921,441.9907123,443.0187926,443.9386059,444.7509575,445.4567917,446.0571963,446.5534012,446.9467696,447.2387769,447.4309731,447.5249175,447.5220776,447.4236712,447.2304321,446.9422616,446.5577234,446.0733146,445.4824321,444.773924,443.9301035,442.924096,441.7164369,440.2509683,438.4503678,436.2121311,433.4064968,429.87841,425.4556541,419.964108,413.2485878,405.1949882,395.7483629,384.9233604,372.8071263,359.5582146,345.4068069,330.6619701,315.7322737,301.1686129,287.7446893,276.6046717,269.5335468,269.4349156,281.0001191,310.386775
539.310547,387.9598073,392.4623787,396.8593818,401.1321147,405.3200344,409.4070262,413.3929776,417.2774173,421.0598754,424.7398859,428.3169872,431.7907244,435.1606512,438.4263316,441.5873426,444.6432766,447.5937438,450.438376,453.1768292,455.8087869,458.3339644,460.7521118,463.0630179,465.2665139,467.3624762,469.350829,471.2315454,473.0046467,474.670199,476.2283052,477.6790914,479.0226847,480.2591776,481.3885765,482.4107238,483.3251862,484.1310929,484.8269062,485.4100945,485.8766719,486.2205518,486.432645,486.4996132,486.4021668,486.1127804,485.5927102,484.7882563,483.6263761,482.0100817,479.8145964,476.8859435,473.0442312,468.0937899,461.8408796,454.1168881,444.8020519,433.8438563,421.2665083,407.1720267,391.7371109,375.2116073,357.9245882,340.304462,322.9219938,306.5717984,292.4222011,282.2898638,279.125618,287.6965854,314.2748168
537.460938,423.0325021,427.6058127,432.0757058,436.4242552,440.6900654,444.8574641,448.9264116,452.8965216,456.7674138,460.5387158,464.2100645,467.7811083,471.2515094,474.6209458,477.8891145,481.0557336,484.120546,487.0833224,489.9438651,492.7020112,495.357637,497.9106613,500.3610499,502.7088182,504.9540348,507.0968232,509.137362,511.0758833,512.9126672,514.6480311,516.2823125,517.815841,519.2488956,520.5816422,521.8140422,522.9457202,523.9757764,524.9025192,525.7230887,526.4329267,527.0250365,527.488953,527.8093231,527.9639713,527.9213092,527.6369585,527.0495227,526.0756277,524.6047123,522.4946567,519.5701112,515.6260448,510.4389053,503.7861783,495.4720116,485.3533555,473.3600904,459.5050871,443.8847379,426.674474,408.1255543,388.5695146,368.4368999,348.2992393,328.9499121,311.5540988,297.925271,291.0179914,295.6316491,318.1635214
535.611328,423.5738459,429.7965894,435.8793839,441.7967844,447.6007447,453.2693386,458.8018798,464.1971678,469.4539708,474.5710246,479.5470318,484.3806607,489.0705445,493.6152798,498.0134263,502.2635043,506.3639945,510.3133354,514.109922,517.7521034,521.2381801,524.5664006,527.7349577,530.7419831,533.585541,536.2636194,538.7741195,541.1148413,543.2834646,545.2775239,547.0943756,548.7311528,550.1847063,551.4515238,552.5276216,553.4083974,554.0884307,554.5612109,554.8187666,554.85116,554.6457983,554.1864988,553.4522269,552.4154127,551.0397442,549.2773571,547.0654133,544.322241,540.943538,536.7996633,531.7356813,525.5762833,518.1374388,509.245058,498.7581823,486.5916152,472.7324646,457.2476414,440.283555,422.0626511,402.882833,383.1259038,363.2817034,343.9974714,326.1693971,311.1088774,300.8441854,298.6478098,309.7569857,340.9309649
533.761719,435.7027857,441.6807163,447.5224397,453.2037682,458.7756475,464.2172982,469.5285979,474.7089628,479.7578132,484.6745759,489.4586859,494.1095893,498.6267457,503.0096315,507.2577432,511.3706011,515.3477535,519.1887812,522.8933025,526.4609784,529.8915185,533.1846869,536.3403087,539.3582763,542.2385557,544.9811925,547.5863165,550.0541455,552.3849855,554.5792272,556.6373362,558.5598339,560.3472654,562.0001471,563.5188877,564.9036687,566.1542697,567.2698136,568.2483995,569.0865793,569.7786134,570.3154242,570.6831344,570.8610559,570.8189675,570.5135291,569.8837429,568.8455568,567.2860894,565.0585996,561.9801771,557.8348804,552.384996,545.3914524,536.6411054,525.9750757,513.3110894,498.655261,482.103634,463.8381482,444.1237423,423.3135447,401.8694347,380.407858,359.7881048,341.2762345,326.8478801,319.7293152,325.1745586,350.216496
531.912109,425.2345008,432.1321296,438.8883627,445.4777067,451.9527573,458.2915366,464.4935159,470.5576587,476.4829071,482.2681817,487.9123813,493.4143833,498.7730435,503.9871961,509.0556539,513.977208,518.7506282,523.3746628,527.8480385,532.1694597,536.3376085,540.3511428,544.2086952,547.9088701,551.4502401,554.8313398,558.0506582,561.1066271,563.9976053,566.7218554,569.2775134,571.6625452,573.8746868,575.9113618,577.7695682,579.4457211,580.9354374,582.2332372,583.3321343,584.2230708,584.8941411,585.3295306,585.5080733,585.4013151,584.9709587,584.1655861,582.9166369,581.13382,578.7005141,575.470322,571.2666919,565.8880924,559.1209618,550.7608919,540.6393207,528.6499353,514.7683476,499.0614627,481.6877703,462.8937721,443.0134578,422.4779148,401.8427857,381.8445461,363.5050583,348.321666,338.6123953,338.1198546,352.8375954,390.5049462
530.060547,439.0856939,445.5975543,451.9747327,458.1932088,464.30307,470.2834765,476.1339925,481.8537037,487.4416794,492.8969729,498.2186217,503.4056479,508.4570586,513.3718463,518.1489893,522.7874524,527.2861872,531.6441329,535.8602163,539.9333523,543.8624439,547.6463818,551.2840432,554.7742902,558.1159668,561.3078937,564.3488615,567.2376195,569.9728609,572.5532011,574.9771462,577.2430509,579.3490581,581.2930156,583.0723612,584.6839622,586.1238949,587.3871389,588.467155,589.3553027,590.0400392,590.5058205,590.7316078,590.6888559,590.3388554,589.6293142,588.4901482,586.8286525,584.5246121,581.4265363,577.3509795,572.0875126,565.4116643,557.1063589,546.9891143,534.9390617,520.9171305,504.9756001,487.2581235,467.9954068,447.5034572,426.1914261,404.5865451,383.3866542,363.5588699,346.5200332,334.4658821,330.9501767,341.6877961,374.1316244
528.208984,479.1559445,485.2087499,491.1090686,496.829633,502.427575,507.8796424,513.1857382,518.3452513,523.3575786,528.2221271,532.9383167,537.5055835,541.9233829,546.1911943,550.3085247,554.2749137,558.0899393,561.7532233,565.2644383,568.6233146,571.8296479,574.883308,577.7842478,580.5325126,583.1282499,585.5717195,587.8633028,590.0035114,591.9929935,593.8325373,595.5230685,597.0656404,598.4614111,599.7116023,600.8174322,601.7800094,602.6001711,603.2782427,603.8136835,604.2045725,604.4468685,604.533357,604.4521644,604.1846944,603.70281,602.9650893,601.9120401,600.4603457,598.4966059,595.8717095,592.3978891,587.8513308,581.9832364,574.5405959,565.2944791,554.0698796,540.7696878,525.3878097,508.0114901,488.8175148,468.0692136,446.1215141,423.4416578,400.6558423,378.6396006,358.6862668,342.8192177,334.3521516,338.7012707,363.1685734
526.357422,501.4972921,507.3343163,512.9978955,518.4562485,523.7745138,528.9260741,533.9107413,538.7277364,543.3762854,547.8556209,552.1649858,556.3036364,560.2708462,564.0659101,567.6881493,571.136917,574.4116039,577.5116453,580.4365289,583.1858028,585.7590851,588.1560742,590.3765599,592.4204361,594.2877136,595.9785343,597.493186,598.8321167,599.9959496,600.9854949,601.8017604,602.4459555,602.9194867,603.2239401,603.3610426,603.3325926,603.1403443,602.7858262,602.2700611,601.5931476,600.7536415,599.7476566,598.5675745,597.2002236,595.6243596,593.8072756,591.7004151,589.2340297,586.3112741,582.8027633,578.5434773,573.3347209,566.9539443,559.1737865,549.7885232,538.6425074,525.6536763,510.827341,494.2601649,476.1386762,456.7389823,436.4349289,415.7226442,395.2724741,376.0274754,359.3851773,347.5321062,344.0390529,354.7080498,387.2482614
524.505859,538.8275946,544.2380855,549.486041,554.542162,559.4676628,564.2379411,568.8531319,573.3128389,577.6166898,581.7643399,585.7554769,589.5898253,593.2671527,596.7872753,600.1500653,603.3554578,606.4034603,609.2941614,612.0277413,614.6044838,617.0247886,619.2891856,621.3983497,623.3531182,625.1545077,626.8037338,628.3022303,629.6516698,630.8539829,631.911377,632.8263506,633.6017026,634.2405305,634.7462143,635.1223756,635.3728008,635.5013111,635.5115548,635.4066854,635.1888774,634.8586078,634.4136089,633.8473626,633.1469712,632.2902059,631.2415265,629.9469175,628.3275724,626.2728662,623.6337804,620.2189508,615.7964729,610.1047466,602.8740118,593.8565657,582.8594729,569.7717465,554.5803475,537.3746954,518.3444887,497.7782992,476.0710214,453.7488849,431.5239163,410.3984259,391.858993,378.2350339,373.3400176,383.3936307,416.7253914
522.652344,580.9862488,588.2709088,595.3328229,602.1311164,608.749588,615.1541603,621.3447194,627.3204028,633.0803623,638.6237683,643.9498143,649.0577225,653.9467497,658.6161938,663.0654018,667.2937779,671.3007935,675.0859978,678.64903,681.9896325,685.1076665,688.0031286,690.6761693,693.1271141,695.3564857,697.3650289,699.1537373,700.7238815,702.0770388,703.2151225,704.1404105,704.8555707,705.3636784,705.6682226,705.7730916,705.6825267,705.4010286,704.9331895,704.2834171,703.4554991,702.451936,701.2729417,699.914975,698.3686241,696.6156248,694.6247741,692.3465429,689.706368,686.597009,682.8711095,678.3361717,672.7552365,665.8568519,657.3563574,646.9867606,634.5329936,619.8611285,602.9362962,583.8285031,562.7109579,539.8584883,515.6544032,490.6148215,465.4426715,441.13239,419.1657472,401.8762963,393.1069169,399.1743126,428.6709818
520.800781,576.309324,582.7764427,589.0573977,595.1182987,601.0292844,606.7620654,612.3167205,617.6927142,622.8895336,627.9066926,632.7437363,637.4002467,641.8758484,646.1702149,650.2830764,654.2142279,657.9635377,661.5309585,664.9165377,668.1204307,671.1429138,673.9844,676.6454552,679.1268164,681.4294107,683.5543762,685.5030837,687.2771586,688.8785024,690.3093134,691.5721029,692.6697061,693.6052813,694.3822935,695.004472,695.4757295,695.8000238,695.9811363,696.022328,695.92582,695.6920233,695.3184135,694.7979129,694.1166017,693.2505466,692.1615254,690.791489,689.055804,686.83577,683.971692,680.258887,675.4500363,669.2674432,661.4269513,651.6712857,639.8060467,625.7296552,609.4512085,591.0961037,570.9048951,549.2338238,526.5662615,503.545287,481.0416401,460.2818508,443.0839113,432.2897455,432.5317057,451.3129539,498.5268679
518.947266,651.877271,658.8164655,665.5508713,672.0434246,678.3712062,684.5031182,690.4392412,696.1789797,701.7217625,707.0670475,712.2143263,717.1631306,721.9130379,726.4636792,730.8147466,734.9660026,738.9172894,742.6685405,746.2197925,749.571199,752.723045,755.6757637,758.4299541,760.9864008,763.3460945,765.5102543,767.4803511,769.2581309,770.8456378,772.2452353,773.4596231,774.4918471,775.3452971,776.0236854,776.5309973,776.8713975,777.0490728,777.0679808,776.9314625,776.6416576,776.1986406,775.5991602,774.8348283,773.8895602,772.7360278,771.330878,769.6085345,767.4736235,764.7925587,761.3856953,757.0226718,751.4247165,744.2778655,735.2590598,724.0726774,710.4900188,694.3820855,675.73887,654.6748475,631.4265173,606.3510659,579.9359808,552.8302616,525.9118166,500.4163354,478.1761374,462.0611003,456.7659868,469.9390699,511.7978451
517.09375,699.3275655,707.117757,714.6400077,721.8445156,728.8323454,735.562481,742.0348502,748.2484842,754.2024357,759.8957848,765.3276455,770.4971718,775.4035666,780.0460898,784.4240685,788.5369084,792.3841065,795.9652652,799.2801083,802.3284995,805.110462,807.6262015,809.8761314,811.8609011,813.581427,815.0389271,816.2349584,817.1714583,817.8507878,818.2757778,818.4497751,818.3766884,818.0610286,817.5079395,816.7232105,815.7132587,814.4850635,813.0460259,811.4037149,809.565444,807.5375988,805.3246017,802.9273618,800.3410042,797.5516288,794.531819,791.2346621,787.5862318,783.4769365,778.7529836,773.2104389,766.595629,758.6160426,748.9642176,737.3528944,723.5545855,707.4360724,688.9806704,668.297274,645.6214824,621.3177403,595.8926793,570.031139,544.6708848,521.143765,501.4362312,488.6692973,487.9537922,507.610753,558.7147314
515.238281,716.4492287,724.5334061,732.3702741,739.9146169,747.259655,754.3677719,761.2390622,767.8728038,774.2683048,780.4249082,786.3419991,792.0190114,797.4554359,802.6508292,807.6048238,812.3171391,816.7875941,821.0161214,825.0027826,828.7477858,832.2515049,835.5145009,838.5375455,841.3216469,843.8680783,846.1784081,848.2545331,850.0987124,851.7136032,853.1022953,854.2683443,855.2157987,855.9492167,856.4736673,856.7947024,856.9182876,856.8506689,856.5981429,856.1666861,855.5613775,854.7855228,853.8393541,852.7181314,851.4094253,849.8893069,848.117158,846.0288697,843.5284341,840.4784617,836.6911143,831.9222962,825.8732849,818.2042791,808.5622942,796.6210282,782.1246889,764.9251322,745.0045973,722.4833558,697.6184799,670.8036903,642.5812937,613.6783015,585.0833903,558.193551,535.0856304,519.0174908,515.3227207,532.6926206,582.7317423
513.384766,779.1473062,787.7364276,796.0810288,804.1371084,811.9964243,819.621707,827.0128598,834.1689666,841.0891277,847.7724642,854.2181234,860.4252836,866.3931611,872.1210169,877.6081642,882.8539773,887.8579016,892.6194637,897.1382836,901.4140881,905.4467245,909.2361772,912.7825839,916.0862545,919.1476904,921.9676046,924.5469424,926.8869012,928.9889488,930.8548381,932.486615,933.8866166,935.057452,936.0019594,936.7231255,937.2239503,937.5072326,937.5752404,937.4292147,937.0686368,936.4901599,935.6860686,934.6420869,933.3343037,931.7249422,929.7566928,927.3454097,924.3712424,920.6688582,916.0184348,910.1405061,902.6990594,893.3174161,881.6090389,867.2202072,849.8756637,829.415901,805.8182492,779.2015121,749.821,718.0643807,684.4594032,649.7051534,614.7425427,580.891198,550.1051225,525.4474317,511.9442126,517.8285782,554.244176
511.529297,818.729802,826.7108525,834.4369833,841.8617775,849.0811836,856.0563797,862.7873815,869.2733571,875.5134998,881.5070334,887.2532178,892.7513561,898.0008021,903.0009682,907.7513354,912.2514634,916.5010024,920.4997061,924.2474461,927.7442285,930.9902107,933.985722,936.7312843,939.2276361,941.4757573,943.4768961,945.2325977,946.7447329,948.0155272,949.047587,949.8439226,950.4079624,950.7435537,950.8549428,950.7467216,950.4237242,949.8908504,949.1527798,948.2135281,947.0757743,945.7398613,944.2023341,942.4538328,940.4761087,938.237881,935.6892417,932.7543918,929.3227509,925.2390672,920.2941785,914.2195087,906.6897504,897.3384042,885.7885259,871.6958406,854.7954408,834.940692,812.1263482,786.4955123,758.3373696,728.0864807,696.3353935,663.8734203,631.7692988,601.528492,575.3840322,556.8325244,551.5893163,568.9516301,621.2983648
509.673828,851.3515245,859.6314821,867.6566913,875.3806384,882.8988453,890.1721485,897.200169,903.9816528,910.5153453,916.7999946,922.8343548,928.6171904,934.1472805,939.4234244,944.4444472,949.2092064,953.7165987,957.965569,961.9551183,965.6843144,969.152302,972.3583149,975.3016884,977.9818722,980.3984449,982.5511274,984.4397965,986.064497,987.4254511,988.5230632,989.3579166,989.9307597,990.2424728,990.2940107,990.0863057,989.6201154,988.8957909,987.9129297,986.6698658,985.1629272,983.3853676,981.3258443,978.9662726,976.2788438,973.2219609,969.7348461,965.7306732,961.0883559,955.6437127,949.181727,941.4329612,932.07838,920.7668175,907.1468384,890.9096191,871.833941,849.8223956,824.9217172,797.3277932,767.3828542,735.5758138,702.5575256,669.1839306,636.6053345,606.4337749,581.0495982,564.1620718,561.7988378,583.6877022,642.5756803
507.816406,859.9042624,868.5464088,876.9195354,884.9742879,892.8118039,900.3908626,907.7112513,914.7718461,921.571535,928.1092221,934.3838324,940.3943178,946.139663,951.618893,956.8310805,961.7753552,966.4509137,970.8570303,974.9930693,978.858499,982.4529064,985.7760136,988.827696,991.6080018,994.1171725,996.3556647,998.324173,1000.023652,1001.455336,1002.620759,1003.521767,1004.160516,1004.539463,1004.661328,1004.529019,1004.145508,1003.513624,1002.635739,1001.513278,1000.14601,998.5309929,996.6610534,994.522622,992.0926876,989.3346082,986.1925015,982.5840333,978.3917011,973.4533174,967.553442,960.418945,951.7231973,941.1034776,928.1936952,912.6691904,894.2944726,872.9624325,848.7173408,821.7618939,792.4559811,761.318709,729.0462904,696.5598955,665.1033875,636.4258107,613.1151353,599.2079194,601.2638855,629.8616078,698.8233858
505.960938,862.4713276,871.8891905,881.059056,889.9362571,898.6138312,907.0539337,915.2564205,923.2203117,930.9446403,938.4284566,945.6708324,952.6708666,959.4276901,965.9404731,972.208431,978.2308332,984.0070108,989.5363667,994.8183858,999.8526458,1004.63883,1009.176741,1013.466313,1017.507626,1021.300923,1024.846623,1028.145333,1031.197861,1034.005223,1036.56864,1038.889535,1040.969505,1042.810273,1044.413612,1045.781217,1046.914513,1047.81436,1048.48063,1048.91158,1049.102957,1049.04671,1048.729177,1048.128534,1047.211284,1045.927475,1044.204404,1041.938627,1038.986466,1035.153867,1030.187634,1023.771596,1015.532615,1005.061255,991.9490044,975.8379819,956.4727318,933.7415288,907.6991412,878.5718521,846.7535042,812.8052159,777.4722247,741.7325874,706.8983903,674.8056544,648.1621367,631.1829533,630.711279,657.7794271,726.8119816
504.103516,900.4189317,909.7588945,918.825403,927.5682527,936.0902945,944.3496492,952.3461293,960.0786219,967.5460278,974.7472655,981.6812766,988.3470313,994.7435352,1000.869836,1006.725032,1012.308281,1017.618809,1022.655924,1027.419026,1031.907621,1036.121337,1040.059936,1043.72334,1047.11164,1050.225123,1053.064287,1055.629865,1057.922845,1059.944483,1061.69632,1063.180187,1064.398195,1065.352713,1066.046313,1066.481676,1066.661436,1066.587939,1066.262868,1065.686693,1064.857863,1063.771623,1062.418333,1060.781077,1058.832334,1056.529427,1053.808468,1050.57664,1046.702963,1042.008363,1036.257015,1029.152449,1020.343282,1009.443449,996.0689447,979.8873039,960.6697024,938.3333251,912.9660186,884.834027,854.381656,822.2358564,789.2299461,756.4626328,725.4155408,698.1700405,677.8009535,669.0913847,679.7828204,722.2830438,812.5808559
502.246094,897.3440784,907.6141118,917.5909015,927.2205143,936.613364,945.7246088,954.554138,963.1008554,971.3636856,979.3415786,987.0335167,994.4385209,1001.555659,1008.384052,1014.922889,1021.171432,1027.12903,1032.795134,1038.16931,1043.251256,1048.040819,1052.538017,1056.743058,1060.656366,1064.278603,1067.610701,1070.65388,1073.409685,1075.880007,1078.067106,1079.973629,1081.602614,1082.957481,1084.041993,1084.860178,1085.416192,1085.714094,1085.757492,1085.549009,1085.089476,1084.376762,1083.404063,1082.157471,1080.612551,1078.729633,1076.447499,1073.675285,1070.282695,1066.089348,1060.855253,1054.276022,1045.987937,1035.588052,1022.671709,1006.883756,987.9731141,965.8377409,940.551378,912.372551,881.744749,849.3011798,815.8888751,782.6289468,751.0370272,723.2460531,702.4115655,693.4488861,704.325219,747.8344166,840.5246277
500.388672,908.3854629,919.9139107,931.1278767,941.9691291,952.5560272,962.8402801,972.8215999,982.4986295,991.8700232,1000.934451,1009.690606,1018.137207,1026.273011,1034.096815,1041.60747,1048.80389,1055.68506,1062.250054,1068.498042,1074.428311,1080.040283,1085.333525,1090.307781,1094.962983,1099.299285,1103.317076,1107.017017,1110.400057,1113.467459,1116.220823,1118.662093,1120.793561,1122.617853,1124.137879,1125.356749,1126.277627,1126.903492,1127.236766,1127.278759,1127.02884,1126.483228,1125.633243,1124.462822,1122.945032,1121.037296,1118.675007,1115.763376,1112.167638,1107.702501,1102.122914,1095.119884,1086.326563,1075.339847,1061.759737,1045.242522,1025.55703,1002.630777,976.5774562,947.7066591,916.5254037,883.7456668,850.3136479,817.4789454,786.9300247,761.0424327,743.3278888,739.2474787,757.6289707,812.5875018,922.20108
498.53125,903.5081518,914.7741531,925.7293272,936.3157531,946.6507987,956.6869184,966.4240874,975.861241,984.9973424,993.8313888,1002.362419,1010.589519,1018.511836,1026.128582,1033.43905,1040.442623,1047.138789,1053.527158,1059.607477,1065.379649,1070.843755,1076.000077,1080.849125,1085.391659,1089.628726,1093.561686,1097.19225,1100.522509,1103.554972,1106.292592,1108.738797,1110.897503,1112.773114,1114.370494,1115.694904,1116.751872,1117.546984,1118.085536,1118.372001,1118.409227,1118.19725,1117.731551,1117.000578,1115.982231,1114.639027,1112.911609,1110.71042,1107.905669,1104.316473,1099.701317,1093.753671,1086.10818,1076.362909,1064.120115,1049.041582,1030.907587,1009.665893,985.461972,958.6513932,929.8044541,899.7181365,869.4524055,840.4109661,814.4960582,794.3894542,784.0582552,789.6669115,821.1579666,894.3648261,1029.359056
496.671875,931.0481295,942.7716749,954.1689015,965.1789419,975.9252485,986.3580861,996.4776401,1006.283018,1015.773372,1024.947903,1033.805871,1042.346608,1050.569522,1058.474116,1066.059998,1073.326894,1080.274671,1086.903351,1093.213132,1099.204414,1104.877824,1110.234241,1115.274833,1120.001086,1124.414845,1128.518353,1132.314292,1135.805829,1138.996662,1141.891064,1144.493918,1146.810758,1148.847776,1150.611822,1152.11035,1153.351314,1154.342974,1155.09356,1155.610749,1155.900857,1155.967624,1155.810421,1155.421658,1154.783102,1153.860756,1152.597956,1150.906438,1148.6555,1145.660133,1141.670363,1136.365864,1129.361652,1120.230851,1108.547373,1093.944613,1076.178642,1055.181383,1031.094104,1004.281867,975.3394408,945.1046303,914.697227,885.605141,859.8493978,840.2837793,831.1344762,838.9736898,874.4082335,954.3399137,1100.213976
494.8125,934.7219832,947.4141551,959.7767959,971.7480944,983.4522916,994.8386522,1005.906839,1016.655391,1027.082855,1037.187793,1046.968787,1056.424444,1065.553408,1074.354361,1082.826039,1090.967235,1098.776817,1106.253736,1113.397044,1120.205904,1126.679612,1132.817613,1138.619523,1144.085148,1149.214509,1154.007868,1158.465749,1162.588962,1166.378628,1169.836193,1172.963437,1175.762476,1178.235731,1180.385881,1182.215764,1183.728211,1184.925786,1185.81039,1186.38266,1186.641088,1186.58074,1186.191413,1185.455033,1184.342016,1182.806314,1180.778847,1178.159176,1174.805652,1170.525034,1165.063893,1158.105818,1149.279957,1138.186278,1124.439656,1107.728183,1087.87412,1064.88368,1038.977216,1010.60173,980.4369836,949.4115107,918.7469429,890.0527396,865.5043697,848.1635376,842.550959,855.6736119,898.7927848,989.7465206,1150.874311
492.953125,942.0264669,955.1418927,967.912023,980.2712293,992.3498327,1004.094445,1015.504584,1026.578579,1037.31476,1047.711466,1057.767044,1067.479862,1076.848313,1085.87082,1094.545848,1102.871913,1110.847594,1118.47154,1125.74249,1132.659285,1139.220884,1145.426383,1151.275035,1156.766273,1161.899729,1166.675262,1171.09298,1175.153267,1178.856802,1182.20458,1185.197922,1187.838474,1190.128192,1192.069289,1193.664149,1194.915173,1195.824532,1196.393793,1196.623349,1196.511578,1196.053617,1195.239606,1194.052187,1192.463031,1190.428098,1187.881376,1184.726968,1180.829806,1176.006007,1170.015205,1162.558841,1153.289864,1141.839072,1127.860029,1111.087847,1091.400364,1068.868235,1043.78608,1016.687185,988.3536689,959.839175,932.5236673,908.2245019,889.4006272,879.5155201,883.6821377,909.8133808,970.5881733,1085.987364,1280.717627
491.09375,977.7872233,991.4490454,1004.745086,1017.60539,1030.167935,1042.375927,1054.228653,1065.724122,1076.860336,1087.635286,1098.046965,1108.093366,1117.772491,1127.082357,1136.021007,1144.586512,1152.776985,1160.590593,1168.025564,1175.080205,1181.752916,1188.042206,1193.946709,1199.465207,1204.596647,1209.340164,1213.695106,1217.661048,1221.237819,1224.425509,1227.224485,1229.635381,1231.659076,1233.296644,1234.549256,1235.41803,1235.903778,1236.006626,1235.725452,1235.057046,1233.994896,1232.527453,1230.635667,1228.289575,1225.443658,1222.030728,1217.954243,1213.07936,1207.223761,1200.150634,1191.567778,1181.138251,1168.507669,1153.349924,1135.426449,1114.647532,1091.122351,1065.190227,1037.436047,1008.70221,980.114624,953.1429902,929.7206457,912.4628568,905.0529514,912.9265138,944.4889148,1013.189465,1140.174992,1351.450291
489.232422,988.769617,1003.040989,1016.94709,1030.417835,1043.590986,1056.409711,1068.8732,1080.979362,1092.726087,1104.111252,1115.132725,1125.788365,1136.076035,1145.993599,1155.538934,1164.709937,1173.504531,1181.920676,1189.956379,1197.609705,1204.87879,1211.761855,1218.25722,1224.363321,1230.078724,1235.402146,1240.332466,1244.868743,1249.010227,1252.75636,1256.106779,1259.061293,1261.619846,1263.782444,1265.549035,1266.919326,1267.892499,1268.466783,1268.638836,1268.402843,1267.749223,1266.66279,1265.120195,1263.086379,1260.509812,1257.316273,1253.40112,1248.620408,1242.78203,1235.639367,1226.891606,1216.196231,1203.198802,1187.581453,1169.124783,1147.771051,1123.675135,1097.236019,1069.112504,1040.23651,1011.842527,985.5346281,963.418022,948.3369509,944.2937274,957.1891163,996.1364599,1075.692564,1218.685545,1453.012976
487.373047,998.0136755,1012.047378,1025.722639,1038.970462,1051.92621,1064.534179,1076.793674,1088.702751,1100.259455,1111.461823,1122.307891,1132.795696,1142.923284,1152.688716,1162.090072,1171.125464,1179.793041,1188.091003,1196.017606,1203.571181,1210.750145,1217.553014,1223.978421,1230.025135,1235.692072,1240.978321,1245.883157,1250.406057,1254.546713,1258.305041,1261.681176,1264.675455,1267.288381,1269.520547,1271.372522,1272.844658,1273.936805,1274.64788,1274.975235,1274.913738,1274.454459,1273.582806,1272.275904,1270.499008,1268.20065,1265.306334,1261.710695,1257.268533,1251.785908,1245.013877,1236.649129,1226.347147,1213.753098,1198.551877,1180.531805,1159.649587,1136.082765,1110.262381,1082.889842,1054.951875,1027.752853,1002.986817,982.877492,970.4303646,969.8756559,987.4498556,1032.781087,1121.236667,1276.884255,1529.036886
485.511719,984.8116114,997.883327,1010.670957,1023.120452,1035.339363,1047.284012,1058.954281,1070.349088,1081.467368,1092.30808,1102.870209,1113.152773,1123.154832,1132.875491,1142.313911,1151.469316,1160.341003,1168.928355,1177.230848,1185.248065,1192.979712,1200.425627,1207.585796,1214.460369,1221.04967,1227.354216,1233.37472,1239.112101,1244.567486,1249.742194,1254.637719,1259.255677,1263.597736,1267.66549,1271.46028,1274.98292,1278.233303,1281.209822,1283.90856,1286.322122,1288.438006,1290.236322,1291.68665,1292.743768,1293.341974,1293.387761,1292.750856,1291.254088,1288.663535,1284.681925,1278.950118,1271.062934,1260.604938,1247.207372,1230.619581,1210.780755,1187.876536,1162.372714,1135.030813,1106.921235,1079.45522,1054.459743,1034.325583,1022.275337,1022.835173,1042.667278,1092.04494,1187.350087,1354.216227,1623.810907
483.648438,1028.772428,1041.778882,1054.444817,1066.70419,1078.685939,1090.337233,1101.657589,1112.645341,1123.298827,1133.616387,1143.596374,1153.237156,1162.537123,1171.494695,1180.108329,1188.376528,1196.297853,1203.870931,1211.094471,1217.967274,1224.488251,1230.656436,1236.471009,1241.931307,1247.03685,1251.787358,1256.182768,1260.223257,1263.909253,1267.241441,1270.220769,1272.848425,1275.125804,1277.054433,1278.635853,1279.871426,1280.762044,1281.30769,1281.506797,1281.35531,1280.845349,1279.963314,1278.687228,1276.983092,1274.799988,1272.06371,1268.668906,1264.470137,1259.273142,1252.82897,1244.835381,1234.951274,1222.829406,1208.168734,1190.780597,1170.655998,1148.019979,1123.365961,1097.47461,1071.431973,1046.667323,1025.034497,1008.967299,1001.756928,1008.037353,1034.639269,1092.100076,1197.213727,1376.216748,1660.859269
481.787109,1026.458998,1038.473121,1050.135405,1061.377299,1072.332807,1082.9479,1093.22275,1103.156354,1112.747757,1121.996054,1130.900405,1139.460043,1147.674282,1155.542537,1163.064335,1170.239328,1177.067318,1183.548273,1189.68235,1195.469921,1200.911602,1206.008281,1210.761155,1215.171767,1219.242046,1222.974353,1226.371526,1229.436934,1232.174523,1234.588872,1236.685241,1238.469607,1239.948697,1241.129987,1242.021672,1242.632571,1242.97195,1243.049212,1242.873395,1242.452392,1241.791777,1240.893067,1239.751204,1238.350999,1236.66221,1234.632974,1232.181456,1229.185978,1225.474776,1220.81793,1214.925932,1207.460986,1198.067035,1186.420877,1172.299485,1155.651016,1136.654798,1115.761785,1093.718764,1071.590516,1050.800656,1033.215887,1021.30566,1018.427155,1029.324725,1061.010188,1124.322262,1236.566382,1424.834168,1722.036915
479.923828,1009.95821,1024.848244,1039.334853,1053.339325,1067.014336,1080.297054,1093.186703,1105.681095,1117.778033,1129.475314,1140.770733,1151.662092,1162.147204,1172.223901,1181.890045,1191.143536,1199.982324,1208.404421,1216.407918,1223.990999,1231.151956,1237.889215,1244.201356,1250.087133,1255.545504,1260.57566,1265.177049,1269.349411,1273.092805,1276.407633,1279.294667,1281.755056,1283.790322,1285.402332,1286.593228,1287.365298,1287.720767,1287.661454,1287.188252,1286.300346,1284.994064,1283.261207,1281.08668,1278.445175,1275.296658,1271.580423,1267.207647,1262.052798,1255.945041,1248.662151,1239.931116,1229.441038,1216.873626,1201.952953,1184.509339,1164.545373,1142.290539,1118.237264,1093.162438,1068.148578,1044.624674,1024.450543,1010.075647,1004.821169,1013.372696,1042.646687,1103.322638,1212.430962,1396.58869,1688.01863
478.060547,1034.530877,1048.195247,1061.494113,1074.356146,1086.920072,1099.129301,1110.9835,1122.48109,1133.620499,1144.400181,1154.818612,1164.874302,1174.565807,1183.891729,1192.850737,1201.441572,1209.663063,1217.514142,1224.99386,1232.101406,1238.836125,1245.197546,1251.185399,1256.799649,1262.040519,1266.908523,1271.404496,1275.529628,1279.285491,1282.674067,1285.697768,1288.359447,1290.662381,1292.61024,1294.206995,1295.456772,1296.363606,1296.931055,1297.161612,1297.055829,1296.611039,1295.819515,1294.665855,1293.123352,1291.149058,1288.677312,1285.611659,1281.815548,1277.103072,1271.232441,1263.906709,1254.787767,1243.529227,1229.82993,1213.502458,1194.543753,1173.193307,1149.971313,1125.701129,1101.531274,1078.978302,1060.015858,1047.24274,1044.181576,1055.800534,1089.43065,1156.387225,1274.706455,1472.559774,1783.999429
476.197266,1038.646131,1051.842603,1064.659765,1077.023728,1089.079099,1100.76776,1112.090039,1123.045011,1133.63181,1143.849635,1153.697767,1163.175574,1172.282533,1181.018236,1189.382416,1197.37496,1204.995934,1212.245603,1219.124464,1225.63327,1231.773065,1237.545223,1242.951485,1247.994008,1252.675412,1256.998832,1260.967983,1264.587213,1267.861576,1270.796894,1273.399823,1275.677913,1277.639659,1279.29452,1280.652916,1281.72616,1282.526302,1283.065842,1283.357245,1283.41217,1283.24028,1282.84746,1282.233214,1281.386938,1280.282735,1278.872429,1277.076612,1274.773941,1271.789851,1267.887317,1262.764367,1256.064873,1247.409133,1236.447089,1222.929301,1206.782639,1188.174956,1167.559328,1145.700872,1123.700807,1103.039536,1085.664911,1074.159483,1072.039379,1084.278689,1118.234569,1185.28753,1303.621505,1501.730834,1814.300678
474.333984,1057.556386,1071.319292,1084.698029,1097.61739,1110.223283,1122.456218,1134.315876,1145.800623,1156.908842,1167.638937,1177.989347,1187.958544,1197.545051,1206.747449,1215.564389,1223.994604,1232.036925,1239.6903,1246.953806,1253.826678,1260.308323,1266.398353,1272.096608,1277.403188,1282.318488,1286.843229,1290.9785,1294.725793,1298.087046,1301.064674,1303.661607,1305.881306,1307.727774,1309.205533,1310.319563,1311.07518,1311.477823,1311.532706,1311.244273,1310.61538,1309.646073,1308.331816,1306.660952,1304.611155,1302.144562,1299.20137,1295.691773,1291.48663,1286.408073,1280.222728,1272.642049,1263.335839,1251.964676,1238.233197,1221.958808,1203.143049,1182.031035,1159.151168,1135.339359,1111.762924,1089.965735,1071.960416,1060.401161,1058.89015,1072.512317,1108.77536,1179.271006,1302.478449,1507.260436,1828.492381
472.470703,1062.416235,1076.794052,1090.812413,1104.400828,1117.69557,1130.640701,1143.235628,1155.478506,1167.367488,1178.900723,1190.076367,1200.892587,1211.347564,1221.439503,1231.166642,1240.527256,1249.51967,1258.14227,1266.393515,1274.271946,1281.776206,1288.905054,1295.657378,1302.032216,1308.028775,1313.646446,1318.884821,1323.743712,1328.223157,1332.32343,1336.045029,1339.388655,1342.355166,1344.945492,1347.160498,1349.000774,1350.466313,1351.556039,1352.267114,1352.593946,1352.526764,1352.049623,1351.137623,1349.753107,1347.840588,1345.320214,1342.079779,1337.965805,1332.775123,1326.249874,1318.080652,1307.923848,1295.4386,1280.344436,1262.49308,1241.940743,1219.00628,1194.308307,1168.787086,1143.727854,1120.808411,1102.197742,1090.740669,1090.284033,1106.244126,1146.601397,1223.653748,1356.964419,1577.001792,1920.346989
470.605469,1088.630532,1104.119137,1119.172095,1133.703903,1147.879797,1161.63204,1174.959995,1187.861514,1200.334453,1212.376673,1223.986053,1235.160492,1245.897923,1256.196317,1266.053701,1275.468168,1284.43789,1292.961138,1301.036297,1308.66189,1315.836599,1322.559291,1328.829048,1334.645198,1340.00735,1344.91543,1349.369722,1353.370911,1356.920124,1360.018975,1362.669601,1364.874692,1366.637511,1367.961882,1368.85215,1369.313076,1369.349648,1368.966765,1368.168732,1366.958481,1365.336414,1363.298688,1360.834763,1357.923937,1354.530592,1350.597889,1346.039834,1340.732043,1334.502448,1327.124582,1318.317972,1307.761714,1295.127062,1280.131026,1262.605667,1242.570325,1220.292178,1196.327321,1171.54665,1147.161969,1124.774359,1106.471307,1095.007409,1094.123691,1109.104113,1147.753126,1222.122611,1351.42488,1565.661402,1901.058211
468.740234,1130.442177,1144.34791,1157.877854,1170.958399,1183.731844,1196.139604,1208.180932,1219.853759,1231.156008,1242.08559,1252.640415,1262.81839,1272.617431,1282.035467,1291.070443,1299.720338,1307.983165,1315.856984,1323.339915,1330.43015,1337.125965,1343.425736,1349.327956,1354.83125,1359.934392,1364.636328,1368.936185,1372.833291,1376.327186,1379.417623,1382.104567,1384.38817,1386.26873,1387.746606,1388.822089,1389.495199,1389.765373,1389.631007,1389.088782,1388.132698,1386.752686,1384.932655,1382.647777,1379.860759,1376.516873,1372.537533,1367.812443,1362.1908,1355.472967,1347.405465,1337.683917,1325.969919,1311.92717,1295.277977,1275.873763,1253.766153,1229.264217,1202.971041,1175.805214,1149.023594,1124.267719,1103.660134,1089.984982,1087.007211,1100.028162,1136.85986,1209.543002,1337.237221,1549.795774,1883.104608
466.875,1178.696622,1190.227016,1201.428699,1212.237421,1222.778327,1233.000798,1242.904864,1252.489445,1261.753495,1270.696006,1279.316016,1287.612619,1295.584972,1303.232306,1310.553939,1317.549287,1324.217878,1330.559371,1336.573569,1342.26044,1347.620137,1352.653025,1357.359697,1361.741007,1365.798096,1369.532416,1372.945766,1376.040312,1378.818614,1381.283644,1383.438796,1385.287873,1386.835064,1388.084867,1389.041969,1389.71105,1390.096463,1390.201757,1390.028975,1389.577611,1388.843127,1387.814825,1386.472882,1384.784244,1382.697127,1380.133841,1376.98194,1373.084153,1368.228564,1362.14205,1354.492005,1344.902864,1332.99343,1318.436565,1301.034715,1280.796907,1258.001405,1233.236051,1207.421581,1181.834898,1158.155835,1138.56508,1125.929078,1124.128376,1138.630534,1177.496379,1253.156476,1385.404054,1605.110434,1949.468509
465.007812,1172.504358,1184.469796,1196.109999,1207.361198,1218.346946,1229.016847,1239.370605,1249.406804,1259.124041,1268.520927,1277.596095,1286.348204,1294.775949,1302.878064,1310.653335,1318.100608,1325.218797,1332.006898,1338.464002,1344.589307,1350.382134,1355.841942,1360.968346,1365.761133,1370.220281,1374.345975,1378.138625,1381.598876,1384.727621,1387.525993,1389.99536,1392.137291,1393.953498,1395.445734,1396.615641,1397.464511,1397.992927,1398.200244,1398.083835,1397.638011,1396.852493,1395.710265,1394.18461,1392.235062,1389.802041,1386.799939,1383.108724,1378.564586,1372.951155,1365.994359,1357.365848,1346.701303,1333.639178,1317.880915,1299.265706,1277.845446,1253.944672,1228.198364,1201.573725,1175.393308,1151.383073,1131.77296,1119.48586,1118.471847,1134.289802,1175.127002,1253.595927,1389.754248,1614.829653,1966.28983
463.140625,1217.623173,1231.482902,1244.951987,1257.954201,1270.637788,1282.942242,1294.867186,1306.4109,1317.571678,1328.347831,1338.737699,1348.739653,1358.352105,1367.573521,1376.402428,1384.837429,1392.877215,1400.520581,1407.766442,1414.613853,1421.062028,1427.110363,1432.758463,1438.006163,1442.853561,1447.301044,1451.34932,1454.999444,1458.252848,1461.111359,1463.577214,1465.653056,1467.341911,1468.647125,1469.572252,1470.120867,1470.296264,1470.100998,1469.536191,1468.600527,1467.288774,1465.589691,1463.483071,1460.935652,1457.895598,1454.285292,1449.992396,1444.859636,1438.67476,1431.163696,1421.991961,1410.780962,1397.145313,1380.752898,1361.4012,1339.095423,1314.112352,1287.0417,1258.810122,1230.704986,1204.421685,1182.162584,1166.823931,1162.327991,1174.20295,1210.6021,1284.104431,1414.751642,1633.830332,1979.115944
461.273438,1225.828898,1239.016083,1251.844887,1264.245474,1276.353886,1288.114682,1299.527575,1310.59105,1321.303608,1331.663767,1341.670076,1351.321116,1360.615508,1369.551927,1378.129107,1386.345853,1394.201055,1401.6937,1408.822888,1415.587848,1421.987956,1428.022751,1433.691963,1438.995526,1443.933609,1448.506632,1452.71529,1456.560574,1460.043785,1463.166541,1465.930776,1468.338715,1470.392824,1472.095723,1473.450034,1474.458151,1475.121883,1475.441928,1475.417103,1475.043228,1474.311538,1473.206434,1471.702361,1469.759516,1467.318113,1464.290964,1460.554351,1455.937742,1450.213862,1443.09232,1434.221957,1423.208667,1409.654748,1393.221202,1373.705979,1351.12317,1325.766798,1298.251193,1269.533681,1240.937326,1214.19806,1191.56466,1175.98828,1171.459412,1183.596016,1220.676584,1295.464029,1428.278887,1650.816098,2001.276354
459.40625,1212.332289,1225.647947,1238.606141,1251.137243,1263.377274,1275.271226,1286.819134,1298.019836,1308.872201,1319.375143,1329.527625,1339.328673,1348.777381,1357.872925,1366.614577,1375.001715,1383.033844,1390.710607,1398.031809,1404.997436,1411.607679,1417.862957,1423.763945,1429.311603,1434.507207,1439.352378,1443.849117,1447.999832,1451.807369,1455.275032,1458.406593,1461.206287,1463.678781,1465.829104,1467.662519,1469.184306,1470.399438,1471.312062,1471.924746,1472.237371,1472.245524,1471.938217,1471.294678,1470.279926,1468.838804,1466.8882,1464.307408,1460.927123,1456.518602,1450.786228,1443.36886,1433.857004,1421.832336,1406.931358,1388.926289,1367.807758,1343.852223,1317.665287,1290.206351,1262.81256,1237.247098,1215.801167,1201.487564,1198.385336,1212.242055,1251.532681,1329.330471,1466.462719,1695.440786,2055.514524
457.539062,1280.195952,1292.872371,1305.186666,1317.069239,1328.657888,1339.897269,1350.787714,1361.328359,1371.518395,1381.357075,1390.843728,1399.977767,1408.758702,1417.186152,1425.259865,1432.979731,1440.345801,1447.35831,1454.017696,1460.324633,1466.280048,1471.885161,1477.141514,1482.051003,1486.615924,1490.839006,1494.723453,1498.272988,1501.491887,1504.385017,1506.957859,1509.216513,1511.167686,1512.818635,1514.177053,1515.250869,1516.047924,1516.575465,1516.839377,1516.843041,1516.585679,1516.05996,1515.248618,1514.119743,1512.620381,1510.668106,1508.140433,1504.862495,1500.594465,1495.021976,1487.755095,1478.343301,1466.313584,1451.234066,1432.796511,1410.901891,1385.730772,1357.788328,1327.928291,1297.373192,1267.755607,1241.209171,1220.54578,1209.575334,1213.668607,1240.751407,1303.06825,1420.17335,1622.709952,1948.031645
455.669922,1345.48871,1357.942823,1370.046071,1381.730887,1393.13036,1404.19044,1414.910989,1425.290674,1435.328186,1445.022246,1454.371608,1463.375073,1472.031489,1480.33977,1488.298896,1495.907934,1503.166046,1510.072502,1516.626699,1522.828173,1528.676623,1534.171923,1539.314151,1544.1036,1548.540811,1552.626583,1556.362001,1559.748448,1562.787618,1565.481514,1567.832439,1569.842959,1571.515839,1572.853928,1573.859979,1574.53638,1574.884735,1574.905269,1574.595944,1573.951213,1572.960231,1571.604356,1569.853668,1567.662218,1564.961677,1561.653119,1557.596922,1552.601311,1546.411205,1538.700721,1529.074906,1517.087897,1502.28404,1484.263511,1462.764962,1437.749078,1409.465381,1378.493336,1345.763421,1312.576416,1280.645995,1252.193479,1230.131413,1218.393158,1222.510922,1250.63382,1315.329222,1436.626854,1645.829519,1980.867497
453.802734,1370.452305,1382.274316,1393.773497,1404.888528,1415.742068,1426.284893,1436.51732,1446.4386,1456.048033,1465.344975,1474.328848,1482.999145,1491.355447,1499.397428,1507.124874,1514.537691,1521.635923,1528.41977,1534.889604,1541.045991,1546.889709,1552.421775,1557.643465,1562.556344,1567.162284,1571.463499,1575.462557,1579.162411,1582.566404,1585.678276,1588.502154,1591.04251,1593.304097,1595.291824,1597.010561,1598.464842,1599.658414,1600.59358,1601.270242,1601.684523,1601.826822,1601.679063,1601.210881,1600.3744,1599.097234,1597.273411,1594.752155,1591.325048,1586.713292,1580.558618,1572.423772,1561.810333,1548.200975,1531.128054,1510.260752,1485.493583,1457.017164,1425.361103,1391.414285,1356.441196,1322.120023,1290.631872,1264.837738,1248.599742,1247.347583,1269.079396,1326.137182,1438.217155,1636.171758,1957.605212
451.933594,1400.156046,1413.261931,1425.99392,1438.281294,1450.265655,1461.889733,1473.153562,1484.055921,1494.595626,1504.771537,1514.582565,1524.027683,1533.105934,1541.816446,1550.158442,1558.131253,1565.734338,1572.967298,1579.829895,1586.322074,1592.443986,1598.196008,1603.578776,1608.593207,1613.240529,1617.52231,1621.440488,1624.997393,1628.195771,1631.038794,1633.530063,1635.673582,1637.473704,1638.935034,1640.062256,1640.859868,1641.331769,1641.480649,1641.307084,1640.808234,1639.975963,1638.794186,1637.235146,1635.254281,1632.783308,1629.721163,1625.922701,1621.185594,1615.237013,1607.723517,1598.209925,1586.1949,1571.150479,1552.587832,1530.142027,1503.659066,1473.266116,1439.414235,1402.897899,1364.868882,1326.869103,1290.910443,1259.636152,1236.616675,1226.874167,1237.812573,1280.87292,1374.352708,1547.010094,1834.187687
450.0625,1413.641096,1425.75904,1437.548013,1448.946662,1460.079593,1470.896765,1481.398476,1491.583934,1501.452398,1511.003179,1520.235655,1529.149275,1537.74357,1546.018167,1553.972799,1561.607322,1568.921725,1575.91615,1582.590911,1588.946509,1594.983659,1600.703305,1606.106649,1611.195173,1615.970664,1620.435234,1624.591347,1628.44183,1631.989889,1635.239104,1638.193413,1640.857067,1643.234551,1645.330447,1647.149224,1648.694915,1649.970634,1650.977877,1651.715501,1652.178274,1652.354813,1652.22468,1651.754359,1650.891743,1649.558736,1647.641635,1644.979189,1641.348825,1636.452737,1629.907439,1621.24281,1609.918621,1595.365955,1577.055633,1554.585876,1527.771613,1496.715569,1461.850099,1423.954308,1384.164482,1344.002859,1305.452779,1271.114334,1244.492261,1230.508302,1236.411342,1273.399199,1359.385046,1522.54756,1797.6098
448.193359,1429.595603,1440.283619,1450.674436,1460.713839,1470.514706,1480.032577,1489.268379,1498.222107,1506.893839,1515.283748,1523.392114,1531.219332,1538.765932,1546.032588,1553.020136,1559.729594,1566.16218,1572.319332,1578.202734,1583.81434,1589.156401,1594.231493,1599.042554,1603.592907,1607.886301,1611.926942,1615.719524,1619.269261,1622.581904,1625.663761,1628.521687,1631.163058,1633.595701,1635.827779,1637.867581,1639.723214,1641.402117,1642.910349,1644.251545,1645.425404,1646.425534,1647.236391,1647.829006,1648.155102,1648.139131,1647.667858,1646.57727,1644.637273,1641.535802,1636.866038,1630.122989,1620.717931,1608.018792,1591.41924,1570.428889,1544.766413,1514.434355,1479.763089,1441.427347,1400.452898,1358.238256,1316.619071,1278.008032,1245.65916,1224.143123,1220.196875,1244.245384,1313.014669,1452.942444,1696.985475
446.322266,1433.436076,1445.22862,1456.708907,1467.820026,1478.679566,1489.239968,1499.501248,1509.462376,1519.12235,1528.480201,1537.534999,1546.28586,1554.731954,1562.872513,1570.706839,1578.234317,1585.45442,1592.36673,1598.97094,1605.266875,1611.254502,1616.933946,1622.305504,1627.369656,1632.127082,1636.578669,1640.725519,1644.568945,1648.110463,1651.351768,1654.294686,1656.941102,1659.292838,1661.351481,1663.118114,1664.59294,1665.774732,1666.660051,1667.242144,1667.509381,1667.443084,1667.014494,1666.18061,1664.87853,1663.01792,1660.471274,1657.061879,1652.550004,1646.618983,1638.864776,1628.794902,1615.844541,1599.416899,1578.94968,1553.999708,1524.328249,1489.967383,1451.256559,1408.85352,1363.736678,1317.222212,1271.02125,1227.366894,1189.255387,1160.880224,1148.408019,1161.367755,1215.035876,1333.54892,1547.006831
444.451172,1412.320887,1425.690315,1438.689491,1451.250099,1463.511613,1475.417364,1486.967184,1498.159654,1508.993379,1519.466991,1529.579157,1539.328588,1548.714048,1557.734361,1566.388423,1574.675215,1582.593813,1590.143407,1597.323309,1604.13298,1610.572037,1616.640282,1622.337715,1627.664562,1632.621288,1637.208624,1641.427583,1645.279472,1648.765904,1651.88879,1654.650324,1657.052936,1659.099213,1660.79177,1662.133043,1663.124976,1663.768562,1664.063161,1664.005523,1663.588386,1662.798481,1661.613726,1659.999317,1657.902366,1655.24467,1651.913274,1647.748655,1642.530955,1635.965784,1627.672952,1617.183842,1603.955096,1587.405863,1566.980939,1542.232694,1512.905072,1479.000369,1440.817493,1398.964994,1354.364934,1308.270116,1262.319492,1218.660972,1180.185046,1150.946215,1136.917706,1147.345675,1197.080918,1309.644639,1514.520777
442.580078,1379.070657,1392.717758,1406.001842,1418.856229,1431.417387,1443.629628,1455.492605,1467.004731,1478.16443,1488.970139,1499.420318,1509.513453,1519.248063,1528.62271,1537.636008,1546.286629,1554.573316,1562.494897,1570.050292,1577.238531,1584.058766,1590.510288,1596.592541,1602.305139,1607.647878,1612.620755,1617.223973,1621.457948,1625.32331,1628.820883,1631.951657,1634.71673,1637.11721,1639.154066,1640.827908,1642.138646,1643.08501,1643.663844,1643.869107,1643.690447,1643.111189,1642.105527,1640.634628,1638.641311,1636.042907,1632.721975,1628.514728,1623.197616,1616.473578,1607.961286,1597.192978,1583.62833,1566.691349,1545.83236,1520.607921,1490.762207,1456.290986,1417.477343,1374.902481,1329.447354,1282.306906,1235.040716,1189.687754,1148.986275,1116.771595,1098.689427,1103.477166,1145.173123,1246.031765,1434.0242
440.708984,1347.55049,1361.341791,1374.784584,1387.81555,1400.565723,1412.981942,1425.064103,1436.810933,1448.221181,1459.293628,1470.027088,1480.420424,1490.472546,1500.182429,1509.549117,1518.571738,1527.249511,1535.581767,1543.567954,1551.207662,1558.500631,1565.446773,1572.046188,1578.299186,1584.206297,1589.768295,1594.986206,1599.86132,1604.395188,1608.589613,1612.446618,1615.968392,1619.15719,1622.015191,1624.544261,1626.745616,1628.619325,1630.163583,1631.373679,1632.240524,1632.748566,1632.872873,1632.575091,1631.797893,1630.457546,1628.434186,1625.559687,1621.603493,1616.257979,1609.126685,1599.721185,1587.474288,1571.776841,1552.040459,1527.778973,1498.69174,1464.729252,1426.129508,1383.42809,1337.457561,1289.358019,1240.622383,1193.20354,1149.722925,1113.850613,1090.98976,1089.510058,1122.883531,1212.532677,1385.582589
438.835938,1317.329037,1330.550377,1343.41307,1355.851531,1368.000792,1379.806141,1391.26753,1402.383711,1413.153464,1423.575608,1433.649001,1443.372556,1452.745245,1461.766111,1470.434281,1478.748976,1486.709526,1494.315385,1501.566149,1508.461572,1515.001588,1521.18633,1527.016156,1532.491669,1537.613741,1542.383542,1546.802556,1550.872605,1554.595859,1557.974846,1561.012435,1563.71181,1566.076402,1568.109776,1569.815447,1571.196601,1572.255662,1572.993664,1573.409327,1573.497729,1573.248403,1572.642643,1571.649737,1570.221766,1568.286556,1565.738423,1562.426492,1558.140939,1552.598535,1545.430635,1536.179079,1524.30741,1509.234609,1490.393931,1467.310409,1439.681121,1407.439439,1370.791751,1330.228921,1286.527034,1240.758175,1194.333911,1149.107589,1107.573585,1073.23079,1051.237933,1049.596026,1081.199249,1166.581017,1331.814256
436.962891,1282.252078,1294.823614,1307.041286,1318.840106,1330.353235,1341.526522,1352.359769,1362.851587,1373.000605,1382.805474,1392.264883,1401.377556,1410.142265,1418.557841,1426.62318,1434.337256,1441.699136,1448.707988,1455.363103,1461.663907,1467.609978,1473.20107,1478.437129,1483.318315,1487.845028,1492.017924,1495.837937,1499.306299,1502.424549,1505.194538,1507.618418,1509.698614,1511.437757,1512.838584,1513.903761,1514.635621,1515.035765,1515.104467,1514.83982,1514.236484,1513.283917,1511.963858,1510.246806,1508.087159,1505.416645,1502.135667,1498.102418,1493.120045,1486.923201,1479.166921,1469.422946,1457.190467,1441.927986,1423.108732,1400.293526,1373.206203,1341.793957,1306.261893,1267.084008,1225.004364,1181.048059,1136.563446,1093.320455,1053.70132,1021.047963,1000.287702,999.0615087,1029.679323,1111.733123,1270.068043
435.089844,1288.255274,1299.427838,1310.284101,1320.766769,1330.995159,1340.921426,1350.545911,1359.867919,1368.886807,1377.601988,1386.012941,1394.119221,1401.920469,1409.416422,1416.606929,1423.491964,1430.07164,1436.346227,1442.316173,1447.98212,1453.34493,1458.405709,1463.165828,1467.626953,1471.791074,1475.660527,1479.238028,1482.526689,1485.530044,1488.252055,1490.69711,1492.869997,1494.775849,1496.420041,1497.808015,1498.945014,1499.835669,1500.483387,1500.88945,1501.051716,1500.962746,1500.607158,1499.957897,1498.971093,1497.579072,1495.681143,1493.131958,1489.727717,1485.191584,1479.16135,1471.184718,1460.729529,1447.216104,1430.074403,1408.81984,1383.132199,1352.919085,1318.352323,1279.87918,1238.222369,1194.38891,1149.709731,1105.935059,1065.421854,1031.477189,1008.978755,1005.496516,1033.242379,1111.694365,1265.67524
433.216797,1263.8578,1275.337321,1286.484782,1297.239253,1307.725848,1317.893905,1327.74341,1337.273233,1346.482276,1355.369476,1363.93381,1372.174308,1380.090056,1387.680212,1394.944009,1401.880775,1408.489941,1414.771058,1420.723811,1426.348038,1431.643748,1436.611143,1441.250636,1445.562878,1449.548779,1453.209529,1456.546628,1459.561894,1462.257489,1464.635918,1466.700024,1468.452964,1469.898149,1471.039144,1471.879508,1472.422532,1472.670858,1472.625899,1472.287,1471.65022,1470.706597,1469.439671,1467.822031,1465.810538,1463.339849,1460.313913,1456.595231,1451.992214,1446.245911,1439.019021,1429.89223,1418.374747,1403.935662,1386.058561,1364.313401,1338.431018,1308.362892,1274.315616,1236.762238,1196.44409,1154.382466,1111.921446,1070.82661,1033.475854,1003.206394,984.9392438,986.3043772,1019.588563,1104.331252,1265.260157
431.341797,1207.911945,1219.000363,1229.803094,1240.26897,1250.505641,1260.470018,1270.162464,1279.582413,1288.729344,1297.602793,1306.202359,1314.52771,1322.578597,1330.354862,1337.856448,1345.083416,1352.035956,1358.714401,1365.119248,1371.251171,1377.111044,1382.699959,1388.019249,1393.07051,1397.855621,1402.37677,1406.636469,1410.637574,1414.383292,1417.877184,1421.123144,1424.125365,1426.888264,1429.416358,1431.714076,1433.785461,1435.633732,1437.260643,1438.665551,1439.844084,1440.786238,1441.473701,1441.876121,1441.945968,1441.611593,1440.768132,1439.266046,1436.897636,1433.382874,1428.357584,1421.369248,1411.887589,1399.336818,1383.152,1362.853261,1338.122453,1308.864109,1275.239507,1237.67588,1196.864478,1153.766984,1109.651272,1066.180291,1025.588306,991.0048256,967.0408089,960.8492812,983.971013,1054.825582,1196.934584
429.466797,1193.098668,1204.931056,1216.459219,1227.628209,1238.552544,1249.186061,1259.528898,1269.580186,1279.339093,1288.804827,1297.976646,1306.853866,1315.435866,1323.722102,1331.712115,1339.405544,1346.802138,1353.90177,1360.704454,1367.21036,1373.419832,1379.333407,1384.951835,1390.276102,1395.307448,1400.047385,1404.497723,1408.660576,1412.538377,1416.133872,1419.450108,1422.490391,1425.258218,1427.757154,1429.990648,1431.961745,1433.672662,1435.124165,1436.314663,1437.238919,1437.886201,1438.23769,1438.262853,1437.914459,1437.121851,1435.782108,1433.748941,1430.819621,1426.72127,1421.099482,1413.514419,1403.45136,1390.352414,1373.671762,1352.94828,1327.880507,1298.386248,1264.63596,1227.062018,1186.357371,1143.48277,1099.703307,1056.677843,1016.635414,982.6987491,959.4690962,954.0834993,978.053006,1049.73839,1192.5517
427.59375,1157.20934,1169.917187,1182.31664,1194.351869,1206.138664,1217.629919,1228.825445,1239.72401,1250.324399,1260.625413,1270.62588,1280.32466,1289.720648,1298.812785,1307.600064,1316.08154,1324.256339,1332.123669,1339.68283,1346.933228,1353.874387,1360.505964,1366.82776,1372.839736,1378.542025,1383.934945,1389.019007,1393.794917,1398.263577,1402.426064,1406.283606,1409.837518,1413.089122,1416.039598,1418.689784,1421.039858,1423.088897,1424.834224,1426.270493,1427.388372,1428.172706,1428.599939,1428.634539,1428.224124,1427.292912,1425.733191,1423.394661,1420.072017,1415.492105,1409.303608,1401.074264,1390.302331,1376.448634,1358.991168,1337.495918,1311.689152,1281.514072,1247.161726,1209.078694,1167.965051,1124.781414,1080.78526,1037.619455,997.4863341,963.4662362,940.092393,934.3888519,957.6719894,1027.967229,1168.197676
425.716797,1172.485231,1184.680122,1196.551831,1208.041317,1219.270017,1230.188441,1240.796328,1251.092321,1261.075074,1270.743258,1280.095566,1289.130723,1297.847485,1306.244653,1314.32108,1322.075679,1329.507432,1336.615407,1343.398762,1349.856766,1355.988808,1361.794414,1367.273263,1372.425205,1377.250273,1381.748702,1385.920941,1389.767662,1393.289765,1396.488371,1399.364804,1401.920547,1404.157173,1406.076225,1407.67904,1408.966472,1409.938492,1410.593605,1410.928002,1410.934351,1410.600088,1409.905,1408.817869,1407.291861,1405.258307,1402.618561,1399.233794,1394.913018,1389.400622,1382.366193,1373.401436,1362.030672,1347.741096,1330.034886,1308.497289,1282.866609,1253.089635,1219.352627,1182.090082,1141.984191,1099.973185,1057.288258,1015.541706,976.8991645,944.3941927,922.4956185,918.1315018,942.4658007,1013.279756,1153.172366
423.841797,1121.211375,1132.001404,1142.517266,1152.709466,1162.681383,1172.391569,1181.840321,1191.027039,1199.951168,1208.612199,1217.009681,1225.143229,1233.012528,1240.61735,1247.957559,1255.033125,1261.844139,1268.390823,1274.673549,1280.692854,1286.449461,1291.944292,1297.178495,1302.153463,1306.870851,1311.332604,1315.54097,1319.498517,1323.208146,1326.673086,1329.896887,1332.88338,1335.636614,1338.160741,1340.459844,1342.53766,1344.397181,1346.040057,1347.465733,1348.670217,1349.644315,1350.371151,1350.822702,1350.955033,1350.701863,1349.966128,1348.609377,1346.439309,1343.196737,1338.544823,1332.065551,1323.270096,1311.629555,1296.628242,1277.833655,1254.968664,1227.969,1197.015728,1162.54485,1125.247165,1086.077031,1046.290236,1007.534186,972.0241507,942.8651297,924.6322707,924.4180464,953.6479402,1030.509323,1178.077698
421.964844,1193.81958,1204.736388,1215.312646,1225.486102,1235.385226,1244.958303,1254.205554,1263.126077,1271.719019,1279.983579,1287.919018,1295.52467,1302.799953,1309.744381,1316.357577,1322.639289,1328.589408,1334.207984,1339.495251,1344.451646,1349.077836,1353.374746,1357.343591,1360.985903,1364.303572,1367.29888,1369.974538,1372.333727,1374.380133,1376.11798,1377.552055,1378.687718,1379.530891,1380.088013,1380.365939,1380.371767,1380.112546,1379.594821,1378.82393,1377.802969,1376.531251,1375.002089,1373.199619,1371.094333,1368.636935,1365.750099,1362.317882,1358.172927,1353.082503,1346.735967,1338.738336,1328.616613,1315.845625,1299.896501,1280.303017,1256.732423,1229.043911,1197.323494,1161.8958,1123.324251,1082.416909,1040.257041,998.2800071,958.4273249,923.4319398,897.3374332,886.4425494,900.9568149,957.2744772,1076.597939
420.087891,1180.810961,1193.343251,1205.510441,1217.245532,1228.686055,1239.776289,1250.516199,1260.904527,1270.940048,1280.621577,1289.947973,1298.918155,1307.531104,1315.785882,1323.681639,1331.217629,1338.393227,1345.207943,1351.661447,1357.753583,1363.484398,1368.854166,1373.863415,1378.512958,1382.803925,1386.737798,1390.316442,1393.542144,1396.417644,1398.94616,1401.131411,1402.977621,1404.4895,1405.672189,1406.531155,1407.072007,1407.300188,1407.220509,1406.836436,1406.14903,1405.155391,1403.84642,1402.203619,1400.194604,1397.766942,1394.839909,1391.293918,1386.957781,1381.59488,1374.890857,1366.447557,1355.789877,1342.392255,1325.727824,1305.33534,1280.89031,1252.263466,1219.555419,1183.108212,1143.505486,1101.578778,1058.439224,1015.55661,974.9171599,939.3151565,912.8831293,902.0555749,917.2566475,975.2133084,1097.526605
418.210938,1152.403264,1164.917942,1177.090184,1188.857952,1200.35023,1211.515069,1222.352667,1232.862096,1243.04247,1252.892956,1262.412781,1271.601244,1280.457724,1288.981691,1297.172724,1305.030524,1312.554926,1319.745925,1326.60369,1333.128588,1339.32121,1345.182392,1350.713252,1355.915213,1360.79004,1365.33987,1369.567251,1373.475174,1377.0671,1380.346991,1383.319325,1385.98909,1388.361764,1390.443248,1392.239742,1393.757538,1395.002691,1395.980506,1396.69477,1397.146616,1397.332866,1397.24365,1396.859012,1396.144173,1395.043019,1393.469414,1391.296068,1388.341112,1384.353509,1378.99998,1371.858371,1362.424327,1350.138282,1334.435867,1314.816676,1290.917303,1262.571103,1229.842981,1193.039703,1152.707542,1109.634862,1064.878822,1019.837533,976.3977782,937.2109184,906.1973445,889.4673803,896.9426362,944.6063104,1053.290645
416.333984,1124.816447,1135.790821,1146.48315,1156.843359,1166.977864,1176.844428,1186.443684,1195.775368,1204.839281,1213.6353,1222.163381,1230.423578,1238.416045,1246.141059,1253.599024,1260.790494,1267.716187,1274.377002,1280.774042,1286.908637,1292.782366,1298.397082,1303.754944,1308.858443,1313.710434,1318.31417,1322.673328,1326.792041,1330.674924,1334.32709,1337.754155,1340.962226,1343.957855,1346.747949,1349.339627,1351.739963,1353.955615,1355.992245,1357.853673,1359.540631,1361.048979,1362.367141,1363.472507,1364.326415,1364.867314,1365.001698,1364.592544,1363.445481,1361.293873,1357.785679,1352.477169,1344.840591,1334.29287,1320.24831,1302.189791,1279.743741,1252.740825,1221.250519,1185.590394,1146.322442,1104.25459,1060.466932,1016.384265,973.9252739,935.7814292,905.9267989,890.5481,899.6802769,949.4699823,1060.914444
414.455078,1181.064654,1192.085473,1202.822578,1213.225534,1223.40075,1233.305165,1242.938776,1252.300636,1261.38982,1270.205434,1278.746619,1287.012557,1295.002478,1302.715668,1310.15148,1317.309337,1324.18875,1330.789322,1337.110764,1343.152909,1348.91572,1354.39931,1359.603953,1364.5301,1369.178391,1373.54967,1377.644992,1381.465626,1385.013058,1388.28897,1391.295213,1394.033749,1396.506566,1398.715533,1400.662195,1402.347459,1403.771146,1404.931344,1405.823476,1406.438993,1406.763515,1406.77424,1406.436354,1405.698104,1404.484198,1402.687155,1400.156478,1396.685948,1392.000314,1385.744263,1377.47858,1366.690159,1352.822217,1335.326841,1313.733807,1287.721129,1257.170307,1222.195811,1183.150657,1140.620668,1095.425074,1048.642103,1001.680035,956.4227235,915.5005413,882.7840918,864.2823445,869.716642,914.6820122,1019.353239
412.576172,1210.407837,1221.667078,1232.648001,1243.301715,1253.732676,1263.898934,1273.800729,1283.437393,1292.808293,1301.912844,1310.750511,1319.320821,1327.623365,1335.657815,1343.423925,1350.921551,1358.150657,1365.111329,1371.803792,1378.22842,1384.385757,1390.276529,1395.901666,1401.262315,1406.359859,1411.195931,1415.772425,1420.091508,1424.155613,1427.967429,1431.529874,1434.846032,1437.919066,1440.752072,1443.347852,1445.708591,1447.835377,1449.727505,1451.381492,1452.789668,1453.938185,1454.804241,1455.352216,1455.528377,1455.253768,1454.414886,1452.851983,1450.345297,1446.600571,1441.236891,1433.782115,1423.683005,1410.336919,1393.147434,1371.597507,1345.324716,1314.18027,1278.260461,1237.912263,1193.726262,1146.535494,1097.4397,1047.876246,999.76748,955.7967617,919.913053,898.251091,900.7488343,943.3839271,1046.930518
410.697266,1239.260943,1248.634402,1257.794126,1266.703959,1275.44359,1283.980881,1292.315905,1300.448026,1308.376626,1316.101115,1323.620927,1330.93553,1338.044428,1344.947166,1351.643338,1358.132586,1364.414612,1370.489182,1376.35613,1382.015366,1387.46688,1392.710747,1397.747129,1402.576278,1407.198533,1411.614311,1415.824098,1419.828424,1423.627829,1427.222813,1430.613757,1433.800812,1436.783747,1439.561727,1442.133004,1444.494493,1446.64117,1448.565253,1450.255052,1451.6934,1452.855472,1453.705819,1454.194317,1454.250733,1453.777547,1452.640733,1450.658424,1447.58793,1443.112615,1436.831805,1428.258987,1416.835131,1401.963302,1383.065941,1359.657486,1331.416533,1298.239866,1260.268316,1217.887471,1171.71706,1122.607454,1071.662051,1020.305633,970.4269381,924.6452006,886.7960286,862.8147046,862.2824118,900.5436674,997.4174107
408.818359,1298.051993,1308.996032,1319.654806,1329.9789,1340.075354,1349.901429,1359.45756,1368.743266,1377.758116,1386.501738,1394.973828,1403.174157,1411.102583,1418.759059,1426.143648,1433.256532,1440.09803,1446.668611,1452.968911,1458.999751,1464.762155,1470.257372,1475.486896,1480.452486,1485.156187,1489.600354,1493.787662,1497.721124,1501.404093,1504.840255,1508.033605,1510.988396,1513.709045,1516.199996,1518.465488,1520.509225,1522.333883,1523.940383,1525.326866,1526.487206,1527.40892,1528.07022,1528.435906,1528.451727,1528.036748,1527.073334,1525.39448,1522.768791,1518.884465,1513.33542,1505.615101,1495.125538,1481.209077,1463.205566,1440.528589,1412.744521,1379.634862,1341.229313,1297.810628,1249.904405,1198.272607,1143.930376,1088.206788,1032.877715,980.4199173,934.4807419,900.7422454,888.4568453,912.6250421,993.126905
406.939453,1353.054805,1361.890126,1370.478638,1378.778173,1386.881079,1394.750373,1402.386346,1409.788482,1416.956307,1423.889388,1430.587343,1437.049846,1443.276633,1449.267513,1455.022376,1460.5412,1465.824061,1470.871148,1475.682771,1480.259372,1484.601542,1488.710027,1492.585747,1496.229801,1499.643482,1502.82828,1505.785889,1508.518195,1511.027269,1513.315333,1515.384711,1517.23775,1518.876692,1520.303497,1521.519578,1522.52541,1523.319992,1523.900069,1524.259038,1524.385417,1524.260699,1523.856384,1523.129878,1522.018933,1520.434199,1518.24955,1515.290002,1511.317602,1506.016713,1498.981849,1489.713471,1477.628959,1462.095591,1442.487669,1418.260918,1389.028143,1354.617457,1315.10168,1270.800833,1222.271107,1170.298832,1115.918428,1060.474413,1005.755071,954.24618,909.5976986,877.4786067,867.0876906,893.2692304,975.5162492
405.058594,1357.185276,1366.015586,1374.633872,1383.005514,1391.209662,1399.215022,1407.02214,1414.630894,1422.041212,1429.253078,1436.266539,1443.081708,1449.69878,1456.118029,1462.339827,1468.364646,1474.193072,1479.825813,1485.263711,1490.507755,1495.559088,1500.419022,1505.089046,1509.570834,1513.866255,1517.97737,1521.906431,1525.655869,1529.228268,1532.626323,1535.852773,1538.910298,1541.801369,1544.528029,1547.091578,1549.492134,1551.728,1553.79479,1555.684196,1557.382277,1558.867079,1560.105358,1561.048081,1561.624345,1561.733284,1561.233583,1559.930454,1557.560481,1553.775914,1548.131809,1540.081813,1528.990268,1514.167819,1494.932578,1470.689299,1441.009286,1405.691076,1364.789865,1318.617806,1267.729395,1212.911334,1155.196386,1095.921371,1036.856578,980.4542789,930.308252,891.998554,874.5908861,892.7567858,965.9050026
403.177734,1411.372178,1420.91809,1430.234714,1439.284335,1448.151981,1456.80321,1465.23798,1473.455486,1481.454934,1489.235548,1496.796573,1504.137276,1511.256955,1518.154936,1524.830584,1531.283304,1537.512545,1543.517807,1549.298644,1554.854667,1560.185546,1565.291017,1570.170873,1574.824971,1579.253217,1583.455556,1587.431954,1591.182362,1594.706673,1598.004656,1601.075858,1603.919471,1606.53415,1608.917749,1611.066966,1612.976847,1614.640106,1616.046183,1617.179951,1618.019938,1618.535886,1618.685422,1618.409536,1617.626515,1616.223947,1614.048449,1610.893026,1606.482547,1600.45896,1592.369651,1581.664657,1567.710124,1549.824725,1527.340563,1499.680611,1466.435494,1427.420223,1382.699649,1332.585321,1277.617977,1218.554515,1156.377989,1092.349377,1028.126247,965.9924135,909.2838872,863.1735952,836.06805,841.5955985,897.8893233
401.296875,1418.947178,1427.88795,1436.623313,1445.120769,1453.456739,1461.601094,1469.554421,1477.316667,1484.88783,1492.267965,1499.45719,1506.455694,1513.263743,1519.881688,1526.309975,1532.549149,1538.59987,1544.462919,1550.139207,1555.629787,1560.935865,1566.058806,1571.000144,1575.761588,1580.345026,1584.752518,1588.986295,1593.048733,1596.942323,1600.66962,1604.233159,1607.635336,1610.87824,1613.963402,1616.891447,1619.661606,1622.271022,1624.7138,1626.979664,1629.052108,1630.905839,1632.50325,1633.789612,1634.686575,1635.08354,1634.826511,1633.704247,1631.432186,1627.635772,1621.836791,1613.448782,1601.789583,1586.1185,1565.700189,1539.887211,1508.203055,1470.404595,1426.511274,1376.80311,1321.802152,1262.257184,1199.15128,1133.751779,1067.728586,1003.385898,944.0947892,895.0940622,864.9238188,867.4919389,921.4752656
399.414062,1438.660111,1447.745563,1456.646164,1465.333394,1473.87547,1482.245075,1490.442405,1498.467053,1506.318636,1513.996798,1521.501211,1528.831584,1535.987658,1542.969216,1549.776087,1556.408144,1562.865313,1569.147573,1575.254962,1581.187572,1586.945558,1592.529127,1597.938543,1603.17411,1608.236167,1613.125058,1617.841111,1622.384586,1626.755621,1630.95414,1634.979737,1638.831511,1642.507844,1646.00609,1649.322161,1652.44995,1655.380555,1658.101207,1660.593818,1662.832992,1664.783322,1666.395716,1667.602448,1668.310559,1668.393204,1667.678615,1665.936616,1662.863273,1658.065488,1651.049255,1641.217713,1627.886837,1610.325706,1587.822607,1559.768052,1525.736091,1485.54336,1439.274279,1387.275802,1330.137248,1268.675367,1203.944254,1137.289706,1070.474356,1005.919715,947.1545688,899.6397672,872.2329902,879.2634047,939.7225208
397.533203,1448.85282,1456.998193,1464.985113,1472.789983,1480.470999,1488.00483,1495.391616,1502.630979,1509.722556,1516.666004,1523.461001,1530.107249,1536.604474,1542.952431,1549.150901,1555.199699,1561.098671,1566.847695,1572.446681,1577.895569,1583.194326,1588.342939,1593.341405,1598.189717,1602.887847,1607.435712,1611.833139,1616.079808,1620.17518,1624.118397,1627.908146,1631.542476,1635.018554,1638.332334,1641.478106,1644.447892,1647.230631,1649.81107,1652.168262,1654.273538,1656.08775,1657.557571,1658.610518,1659.148367,1659.038572,1658.103391,1656.106712,1652.739221,1647.603789,1640.204838,1629.947792,1616.156286,1598.113762,1575.13025,1546.625068,1512.206796,1471.730359,1425.320359,1373.364724,1316.494594,1255.570732,1191.696085,1126.274286,1061.14095,998.8150919,942.962166,899.2417032,876.8035328,890.377656,959.2841623
395.650391,1428.379164,1437.687137,1446.773624,1455.602461,1464.25578,1472.700413,1480.936395,1488.963026,1496.779623,1504.385525,1511.780097,1518.96273,1525.932847,1532.689911,1539.233423,1545.562931,1551.678033,1557.578382,1563.263692,1568.733737,1573.988361,1579.027474,1583.851053,1588.459141,1592.851838,1597.029287,1600.991654,1604.739097,1608.271714,1611.589479,1614.692142,1617.579092,1620.249167,1622.700386,1624.929586,1626.931915,1628.70013,1630.223643,1631.487195,1632.469044,1633.138473,1633.452399,1633.350768,1632.750378,1631.536753,1629.5537,1626.590483,1622.367108,1616.519366,1608.587148,1598.011804,1584.150075,1566.311413,1543.820152,1516.094423,1482.724282,1443.529382,1398.584825,1348.218072,1292.99146,1233.689618,1171.330744,1107.221022,1043.07813,981.2693612,925.2524195,880.3861815,855.3707752,864.2880734,925.8065952
393.767578,1445.384795,1454.489475,1463.392662,1472.062991,1480.575271,1488.900017,1497.037806,1504.988591,1512.75237,1520.3292,1527.719199,1534.922553,1541.939522,1548.770449,1555.415768,1561.87601,1568.151813,1574.243934,1580.15325,1585.880778,1591.427674,1596.795245,1601.984956,1606.998432,1611.837458,1616.503977,1621.000071,1625.327944,1629.489881,1633.488185,1637.325092,1641.002638,1644.522476,1647.885609,1651.09202,1654.140154,1657.026197,1659.743068,1662.279028,1664.615753,1666.725678,1668.568345,1670.085438,1671.194076,1671.777935,1671.675779,1670.667265,1668.456469,1664.654863,1658.76741,1650.188021,1638.212586,1622.077179,1601.023483,1574.383102,1541.662052,1502.603918,1457.218733,1405.779778,1348.803212,1287.030635,1221.434268,1153.26418,1084.163041,1016.392684,953.2585875,899.8977281,864.6932195,861.3273894,908.2741517
391.882812,1460.94376,1469.413052,1477.661301,1485.653129,1493.470863,1501.082003,1508.487151,1515.68622,1522.679178,1529.466051,1536.046936,1542.422002,1548.591501,1554.555779,1560.315282,1565.870564,1571.222305,1576.371315,1581.31855,1586.065122,1590.612313,1594.961586,1599.114595,1603.073198,1606.839461,1610.415662,1613.80429,1617.008029,1620.029738,1622.872405,1625.53908,1628.032767,1630.356272,1632.511973,1634.501495,1636.32525,1637.981779,1639.466838,1640.772104,1641.883384,1642.778117,1643.421922,1643.763863,1643.73003,1643.214965,1642.070541,1640.092065,1637.002016,1632.432981,1625.913285,1616.861314,1604.596571,1588.375063,1567.451422,1541.16012,1508.997877,1470.686259,1426.201387,1375.772221,1319.861397,1259.147829,1194.530042,1127.168918,1058.594093,990.9160131,927.2254,872.3379898,834.1391164,825.5585287,864.2189206
390,1398.434008,1406.43893,1414.278163,1421.9271,1429.446925,1436.813566,1444.027521,1451.088772,1457.997344,1464.753307,1471.35678,1477.807938,1484.107015,1490.254309,1496.250193,1502.095111,1507.789592,1513.334255,1518.729808,1523.97706,1529.076922,1534.030408,1538.838638,1543.502833,1548.024306,1552.404453,1556.644726,1560.746598,1564.711513,1568.540813,1572.235629,1575.796737,1579.224348,1582.517828,1585.675301,1588.693108,1591.565062,1594.281425,1596.827501,1599.181707,1601.312935,1603.176957,1604.71156,1605.830018,1606.412515,1606.295136,1605.25633,1603.001369,1599.1465,1593.206408,1584.590975,1572.619158,1556.556985,1535.681266,1509.36057,1477.135317,1438.776526,1394.31128,1344.017557,1288.403066,1228.187373,1164.305931,1097.954251,1030.696002,964.6765911,903.0230244,850.5853401,815.266115,809.9444764,851.9750135
388.115234,1369.811078,1378.887937,1387.754314,1396.37662,1404.83306,1413.092558,1421.15553,1429.021727,1436.690938,1444.162999,1451.437798,1458.515282,1465.395462,1472.078418,1478.564313,1484.853391,1490.945995,1496.842568,1502.543669,1508.049973,1513.362287,1518.481554,1523.408862,1528.145444,1532.692686,1537.052117,1541.225404,1545.214328,1549.020756,1552.646582,1556.093653,1559.363647,1562.457914,1565.377228,1568.121457,1570.689084,1573.076552,1575.277337,1577.28067,1579.06976,1580.619337,1581.89228,1582.835005,1583.371239,1583.393756,1582.753686,1581.247243,1578.600291,1574.452318,1568.343233,1559.708778,1547.892267,1532.179765,1511.860774,1486.306734,1455.04997,1417.842947,1374.685618,1325.822723,1271.724815,1213.071706,1150.756632,1085.929226,1020.100887,955.3535454,894.7316081,842.9706984,807.8090818,801.9004427,842.3978786
386.230469,1393.183644,1401.283951,1409.197539,1416.89541,1424.446656,1431.823776,1439.027099,1446.056356,1452.911313,1459.591772,1466.097575,1472.428611,1478.584819,1484.566194,1490.372792,1496.004737,1501.462223,1506.745523,1511.854995,1516.791084,1521.554327,1526.14536,1530.564912,1534.813811,1538.892969,1542.80338,1546.546093,1550.122184,1553.532708,1556.778635,1559.86075,1562.779516,1565.534889,1568.126044,1570.551016,1572.806187,1574.885583,1576.779915,1578.475241,1579.951142,1581.178215,1582.114647,1582.70157,1582.856831,1582.466767,1581.375635,1579.372598,1576.176722,1571.42162,1564.643198,1555.276239,1542.667381,1526.111297,1504.911716,1478.459282,1446.308861,1408.236547,1364.264747,1314.657763,1259.90184,1200.688273,1137.917556,1072.742257,1006.67174,941.7790308,881.0883133,829.2938145,794.0500274,787.8425932,827.5235464
384.345703,1355.243183,1364.695913,1373.904469,1382.828453,1391.558851,1400.059283,1408.330071,1416.37075,1424.180897,1431.760131,1439.108123,1446.224602,1453.109363,1459.762272,1466.183277,1472.372417,1478.329831,1484.05577,1489.550605,1494.814842,1499.849132,1504.654281,1509.231267,1513.581242,1517.705545,1521.605709,1525.283453,1528.740681,1531.979459,1535.00198,1537.810506,1540.407278,1542.794381,1544.973541,1546.945839,1548.711297,1550.268289,1551.612718,1552.736843,1553.627655,1554.264595,1554.616403,1554.636776,1554.258467,1553.385388,1551.882324,1549.562058,1546.17024,1541.369431,1534.725526,1525.702107,1513.670197,1497.940552,1477.820837,1452.690797,1422.078874,1385.720769,1343.587615,1295.884959,1243.035335,1185.66225,1124.593205,1060.899161,995.9930349,931.826348,871.2601706,818.7576709,781.6368829,771.9185455,806.0430401
382.458984,1326.149695,1335.831895,1345.272052,1354.429716,1363.395204,1372.132401,1380.641625,1388.922412,1396.974339,1404.797024,1412.39014,1419.753415,1426.88664,1433.78968,1440.462479,1446.905073,1453.117596,1459.10029,1464.853521,1470.377784,1475.67372,1480.742125,1485.583959,1490.20036,1494.592651,1498.762341,1502.711129,1506.440895,1509.953675,1513.251637,1516.337011,1519.212009,1521.878682,1524.33873,1526.593208,1528.642123,1530.483849,1532.114309,1533.525821,1534.705483,1535.632928,1536.277204,1536.592494,1536.512294,1535.941639,1534.746993,1532.743621,1529.680805,1525.226356,1518.953649,1510.336703,1498.760735,1483.555221,1464.051671,1439.659131,1409.940927,1374.673355,1333.874352,1287.803746,1236.948298,1182.009801,1123.914599,1063.863193,1003.444856,944.8606784,891.3390008,847.903656,822.7476988,829.2090703,885.1658383
380.572266,1293.120804,1301.752978,1310.156935,1318.294733,1326.251758,1333.99423,1341.522727,1348.837111,1355.937298,1362.823265,1369.495057,1375.952798,1382.196694,1388.227047,1394.044265,1399.648871,1405.041514,1410.222987,1415.194236,1419.956378,1424.510712,1428.85874,1433.002177,1436.942971,1440.683315,1444.225657,1447.572711,1450.727456,1453.693126,1456.473193,1459.071319,1461.491284,1463.736877,1465.811719,1467.719008,1469.461147,1471.039207,1472.45216,1473.695791,1474.761161,1475.632459,1476.283995,1476.676053,1476.749225,1476.416806,1475.554849,1473.989685,1471.483193,1467.717211,1462.280183,1454.661447,1444.260488,1430.418219,1412.472757,1389.833133,1362.05496,1328.899038,1290.360817,1246.671825,1198.285696,1145.866536,1090.297588,1032.728466,974.6852218,918.285387,866.6394982,824.5950798,800.0701159,805.9804666,859.7027097
378.6875,1287.111369,1297.135047,1306.861312,1316.23801,1325.376556,1334.231986,1342.804393,1351.092888,1359.096615,1366.814753,1374.246528,1381.391216,1388.248155,1394.81675,1401.096484,1407.086931,1412.787767,1418.198782,1423.319894,1428.151167,1432.692823,1436.945265,1440.909089,1444.585107,1447.974364,1451.078155,1453.89804,1456.435856,1458.693721,1460.674028,1462.379422,1463.812759,1464.977023,1465.875201,1466.510087,1466.883981,1466.998252,1466.852699,1466.444624,1465.767516,1464.809171,1463.549046,1461.954576,1459.976086,1457.539911,1454.539336,1450.823107,1446.181777,1440.33305,1432.908975,1423.449925,1411.412247,1396.196304,1377.197563,1353.875029,1325.822438,1292.824493,1254.88662,1212.23893,1165.326029,1114.799391,1061.529646,1006.65688,951.703389,898.7914229,851.0478722,813.3521397,793.6728495,804.9884634,864.679849
376.798828,1259.707349,1267.595312,1275.251824,1282.637732,1289.839341,1296.821878,1303.585452,1310.12941,1316.453123,1322.555995,1328.43746,1334.096997,1339.534128,1344.748425,1349.739524,1354.507121,1359.050992,1363.370992,1367.467068,1371.33927,1374.987754,1378.412801,1381.614817,1384.594346,1387.352074,1389.888834,1392.205603,1394.303496,1396.183748,1397.847682,1399.296659,1400.532001,1401.554869,1402.366097,1402.965937,1403.35371,1403.527295,1403.482422,1403.211667,1402.703056,1401.938104,1400.889112,1399.515441,1397.758449,1395.534721,1392.727262,1389.174484,1384.657303,1378.885585,1371.486759,1362.001382,1349.892147,1334.572441,1315.456454,1292.024751,1263.890985,1230.852907,1192.917206,1150.299441,1103.410494,1052.845349,999.3900158,944.0626068,888.2098038,833.695662,783.2543572,741.1441284,714.3203423,714.1346655,755.8925369
374.912109,1238.389969,1246.352213,1254.046116,1261.424541,1268.588224,1275.49674,1282.150354,1288.548453,1294.690463,1300.57586,1306.20417,1311.574982,1316.687955,1321.542826,1326.139422,1330.47767,1334.557614,1338.379422,1341.943406,1345.250037,1348.299963,1351.094026,1353.633285,1355.919032,1357.952818,1359.736469,1361.27211,1362.562175,1363.609422,1364.416934,1364.988107,1365.32662,1365.43637,1365.321372,1364.985588,1364.432674,1363.665587,1362.686023,1361.493585,1360.084595,1358.450383,1356.574888,1354.43127,1351.97725,1349.14877,1345.851615,1341.950775,1337.257742,1331.516832,1324.393118,1315.46659,1304.238905,1290.159065,1272.670603,1251.275128,1225.598806,1195.445328,1160.824582,1121.957572,1079.268336,1033.378504,985.1208792,935.5893143,886.2484477,839.144232,797.2940076,765.4056613,751.1592126,767.0357901,829.6608929
373.023438,1172.378288,1180.594419,1188.541033,1196.170899,1203.585535,1210.744687,1217.648989,1224.298225,1230.692241,1236.830957,1242.714376,1248.342592,1253.715802,1258.834321,1263.698593,1268.309208,1272.666917,1276.772653,1280.627551,1284.232966,1287.590506,1290.702049,1293.569777,1296.196205,1298.584213,1300.737079,1302.658512,1304.352684,1305.824259,1307.078419,1308.120874,1308.95786,1309.596109,1310.042784,1310.305347,1310.391357,1310.308132,1310.062243,1309.658748,1309.100071,1308.384363,1307.503154,1306.438017,1305.155895,1303.602695,1301.694722,1299.307655,1296.263203,1292.314406,1287.132136,1280.297401,1271.306031,1259.592495,1244.57599,1225.724206,1202.621434,1175.02413,1142.892278,1106.396199,1065.90901,1022.000202,975.4466949,927.2785547,878.8824132,832.2024026,790.1152495,757.1260403,740.6173185,752.6607983,809.5331747
371.134766,1108.474613,1117.332877,1125.932166,1134.227254,1142.315411,1150.157777,1157.754739,1165.105848,1172.210702,1179.068954,1185.680317,1192.044576,1198.161594,1204.031322,1209.653813,1215.029233,1220.157872,1225.040164,1229.676698,1234.06824,1238.21575,1242.120401,1245.783605,1249.207032,1252.392635,1255.342674,1258.059738,1260.546765,1262.807059,1264.844294,1266.662517,1268.266115,1269.659774,1270.848378,1271.836865,1272.629981,1273.231922,1273.645792,1273.87281,1273.911165,1273.754367,1273.388902,1272.79094,1271.921764,1270.721539,1269.101048,1266.93115,1264.030116,1260.149878,1254.963675,1248.059592,1238.946264,1227.077057,1211.89543,1192.896668,1169.692935,1142.065454,1109.992957,1073.656537,1033.431052,989.8780833,943.7560886,896.0640865,848.1407646,801.8569562,759.9746172,726.8120745,709.4370118,719.3928761,772.2197667
369.246094,1060.167618,1069.802562,1079.155831,1088.177373,1096.973077,1105.500419,1113.759654,1121.750118,1129.471189,1136.922292,1144.102909,1151.012587,1157.650945,1164.017688,1170.112613,1175.93563,1181.486767,1186.766191,1191.774223,1196.511359,1200.978286,1205.175908,1209.105368,1212.768073,1216.16572,1219.300328,1222.174258,1224.790242,1227.151411,1229.261302,1231.123876,1232.743501,1234.124925,1235.273204,1236.193582,1236.89129,1237.371233,1237.637512,1237.692716,1237.536876,1237.165958,1236.569689,1235.728493,1234.609197,1233.159155,1231.298407,1228.909616,1225.825912,1221.817589,1216.58,1209.726936,1200.795535,1189.268897,1174.619191,1156.366876,1134.143671,1107.743713,1077.152317,1042.55227,1004.317338,963.0075218,919.3814719,874.4423982,829.5396491,786.5643852,748.3132421,719.1607262,706.2618656,721.2826249,779.8558667
367.357422,1052.265292,1061.426198,1070.299553,1078.834406,1087.139264,1095.171134,1102.930725,1110.417841,1117.632355,1124.574223,1131.243493,1137.640315,1143.764955,1149.617809,1155.199421,1160.510497,1165.551925,1170.324798,1174.830439,1179.070423,1183.046611,1186.761176,1190.216644,1193.415925,1196.36236,1199.059759,1201.51245,1203.725323,1205.703879,1207.454272,1208.983349,1210.298675,1211.408542,1212.321947,1213.048518,1213.598377,1213.981887,1214.209252,1214.289876,1214.231403,1214.038274,1213.70962,1213.236211,1212.596133,1211.748763,1210.626615,1209.124707,1207.087462,1204.293979,1200.443962,1195.148622,1187.932929,1178.255913,1165.552629,1149.294001,1129.052263,1104.55573,1075.721084,1042.661944,1005.682716,965.2720771,922.1115097,877.1150541,831.5216847,787.0770614,746.3754825,713.4983886,695.1700126,702.463215,750.511577
365.466797,970.9923828,980.3591724,989.4651293,998.2639626,1006.853722,1015.195048,1023.288191,1031.132548,1038.727557,1046.072701,1053.167517,1060.0116,1066.604615,1072.946306,1079.036506,1084.87515,1090.462284,1095.798085,1100.882873,1105.71713,1110.301516,1114.636893,1118.724344,1122.565196,1126.161048,1129.513791,1132.625635,1135.499133,1138.137197,1140.543118,1142.720569,1144.67359,1146.40656,1147.924128,1149.231089,1150.332195,1151.231853,1151.933666,1152.439756,1152.749774,1152.859463,1152.758603,1152.428103,1151.835953,1150.93167,1149.638916,1147.846024,1145.394586,1142.066993,1137.575154,1131.554452,1123.568619,1113.131326,1099.747065,1082.967117,1062.448925,1038.0042,1009.625883,977.4939821,941.9695163,903.5903368,863.0834226,821.4091622,779.8587247,740.2411409,705.2304728,679.006913,668.4016757,684.5385842,742.2830723
363.578125,989.380414,998.8294082,1007.997394,1016.833817,1025.444332,1033.786285,1041.859763,1049.663923,1057.197954,1064.461081,1071.452575,1078.171756,1084.618006,1090.790775,1096.689593,1102.314081,1107.663963,1112.739082,1117.539415,1122.065087,1126.316395,1130.293825,1133.998076,1137.43008,1140.591033,1143.482417,1146.106026,1148.463993,1150.558816,1152.39337,1153.970924,1155.295133,1156.370018,1157.199907,1157.789336,1158.142876,1158.264859,1158.158963,1157.827585,1157.270916,1156.485594,1155.462767,1154.185342,1152.62413,1150.732555,1148.439583,1145.64064,1142.186626,1137.871889,1132.423304,1125.494351,1116.669733,1105.486168,1091.471939,1074.201242,1053.352068,1028.753457,1000.412503,968.5211462,933.4517406,895.7549578,856.1745483,815.6946581,775.6413082,737.8756178,705.1508155,681.7694759,674.7529422,695.5044717,759.1681607
361.6875,963.9835445,973.125096,981.9876135,990.5206011,998.8289501,1006.870171,1014.644239,1022.150201,1029.387126,1036.354114,1043.050299,1049.474861,1055.627026,1061.506083,1067.111385,1072.442369,1077.498558,1082.279582,1086.785187,1091.015254,1094.969816,1098.649075,1102.053426,1105.183476,1108.040068,1110.624309,1112.937588,1114.981607,1116.758398,1118.270343,1119.520184,1120.51102,1121.246283,1121.729691,1121.965151,1121.956596,1121.707734,1121.221657,1120.500251,1119.543333,1118.347383,1116.90373,1115.195963,1113.196309,1110.860668,1108.121956,1104.881581,1100.999121,1096.281054,1090.470547,1083.242014,1074.205671,1062.927401,1048.966372,1031.92663,1011.51201,987.5709945,960.1224774,929.3625449,895.6609166,859.5600137,821.7906209,783.3193732,745.4491804,710.0093816,679.7060723,658.7656317,654.0767448,676.8050013,741.7128418
359.794922,934.4610364,944.1784339,953.6131486,962.7138848,971.5867626,980.188558,988.5190669,996.5771292,1004.361598,1011.871345,1019.105263,1026.062275,1032.741338,1039.141452,1045.261669,1051.101097,1056.658919,1061.934394,1066.926877,1071.635831,1076.060839,1080.201624,1084.058065,1087.630214,1090.91832,1093.922844,1096.644484,1099.084191,1101.243185,1103.12297,1104.725332,1106.052333,1107.106281,1107.889668,1108.405069,1108.654972,1108.641516,1108.366097,1107.828777,1107.02742,1105.956449,1104.605047,1102.954634,1100.975327,1098.62111,1095.823394,1092.48278,1088.459151,1083.560921,1077.535427,1070.064088,1060.767374,1049.224701,1035.011473,1017.74945,997.1600059,973.1073065,945.6227876,914.9112758,881.3473318,845.4745469,808.0214489,769.9489395,732.5500323,697.6381623,667.8935064,647.4982683,643.2622155,666.2081945,730.8714129
357.904297,894.4282486,903.1560785,911.6330129,919.8135597,927.7919719,935.5299529,943.0273905,950.2833284,957.2968259,964.0669625,970.5928422,976.8735996,982.9084052,988.696473,994.2370673,999.5295116,1004.573197,1009.367595,1013.912263,1018.206865,1022.251176,1026.045105,1029.588702,1032.882183,1035.925939,1038.720557,1041.266837,1043.565804,1045.618721,1047.427095,1048.992671,1050.317421,1051.403498,1052.253176,1052.868732,1053.25227,1053.405452,1053.329092,1053.022569,1052.482962,1051.703821,1050.673408,1049.372229,1047.769608,1045.819026,1043.451953,1040.570007,1037.035614,1032.661995,1027.204481,1020.356652,1011.756165,1001.005078,987.7066087,971.5143932,952.1840514,929.6146349,903.8719853,875.1947826,843.9920038,810.8444732,776.524143,742.0462645,708.775894,678.6263626,654.4214877,640.555761,644.1544413,676.6766937,753.0157269
356.011719,843.9881357,854.6191363,864.9498535,874.9249539,884.6572852,894.1007033,903.2548577,912.1183726,920.6898786,928.9680167,936.9514433,944.6388361,952.0289003,959.1203756,965.9120446,972.402742,978.5913645,984.4768822,990.0583515,995.3349294,1000.305889,1004.970636,1009.328729,1013.3799,1017.124074,1020.561395,1023.69225,1026.517289,1029.037456,1031.254001,1033.168499,1034.782852,1036.099284,1037.1203,1037.848616,1038.287039,1038.438252,1038.304501,1037.887097,1037.185686,1036.19717,1034.914139,1033.32264,1031.399023,1029.105602,1026.384836,1023.151825,1019.285239,1014.61739,1008.925272,1001.925896,993.2806042,982.6131909,969.5440551,953.7370419,934.9494574,913.0732769,888.1594992,860.4259017,830.2562369,798.202996,765.0070515,731.6491485,699.4544726,670.2874764,646.9078423,633.620338,637.4194804,669.5804514,744.8183063
354.119141,848.6784162,857.5873202,866.2346729,874.5729954,882.7008355,890.5785057,898.2061622,905.5831014,912.7086538,919.5821907,926.2031304,932.5709465,938.6851757,944.5454279,950.1513962,955.5028693,960.599744,965.44204,970.029916,974.3636877,978.443847,982.271084,985.8463103,989.1706846,992.2456402,995.0729139,997.6545764,999.9930632,1002.091205,1003.952253,1005.579905,1006.978313,1008.152084,1009.106248,1009.846193,1010.377542,1010.705944,1010.836744,1010.774474,1010.522083,1010.079804,1009.443505,1008.602315,1007.535281,1006.206739,1004.560081,1002.509703,999.931188,996.6504602,992.4337843,986.9820609,979.9343808,970.8859793,959.4231001,945.1714643,927.8484746,907.3065179,883.5586308,856.7863694,827.3378505,795.7282074,762.6558277,729.0491111,696.1642666,665.7698643,640.486383,624.4093757,624.2140643,650.7126044,718.1642689
352.226562,838.1982641,847.625879,856.7988352,865.6712815,874.3389116,882.7630101,890.9435909,898.8798218,906.5708945,914.0160301,921.2144848,928.1655562,934.8685906,941.3229906,947.5282242,953.4838345,959.1894507,964.6448001,969.8497215,974.8041794,979.5082806,983.9622912,988.1666555,992.122016,995.8292347,999.2894146,1002.503922,1005.474407,1008.202822,1010.691437,1012.942844,1014.959952,1016.745963,1018.304312,1019.638578,1020.752318,1021.648819,1022.330715,1022.799413,1023.05426,1023.091323,1022.901637,1022.468735,1021.765179,1020.747822,1019.351472,1017.480785,1015.000471,1011.724624,1007.407086,1001.736376,994.3401148,984.8039679,972.7073696,957.6723768,939.4155292,917.7900303,892.8097183,864.6549687,833.6687059,800.3547444,765.3915431,729.6755429,694.4136458,661.2988943,632.8346309,612.9306053,607.9622225,628.2725428,687.5657997
350.333984,811.3017489,819.9998714,828.4667441,836.6607985,844.6687864,852.4554496,860.0206763,867.363577,874.4832759,881.3789147,888.0496569,894.4946929,900.7132452,906.7045749,912.4679875,918.0028415,923.3085556,928.3846184,933.2305981,937.8461535,942.2310452,946.385149,950.3084683,954.0011487,957.4634921,960.6959701,963.6992377,966.4741438,969.0217385,971.343275,973.4402011,975.3141377,976.966836,978.4001045,979.6156921,980.6151074,981.3993483,981.9685012,982.3211587,982.453578,982.3584782,982.023336,981.4279963,980.5413667,979.3169298,977.6868143,975.5542716,972.7847175,969.1961383,964.5507493,958.5512371,950.84619,941.0492602,928.7738627,913.6796385,895.5209532,874.1856132,849.7161831,822.3145636,792.3379487,760.297922,726.8751702,692.9634074,659.7614661,628.9467337,602.9934433,585.7553153,583.4949456,606.3245067,667.5128885
348.439453,777.2138366,786.7794086,796.0962669,805.1188581,813.9405681,822.5232108,830.8664918,838.9692669,846.8303956,854.4487452,861.8231942,868.9526367,875.8359873,882.4721867,888.8602078,894.9990623,900.8878086,906.5255601,911.9114942,917.0448629,921.9250036,926.5513511,930.9234504,935.0409703,938.9037167,942.5116469,945.8648826,948.9637212,951.8086441,954.4003201,956.7395996,958.8274974,960.6651551,962.2537768,963.5945232,964.6883478,965.5357475,966.1363942,966.488594,966.5885048,966.4290147,965.9981496,965.2768361,964.2358054,962.8313885,960.9999631,958.650922,955.6583312,951.8520724,947.0103063,940.8564795,933.0653026,923.2820374,911.1567617,896.3899071,878.7796813,858.2600977,834.9225271,809.021785,780.9750643,751.3656788,720.9645944,690.78444,662.1871156,637.0821928,618.2868777,610.179065,619.8382647,658.6008233,741.051494
346.544922,768.0041004,777.3571882,786.4337138,795.1827293,803.7083297,811.9681641,819.9620737,827.6889678,835.1477719,842.337433,849.2569249,855.905255,862.2814708,868.3846686,874.2140018,879.7686919,885.0480389,890.0514347,894.778377,899.228485,903.4015175,907.2973917,910.916205,914.2582587,917.3240833,920.1144661,922.6304805,924.8735163,926.8453103,928.5479761,929.9840296,931.1564091,932.0684826,932.7240363,933.1272331,933.2825254,933.1944989,932.8676143,932.3058001,931.5118289,930.4863818,929.2266727,927.7244541,925.9631814,923.9140622,921.5307058,918.7421632,915.4443945,911.4907736,906.6832322,900.7670455,893.4336035,884.3357324,873.1178916,859.4585167,843.1159916,823.9671996,802.0309194,777.4758138,750.6199575,721.9327416,692.0511472,661.8238153,632.4017709,605.4086786,583.2533658,569.7026362,570.895268,596.7674993,660.3963884
344.650391,714.946392,725.2749079,735.3492578,745.1229332,754.6912396,764.015064,773.0939986,781.9267605,790.5120642,798.8486246,806.9351607,814.7703989,822.353078,829.6819538,836.7558043,843.5734366,850.1336933,856.43546,862.4776744,868.259335,873.7795117,879.0373565,884.0321156,888.7631415,893.2299063,897.4320139,901.3692124,905.041405,908.4486573,911.5912,914.4694242,917.0838636,919.4351599,921.5240004,923.351018,924.9166345,926.220823,927.2627562,928.0402898,928.5492143,928.7821817,928.7271791,928.3653829,927.6681847,926.5931448,925.0786402,923.0370694,920.346764,916.8433487,912.3122918,906.4857197,899.0477395,889.6524581,877.9563575,863.6615471,846.5609301,826.5744323,803.7693659,778.3657058,750.7340205,721.3972686,691.0485422,660.598243,631.2698619,604.7780548,583.6532958,571.8332693,575.7015656,605.5217457,674.624073
342.755859,737.4998183,745.7990335,753.8750563,761.687473,769.320232,776.7393775,783.9449281,790.9361598,797.7123704,804.2728837,810.6170548,816.7442754,822.6539805,828.345655,833.8188416,839.0731497,844.1082646,848.9239583,853.5201013,857.8966753,862.0537875,865.9916854,869.7107739,873.2116328,876.495035,879.5619659,882.4136427,885.0515327,887.4773694,889.6931649,891.7012154,893.5040953,895.1046349,896.5058724,897.710968,898.7230632,899.5450602,900.1792847,900.6269851,900.8875951,900.9576649,900.8293288,900.4881333,899.9100078,899.0571163,897.8723347,896.2721865,894.1383537,891.3084734,887.56795,882.6458956,876.2195549,867.9316112,857.4222866,844.3729422,828.5521964,809.8534307,788.3163197,764.1327646,737.6447347,709.3451485,679.8938229,650.1618011,621.3227643,595.0242412,573.7010676,561.1482489,563.5309931,590.7913938,655.9230157
340.859375,715.1699125,724.2525102,733.0850586,741.6212196,749.9546646,758.0466042,765.8963747,773.5024323,780.8632143,787.9771407,794.8426162,801.4580325,807.821771,813.9322056,819.7877068,825.3866448,830.7273947,835.8083414,840.6278846,845.1844458,849.4764747,853.5024566,857.2609202,860.7504458,863.969674,866.9173131,869.5921471,871.9930413,874.1189447,875.9688892,877.5419804,878.8373785,879.8542633,880.5917758,881.0489269,881.2244574,881.116629,880.7229171,880.0395636,879.0609325,877.7785889,876.1799958,874.2466864,871.9517398,869.2563594,866.1053635,862.4214914,858.0986777,852.9949634,846.926574,839.6658281,830.9465115,820.4802487,807.9851664,793.2237014,776.0417542,756.3999162,734.3910537,710.2452742,684.3293286,657.1505182,629.3760441,601.8802886,575.8381308,552.8962737,535.4834221,527.3722229,534.6595627,567.0985376,637.2123602
338.962891,707.7324154,716.8379017,725.6837002,734.2215704,742.5490947,750.6262047,758.4524708,766.0265678,773.3471677,780.4129431,787.222571,793.7747364,800.0681378,806.1014918,811.8735398,817.3830545,822.6288476,827.6097788,832.3247651,836.7727915,840.9529238,844.8643207,848.5062492,851.8781,854.9794045,857.8098529,860.3693124,862.6578461,864.6757305,866.423471,867.9018124,869.1117417,870.0544791,870.7314488,871.1442207,871.2944085,871.1835036,870.8126149,870.1820733,869.2908413,868.135646,866.7097231,865.001022,862.9896829,860.644562,857.9185802,854.7427497,851.018973,846.6122267,841.3436288,834.987098,827.2734187,817.9055819,806.5871316,793.0607166,777.1490654,758.7887101,738.050093,715.1445287,690.4248593,664.3900184,637.7048213,611.2479704,586.2070153,564.2532202,547.858972,540.874223,549.5351906,583.8447647,656.7091001
337.066406,720.9032743,730.1474545,739.1365259,747.8234116,756.3038275,764.5384095,772.5266873,780.2673075,787.7589109,795.0001352,801.9896179,808.7260002,815.2079313,821.434073,827.403105,833.1137308,838.564685,843.7547401,848.6827156,853.3474871,857.7479965,861.8832635,865.7523979,869.3546127,872.6892377,875.7557344,878.5537094,881.0829289,883.3433295,885.3350265,887.0583156,888.5136657,889.7016961,890.6231319,891.2787265,891.6691359,891.7947227,891.6552597,891.2494889,890.5744739,889.6246625,888.3905429,886.8567405,884.9993631,882.7823707,880.1527447,877.034324,873.3204218,868.865879,863.4801152,856.9239687,848.9142131,839.1396392,827.2903366,813.0971422,796.3731675,777.0474907,755.1845877,730.9900943,704.8099188,677.133022,648.6091083,620.093926,592.7403275,568.1669913,548.7656039,538.2599782,542.6872107,571.7495751,638.0305991
335.169922,696.8733632,704.8310864,712.5694255,720.0483931,727.3505447,734.4424346,741.324041,747.9946099,754.4534062,760.699718,766.7328614,772.5521861,778.1570812,783.5469819,788.7213773,793.6798184,798.4219276,802.9474089,807.2560594,811.3477818,815.2225983,818.8806657,822.3222915,825.5479522,828.558311,831.3542383,833.936831,836.307432,838.4676487,840.4193672,842.1647619,843.706295,845.0467015,846.1889515,847.1361793,847.8915623,848.4581279,848.8384551,849.0342257,849.0455593,848.8700433,848.5013358,847.9271771,847.1266063,846.0661385,844.69466,842.9368816,840.6854487,837.7923577,834.0612803,829.2436839,823.0428183,815.1296968,805.172917,792.8793269,778.037221,760.5517004,740.4652996,717.9641961,693.3770067,667.1766356,639.9965791,612.6744327,586.3406204,562.583885,543.7536667,533.5119145,537.804298,566.2072951,631.197922
333.271484,691.6622328,699.4666309,707.0638857,714.4163283,721.6019373,728.58919,735.3781172,741.968061,748.3583845,754.5484758,760.5377528,766.3256687,771.9117176,777.2954412,782.4764361,787.4543616,792.2289494,796.8000125,801.167457,805.3312938,809.2916514,813.0487905,816.6031192,819.9552096,823.1058142,826.0558845,828.8065879,831.3593246,833.7157424,835.8777471,837.8475069,839.6274454,841.220219,842.6286701,843.8557439,844.9043531,845.7771671,846.4762909,847.0027892,847.3559876,847.5324618,847.5245902,847.3185077,846.8912553,846.2068863,845.2112934,843.8256137,841.9383365,839.3968107,835.9998092,831.4941084,825.5791991,817.9242405,808.198982,796.1154443,781.4718156,764.1880902,744.3266597,722.0984586,697.8620382,672.1263992,645.5693743,619.0848361,593.877661,571.6396732,554.869799,547.456246,555.6964435,589.6963035,662.5155947
331.375,642.9283857,652.7143617,662.2378312,671.4500862,680.4498475,689.196705,697.6903212,705.9294603,713.9128905,721.6393873,729.1077379,736.3167464,743.2652392,749.952071,756.3761324,762.5363573,768.4317324,774.0613071,779.4242049,784.5196358,789.3469107,793.9054569,798.1948354,802.2147597,805.9651166,809.4459879,812.6576742,815.6007185,818.2759309,820.6844106,822.8275662,824.7071282,826.325152,827.6840025,828.7863131,829.6349025,830.2326316,830.5821698,830.6856301,830.544014,830.1563836,829.5186476,828.6218101,827.4494851,825.9744471,824.1539752,821.9238205,819.1908562,815.8249735,811.6516701,806.4480028,799.9457292,791.8456093,781.8448019,769.6748057,755.1423361,738.163433,718.7841744,697.1880847,673.6967156,648.7733281,623.0407333,597.325893,572.7492914,550.8906292,534.0908857,526.0029314,532.5596189,563.3135477,630.6894437
329.476562,619.8699289,630.4010441,640.6629052,650.6057182,660.3305801,669.7959698,679.0014363,687.9456008,696.6270813,705.0444962,713.1964685,721.0816294,728.698624,736.0461163,743.1227964,749.9273867,756.4586509,762.715403,768.6965173,774.4009401,779.8277026,784.9759353,789.8448832,794.4339236,798.7425843,802.7705637,806.5177517,809.984251,813.1703982,816.0767831,818.7042643,821.0539779,823.1273347,824.9260001,826.4518455,827.7068588,828.6929923,829.4119197,829.8646613,830.0510165,829.9687237,829.6122328,828.9709385,828.0266818,826.7502852,825.096883,822.9998766,820.3635695,817.0550423,812.8966997,807.6621405,801.079142,792.8436931,782.6469847,770.2128068,755.3377743,737.9247082,718.0025381,695.7327242,671.4084879,645.4564781,618.4514739,591.1559916,564.6015354,540.2407582,520.2264124,507.9221725,508.8060857,531.7383888,588.3656547
327.576172,617.7655322,627.1074678,636.221528,645.0659061,653.725964,662.1665178,670.3870872,678.3863992,686.1631709,693.7161124,701.0439287,708.1453223,715.0189971,721.6636612,728.0780314,734.2608376,740.210828,745.9267748,751.4074802,756.6517836,761.6585694,766.4267745,770.9553975,775.2435079,779.2902548,783.0948764,786.6567084,789.9751902,793.0498696,795.8804016,798.4665411,800.8081247,802.9050364,804.7571504,806.36424,807.7258388,808.8410312,809.7081454,810.3243048,810.6847818,810.7820735,810.6045915,810.1348251,809.3468003,808.2026316,806.6479697,804.606237,801.9717863,798.6026297,794.3142327,788.8770028,782.0210829,773.4519884,762.8784446,750.0493844,734.7924211,717.0445505,696.8692488,674.4607316,650.1420649,624.3667501,597.7341277,571.0301544,545.310019,522.0515665,503.4348184,492.8508915,495.79536,521.1002366,580.2280691
325.677734,621.873033,631.081369,640.0546469,648.749888,657.2554532,665.5353775,673.5895126,681.4169174,689.0166634,696.3878389,703.5295537,710.4409438,717.1211779,723.5694634,729.7850537,735.7672568,741.515444,747.0290601,752.3076353,757.3507969,762.1582841,766.7299626,771.065842,775.1660931,779.0310685,782.6613221,786.0576316,789.2210194,792.1527737,794.8544669,797.3279701,799.5754584,801.5994051,803.4025548,804.9878664,806.358412,807.5172072,808.4669463,809.2095947,809.7457796,810.0738918,810.1887805,810.0798837,809.728593,809.1046115,808.1610604,806.8281579,805.0055372,802.5537828,799.2866788,794.9669032,789.3090804,781.9942289,772.6975376,761.1267956,747.0636333,730.3975892,711.1461612,689.4608104,665.625315,640.0562282,613.3160795,586.1510712,559.569681,534.9907886,514.5160369,501.4295519,501.0836339,522.1474189,576.0547124
323.777344,648.6904297,658.2302551,667.4959801,676.4366791,685.1553147,693.6095669,701.7989535,709.7220459,717.3774115,724.7636169,731.8792322,738.7228347,745.2930147,751.5883809,757.6075673,763.3492401,768.812107,773.9949259,778.8965165,783.5157717,787.8516718,791.9032996,795.6698571,799.1506842,802.3452798,805.2533232,807.8746986,810.2095204,812.2581584,814.0212634,815.4997906,816.6950176,817.608555,818.2423411,818.5986148,818.6798523,818.4886501,818.0275269,817.2986073,816.3031321,815.0407175,813.5082584,811.6983305,809.5969055,807.1801539,804.4100985,801.2289337,797.5520345,793.2601346,788.1919733,782.139865,774.8517653,766.0436206,755.4239813,742.7287114,727.7588395,710.4124467,690.7041536,668.771913,644.8767701,619.4045057,592.8790776,565.9989838,539.7121917,515.3569129,494.9203355,481.5135768,480.2143885,499.2585079,549.5337896
321.876953,626.6039442,635.7764789,644.7003578,653.3291883,661.7564232,669.94363,677.8903524,685.5952731,693.0570694,700.2744161,707.245989,713.9704684,720.4465436,726.6729175,732.6483125,738.3714763,743.8411892,749.0562721,754.0155953,758.7180884,763.1627515,767.3486673,771.2750146,774.9410831,778.3462893,781.4901929,784.3725146,786.9931539,789.3522055,791.4499746,793.2869878,794.8639971,796.181973,797.2420797,798.0456247,798.5939676,798.8883719,798.9297703,798.7184074,798.2533041,797.5314696,796.546758,795.2882321,793.7378606,791.8673457,789.6338736,786.9746593,783.800375,779.9880319,775.3747049,769.7546028,762.8830058,754.4906371,744.310056,732.1114745,717.7408116,701.1510783,682.4212768,661.763345,639.5235944,616.1882531,592.4038422,569.0248428,547.2067795,528.576656,515.5413391,511.8462027,523.5495616,560.3460056,634.6727382
319.976562,607.9201242,616.1376151,624.1360603,631.8751453,639.4370741,646.7881062,653.9278886,660.8553135,667.5692714,674.0686536,680.3523549,686.4192775,692.2683346,697.8984548,703.3085875,708.4977079,713.4648239,718.2089824,722.7292778,727.0248602,731.0949454,734.9388246,738.5558766,741.9455793,745.1075229,748.0414233,750.7471351,753.2246643,755.47418,757.4960218,759.2907032,760.8589055,762.2014603,763.3193109,764.2134459,764.8847904,765.3340354,765.5613783,765.5661366,765.3461796,764.8971033,764.2110477,763.2750187,762.0685457,760.5604738,758.7046921,756.4346729,753.6569188,750.2438851,746.0277441,740.7974438,734.3024868,726.2668728,716.4146777,704.5046399,690.3666578,673.9314533,655.2476855,634.4869471,611.9427295,588.0323425,563.3115675,538.5130226,514.6238622,493.0302284,475.78074,466.0668059,469.0670694,493.1160247,549.057367
318.076172,573.2960272,582.375052,591.2376278,599.8439707,608.275268,616.4981616,624.5122749,632.3164836,639.9096596,647.2906729,654.4583952,661.4117025,668.1494785,674.6706193,680.9740371,687.058666,692.9234672,698.5674356,703.9896065,709.1890637,714.1649476,718.9164647,723.4428971,727.7436131,731.8180779,735.6658646,739.286664,742.6802945,745.8467082,748.7859944,751.4983754,753.9841942,756.2438857,758.2779276,760.0867593,761.6706545,763.0295284,764.1626499,765.0682202,765.7427592,766.1802267,766.3707694,766.2989602,765.9413544,765.2631666,764.2138738,762.7216351,760.6866572,757.9741235,754.4081345,749.7692099,743.7988683,736.2147466,726.7376226,715.1274419,701.2209247,684.9617804,666.4178507,645.7859112,623.3906621,599.6873526,575.278284,550.9547582,527.781057,507.249649,491.5632366,484.147218,490.5468518,519.6564498,582.9615878
316.173828,588.253325,596.724567,604.976642,612.9692022,620.7845616,628.3890125,635.7822609,642.963262,649.9309728,656.6843554,663.2223799,669.5440285,675.6483001,681.5342145,687.2008184,692.6471916,697.8724538,702.875772,707.6563698,712.2135362,716.5466369,720.655125,724.5385542,728.1965924,731.6290355,734.8358232,737.8170538,740.5729993,743.1041192,745.4110711,747.494717,749.3561213,750.9965362,752.4173684,753.6201174,754.6062712,755.3771414,755.9336097,756.2757457,756.4022433,756.309598,755.9909223,755.4342612,754.6202329,753.5187912,752.0849032,750.2530104,747.9303645,744.9897994,741.2633176,736.5389666,730.5644868,723.061246,713.7500097,702.3859416,688.7956891,672.9076851,654.7698248,634.5548879,612.5598291,589.2080419,565.0645467,540.875316,517.6467009,496.792968,480.4053256,471.7422069,476.0909373,501.9591035,560.4063923
314.271484,594.9958166,603.646188,612.0577564,620.1860729,628.120982,635.8256993,643.2999122,650.5424901,657.5523056,664.3282378,670.8691762,677.1740251,683.2417087,689.0711767,694.661411,700.0114326,705.12031,709.9871683,714.6111996,718.9916746,723.127955,727.0195084,730.6659236,734.0669283,737.2224073,740.1324236,742.7972392,745.2173378,747.3934469,749.3265593,751.0179516,752.4691976,753.6821713,754.6590364,755.4022103,755.9142928,756.197941,756.255663,756.089495,755.7005091,755.0880769,754.2487887,753.1748912,751.8520709,750.2563736,748.3500466,746.076152,743.3520072,740.0619623,736.0508222,731.1203165,725.0320632,717.5205922,708.3181654,697.189087,683.966662,668.5840894,651.0933735,631.6724095,610.6261684,588.3910559,565.5526045,542.8881981,521.4516649,502.7292899,488.9233867,483.4679759,491.9327084,523.2648644,589.039951
312.369141,593.7775953,601.9514001,609.8915879,617.5551616,625.0301864,632.2810216,639.3076782,646.1093904,652.6854155,659.0350396,665.1575823,671.0524041,676.7189127,682.1565714,687.3649079,692.3435247,697.0921102,701.6104512,705.8984474,709.9561271,713.7836647,717.3814007,720.7498631,723.8897913,726.802163,729.4882224,731.9495112,734.1879017,736.205631,738.0053356,739.5900847,740.9634104,742.1293294,743.0923517,743.8574671,744.4300972,744.8159927,745.0210509,745.0510121,744.9109796,744.6046835,744.1333759,743.4942088,742.6778969,741.6654255,740.4235453,738.8988448,737.0103898,734.6413836,731.6311346,727.7698149,722.7996856,716.4267592,708.3451103,698.2718471,685.9857858,671.3604868,654.3848307,635.1704675,613.9515728,591.0857311,567.065796,542.5536787,518.4512592,496.0347666,477.2029629,464.9343753,464.1018896,482.6345507,531.0799117
310.466797,566.9650567,575.627115,584.0576793,592.2139759,600.1831304,607.9296379,615.4533216,622.7532215,629.8283887,636.6778893,643.3008087,649.696257,655.8633745,661.8013383,667.5093693,672.9867406,678.2327868,683.2469138,688.0286106,692.5774624,696.8931641,700.9755372,704.8245464,708.4403194,711.8231676,714.9736089,717.8923919,720.5805205,723.0392802,725.2702625,727.2753872,729.0569199,730.6174798,731.9600329,733.0878616,734.0044975,734.7135999,735.2187528,735.5231428,735.6290635,735.5371702,735.245381,734.7472811,734.0298497,733.0702894,731.8317282,730.2576222,728.2648906,725.7362724,722.5131984,718.3916046,713.1241999,706.4328838,698.0332069,687.6686794,675.1480572,660.3766807,643.3756242,624.2884744,603.3813988,581.0453471,557.8102172,534.382071,511.7190523,491.1733257,474.7511111,465.5885911,468.7928502,492.6192161,547.8970658
308.564453,586.1004543,593.9733814,601.6243823,609.0119527,616.2195558,623.2128986,629.9915976,636.5545019,642.9004573,649.0283092,654.9369053,660.6250995,666.0917555,671.3357517,676.3559858,681.1513811,685.7208927,690.063515,694.1782895,698.0643147,701.7207557,705.1468555,708.3419477,711.30547,714.0369783,716.5361629,718.8028639,720.837088,722.6390237,724.2090558,725.547775,726.6559827,727.5346847,728.1850701,728.6084655,728.8062543,728.7797425,728.5299488,728.057282,727.3610592,726.4387955,725.2851738,723.890571,722.238984,720.3051733,718.0508422,715.419734,712.3317406,708.6765406,704.3080367,699.0418622,692.6591464,684.9197548,675.5864178,664.4573655,651.4009534,636.3842361,619.4902907,600.9248697,581.0183401,560.2317606,539.1770221,518.6626892,499.7825916,484.0772505,473.8251312,472.5689934,486.031129,523.3468234,596.1706241
306.660156,575.8555035,583.6433594,591.2090386,598.511414,605.6343528,612.5439629,619.2402923,625.7226519,631.9903775,638.0428339,643.8794215,649.4995819,654.902805,660.0886371,665.0566895,669.8066486,674.3382869,678.6514753,682.7461972,686.6225638,690.2808314,693.7214207,696.9449377,699.9521974,702.7442493,705.3224055,707.6882705,709.8437734,711.7912009,713.5332311,715.0729659,716.4139592,717.5602385,718.5163125,719.2871577,719.8781704,720.295067,720.5437055,720.62979,720.5584042,720.3332972,719.9558132,719.4233231,718.726968,717.8484874,716.7558911,715.397782,713.696343,711.5394526,708.7732138,705.1973379,700.5669642,694.6047452,687.0252632,677.5697346,666.0441625,652.3518888,636.5140925,618.6778837,599.1176386,578.2385834,556.5928009,534.9192752,514.2244767,495.9322697,482.1578614,476.2081774,483.4636971,512.6051588,574.9621263
304.755859,540.9522368,548.8144891,556.4811983,563.9167277,571.1948396,578.2858804,585.1900073,591.9067372,598.4356153,604.77622,610.9281683,616.8911216,622.6647927,628.2489528,633.6434402,638.8481692,643.8631407,648.6884534,653.3243167,657.7710644,662.0291705,666.0992661,669.982158,673.6788494,677.1905611,680.5187552,683.66516,686.6317945,689.4209937,692.0354321,694.4781433,696.7525337,698.8623843,700.8118354,702.6053437,704.2475982,705.7433751,707.0973019,708.3134913,709.394985,710.3429277,711.1553579,711.8254683,712.3391411,712.6715319,712.7824631,712.6104566,712.0654553,711.0207726,709.3056603,706.7010775,702.9423586,697.7326392,690.7689379,681.778469,670.5578558,657.0058385,641.1429762,623.1182571,603.2086374,581.8207987,559.5053627,536.9950257,515.2827293,495.7679828,480.5249098,472.7925206,477.8400376,504.1747913,562.9286962
302.849609,527.8236856,536.4037197,544.7626506,552.8593997,560.7769852,568.4812344,575.9717178,583.2472393,590.3065963,597.1485826,603.7719909,610.1756158,616.3582579,622.3187278,628.0558503,633.5684705,638.8554594,643.9157205,648.7481978,653.351884,657.7258301,661.8691556,665.7810605,669.460837,672.9078838,676.1217198,679.1019988,681.8485246,684.3612647,686.6403628,688.6861467,690.4991309,692.0800083,693.4296268,694.5489417,695.4389329,696.1004695,696.5340988,696.7397248,696.716128,696.4602606,695.9662243,695.2238101,694.2164428,692.9183499,691.2907687,689.2770712,686.7968806,683.7396737,679.9590865,675.2701252,669.4523914,662.2624806,653.4569789,642.8237896,630.2154541,615.5765717,598.9600977,580.5328605,560.5758234,539.4873587,517.798675,496.2118501,475.6754915,457.5244337,443.7337174,437.3804959,443.4538534,469.9681979,527.2988263
300.945312,522.3099794,531.4854376,540.4183333,549.0633781,557.5116809,565.7256959,573.7049214,581.448013,588.9536174,596.2203758,603.2469268,610.0319093,616.5739673,622.8717538,628.9239364,634.7292032,640.2862692,645.5938845,650.6508423,655.4559893,660.0082359,664.3065691,668.3500655,672.1379067,675.6693954,678.9439736,681.9612412,684.7209761,687.2231545,689.4679704,691.455853,693.1874798,694.6637819,695.8859366,696.8553395,697.5735455,698.042163,698.2626783,698.2361774,697.9629187,697.4416909,696.6688662,695.6370257,694.3330017,692.7351483,690.8096438,688.5056831,685.7495987,682.438349,678.4335251,673.5580098,667.5983657,660.3161671,651.4698823,640.845315,628.2885312,613.7334664,597.2188424,578.8944149,559.0217386,537.977463,516.2681305,494.5667533,473.7858945,455.2130647,440.7575716,433.4006884,437.9878072,462.3271167,516.5922543
299.039062,541.8128421,550.0771117,558.1181743,565.8941273,573.4886833,580.8670888,588.0286857,594.9720259,601.6956402,608.1980405,614.4777209,620.5331595,626.3628209,631.9651584,637.3386171,642.4816374,647.3926586,652.0701237,656.5124837,660.7182043,664.6857712,668.4136975,671.9005314,675.1448642,678.1453393,680.9006613,683.4096049,685.6710238,687.6838577,689.4471379,690.9599874,692.2216161,693.2313041,693.9883711,694.4921219,694.7417592,694.7362471,694.4741037,693.9530938,693.1697751,692.1188424,690.7921852,689.1775538,687.2566982,685.0028254,682.3772242,679.3249742,675.7698443,671.6088799,666.7078411,660.8995348,653.9878629,645.7603667,636.010364,624.5663713,611.3228753,596.2653217,579.4848842,561.1838093,541.6768984,521.3971918,500.9148336,480.9796774,462.6031996,447.2072905,436.8921687,434.919799,446.5529671,480.181479,546.4807693
297.132812,524.8028999,532.8804595,540.7467199,548.3623922,555.8069593,563.0478762,570.0848632,576.9169166,583.5430351,589.9622226,596.1734919,602.1758681,607.9683936,613.5501323,618.9201757,624.0776488,629.0217175,633.7515962,638.2665566,642.5659377,646.6491567,650.5157211,654.165242,657.5974485,660.8122037,663.809521,666.5895819,669.1527539,671.4996077,673.6309334,675.5477529,677.2513272,678.7431534,680.0249469,681.0986004,681.9661082,682.6294379,683.0903277,683.3499722,683.4085506,683.2645277,682.9136364,682.3474171,681.551156,680.501037,679.1603165,677.4743966,675.3648646,672.7229941,669.4039327,665.2238069,659.9628982,653.3781185,645.226272,635.2958607,623.4410599,609.6098791,593.8612048,576.3710553,557.4336625,537.4658425,517.0240924,496.8453146,477.926933,461.6741191,450.1667547,446.6438676,456.3504142,487.6929942,551.4938492
295.226562,531.5934431,539.9064773,548.0131678,555.8757575,563.5718317,571.0698229,578.3696097,585.4703752,592.3713141,599.0716366,605.5705722,611.8673744,617.9613259,623.8517442,629.5379884,635.0194661,640.2956417,645.3660453,650.2302831,654.8880481,659.3391327,663.5834424,667.6210103,671.4520133,675.0767897,678.4958571,681.7099318,684.7199478,687.5270753,690.1327373,692.5386222,694.7466893,696.7591633,698.5785116,700.2073938,701.6485732,702.9047681,703.9784184,704.8713277,705.5841269,706.115484,706.4609555,706.6113412,706.550365,706.2514702,705.6735148,704.7552124,703.408379,701.5105015,698.8979445,695.3622098,690.6526988,684.4895311,676.5881172,666.6931185,654.6148739,640.2594993,623.6466502,604.9149559,584.3208067,562.2391513,539.1757632,515.8014718,493.0230637,472.1165245,454.9716469,444.5402697,445.6294637,466.0156916,515.9262276
293.320312,512.6207169,519.8088,526.8289675,533.6503753,540.3358882,546.8595287,553.2208901,559.4189766,565.4527816,571.321289,577.023474,582.5583052,587.9247462,593.1217573,598.1482979,603.0033292,607.6858164,612.1947322,616.5290599,620.6877967,624.6699575,628.4745785,632.1007214,635.5474763,638.8139651,641.8993432,644.8028006,647.5235596,650.0608698,652.4139976,654.5822079,656.5647351,658.3607393,659.9692393,661.3890156,662.6184693,663.65542,664.4968167,665.1383287,665.5737693,665.7942858,665.7872332,665.5346174,665.010975,664.1805372,662.9935452,661.3816671,659.2526897,656.4850858,652.9237655,648.3792112,642.6329222,635.4518916,626.6128991,615.9337492,603.3049319,588.7142471,572.2600893,554.1546698,534.7232719,514.4079343,493.7845795,473.6039194,454.8712456,438.9918996,428.0333117,425.1974818,435.6399336,467.5649749,531.3856266
291.412109,524.3740966,533.1668022,541.7107728,549.9592364,558.0058849,565.8123151,573.3781712,580.7022433,587.7833236,594.6202098,601.2117093,607.5566436,613.6538541,619.5022079,625.1006049,630.4479855,635.5433396,640.3857167,644.9742373,649.3081058,653.3866249,657.209212,660.7754173,664.0849445,667.1376728,669.9336824,672.4732816,674.7570357,676.7857993,678.5607479,680.0834113,681.3557038,682.3799511,683.1589074,683.6957564,683.994088,684.0578326,683.8911346,683.4981313,682.8825929,682.047358,680.9934756,679.7189292,678.2167836,676.4725567,674.4606073,672.1393679,669.4454246,666.2868317,662.5367542,658.0295362,652.5622928,645.9053685,637.8235162,628.106112,616.6005615,603.2411063,588.067458,571.2330047,553.0076152,533.7831233,514.0908005,494.6417265,476.4058461,460.757371,449.7389789,446.5424464,456.3517525,487.5035145,550.7945869
289.503906,507.6892779,516.7748276,525.627028,534.2020526,542.5873437,550.7464981,558.6787523,566.3825115,573.8561546,581.0980351,588.106483,594.8798053,601.4162888,607.7142016,613.7717961,619.5873115,625.1589778,630.4850191,635.5636587,640.3931241,644.9716523,649.297497,653.3689349,657.1842738,660.7418609,664.0400913,667.0774162,669.8523519,672.3634861,674.6094833,676.5890855,678.3011069,679.7444192,680.9179218,681.8204904,682.450893,682.8076592,682.8888812,682.6919167,682.2129515,681.4463649,680.383816,679.0129494,677.3155854,675.2652436,672.8238498,669.9375402,666.5316604,662.5054378,657.7274521,652.0338933,645.232361,637.1139346,627.4746156,616.1439191,603.0148412,588.0682178,571.3870917,553.1617932,533.6910904,513.3872116,492.7934105,472.6242257,453.8433427,437.8054469,426.5121394,423.0745264,432.5181177,462.8698233,524.3892001
287.595703,520.0944951,528.651032,536.9908576,545.0738264,552.981116,560.6791136,568.1672481,575.4441862,582.5085791,589.3590636,595.9942638,602.4127937,608.6132592,614.5942614,620.3543995,625.8922747,631.2064945,636.2956772,641.1584577,645.7934932,650.1994701,654.3751112,658.3191834,662.030507,665.5079641,668.7505079,671.7571722,674.5270794,677.0594476,679.3535945,681.4089371,683.2249834,684.8013134,686.1375429,687.2332624,688.08794,688.7007707,689.07045,689.1948387,689.0704719,688.6918487,688.0504162,687.1331315,685.9204573,684.383621,682.480971,680.1533278,677.3184209,673.8649079,669.6471604,664.4829316,658.1568453,650.4326437,641.0754145,629.8814771,616.7097822,601.507306,584.3235788,565.3148185,544.7430018,522.9776944,500.50914,477.9821843,456.2647128,436.5746611,420.711504,411.4780701,413.4219804,433.8614827,482.318327
285.6875,511.0060334,519.3829294,527.5436558,535.4480556,543.1772935,550.697961,558.0096395,565.1111609,572.0013509,578.6790318,585.143025,591.3921539,597.4252479,603.2411464,608.8387033,614.216792,619.3743119,624.3101946,629.0234118,633.5129832,637.7779861,641.8175659,645.6309471,649.2174459,652.5764836,655.7076007,658.6104716,661.2849196,663.7309307,665.9486668,667.9384741,669.7008863,671.2366185,672.5465451,673.6316559,674.4929777,675.1314453,675.5476998,675.7417795,675.7126588,675.4575678,674.9710061,674.2433297,673.2587622,671.9926501,670.4077814,668.4496488,666.0407224,663.0742068,659.4084568,654.8641827,649.2274629,642.2616395,633.7295039,623.4236001,611.1985224,596.9975392,580.8684478,562.9689399,543.5667879,523.0428313,501.905583,480.8275232,460.7175201,442.8547481,429.1323871,422.5011891,427.7479561,452.5684994,506.943935
283.777344,489.0121848,497.2761305,505.3110885,513.0742625,520.6518519,528.0085599,535.1440856,542.0573444,548.7472548,555.2127423,561.452743,567.4662082,573.2521091,578.8094432,584.1372402,589.2345697,594.1005494,598.7343547,603.1352293,607.3024971,611.2355757,614.9339918,618.3973976,621.6255901,624.6185315,627.3763721,629.8994755,632.1884451,634.244152,636.0677647,637.6607773,639.0250359,640.1627604,641.0765561,641.7694094,642.2446581,642.5059205,642.5569637,642.4014793,642.0427231,641.4829552,640.7225951,639.7589706,638.5845071,637.184168,635.5319405,633.5862055,631.2839862,628.5344462,625.2126747,621.1557627,616.164124,610.011255,602.4637017,593.3096242,582.3903626,569.627529,555.0402335,538.7520881,520.9926175,502.1005466,482.5374589,462.9215767,444.0955618,427.2525979,414.1669128,407.6152486,412.1208715,434.9929342,485.8034505
281.867188,498.4088472,506.256135,513.8763856,521.2268198,528.3928526,535.3393051,542.0657242,548.5708681,554.8534886,560.9123334,566.7461494,572.3536861,577.7336993,582.884956,587.8062397,592.4963557,596.9541387,601.1784597,605.1682354,608.9224375,612.4401042,615.7203523,618.7623917,621.5655403,624.1292418,626.4530846,628.536822,630.3803945,631.9839532,633.3478829,634.4728253,635.3596994,636.0097172,636.4243895,636.6055172,636.5551578,636.2755545,635.7690087,635.0376671,634.083184,632.9062029,631.5055765,629.8772208,628.0124635,625.8957216,623.5013301,620.7893902,617.7006601,614.1508598,610.0253862,605.1763098,599.4243746,592.568884,584.4069758,574.7606448,563.5062484,550.5996488,536.0922433,520.1379063,502.9955081,485.0343276,466.7507442,448.8060938,432.1001078,417.9052821,408.1102169,405.6610561,415.3331047,444.7840926,503.8736608
279.957031,484.4641366,492.976462,501.2779386,509.3290746,517.2087473,524.8839897,532.3540127,539.6172687,546.67218,553.5171388,560.1505075,566.5706198,572.7757814,578.7642706,584.5343401,590.0842183,595.412111,600.5162036,605.3946632,610.0456419,614.4672791,618.6577048,622.6150438,626.337418,629.8229509,633.0697703,636.0760103,638.8398128,641.3593263,643.6327007,645.6580781,647.4335746,648.9572517,650.2270703,651.2408214,651.9960228,652.4897661,652.7184952,652.6776863,652.3613894,651.7615773,650.8672259,649.663032,648.127647,646.2312911,643.9326252,641.1748217,637.8809648,633.9492798,629.2493011,623.6208909,616.8786814,608.8243996,599.2678908,588.0544826,575.0930649,560.3783357,544.0033256,526.1632062,507.1557075,487.3856355,467.3816891,447.8351413,429.674485,414.2010807,403.3333333,400.0470981,409.1397732,438.2550213,497.1156325
278.046875,479.2783621,486.3242607,493.1757307,499.7967184,506.2605267,512.5373935,518.6272549,524.5293947,530.2431111,535.7677213,541.1025651,546.2470098,551.2004563,555.9623442,560.5321594,564.9094417,569.0937931,573.0848881,576.882484,580.4864332,583.8966972,587.1133609,590.1366497,592.9669481,595.6048192,598.0510274,600.306561,602.3726581,604.2508316,605.9428955,607.4509892,608.7775987,609.9255709,610.8981171,611.6987973,612.3314756,612.8002325,613.1092093,613.2623559,613.2630342,613.1134145,612.8135751,612.3601859,611.7446199,610.9503046,609.9491147,608.6966515,607.1264263,605.1433457,602.6175806,599.3808647,595.2282073,589.9281953,583.2435646,574.9602811,564.9193796,553.0440111,539.35636,523.9842145,507.1619754,489.2336741,470.6665268,452.0847684,434.3376337,418.6256948,406.7316035,401.4413684,407.2864564,431.5751582,483.8401018
276.134766,469.8559006,478.1210174,486.1614475,493.9350422,501.5262775,508.9003669,516.056866,522.9945507,529.7121906,536.2085516,542.482399,548.5325005,554.3576308,559.9565754,565.3281362,570.4711372,575.3844311,580.0669069,584.5174986,588.7351945,592.7190484,596.4681917,599.981847,603.2593435,606.3001332,609.10381,611.670129,613.9990277,616.0906483,617.9453599,619.5637794,620.9467903,622.0955552,623.011519,623.6963951,624.1521277,624.3808128,624.3845628,624.1652817,623.7243131,623.0619017,622.1763885,621.0630315,619.7123106,618.1075481,616.2216642,614.0129324,611.4197555,608.3548354,604.6997402,600.3017532,594.9757528,588.5140267,580.7055416,571.363005,560.3523993,547.6180488,533.1983819,517.2323265,499.9609313,481.731416,463.0118296,444.4258143,426.8211767,411.3963021,399.9300705,395.2004034,401.7191403,426.7459174,479.7015132
274.224609,482.7370293,490.0899653,497.2499813,504.1811296,510.9558398,517.5442465,523.9459353,530.1598199,536.1848057,542.0197919,547.6636739,553.1153454,558.3737017,563.4376425,568.306076,572.9779228,577.4521211,581.7276316,585.8034437,589.6785823,593.3521151,596.8231609,600.0908985,603.1545764,606.0135235,608.6671594,611.1150058,613.3566973,615.3919909,617.2207738,618.8430676,620.2590256,621.468922,622.4731249,623.2720485,623.8660733,624.2554186,624.4399476,624.4188735,624.1903268,623.750723,623.0938532,622.2095904,621.0820804,619.6872611,617.9895568,615.9376561,613.4594565,610.4566362,606.7999482,602.3271894,596.8465678,590.1481875,582.0247998,572.2997027,560.8561484,547.6613591,532.7807296,516.3827474,498.7397219,480.2318085,461.3626205,442.7960298,425.4281257,410.518972,399.9309457,396.5603569,405.0900333,433.0105199,489.9266085
272.310547,468.4935435,476.6230678,484.5334594,492.1837316,499.6560783,506.9164529,513.96427,520.7981732,527.4167905,533.8187351,540.0026083,545.9670012,551.7104977,557.2316777,562.5291204,567.6014092,572.4471356,577.0649053,581.4533444,585.6111062,589.5368795,593.2293971,596.6874462,599.9098793,602.8956261,605.6437067,608.1532454,610.4234852,612.4538023,614.2437193,615.7929169,617.1012417,618.168706,618.9954777,619.5818518,619.9281951,620.0348518,619.9019888,619.5293546,618.9159125,618.059293,616.9549894,615.5951956,613.9671558,612.050869,609.8159885,607.2178009,604.1923248,600.6509075,596.4752966,591.5149862,585.5894175,578.497712,570.0372386,560.0292821,548.3466632,534.9367494,519.8353867,503.1718452,485.1691983,466.1469036,446.5331281,426.8954407,408.0022337,390.9365672,377.3037769,369.610203,371.9300226,390.8315804,434.8855384
270.398438,446.9505919,455.1735531,463.1711602,470.9010445,478.448209,485.7779657,492.8901094,499.7836696,506.457685,512.9112076,519.1433072,525.1530759,530.9396346,536.5021388,541.8397861,546.9518247,551.8375624,556.4963775,560.9277305,565.1311777,569.1063864,572.8531514,576.371415,579.6612873,582.7230706,585.5572852,588.1646984,590.5463561,592.7036158,594.6381828,596.3521463,597.8480149,599.12875,600.1977903,601.059065,601.7169835,602.1763907,602.4424658,602.520537,602.4157698,602.132668,601.6743036,601.0411604,600.2294382,599.228632,598.0181794,596.5630095,594.8079703,592.6714737,590.0393437,586.7607997,582.6494626,577.4925483,571.0700867,563.182746,553.6829322,542.5019159,529.667684,515.3130909,499.6788193,483.1185689,466.1150803,449.3171024,433.6118873,420.2587158,411.1317943,409.1625766,419.1166019,448.665633,507.7627463
268.486328,474.0117464,481.8533409,489.4792176,496.8488073,504.0432675,511.0292037,517.8062081,524.3731251,530.7287943,536.8720528,542.8017383,548.5166925,554.015765,559.2978174,564.3617288,569.206401,573.8307656,578.2337907,582.4144897,586.3719304,590.1052457,593.6136452,596.8964286,599.953,602.7828841,605.3857439,607.761399,609.9098463,611.8312799,613.5261123,614.9949936,616.238827,617.2587799,618.0562828,618.6330134,618.990853,619.1318048,619.0578526,618.7707313,618.27157,617.5603506,616.635101,615.4907204,614.1172961,612.4977509,610.6046487,608.3960352,605.8103519,602.760814,599.1302723,594.7684475,589.4942593,583.1060955,575.4014452,566.2041501,555.3939314,542.9313427,528.8734876,513.3806532,496.718642,479.2641887,461.521879,444.1624879,428.0972243,414.6133755,405.6196573,404.0907617,414.8431156,445.5895291,506.2307201
266.572266,466.7228624,474.9185089,482.8853792,490.580448,498.0898676,505.3782954,512.4453817,519.2899899,525.9109839,532.307231,538.4776059,544.4209946,550.1362995,555.6224446,560.878382,565.9030984,570.695624,575.2550406,579.5804928,583.6711988,587.5264641,591.145696,594.5284199,597.6742982,600.5831504,603.2549757,605.6899783,607.8885937,609.8515173,611.5797346,613.0745509,614.33762,615.370969,616.1770145,616.758566,617.1188054,617.261231,617.1895455,616.9074602,616.4183741,615.7248699,614.8279454,613.7258688,612.4125143,610.8749974,609.0904211,607.0215766,604.6115947,601.7778948,598.4064083,594.3479648,589.419632,583.4140338,576.1183351,567.3414022,556.9438859,544.8642008,531.135349,515.8923194,499.3745494,481.9307032,464.034117,446.3186888,429.6493361,415.2517546,404.9484002,401.5881293,409.8006484,437.0375623,492.9676624
264.658203,452.2073157,460.4561929,468.4998796,476.3000771,483.9336484,491.3686544,498.604469,505.6397383,512.4730885,519.1031262,525.5284402,531.747603,537.7591724,543.5616941,549.1537038,554.5337302,559.7002986,564.6519341,569.3871668,573.9045358,578.2025951,582.2799195,586.1351111,589.7668064,593.1736839,596.3544717,599.3079553,602.0329847,604.52848,606.7934355,608.8269188,610.6280644,612.1960581,613.5301059,614.6293828,615.49295,616.1196272,616.5077993,616.6551297,616.5581407,616.2116047,615.6076732,614.7346421,613.5752312,612.104231,610.2853751,608.0673566,605.379073,602.1245422,598.1785367,593.3847857,587.5593166,580.5014847,572.0137302,561.9279981,550.1334333,536.5988101,521.385539,504.6518013,486.6526598,467.74321,448.3925413,429.2174368,411.0487643,395.0534232,382.9553455,377.4364095,382.8372162,406.1139542,456.2292475
262.744141,464.2478291,471.7946976,479.1471024,486.268505,493.2318018,500.0066692,506.5924879,512.9879464,519.1917123,525.2024328,531.0187364,536.6392335,542.0625186,547.2871714,552.3117596,557.1348408,561.7549656,566.1706806,570.3805323,574.3830708,578.1768547,581.7604558,585.1324645,588.291496,591.2361956,593.9652453,596.4773692,598.7713387,600.8459755,602.7001531,604.3327923,605.7428525,606.929311,607.8911294,608.6271979,609.1362489,609.4167265,609.4665915,609.2830356,608.8620672,608.197915,607.28218,606.1026432,604.6416115,602.8736735,600.7627371,598.258292,595.2910049,591.7681141,587.5696693,582.547434,576.5289257,569.328985,560.7697388,550.7067977,539.056385,525.8171448,511.0828632,495.0470052,478.0041508,460.3555811,442.6270719,425.5084183,409.9288324,397.1933117,389.2275007,389.0184279,401.3770369,433.9535468,496.4271654
260.828125,445.8562532,452.8046357,459.5658527,466.1049731,472.4925398,478.6997935,484.7265829,490.5721218,496.2356325,501.7163491,507.0135208,512.1264165,517.0543287,521.7965794,526.3525257,530.7215664,534.9031494,538.8967803,542.7020315,546.3185528,549.746083,552.9844632,556.0336509,558.8937358,561.5649577,564.0477248,566.3426342,568.4504931,570.3723407,572.1094699,573.6634478,575.0361316,576.2296797,577.2465508,578.0894854,578.7614605,579.2656034,579.6050428,579.7826697,579.8007661,579.6604416,579.360799,578.8977172,578.2621145,577.43752,576.39678,575.09777,573.4781461,571.4495281,568.8921434,565.6518439,561.5422549,556.3549495,549.8791105,541.9289329,532.3733728,521.161286,508.3371824,494.0476481,478.5431468,462.1825114,445.448408,428.9834178,413.660704,400.7137723,391.9717968,390.286797,400.2806629,429.365666,487.0881745
258.914062,471.2724711,477.0566196,482.6726077,488.0892423,493.3699653,498.4890662,503.4465251,508.2417596,512.8742025,517.3433047,521.6485391,525.7894051,529.7654334,533.5761913,537.221289,540.7003863,544.0132002,547.1595137,550.1391849,552.952158,555.598475,558.0782884,560.3918763,562.5396572,564.5222082,566.3402825,567.9948298,569.4870166,570.8182467,571.990182,573.0047606,573.8642112,574.57106,575.1281264,575.5384995,575.8054862,575.9325166,575.922985,575.779998,575.5059865,575.1021224,574.5674592,573.8976854,573.0833507,572.1073969,570.9418181,569.5433244,567.8480495,565.7657018,563.1741995,559.9167112,555.8038668,550.6240192,544.1629885,536.231497,526.6948572,515.4979398,502.6806534,488.3840004,472.8514141,456.4326291,439.5982524,422.9744692,407.4114772,394.1094829,384.847473,382.3987903,391.2584136,418.6381367,473.8377078
256.998047,439.1285295,446.1810663,453.0515431,459.7060518,466.2131893,472.5449894,478.7013036,484.6813659,490.4844184,496.1097141,501.5565208,506.8241245,511.9118344,516.8189873,521.5449535,526.0891432,530.4510133,534.6300754,538.625905,542.4381506,546.0665457,549.51092,552.7712137,555.8474915,558.7399594,561.448981,563.9750967,566.3190421,568.4817677,570.4644566,572.2685412,573.8957152,575.3479376,576.6274251,577.736625,578.6781595,579.4547254,580.0689297,580.5230306,580.8185411,580.9556362,580.9322817,580.742975,580.376957,579.815729,579.0297025,577.9738618,576.5824904,574.7633791,572.3925791,569.3116553,565.3302263,560.2366765,553.8184301,545.8899072,536.3226183,525.0703661,512.1848166,497.8216406,482.2421181,465.8176774,449.0457847,432.5869793,417.3372595,404.5607906,396.1302667,394.962696,405.7802341,436.1454863,495.7706591
255.082031,468.7868204,473.5709991,478.2009394,482.6478326,486.9699175,491.143575,495.1687736,499.0449647,502.7716124,506.3481967,509.7742168,513.0491952,516.172682,519.1442595,521.9635483,524.6302126,527.143968,529.5045885,531.7119154,533.7658668,535.6664484,537.4137648,539.0080328,540.4495957,541.7389383,542.8767042,543.8637129,544.7009783,545.389728,545.9314208,546.3277635,546.5807233,546.6925341,546.6656919,546.5029331,546.2071868,545.7814883,545.2288344,544.5519541,543.7529564,542.832801,541.7905201,540.6220906,539.3188321,537.865181,536.2356863,534.3911232,532.2737702,529.8022356,526.866795,523.3270114,519.0141564,513.7410357,507.3204684,499.5907166,490.4428643,479.843821,467.8507184,454.6169564,440.3944135,425.5387078,410.5253287,395.9858551,382.7777534,372.1114998,365.7799403,366.5727571,378.996922,410.2465459,469.4894322
253.164062,447.3108442,453.4566132,459.419007,465.1633187,470.7587636,476.1770597,481.4180107,486.480794,491.3645927,496.0685982,500.5920138,504.9340581,509.0939699,513.0710125,516.8644797,520.4737017,523.8980524,527.136957,530.1899014,533.0564418,535.7362163,538.2289572,540.5345051,542.6528247,544.5840213,546.3283603,547.886287,549.2584487,550.445717,551.4492116,552.2703227,552.9107312,553.3724249,553.6577053,553.7691816,553.7097405,553.4824834,553.0906099,552.537224,551.8250256,550.9558365,549.9298879,548.7447747,547.3939511,545.8646191,544.1348546,542.1698598,539.9173782,537.3026351,534.2237394,530.5492869,526.1206667,520.7616936,514.2968869,506.5768179,497.5056572,487.0646838,475.3275568,462.4675989,448.7616638,434.5976503,420.4938682,407.1401688,395.4755806,386.8284537,383.1681614,387.558416,404.9420111,443.1866693,512.2456007
251.248047,466.9196896,472.8734821,478.637839,484.1772894,489.563417,494.7672304,499.7887245,504.6272625,509.282226,513.753019,518.039073,522.1398515,526.0548566,529.7836353,533.3257868,536.6809711,539.8489185,542.8294402,545.6224399,548.2279276,550.6460347,552.8770301,554.9213399,556.7795677,558.4525178,559.9412211,561.2469629,562.3713133,563.3161598,564.0837418,564.6766853,565.0980377,565.3512984,565.4404438,565.3699388,565.144727,564.770188,564.2520407,563.5961668,562.8083134,561.8936199,560.8558857,559.6964736,558.4127026,556.9955532,555.426493,553.6732587,551.6845747,549.3841178,546.6646514,543.3841356,539.3665217,534.4102054,528.3058799,520.8624798,511.9362375,501.4560564,489.4401932,476.0037863,461.3613707,445.8312277,429.8494988,414.0033129,399.096203,386.2689714,377.2199223,374.6063641,382.7506282,408.6171132,461.2595625
249.330078,443.9227094,450.5424015,456.9902722,463.2344839,469.3396132,475.2791906,481.0529669,486.6601025,492.0997584,497.371098,502.4732901,507.4055118,512.1669514,516.7568128,521.1743191,525.418718,529.4892866,533.3853377,537.1062263,540.6513575,544.0201941,547.2122662,550.2271808,553.0646328,555.7244164,558.206437,560.5107241,562.6374436,564.5869091,566.3595919,567.9561277,569.3773174,570.6241189,571.6976258,572.5990246,573.3295218,573.890226,574.2819639,574.5050025,574.5586359,574.440579,574.1460928,573.6667359,572.9886127,572.0899647,570.937951,569.4845201,567.6614411,565.3749224,562.5008564,558.8825621,554.333656,548.6487076,541.6228561,533.078427,522.8931683,511.0234333,497.5179401,482.5224588,466.280158,449.1346538,431.5435448,414.1113569,397.6547585,383.3226669,372.8142364,368.7746688,375.4876125,399.8219523,450.6336015
247.412109,407.3325463,415.5718923,423.6249815,431.4571266,439.1380275,446.6386599,453.958407,461.0959882,468.0501011,474.8194218,481.4026065,487.7982916,494.0050958,500.0216206,505.8464528,511.478166,516.9153228,522.1564774,527.2001785,532.0449725,536.6894068,541.1320336,545.371414,549.406122,553.2347485,556.855905,560.2682266,563.4703737,566.4610316,569.2389066,571.802717,574.1511771,576.2829689,578.1966987,579.89083,581.3635834,582.6127878,583.6356658,584.4285217,584.986296,585.3019313,585.3654776,585.1628441,584.6740792,583.8710475,582.7143806,581.149643,579.1028336,576.4756954,573.1418995,568.9459355,563.70719,557.2315893,549.3316183,539.8524724,528.6989502,515.8567641,501.4044761,485.5169312,468.4652,450.6200982,432.4669818,414.6407018,397.9937245,383.7204605,373.5815904,370.3093827,378.3124215,404.6256009,458.2286185
245.492188,441.8949863,448.6678357,455.2603519,461.638907,467.8713513,473.9298847,479.814255,485.523591,491.0570227,496.4136841,501.5927153,506.5932666,511.4145017,516.0556018,520.5157705,524.7942389,528.8902718,532.8031742,536.5322987,540.0770543,543.4369152,546.6114315,549.6002407,552.4030798,555.0197989,557.4503764,559.6949332,561.7537494,563.6272793,565.3161662,566.8212548,568.1435983,569.2844591,570.2452966,571.0277367,571.6335131,572.0643668,572.3218832,572.40724,572.3208245,572.0616655,571.6266021,571.0090876,570.1974977,569.1727876,567.9053398,566.3508975,564.4456361,562.1007802,559.1977766,555.5858697,551.0846983,545.4946016,538.6158904,530.2752516,520.3540209,508.8117084,495.7003703,481.1700932,465.4702635,448.9536857,432.0914729,415.5079146,400.0486827,386.9058792,377.8445151,375.6131219,384.660706,412.1127091,467.1243958
243.574219,436.128801,442.707518,449.0919423,455.2454333,461.241172,467.0491143,472.6689452,478.0996798,483.3403323,488.3899186,493.2474593,497.9119831,502.3825309,506.6581599,510.7379489,514.6210042,518.3064657,521.793515,525.0813829,528.1693599,531.0568058,533.7431626,536.2279673,538.5108671,540.5916358,542.4701922,544.1466198,545.6211885,546.8943766,547.9668946,548.8397083,549.5140597,549.9914846,550.2738224,550.363213,550.2620731,549.9730403,549.4988679,548.8422461,548.0055142,546.9902139,545.7964142,544.4217136,542.8597965,541.0983968,539.1165083,536.8807238,534.3407147,531.4241742,528.0320937,524.0360194,519.2796955,513.5876574,506.7821428,498.706918,489.2534149,478.3831395,466.1421366,452.6674894,438.189953,423.0391949,407.6591124,392.6420749,378.7950332,367.2602377,359.7336208,358.8606018,368.9270625,396.7995702,451.2975619
241.654297,430.3652026,436.1895756,441.8698849,447.3796241,452.7730468,458.0281254,463.1448086,468.122561,472.960857,477.6591838,482.2170441,486.6339592,490.9094734,495.0431573,499.0346125,502.8834772,506.5894314,510.1522031,513.5715755,516.8473945,519.9795769,522.9681199,525.81311,528.5147345,531.0732918,533.489203,535.7630229,537.8954515,539.8873426,541.7397118,543.4537382,545.0307614,546.4722664,547.7798544,548.9551892,549.9999112,550.9155014,551.7030765,552.3630819,552.8948433,553.295916,553.5611545,553.6813961,553.6416288,553.4184905,552.9769524,552.2661007,551.2141115,549.7228871,547.6634521,544.8740549,541.1636593,536.3234891,530.1477027,522.4610416,513.1478428,502.1756142,489.6088673,475.6138018,460.4589061,444.5188542,428.2898382,412.4257299,397.8087299,385.6785759,377.865961,377.2145364,388.3148146,418.4933499,477.0956544
239.734375,421.1519621,428.2424472,435.1395718,441.8070397,448.3176058,454.6413713,460.7779999,466.7264872,472.4858261,478.0550095,483.4330331,488.6188983,493.6116163,498.4102118,503.0137282,507.4212325,511.6318221,515.644631,519.4588379,523.0736751,526.4884384,529.702498,532.7153107,535.5264341,538.1355412,540.542437,542.7470761,544.7495819,546.5502658,548.1496468,549.5484702,550.7477232,551.7486453,552.5527298,553.1617099,553.5775219,553.8022321,553.8379112,553.6864277,553.3491267,552.8263391,552.1166513,551.2158377,550.1153297,548.8000719,547.2456063,545.4142683,543.2505209,540.6757766,537.5836198,533.837142,529.2708611,523.6998264,516.9372361,508.819023,499.2305833,488.1294165,475.5593849,461.6566449,446.651495,430.8727503,414.7621615,398.9076814,384.1083671,371.4933919,362.737781,360.4540119,368.8769679,394.8003314,446.9801627
237.814453,429.9421914,437.9311925,445.7203273,453.2718171,460.6605217,467.8551332,474.8548884,481.6583037,488.2638661,494.6700334,500.8752346,506.8778704,512.6763142,518.2689129,523.6539882,528.8298382,533.7947391,538.5469469,543.0847007,547.4062244,551.5097307,555.3934239,559.0555039,562.4941704,565.7076269,568.6940843,571.4517653,573.9789068,576.2737613,578.3345959,580.1596866,581.7473077,583.0957109,584.203092,585.0675372,585.6869416,586.0588866,586.180459,586.0479871,585.6566587,584.9999744,584.068971,582.8511322,581.3288824,579.4775452,577.2626595,574.6366051,571.5346522,567.8708787,563.5349367,558.3913566,552.2836688,545.0455203,536.5195222,526.5817604,515.167028,502.2890282,488.0521869,472.6560807,456.3973771,439.6762057,423.0146878,407.0968884,392.8440928,381.5501501,375.1236734,376.5228285,390.5050729,424.6173683,488.3538668
235.892578,440.0784729,445.8580465,451.4900934,456.9473029,462.2852502,467.4813264,472.5354458,477.4470238,482.2154841,486.840261,491.3208024,495.6565732,499.8470582,503.8917668,507.7902369,511.5420404,515.1467882,518.6041368,521.9137946,525.0755299,528.0891789,530.9546543,533.6719555,536.2411789,538.6625282,540.9363265,543.0630272,545.0432247,546.8776646,548.5672503,550.1130467,551.5162767,552.7783077,553.9006231,554.8847714,555.7322822,556.4445344,557.0225559,557.4667244,557.7763286,557.9489317,557.9794595,557.858911,557.5725629,557.0975185,556.3994594,555.428517,554.1143649,552.3609986,550.0423019,547.0003234,543.0489272,537.9854406,531.6113463,523.7598627,514.3248483,503.2843202,490.7143857,476.7942719,461.8075895,446.1472962,430.3326485,415.0478293,401.2164604,390.1370954,383.7271984,384.9630926,398.6425232,432.40409,495.9343248
233.970703,467.7759003,472.2509529,476.5764908,480.7247976,484.7524546,488.6367592,492.3778676,495.9754475,499.4291916,502.7388203,505.9040871,508.924783,511.8007421,514.5318478,517.1180398,519.5593215,521.8557689,524.00754,526.0148854,527.8781605,529.5978384,531.1745245,532.6089727,533.9021037,535.0550233,536.0690446,536.9457103,537.6868163,538.2944372,538.7709514,539.1190647,539.3418321,539.4426728,539.4253763,539.2940912,539.0532891,538.7076899,538.2621273,537.7213285,537.0895665,536.3701287,535.564523,534.6713155,533.6844623,532.5909706,531.3677122,529.977259,528.3627573,526.442201,524.10307,521.1991556,517.5522223,512.9613207,507.2212324,500.1484786,491.6097968,481.5464193,469.9894802,457.0664393,443.0028778,428.1265313,412.8813666,397.860759,383.8728075,372.060595,364.1206154,362.6996661,372.0895732,399.1780814,452.8472621
232.048828,439.13897,444.9535919,450.6024959,456.0550274,461.373804,466.5336084,471.5345427,476.3761641,481.0580521,485.5798131,489.9410842,494.1415391,498.1808929,502.0589093,505.775407,509.330268,512.7234467,515.9549793,519.0249954,521.9337302,524.6815381,527.2689085,529.696482,531.9650697,534.0756733,536.0295076,537.828024,539.4729365,540.966248,542.3102769,543.5076834,544.5614926,545.4751114,546.2523362,546.8973433,547.4146526,547.8090519,548.0854591,548.2486942,548.303119,548.2520833,548.0970958,547.8366072,547.4642599,546.9664268,546.3188512,545.4822409,544.3968241,542.9762305,541.1016939,538.6184749,535.3372852,531.0436882,525.5170855,518.5577045,510.0162808,499.8194181,487.985619,474.631727,459.974179,444.3320931,428.1401414,411.9803159,396.64556,383.2578915,373.4840035,369.928646,376.8269099,401.0039616,451.3439979
230.126953,401.4706583,408.3367013,415.0279712,421.5118199,427.8540601,434.0277732,440.0327506,445.8681857,451.5332761,457.0272249,462.3492449,467.4985608,472.4744142,477.2760669,481.9028063,486.3539511,490.6288567,494.7269229,498.6476015,502.3904047,505.9549153,509.3407968,512.5478061,515.575806,518.4247794,521.0948451,523.5862734,525.8995038,528.035161,529.9940722,531.7772806,533.3860563,534.8218995,536.0865332,537.1818779,538.1100001,538.873021,539.4729662,539.9115291,540.1897098,540.3072748,540.2619631,540.0483396,539.6561668,539.0681447,538.2568631,537.1808587,535.7798268,533.9693749,531.6362957,528.6361504,524.7957131,519.9229078,513.8254932,506.3367531,497.3431079,486.8072159,474.7822648,461.4176891,446.9608583,431.7616479,416.2876972,401.1594787,387.2184746,375.6518513,368.2179575,367.6547218,378.391744,407.5162996,464.1101949
228.205078,418.0925804,424.3271005,430.4193909,436.3432392,442.1519912,447.8236928,453.358068,458.7543461,464.0117518,469.1295065,474.1068296,478.9429405,483.6370604,488.1884144,492.5962344,496.8597616,500.9782495,504.9509674,508.7772041,512.4562718,515.9875106,519.3702925,522.6040269,525.6881642,528.6222012,531.4056845,534.0382135,536.5194416,538.8490752,541.0268681,543.0526101,544.9261077,546.6471514,548.2154656,549.6306331,550.8919831,551.9984286,552.9482308,553.7386628,554.3655317,554.8225028,555.1001541,555.1846643,555.0560173,554.6855912,554.0330145,553.0422408,551.6369825,549.7160102,547.1494295,543.7778243,539.4167879,533.8692181,526.9461089,518.4934438,508.4196318,496.71708,483.4741647,468.8786548,453.2178283,436.8825685,420.3833584,404.3873434,389.7899485,377.8449628,370.3984261,370.3097245,382.1800455,413.3217448,472.9804774
226.28125,436.4270144,441.8782733,447.1890491,452.3335869,457.3648677,462.2615139,467.0235776,471.6506458,476.1423216,480.4982276,484.7180094,488.8013389,492.7479192,496.557489,500.2298282,503.7647632,507.1621743,510.4220022,513.5442568,516.5290251,519.3764818,522.0868994,524.6606598,527.0982668,529.4003593,531.5677248,533.6013137,535.5022532,537.2718603,538.9116528,540.4233563,541.8089056,543.0704358,544.2102588,545.2308177,546.1346074,546.9240482,547.6012888,548.1679092,548.6244798,548.9699188,549.2005637,549.3088524,549.2814762,549.0968462,548.7217151,548.1068552,547.1818702,545.8495935,543.9811604,541.413711,537.9534539,533.3868443,527.5010687,520.1117749,511.0924414,500.3984679,488.081487,474.2942997,459.2913769,443.4322534,427.1959078,411.2154157,396.3462751,383.7919571,375.3313785,373.7311505,383.4647089,411.68868,467.5792383
224.357422,390.2418392,396.3849682,402.3903535,408.2329366,413.9647451,419.5649643,425.0337812,430.3709359,435.5761936,440.6493474,445.5902231,450.3986832,455.0746326,459.6180235,464.0288624,468.3072167,472.4532224,476.4670928,480.3491277,484.0997242,487.7193876,491.2087443,494.5685551,497.79973,500.9033436,503.880652,506.7331093,509.462385,512.0703803,514.5592428,516.9313773,519.1894509,521.3363879,523.3753499,525.3096926,527.1428884,528.878399,530.5194747,532.0688484,533.5282777,534.8978734,536.1751256,537.3535137,538.4205526,539.3551044,540.1237794,540.6763124,540.9399813,540.8135262,540.1617006,538.8125076,536.5600156,533.1757049,528.4296907,522.1197412,514.1022308,504.3176937,492.806098,479.7120871,465.2852235,449.8828081,433.983631,418.2221615,403.4567693,390.8958032,382.3267787,380.5328393,390.0216243,418.0225564,473.8548144
222.433594,442.5770057,449.6065037,456.4518494,463.0785632,469.5559756,475.8556788,481.9774143,487.920291,493.6834192,499.2659128,504.6668923,509.8854885,514.9208455,519.7721256,524.438514,528.9192236,533.2135018,537.3206372,541.239967,544.9708857,548.5128546,551.8654127,555.0281879,558.0009101,560.783425,563.3757091,565.777885,567.9902383,570.0132328,571.8475264,573.4939831,574.9536817,576.2279158,577.3181829,578.2261537,578.9536131,579.5023591,579.8740392,580.0698953,580.0903779,579.9345716,579.5993557,579.0781962,578.3594368,577.4239354,576.2418863,574.7687281,572.9401985,570.6669591,567.8298332,564.2775425,559.8296142,554.2871787,547.4529073,539.1581854,529.2921373,517.825789,504.8269636,490.4663057,475.0193524,458.8720375,442.5379753,426.6973556,412.271872,400.5611161,393.4885763,394.0460997,407.0664789,440.2637167,503.4702379
220.507812,432.085755,437.9011977,443.5486231,448.9968338,454.3093533,459.4606,464.4506787,469.2791414,473.945563,478.4495459,482.7907239,486.9687682,490.9833925,494.83436,498.5214904,502.0446682,505.4038521,508.5990847,511.6305044,514.4983581,517.2030153,519.7449842,522.1249293,524.3436903,526.4023043,528.3020288,530.0443669,531.6310945,533.0642889,534.3463582,535.4800696,536.4685768,537.3154414,538.0246458,538.6005902,539.048066,539.3721896,539.5782788,539.6716423,539.6572402,539.5391586,539.3198147,538.9987838,538.5711027,538.0248743,537.3379843,536.4737806,535.3757147,533.9612908,532.1162943,529.6911579,526.5022113,522.3407707,516.9917055,510.2599883,502.0000527,492.1410527,480.7030563,467.8038666,453.6607838,438.594261,423.0413883,407.5883668,393.0350689,380.5145457,371.7108537,369.2561067,377.4283666,403.1163644,455.267188
218.583984,439.0882912,444.9647475,450.6933123,456.2468971,461.6812195,466.9737359,472.1244542,477.1328893,481.9985707,486.7210447,491.2998786,495.7346638,500.0250202,504.1706012,508.1710984,512.0262478,515.7358363,519.2997086,522.7177754,525.9900222,529.1165185,532.097429,534.9330242,537.6236936,540.1699578,542.5724829,544.832094,546.9497891,548.9267516,550.7643614,552.464201,554.0280565,555.4579077,556.7559035,557.9243144,558.9654508,559.8815328,560.6744885,561.3456496,561.8953008,562.322022,562.6217401,562.7863809,562.8019819,562.6461028,562.2843717,561.666064,560.7187906,559.3427506,557.4056566,554.740318,551.1476665,546.4080316,540.3018909,532.6380063,523.2832369,512.1869687,499.3955407,485.0570292,469.4213616,452.8431431,435.7953173,418.9029177,403.0101899,389.3044124,379.5407336,376.45041,384.454686,410.6398304,464.1319014
216.658203,447.7167546,454.7215093,461.5541433,468.1824782,474.6709864,480.9928486,487.1475149,493.1338225,498.9505897,504.5966162,510.0706844,515.3715599,520.4979932,525.4487205,530.2224658,534.8179425,539.2338554,543.4689032,547.5217811,551.3911838,555.0758084,558.5743579,561.8855446,565.0080937,567.9407465,570.6822633,573.2314254,575.5870352,577.747915,579.7129007,581.4808317,583.0505315,584.4207777,585.5902552,586.5574861,587.3207253,587.8778094,588.2259373,588.3613561,588.2789145,587.9714303,587.4288033,586.6367826,585.5752782,584.2160902,582.5199481,580.4328136,577.881589,574.7697203,570.9737732,566.3428017,560.7029421,553.8695142,545.6673234,535.9568367,524.6608639,511.7855824,497.4323633,481.8015226,465.1932089,448.0126648,430.7878083,414.208489,399.2013248,387.0648535,379.7118247,380.1045666,393.0064176,425.9762807,488.537281
214.732422,434.3508448,440.0227276,445.5560115,450.9248536,456.1811642,461.3033652,466.2910235,471.1432124,475.85899,480.4373998,484.8774712,489.1782201,493.3386498,497.3577521,501.234508,504.9678889,508.5568582,512.0003726,515.2973837,518.4468392,521.4476851,524.298867,526.9993315,529.5480269,531.9439044,534.1859168,536.2730167,538.2041526,539.9782615,541.5942571,543.0510116,544.3473288,545.4819041,546.4532667,547.2596975,547.8991109,548.3688892,548.6656478,548.784907,548.7206322,548.4645945,548.0054863,547.3277087,546.4097313,545.2219155,543.7237129,541.8602232,539.5582798,536.7225747,533.2328918,528.9442014,523.6918963,517.304217,509.6223151,500.5255141,489.9565415,477.9409731,464.5978143,450.1426607,434.8886969,419.2526223,403.7732379,389.1518791,376.3285042,366.6180878,361.953889,365.3225009,381.5098742,418.0724727,484.4205019
212.804688,430.9763578,438.5437073,445.9275522,453.0934827,460.1100742,466.948555,473.6081541,480.0874344,486.3849268,492.49913,498.4285107,504.1715032,509.7265095,515.0918996,520.266012,525.2471537,530.033601,534.6236003,539.0153685,543.2070943,547.1969391,550.9830376,554.5634994,557.9364091,561.0998267,564.0517875,566.7903,569.3133432,571.6188602,573.7047491,575.5688473,577.2089093,578.6225716,579.8073037,580.7603343,581.4785476,581.9583336,582.1953754,582.1843481,581.9184939,581.3890262,580.5842984,579.4886553,578.0808666,576.3320316,574.2028573,571.6402792,568.573564,564.9103633,560.5337255,555.3017564,549.0521635,541.6137505,532.8254272,522.5604934,510.751171,497.407698,482.628787,466.6045994,449.6171417,432.0448143,414.3784454,397.2574189,381.5387024,368.4215916,359.6714371,358.021865,367.8696764,396.1971254,451.821019
210.878906,414.2846809,422.3488445,430.2309721,437.8969476,445.414681,452.755536,459.9186384,466.9024455,473.7053758,480.3258079,486.7620802,493.0124899,499.075292,504.948699,510.6308797,516.119959,521.4140166,526.5110867,531.4091567,536.1061668,540.6000083,544.8885226,548.9694995,552.8406742,556.4997248,559.9442674,563.17185,566.1799441,568.9659322,571.5270918,573.8605711,575.9633574,577.8322312,579.463703,580.8539261,581.9985738,582.89267,583.5303525,583.9045457,584.0065048,583.8251871,583.3463859,582.5515479,581.4161786,579.9077329,577.9829062,575.5843174,572.6367506,569.0434605,564.6835848,559.4123697,553.0664133,545.4758904,536.4841431,525.9721996,513.8830851,500.2403011,485.157503,468.8408162,451.5889171,433.7977297,415.977126,398.7883092,383.1148762,370.190788,361.8292859,360.8334716,371.7034528,401.5677166,459.3802755
208.951172,417.8895857,425.3039365,432.560791,439.630912,446.5730424,453.3625035,459.9986064,466.4800883,472.8056565,478.9739881,484.9837293,490.8334952,496.5218693,502.0474028,507.4086144,512.60399,517.6319816,522.4910075,527.1794507,531.6956589,536.0379428,540.2045744,544.1937853,548.0037634,551.6326489,555.0785286,558.3394277,561.4132994,564.298009,566.9913136,569.490833,571.7940099,573.898055,575.7998722,577.4959539,578.9822388,580.2539145,581.3051458,582.128701,582.7154362,583.0535889,583.127811,582.9178585,582.3968336,581.5288759,580.2662158,578.5455912,576.2842218,573.3759028,569.6883546,565.063667,559.324188,552.2859023,543.7796207,533.6772639,521.9176848,508.5260375,493.6236136,477.4297915,460.2616344,442.5384255,424.7989196,407.7403882,392.2930167,379.7538933,372.0265363,372.0500477,384.5369714,416.9406383,478.5915243
207.023438,427.1483391,433.5223507,439.774847,445.884126,451.8957772,457.7913265,463.5707531,469.2336288,474.7795347,480.2080624,485.5188171,490.7114194,495.7855087,500.7407456,505.5768159,510.2934335,514.8903451,519.3673337,523.7242239,527.960886,532.0772415,536.0732679,539.949004,543.7045549,547.3400957,550.8558753,554.252218,557.5295221,560.6882558,563.728946,566.6521604,569.4584771,572.1484379,574.7224779,577.1808233,579.5233417,581.7493285,583.8572026,585.844076,587.7051475,589.4328554,591.0156989,592.4366143,593.6707673,594.682605,595.4220301,595.8196483,595.7812604,595.1822152,593.8629502,591.6279601,588.2511638,583.4904349,577.1120855,568.9223872,558.7995018,546.7182353,532.7632099,517.131666,500.1319496,482.1860047,463.8447179,445.8260999,429.0907499,414.9801573,405.4664084,403.6030342,414.3074914,445.4106361,506.8676286
205.09375,424.0579487,430.342438,436.5503807,442.669364,448.7276447,454.7136756,460.6273601,466.4683387,472.2362507,477.9307339,483.551425,489.0979603,494.5699755,499.967106,505.288987,510.5352535,515.7055393,520.7994772,525.8166971,530.7568243,535.6194771,540.4042629,545.1107729,549.7385748,554.2872033,558.7561464,563.144828,567.4525835,571.6786281,575.822014,579.8815733,583.8558418,587.7429569,591.5405214,595.2454204,598.8535751,602.3596125,605.7564189,609.034538,612.1813589,615.1800212,618.0079443,620.6348649,623.020248,625.1099329,626.8319155,628.0912904,628.7646487,628.6947313,627.686899,625.5098909,621.9039391,616.5987926,609.3417829,599.9320062,588.2530347,574.2961987,558.1704724,540.1011631,520.4244289,499.586482,478.1563344,456.8616586,436.6614735,418.8800695,405.4488213,399.3421487,405.3324527,430.9972332,485.938761
203.166016,473.5586052,480.0488551,486.426385,492.6716024,498.8261439,504.8725187,510.8102311,516.6383754,522.3560227,527.9622199,533.4559898,538.8363289,544.1022074,549.2525671,554.2863205,559.2023486,563.9994994,568.6765848,573.2323782,577.6656102,581.9749646,586.159072,590.2165031,594.1457591,597.9452602,601.6133307,605.1481795,608.5478751,611.8103135,614.9331756,617.9138724,620.749472,623.4366039,625.9713327,628.3489886,630.5639439,632.6093112,634.4765411,636.1548795,637.6306388,638.8862174,639.8987853,640.6385331,641.0663652,641.1309151,640.7647968,639.8801167,638.3635135,636.071447,632.8271345,628.4213459,622.6197963,615.1793996,605.8734668,594.5222926,581.0222985,565.366597,547.6534411,528.0845654,506.9597363,484.6754353,461.7355534,438.7825536,416.6611927,396.5363547,380.1063072,369.9880893,370.3872545,387.9996831,431.3732582
201.236328,460.8743945,468.2485102,475.520336,482.6728377,489.7435904,496.7168342,503.5921367,510.3686945,517.0456839,523.6222593,530.097553,536.4706734,542.7407042,548.906703,554.9676988,560.9226907,566.7706448,572.5104916,578.1411215,583.6613807,589.0700651,594.3659127,599.547595,604.6137049,609.5627421,614.3930944,619.1030134,623.6905837,628.1536829,632.4899298,636.6966173,640.770624,644.7082989,648.5053094,652.1564404,655.6553273,658.9941009,662.1629134,665.1493034,667.9373456,670.5065117,672.8301494,674.8734619,676.5908555,677.9225177,678.7901312,679.0917552,678.6961818,677.4375815,675.1120191,671.4783189,666.2663373,659.1951419,650.0011297,638.4720245,624.4790497,607.9992576,589.1240532,568.056116,545.1016624,520.6666546,495.2653007,469.5495216,444.3715152,420.9010212,400.8388855,386.8047361,383.0144281,396.2045021,435.0587988
199.306641,469.8942656,476.7430577,483.5118628,490.1876919,496.7995986,503.335098,509.7936212,516.1742921,522.4762027,528.6984108,534.8399373,540.8997642,546.8768304,552.770029,558.578203,564.30014,569.9345673,575.4801452,580.9354589,586.2990103,591.5692063,596.7443463,601.8226063,606.8020199,611.6804552,616.4555858,621.1248558,625.6854357,630.1341673,634.4674949,638.6813772,642.7711766,646.7315164,650.5560976,654.2374621,657.7666849,661.1329718,664.3231332,667.3208914,670.1059692,672.6528888,674.9293954,676.8943983,678.4953149,679.664711,680.3161874,680.3396067,679.596055,677.9134448,675.0844161,670.8690154,665.0050557,657.2282884,647.3018802,635.0506346,620.3921072,603.3570052,584.0957495,562.8743177,540.0669724,516.1548605,491.7391549,467.5780314,444.6609628,424.3445929,408.5966269,400.4331779,404.6709197,428.9139581,482.6948221
197.376953,491.4490897,496.9345139,502.3585531,507.7119546,513.0169099,518.2640266,523.4529751,528.583198,533.6541189,538.6651418,543.615649,548.5049997,553.3325274,558.0975381,562.7993069,567.4370748,572.0100444,576.5173752,580.9581776,585.3315058,589.6363488,593.8716201,598.0361441,602.1286403,606.1477027,610.0917747,613.9591179,617.7477717,621.4555034,625.0797442,628.6175069,632.0652814,635.418899,638.6733568,641.8225888,644.8591672,647.7739094,650.5553611,653.189112,655.6568923,657.9353758,659.9946014,661.7959034,663.2892278,664.4097185,665.0735099,665.1728001,664.5705745,663.095858,660.5411326,656.6643998,651.1988358,643.8722765,634.4361823,622.6996668,608.5607831,592.0273338,573.2238154,552.3873008,529.8595907,506.0843907,481.6179114,457.1617134,433.6303695,412.2764841,394.9163167,384.3360463,384.9940886,403.9544265,450.1524349
195.445312,488.1141518,494.2675596,500.3383163,506.3129242,512.2215481,518.0513843,523.8019655,529.4725156,535.0622336,540.5702923,545.9958357,551.337978,556.595801,561.7683513,566.8546377,571.8536277,576.7642429,581.5853548,586.3157786,590.9542662,595.4994981,599.9500727,604.3044942,608.5611568,612.7183261,616.7741146,620.7264528,624.5730512,628.3113534,631.9384758,635.4511305,638.8455273,642.1172455,645.2610687,648.2707692,651.1388253,653.8560498,656.4110992,658.7898247,660.9744113,662.9422363,664.6643615,666.1035498,667.2116896,667.9265107,668.1675261,667.8312673,666.786162,664.8678995,661.8768608,657.5800203,651.7201964,644.0348591,634.2842122,622.2843196,607.9377157,591.2539653,572.3568209,551.4806547,528.9632926,505.2438291,480.8737237,456.5499811,433.1830188,412.0218144,394.8796543,384.5406434,385.4626562,404.7123427,451.2342674
193.513672,466.4717269,473.1825393,479.7840131,486.2576812,492.6441704,498.9269356,505.1058908,511.18058,517.15055,523.0153516,528.7745407,534.4276802,539.9743412,545.414105,550.7465643,555.9713255,561.0880106,566.0962585,570.9957274,575.7860959,580.4670643,585.0383557,589.4997152,593.8509092,598.0917222,602.2219513,606.2413979,610.1498542,613.9470837,617.6327929,621.2065908,624.6679322,628.0160385,631.2497871,634.3675586,637.3670256,640.2448606,642.9963337,645.6147582,648.0907284,650.4110733,652.5574275,654.5042929,656.2164378,657.6454691,658.7254373,659.3674379,659.453434,658.8300147,657.3035938,654.63953,650.5683949,644.8022847,637.0617938,627.1101504,614.787007,600.0335047,582.9038484,563.5647729,542.2893482,519.45366,495.5449278,471.190031,447.2168458,424.7702446,405.5247856,392.0731522,388.61014,401.8826489,440.6956344
191.582031,463.3011789,470.1363032,476.8537765,483.4329667,489.9173302,496.2885376,502.546016,508.6887602,514.7157374,520.6258863,526.418116,532.0913045,537.6442972,543.0759054,548.3849046,553.5700319,558.6299836,563.5634126,568.3689239,573.0450714,577.5903516,582.0031975,586.2819708,590.4249512,594.4303243,598.2961654,602.0204187,605.6008717,609.0351213,612.3205301,615.4541702,618.4327488,621.2525112,623.9091129,626.3974504,628.7114356,630.843696,632.7851727,634.5245822,636.0476933,637.3363576,638.3672122,639.1099544,639.5250744,639.5609279,639.1500693,638.2048775,636.6127478,634.2315716,630.8868949,626.3729391,620.460172,612.9116253,603.5079834,592.0778733,578.5265952,562.8562906,545.1741592,525.6908279,504.7152174,482.6538255,460.0223184,437.4779792,415.8853194,396.4368443,380.8710553,371.8656362,373.7190433,393.2627263,439.1798833
189.650391,441.102183,448.5553858,455.8832093,463.0632142,470.1416637,477.0988034,483.9338407,490.6455088,497.2325001,503.6934645,510.0270068,516.2316845,522.3060048,528.2484222,534.0573345,539.7310793,545.2679298,550.6660895,555.9236866,561.0387676,566.0092887,570.8331071,575.5079694,580.0314981,584.4011749,588.6143208,592.6680708,596.5593424,600.2847971,603.8407899,607.2233069,610.4278845,613.4495048,616.2824608,618.9201805,621.3549959,623.5778389,625.5778394,627.3417922,628.8534485,630.0925743,631.033703,631.6444918,631.8835824,631.6978694,631.0191214,629.7600186,627.8099082,625.0310127,621.256459,616.2922161,609.9254441,601.9411795,592.1471318,580.4029359,566.6473266,550.916734,533.3524889,514.1991411,493.800375,472.6004299,451.1589515,430.1881223,410.6251394,393.7635448,381.488206,376.6960939,384.0190049,410.7688839,466.0908625
187.716797,452.9300339,459.3211702,465.5974195,471.738658,477.7874271,483.7259303,489.5537198,495.2699333,500.8736892,506.3640857,511.7402007,517.0010911,522.145792,527.1733165,532.0826545,536.8727718,541.542609,546.0910798,550.5170692,554.8194313,558.9969854,563.0485129,566.9727514,570.7683878,574.4340497,577.9682931,581.3695871,584.6362935,587.7666391,590.7586806,593.6102565,596.3189236,598.8818726,601.2958149,603.5568304,605.660164,607.5999494,609.3688379,610.9574947,612.3539182,613.5425192,614.5028799,615.2080922,615.6225571,615.6991224,615.3754679,614.5697463,613.1757237,611.0580878,608.049257,603.9498127,598.5352208,591.5710986,582.8372232,572.1569767,559.4257033,544.6310478,527.8617239,509.3064834,489.2492753,468.0682195,446.2460423,424.4002218,403.3446152,384.2035226,368.6183216,359.1212776,359.7860577,377.1065369,419.3911612
185.785156,468.3556657,474.1795753,479.8925058,485.4750976,490.9686448,496.3561602,501.6374287,506.8118498,511.8788183,516.8377247,521.687956,526.4288965,531.0599289,535.5804351,539.9897973,544.2873992,548.4726266,552.5448691,556.5035201,560.3479782,564.0776473,567.6919359,571.190257,574.5720253,577.836654,580.9835488,584.0120995,586.9216669,589.7115642,592.3810314,594.9291976,597.3550306,599.6572653,601.8343057,603.884089,605.8038995,607.5901113,609.2378352,610.740433,612.0888508,613.2707059,614.2690422,615.0606433,615.6137768,615.8852261,615.8164988,615.3291917,614.3197268,612.6541099,610.1640589,606.6466993,601.8706626,595.5910911,587.5740109,577.6268943,565.6287521,551.5524314,535.475109,517.5784651,498.144531,477.5550951,456.3027078,435.0220194,414.5538658,396.0641062,381.2592894,372.7774349,374.8693935,394.3233372,439.8479433
183.851562,453.1014471,460.0474522,466.8380467,473.4450186,479.9266581,486.2591501,492.4423252,498.4754843,504.3579312,510.0889755,515.6679343,521.0941354,526.3669201,531.4856468,536.4496946,541.2584675,545.9113994,550.4079588,554.7476547,558.9300428,562.9547318,566.821391,570.5297572,574.0796432,577.4709447,580.7036487,583.7778397,586.6937054,589.4515392,592.0517393,594.4948014,596.7813019,598.9118685,600.8871303,602.70764,604.3737555,605.8854636,607.2421215,608.4420818,609.4821547,610.3568402,611.057245,611.5695683,611.8730128,611.9369585,611.7172423,611.1514601,610.1534106,608.6072153,606.3623396,603.2316548,598.9954656,593.4143482,586.2518545,577.3045685,566.4332561,553.5876273,538.8200367,522.2888001,504.2565854,485.0916778,465.2804734,445.4605241,426.4874081,409.5587825,396.4401537,389.8754225,394.306212,416.8592159,466.749248
181.916016,465.3713937,471.4813272,477.4473212,483.2437424,488.9247639,494.4686871,499.8756859,505.1454671,510.2777616,515.272328,520.1289569,524.8474752,529.4277511,533.8696999,538.1732901,542.3385504,546.3655769,550.254542,554.005703,557.6194127,561.0961302,564.4364327,567.6410287,570.7107713,573.6466733,576.4499213,579.1218916,581.664164,584.0785351,586.3670286,588.5319001,590.5756344,592.5009304,594.3106676,596.0078442,597.5954765,599.0764381,600.4532157,601.7275436,602.8998659,603.9685559,604.9287944,605.77098,606.4785076,607.0247223,607.3688565,607.4508175,607.1848963,606.4528946,605.0979016,602.9209598,599.6837781,595.1207057,588.9614218,580.9620385,570.938167,558.7918504,544.5268902,528.2526131,510.1812366,490.6265746,470.0123522,448.899056,428.0415835,408.4990203,391.8374194,380.5029353,378.4852523,392.2593902,430.4090026
179.982422,473.7651747,479.0410529,484.1850489,489.173359,494.055663,498.8119889,503.4424392,507.9466836,512.3244103,516.5753286,520.6991725,524.6957047,528.5647205,532.3060523,535.919575,539.4052117,542.7629394,545.9927965,549.09489,552.0694034,554.9166062,557.636863,560.2306438,562.6985351,565.0412503,567.2596419,569.3547115,571.3276204,573.1796973,574.912443,576.5275295,578.0267912,579.412203,580.6858404,581.8498124,582.906155,583.8566693,584.7026781,585.4446697,586.0817789,586.6110425,587.0263398,587.3169031,587.4652533,587.4443944,587.2141031,586.7162253,585.8690815,584.5615025,582.6477014,579.9451104,576.2381155,571.2905791,564.8682913,556.7689482,546.8534863,535.0713113,521.4746849,506.2228529,489.581307,471.9239976,453.7469661,435.7029505,418.6706281,403.8825146,393.1571955,389.3207693,396.9431784,423.3417281,477.9260167
178.046875,439.8550677,447.5567569,455.0873033,462.415046,469.6038706,476.627052,483.4839296,490.1732257,496.6936361,503.0438302,509.2224506,515.2281139,521.0594104,526.7149047,532.1931358,537.4926182,542.6118418,547.5492731,552.3033555,556.8725104,561.2551372,565.4496148,569.4543006,573.267531,576.8876202,580.3128574,583.5415036,586.5717842,589.4018798,592.02991,594.4539118,596.6718067,598.6813539,600.480084,602.0652045,603.4334668,604.5809796,605.5029463,606.1932985,606.6441845,606.845258,606.7826959,606.4378504,605.7854248,604.7910479,603.4081428,601.5740617,599.2056524,596.1947964,592.4050614,587.6713649,581.8051381,574.607255,565.8892755,555.5004064,543.3544946,529.4506862,513.8842042,496.8485342,478.6344109,459.6328988,440.3503442,421.4441095,403.7921694,388.6198357,377.727853,373.9034855,381.6328485,408.0532325,462.2239104
176.111328,453.4092047,460.2347645,466.8696423,473.2784583,479.5330797,485.6042913,491.4920035,497.1954851,502.714018,508.0469003,513.1934511,518.1530143,522.9249645,527.5087122,531.9037111,536.1094652,540.1255368,543.9515566,547.5872337,551.0323675,554.2868611,557.3507354,560.2241461,562.9074012,565.4009812,567.7055603,569.8220304,571.7515255,573.4954479,575.0554949,576.4336845,577.6323778,578.6542973,579.5025338,580.1805376,580.6920835,581.0411955,581.2320108,581.2685535,581.1543751,580.8920016,580.4821046,579.9222804,579.2052924,578.3165935,577.2309385,575.9079309,574.286507,572.2787131,569.7637713,566.5843418,562.547788,557.4354632,551.0216703,543.1007328,533.5168336,522.1895158,509.1297289,494.4460727,478.3455925,461.1361171,443.2380329,425.2144562,407.8324844,392.1776177,379.8634125,373.4153334,376.9493798,397.1232429,442.6763924
174.175781,480.8508144,487.0112087,492.9901975,498.7540083,504.371122,509.813792,515.0820025,520.1751315,525.0925735,529.8337435,534.398081,538.7850549,542.9941687,547.0249668,550.877041,554.5500382,558.0436691,561.3577174,564.4920505,567.446632,570.2215339,572.8169525,575.2332239,577.4708425,579.5304804,581.4130092,583.1195229,584.6513625,586.0101413,587.1977707,588.2164844,589.0688599,589.7578335,590.286705,590.659125,590.8790545,590.9506831,590.8782848,590.6659806,590.3173655,589.8349387,589.2192533,588.4676716,587.5725797,586.5188826,585.2805952,583.816386,582.064096,579.9346228,577.3062106,574.0211081,569.8874428,564.6893337,558.2068192,550.2438947,540.6591555,529.3918711,516.478472,502.0593658,486.3808049,469.7992306,452.7965295,436.0159972,420.3331243,406.9859243,397.8116777,395.6772412,405.2327211,433.9447322,491.4541448
