Energy(eV) / Data point number,1,2,3,4,5,6,7,8,9,10,11,12,13,14,15,16,17,18,19,20,21,22,23,24,25,26,27,28,29,30,31,32,33,34,35,36,37,38,39,40,41,42,43,44,45,46,47,48,49,50,51,52,53,54,55,56,57,58,59,60,61,62,63,64,65,66,67,68,69,70,71,72,73,74,75,76,77,78,79,80,81,82,83,84,85,86,87,88,89,90,91,92,93,94,95,96,97,98,99,100
6.19921,-0.000218753,-0.00175487,0.000160043,-0.000309314,0.00114591,0.00107468,0.00459149,0.000228713,-0.00478958,-0.00225942,-8.881e-05,-0.00160198,-0.000798071,-0.000316036,0.001741,-0.00172905,0.00233326,-0.00213633,-0.00231397,-0.00178616,-0.000276667,0.000520595,0.00375033,0.000114956,-0.00130585,-0.000837223,0.00204599,-0.00132112,-0.00259833,-0.00308179,-0.00358783,-0.00186944,0.00107799,-0.00113421,-0.00221017,-0.00245845,-0.000233499,0.000604523,-0.00319227,0.00375372,0.000604928,0.00262104,-0.00118615,0.00111967,-0.000742073,-0.000162608,0.00150906,0.00249413,5.03751e-05,-0.000223268,-0.00223022,-6.63988e-05,-0.00271723,-0.00294628,-0.00191037,0.00228476,-0.00141469,0.00201945,0.00127737,-0.0019671,-0.000685746,-0.00258534,-0.000943931,-0.00171581,-0.000844964,0.00203501,0.000557874,0.00237208,0.00252253,0.00141571,0.000157088,0.00161748,-0.00128594,0.00169276,0.00477883,-0.00107336,0.000370058,0.00227524,0.00302158,0.00303064,0.000797392,-0.00217242,-0.00397794,-0.00297976,-0.00318332,0.00173614,0.000902126,0.00205493,-0.000624559,0.00200903,0.0024696,-0.00120449,0.000659047,0.000699731,-0.000808203,0.000443066,-0.00308319,0.00420146,-0.000455575,-0.003593
6.16517,-0.00094284,-0.00320182,-0.00327288,-0.00204257,-8.23563e-05,0.000716917,0.000319945,-0.00152422,0.00146602,0.000792602,0.00182914,-0.000212174,0.000349969,-0.00170552,0.000780824,-0.000260516,0.0023366,0.00233259,-0.000480963,0.001909,-0.00113928,-0.00012676,-0.00219157,-0.00223061,0.00141313,0.00113875,0.00180651,-0.000302677,0.000627914,0.000430059,-0.00230357,0.000913532,0.00153806,0.000517527,-0.00165631,0.00109667,-0.00410753,-0.00147731,-5.88893e-05,-0.000785325,0.000879918,-0.00113884,-0.000784543,0.00191349,0.00105745,0.000723447,-0.000818515,0.000942775,-0.000378393,3.47936e-06,0.00164405,0.000315282,0.000798563,0.00196556,0.00149758,-0.000293017,-0.00181113,-0.00212908,0.00390207,-0.00225574,-0.00180525,0.00128957,-0.00129658,-0.00185908,-0.0034606,-0.00305797,0.00155925,0.00136306,-0.000401604,-0.00159854,0.00243398,0.00312757,0.000225573,0.00128112,-0.00538286,-0.00203213,-0.0027463,-0.000784563,0.000622952,0.00200412,-0.000498359,-0.00187538,0.00315613,-0.000652144,-0.000313101,0.00110954,0.000878748,-0.000636711,-0.000632827,-0.000828926,0.000817892,-0.00186932,0.00343953,0.00313779,0.00522457,0.00117156,-0.000144673,-0.000987287,0.000517841,0.000954652
6.13113,-0.0011024,0.000146543,-0.00246816,-0.00134555,0.000610472,-0.0042353,0.00126314,0.000580208,-0.000384952,-0.00266331,-0.00341469,0.000866829,0.00147949,-0.000773381,-0.00246637,-0.00158755,0.00120819,0.000175465,0.00169325,-0.00216521,0.00145954,-0.00597303,-0.000979648,-0.00217129,0.00168656,0.00284724,0.00187415,-0.00153658,0.00264831,0.000529203,-0.000852006,0.00347703,-0.000649027,-0.00148223,-0.00120098,0.00325463,-0.00383542,0.000843168,0.000646563,0.000750351,-0.00456326,0.00485214,-0.000173675,0.00147008,-0.00160809,-0.00207015,0.00288702,-0.00086512,-0.00353541,0.000907741,-0.000960406,0.00169237,-0.00270046,0.0011723,-0.000275112,-0.0036926,0.00351043,0.00173083,0.0029269,0.00234753,0.000186178,0.00268435,0.00342025,-0.000417357,-0.00366663,-0.000424559,-0.00224479,-4.6893e-05,-0.00185588,0.000348262,-0.00244827,-0.000797462,0.00278223,0.00117199,0.000598659,-0.00120697,0.000442114,-0.00145035,0.000557817,-0.00489231,0.00254635,0.00397672,-0.000728133,0.00167252,0.00103681,0.000252281,-0.00197555,-0.00134529,-0.000838503,0.000304434,0.00114394,-7.53584e-05,-0.00306099,-0.000551484,-0.000489084,-0.00150775,-0.000179237,-0.0013427,-0.000891694,-0.0031651
6.09709,0.00324843,0.00477865,0.00121095,0.00192062,-0.00158872,-0.0014291,0.000958306,0.000878425,-0.00210059,0.0019804,0.00254773,0.00118854,-0.00017856,-0.000726757,-0.00224851,-0.00125344,-0.00037439,-0.000562749,0.000876932,-0.0028574,-2.43426e-05,-0.00122681,-0.00268535,-0.00159852,-0.000685339,0.000364535,-0.00251664,0.00250299,-0.00111979,-0.000316589,0.000388902,-4.00794e-05,-0.00110014,-0.000337516,0.00306206,-0.000348085,0.00181507,-0.00284009,-0.00141376,-7.91144e-05,0.00140317,-0.000686443,0.00383784,-0.00250543,-0.000568705,0.00530904,-0.00162139,0.00139309,-0.00155479,0.000420345,-0.00113011,0.00196435,0.00224548,0.00187394,0.00153864,-0.00196371,0.00013582,-0.00348518,0.00179841,-0.000873734,0.00245062,0.000190918,0.000341424,6.511e-05,-0.00235913,0.00133016,0.000816459,-0.00133996,-0.000230071,0.00230263,-0.000938214,-0.0035427,0.00240691,0.000666635,0.00306059,0.00255197,-0.00119168,-0.00082749,-0.00134097,0.0022419,-0.0012969,0.00112589,0.000691733,-0.0015551,0.00203356,-0.000639251,-0.0010807,-0.00222333,0.00162705,0.000576665,-0.00244957,0.00367492,0.00258172,0.00650784,0.00482172,-0.00188239,0.000276212,0.0011366,0.00100144,0.00460865
6.06305,0.00387124,-0.00364396,0.00535949,0.00166477,0.00475795,-0.00190865,-0.000316326,0.00251624,0.000479636,-0.00100319,-0.00300684,-0.000683253,-0.00261203,-0.00229837,0.00181836,-0.000198675,0.000188979,-0.000199701,0.00225932,-0.000911975,0.00238957,0.00326285,-0.000954517,0.00416536,0.000963759,0.00279554,0.00346957,-0.000519104,-0.00106788,0.00224274,0.00302912,0.000434879,-0.000808925,0.000142642,-9.54447e-05,-0.000810621,0.00173347,-0.00112842,-0.000527792,0.00165052,-0.000521762,-0.00232977,0.000464418,0.00205526,-0.00284599,-0.00119743,0.00190767,-0.000994799,-0.000121477,0.000902213,-0.000371931,-0.000577524,0.000199795,0.000211652,-0.00041406,-0.00272949,-0.00219306,0.000826024,-0.0019883,0.000921715,-0.00317804,-0.00122542,-0.0013126,0.00101821,-0.000164484,0.00289312,-0.0010981,0.000424496,-0.000250577,0.00241397,0.000271001,0.0015588,-0.00229293,0.0019918,-0.000771099,0.00144894,-0.000222933,-0.00115552,0.00163033,0.00235274,0.000986265,-0.00161329,-0.00400426,-0.00135386,0.0002979,0.00123672,-0.00204779,-0.000453986,-0.000488198,-0.0027192,0.000860622,0.00128753,0.00177399,-0.000147146,0.00316996,0.000775865,-0.000329199,-0.00114334,-0.000618131,-0.000205476
6.029,0.000669605,-0.00513599,0.000339468,0.00186206,0.00216621,0.00146788,0.000461285,0.0051023,0.00214601,0.000237667,-0.00041126,-0.000651198,-0.00128612,0.00016394,-0.000631203,-0.000989724,0.00234743,-0.000414443,0.00207899,0.00262411,-0.00119159,0.00141949,0.00145791,-0.00439717,-0.000581505,0.000576453,-0.000324522,-0.000638311,-0.00237961,-0.00108417,0.00258035,0.000252651,-0.00118393,-0.000199291,-0.00536318,0.000524736,0.000454241,-0.00283769,0.00465189,0.00125485,-0.00103573,0.000448593,0.00133151,0.00188594,0.000269088,-0.00102031,-0.000900395,0.00131215,0.000449117,-0.00491803,0.000179895,-0.000538039,-0.00132121,-0.00256102,0.00270369,-0.00293947,-0.000163519,-0.000450602,0.00271476,0.0014182,0.001298,0.0010247,-0.00599799,-0.000522855,-0.00246279,-0.00264097,0.00182964,-0.00163151,-0.00217261,0.000553923,0.000947343,-0.000655536,0.00194869,0.00247752,0.000927735,-0.000410452,-0.00258473,0.000912041,0.000695791,0.00148176,0.00292594,-0.000800542,-0.00536823,-0.00032904,0.00186476,-0.00410088,0.00186264,-0.000438612,0.00162018,0.000625287,-0.0012252,0.00350551,-0.000352391,0.000892377,-0.00016163,-0.00279472,0.00385408,-0.00331994,0.00327973,-0.000579313
5.99496,-0.00270612,0.00225886,-0.00121374,0.00118809,0.00179395,0.00117549,0.00047685,0.000260656,-0.000401808,-0.00297825,-0.00497786,0.00097167,0.000792712,0.000470741,0.000796752,0.00061983,0.000608924,0.00182182,-0.000810875,0.00100435,0.000317476,0.000121272,0.00045608,-0.0026905,0.0015223,0.00134484,-0.00317346,0.00174597,0.00110885,7.91354e-05,0.00126219,0.00332558,0.00186782,-0.00294482,0.000604865,-5.66313e-05,0.00101125,-0.00110998,0.0023948,0.00134723,-0.000406568,-0.00187939,-0.000987936,-0.000961037,0.00122493,0.00188604,0.00183646,0.0021797,-0.00288367,0.000489802,0.00203585,0.00274161,0.000102979,-0.00196357,-0.00163912,-0.00358256,0.00223251,0.00069259,-0.00286793,0.0022646,0.00375076,-0.00124974,0.00199272,0.00364216,-0.00122305,-0.00333784,0.00312206,-0.000214242,-0.00411667,0.00166864,-0.000231761,0.0030865,0.00230324,0.00118643,-0.00264174,0.000650227,0.0014501,-0.000507622,0.000893618,-0.000914966,-0.00219447,-0.000693574,-0.000307164,0.000807811,-0.0004884,0.00215626,1.63837e-05,0.00133835,-0.000549848,0.000247022,0.000119571,-0.0013835,-0.00360919,0.00106919,0.00119693,-0.000193944,0.00221021,-0.000663168,0.00123001,0.00230726
5.96092,0.000544964,0.000682291,-0.00109846,0.00257152,9.75388e-05,0.00260227,0.00117949,-0.00166196,0.000835505,0.00120572,-0.00248341,-0.00106973,-0.00300671,-0.00149669,0.00162566,-0.00181978,0.00215903,-0.00178966,0.00306813,-0.000924207,-0.00345511,-0.000601066,0.00113426,-0.000971194,-0.00173799,0.000858185,-8.5274e-06,0.00100828,0.00100452,0.00139194,-0.000438746,-0.00142894,0.00260269,0.00207586,-0.000328709,0.00155632,0.00234881,0.000167167,-0.00267713,0.000720268,-0.00139569,0.00161567,-0.00300346,0.00113711,-0.00271548,0.000529951,0.000143722,0.000894698,0.00151159,-0.000104578,-0.00119957,0.000823792,-0.000196393,-8.08725e-05,0.0018783,-4.22727e-05,-4.15625e-06,-0.00162523,0.00200108,0.00272248,0.00121062,0.000275403,-0.000451863,0.0032712,-0.00153275,-0.00226182,0.00015784,-0.00063127,0.00144688,0.00177838,-0.00195347,0.000752749,0.0026637,-0.000927192,-0.000866756,-0.00419094,-0.00025989,0.00258492,-0.00152716,-0.00233738,0.00104403,0.00101534,-0.00142139,-0.000559683,-0.00172102,-0.00369233,0.00249226,-0.000434225,-0.000174179,0.00105827,-0.00185398,0.000342344,0.00468403,0.00255604,0.00167079,-0.00265603,-0.000272167,0.00412547,-0.0026209,0.00236689
5.92688,-0.00106808,0.00249534,-0.00296381,-0.000907024,0.000317859,0.0022665,0.00166371,0.000573812,0.000248447,-0.00379496,0.00103741,-0.00273769,0.000923769,-0.00184912,-0.00170856,0.000679222,0.000417443,0.00108075,-0.00285046,0.00177993,-6.03473e-05,-0.000450918,-0.000813323,-0.00225106,-0.00132163,0.00304278,0.000211422,0.00248414,0.00217569,-0.000655492,0.00207052,0.000824891,-0.000248667,0.00148185,-0.00125787,-0.00241077,-8.49439e-05,0.000801062,0.00325338,-0.00268946,0.00212309,-0.00274259,0.000543312,0.000777698,-0.00103055,-0.00130253,-0.00187719,-0.000235829,0.00290277,0.00288019,0.00337889,0.000176428,0.00173324,-0.00245413,0.000244555,0.00135776,-0.00284132,0.00176147,0.00220921,0.000336352,0.000651003,0.00311085,-0.000935217,0.00387425,-0.000222966,-6.87114e-05,-0.00210698,0.000502294,-0.00073213,0.000391619,-0.00281262,-0.0013881,0.000749784,0.000728463,0.00181247,0.0013799,-0.000462971,0.000691182,-0.00208504,-0.000640018,4.56689e-05,-0.00182156,-0.000277629,-0.000414704,-0.000991193,-0.00125943,0.00153079,0.00148822,-0.000964626,-9.76651e-05,0.0046623,-0.00179676,0.000124218,-0.00414141,-6.97899e-05,-0.000427966,0.00292614,0.00220777,0.000259194,0.0035631
5.89284,0.00125367,-0.00149228,-0.00280056,0.000666396,-0.000413638,0.00152539,-0.000741363,-0.00428885,0.00121091,0.00163866,-0.00245875,-0.00158761,-0.000277196,0.00451378,-0.00232506,-1.59752e-05,-0.000326995,0.00126298,-0.00568147,-0.000649481,0.00393321,0.0025799,0.00232929,-0.00568367,-0.000476365,0.000341475,0.00265126,-0.00117751,0.00187678,-0.00189612,-0.00195107,0.00116472,-0.00386264,-0.00151207,-0.00104854,-0.00268591,-0.00161837,0.00104349,-0.00105051,-0.00168895,0.00154246,-0.000603232,-0.00134476,0.000195247,-3.85151e-05,0.0013135,-0.00255945,-0.000270394,-0.000593485,-0.00153483,-0.00245074,0.000345003,0.000196703,-0.00427973,-0.000282197,0.00168902,0.00300181,0.00036262,0.002132,-0.000375655,-0.00377794,0.00144119,-0.00267112,9.15155e-05,-0.00468394,0.00185213,-0.000216967,-0.00026573,-0.00219621,-0.000431142,0.00509484,-0.00470696,-0.00124116,0.000974486,-0.00175605,0.000669339,0.00179833,-0.00181421,0.00567105,0.00300624,-0.00315836,0.00132862,0.00039227,-0.00128942,0.00114273,-0.000810762,-0.00210987,0.00374538,-0.00229019,-0.00385296,0.00199539,0.0027722,0.00196925,0.000629172,-0.00179316,0.000894563,0.00216344,-0.00167061,-0.00102657,0.00287168
5.8588,-0.00332179,0.00210837,0.00365498,0.00038887,-0.00159229,-0.00134041,0.001739,-0.00100564,-0.000917906,0.00283454,-0.00309122,-0.000471481,0.00108069,0.000442378,-0.00324415,-0.000533855,0.00040485,-0.000500927,-0.00178238,0.00296898,0.00416636,0.00114151,-0.00366386,0.000860594,-0.00116247,-0.000590152,0.00100659,0.00182783,0.0010072,-0.00254767,0.00234834,0.000421874,-0.00487826,0.00141544,-0.00352767,0.0019493,-0.000217751,-0.00182069,3.84568e-06,0.00183158,0.000653406,-0.00106897,0.0014079,0.00190251,0.00499567,-0.000333247,0.00330291,-0.00129213,-0.000352253,0.00189284,-0.00168434,0.000542724,0.0018015,0.00501928,-0.000877902,-0.00232796,0.00220822,0.00291505,-0.00198081,0.0027273,-0.00381727,0.00584047,-0.000942999,0.00182596,-0.00349627,-0.000784259,0.00192761,-0.000887748,0.00142447,0.00434287,-0.000255832,-0.00188679,0.000782332,-0.00138678,-0.000740693,-0.000628475,0.00237932,-0.00517643,0.00189103,-0.000404067,0.0031929,-0.00111143,0.00131293,-0.00310074,0.00031508,-0.000941513,-0.00266427,-0.000618245,-0.00284007,0.00264719,0.00161883,0.00102793,0.00227299,6.78523e-05,-0.00214058,0.00112692,-0.000272211,-0.000762385,-0.000111292,0.000220022
5.82476,0.000280366,0.00277954,0.00146315,-0.00162319,-0.00242493,0.000181501,0.000930741,0.00203545,0.00197084,-0.00439843,-0.000199398,0.000311751,0.0028975,-0.000950754,-0.000916352,0.00488201,-0.00148956,-0.00224079,-0.00271489,0.00105537,-0.00178611,-0.000296316,0.00141139,-2.03616e-05,0.00180172,0.00370763,0.00322665,-0.00150306,-2.35122e-06,0.000390498,0.000622702,-0.00101825,-0.00103948,0.000338189,0.0021286,-0.000999333,-6.7184e-05,0.00129768,-0.0028164,0.00193529,-0.000140817,0.000725987,-0.000703239,0.00332306,-0.00168388,-0.0032639,0.000873368,0.00228702,-0.00483506,-0.0012859,0.00158375,0.0046411,0.00101048,-0.0024876,-0.000239844,-0.001847,-0.00131561,0.00155031,-9.6886e-05,-0.000440888,0.00284341,-0.00147167,0.00457795,-0.00287896,-0.000969347,-0.00201287,0.00309808,0.00282304,-0.00277221,0.000428475,0.00131128,-0.00347976,-0.000986074,-0.00264429,-0.000357828,0.00198271,0.00163875,0.00383654,-5.32378e-05,-0.0020417,0.00151175,-0.00296206,-0.000523665,0.000774117,0.00202236,0.000522689,0.00227516,0.00209551,6.86071e-05,0.000108759,0.000466749,0.0029093,-7.10182e-05,-0.00209189,-0.0048125,-0.000416583,-0.00186728,0.00164645,-0.000495366,-0.000454819
5.79072,-0.00093619,0.00228319,0.00384626,0.000855059,-0.000325142,0.00148453,0.00177524,-0.00232454,-0.00214107,-0.00358298,-0.00251053,5.26231e-06,-0.00127528,-0.00310616,-0.0028349,-0.00150689,-0.00307693,-0.000229942,-0.00112558,-0.00147712,0.00587869,0.00292485,-0.00320275,0.000901422,0.000245161,0.000825729,-0.000584572,0.00118867,-0.00386348,-0.00226749,-0.00273516,0.00173787,0.00109183,-0.00212398,0.00141781,-0.000267233,0.00171246,0.00159622,0.000873439,0.000408668,0.00108695,0.00268268,0.00183361,0.000280393,0.0013856,0.000637479,-0.00188682,4.88338e-06,0.00234613,0.00326347,0.00250968,-0.00118718,0.00187879,-0.00265135,0.000503168,-0.00146024,0.00231333,0.00368431,0.00262107,0.00265437,-6.12942e-05,-0.000295356,0.00129943,-0.000124251,-0.000974948,-0.000661882,0.000181877,-0.00172767,0.00351042,-0.0021772,-0.00403574,-0.00209049,-0.00214882,0.000259779,-0.000447871,-0.00107627,-0.00141258,0.00113391,0.000744488,0.00180376,0.00188261,0.00224862,8.41226e-06,-0.00404154,-0.000519999,-0.00193497,-4.8701e-05,0.0018863,-0.00321895,0.00102694,0.000366909,-0.00551871,-0.00320058,0.00225236,0.00181537,0.00108107,0.00222105,0.0010524,-0.00468688,0.00124698
5.75668,0.000194067,0.00139703,0.000143359,-0.000660735,0.00224834,0.000114451,-0.00181501,0.00176755,-0.00250328,0.000515133,0.00032077,-0.00190206,0.00269793,0.000450303,0.00102097,-0.00185919,0.00152803,0.00025183,0.000330684,0.00462364,-0.00117118,-0.00475507,-0.00294244,-0.00133603,-0.00237914,-0.0012354,-0.00227704,-0.00112683,0.000480935,0.000972005,-0.00246887,0.00101362,-0.00047064,-0.00101903,-0.00348374,0.00149572,-0.000629236,-0.00314213,-0.00182943,-0.00160668,-0.00170515,0.00143826,0.00115758,-0.00110886,-0.000101953,-0.00282075,-0.00167606,3.71724e-05,-7.81528e-05,0.000115737,-0.00120334,0.00039469,0.00163059,0.000324646,-0.00213521,0.00160138,-0.00163754,-0.00136941,0.0022723,-0.00190892,0.00227351,-0.00125923,9.81925e-05,-0.000475406,0.00301833,0.00230789,-0.00127752,-0.00212828,-0.00282071,-0.00200737,0.00177958,0.00279372,0.000517859,0.00271918,0.00145915,-0.00143525,0.00341541,-0.000595057,-0.000944227,0.000559349,0.000964903,0.0006723,-0.000804985,-0.00471223,0.000819777,-0.00369125,-0.00304375,-0.000618421,-0.000816621,0.000426299,-0.000764766,-0.00191975,0.00153771,0.000905027,-0.00204571,-0.00133301,0.00172142,-0.00202801,0.00309028,0.00165433
5.72264,0.00283726,-0.00199799,0.00183779,0.00220261,0.00107984,-0.000548596,0.000672051,-0.00110896,-0.00376049,0.0020469,-0.00235096,0.000457918,-0.00658601,0.00190789,-0.00312464,2.39435e-05,0.000738085,-0.00142987,-0.00237128,-0.00439011,0.00143382,0.000492875,-0.00135398,0.000874438,0.00229481,-0.00495144,-0.00242376,-0.0024454,0.000970789,0.00405352,-0.000548642,-0.000838118,-0.000721288,0.00207724,-0.00198997,0.00190237,0.00451197,0.00103519,-0.000620063,-0.00119479,-0.00110781,-0.00262894,0.00156205,-0.00128999,0.00176102,0.0014898,9.86976e-05,-0.00241209,-0.00128661,-0.00252317,-0.000181758,-0.0014678,0.00244989,-0.00122305,-0.000575695,-0.00328032,-0.00195951,-0.000670894,-0.00300381,-0.000392257,-0.0010218,1.08568e-05,0.00184719,-0.00026939,-0.00033586,-0.00100475,-0.00295771,-0.00025636,0.000104492,-0.000997464,0.00125882,0.00058426,0.00132196,-0.000218427,-0.000881433,0.00222545,-0.00152263,-0.00298736,-0.00120271,-0.000788369,0.000100675,0.00355573,-0.000687726,-0.00217068,-0.000203811,0.000971993,1.42046e-05,0.00216418,-0.00228507,7.47863e-05,-0.00142206,0.00258407,-0.00116537,0.000326004,-0.00176191,0.00222357,-0.000462443,-0.000985132,0.000723469,0.0026138
5.6886,-0.00229278,0.00303597,-0.000875891,0.00145816,-0.000951563,0.000254485,0.00196302,-0.00345016,-0.00126943,0.000920553,-0.000426961,0.00108462,-0.000454198,0.00295389,0.00265503,0.000909132,-0.00242795,-0.00194932,-0.00125146,0.00107314,0.00342589,0.00144354,0.00419035,0.00186877,-0.000622915,-0.00142537,-0.00142359,-0.00111757,-0.00054504,0.0019123,0.00338339,-0.000619163,-0.000177651,0.000975421,0.00181,0.00181668,-0.00213498,0.000519138,-0.00227647,0.00143959,-0.0013929,0.000807797,0.00138974,-0.00200295,0.000106541,0.00167273,-0.0030525,0.00175003,0.00137423,-0.000474829,0.00111444,-0.000407139,-0.000510508,0.000662787,0.000178983,-0.00175505,-0.000113496,-0.00604815,0.00317143,0.00224425,0.000591947,-0.0022731,0.00520965,0.000800172,-0.000658949,7.16962e-06,0.000399622,0.00161144,-0.000356127,0.000725838,0.00463678,0.00284764,0.00353436,-0.00331572,0.000347377,-0.00176972,0.00251959,0.00174341,-0.00189408,0.00141315,-0.00115625,0.00344607,-0.00133383,7.37489e-05,0.000722902,-0.000743234,0.00102293,-0.00285503,-0.000943734,0.000860264,8.07017e-05,-0.00189024,0.00133942,-0.00124364,0.00279007,0.00143393,-0.00268351,-0.00148855,-0.00150104,-0.00289898
5.65456,0.00244413,-0.00142386,-0.00115473,-0.000571296,-0.00208747,0.000781208,-0.000425426,-0.00228813,0.000107967,0.00226959,-0.00216708,-0.00167228,0.00217651,-0.000299686,0.000274609,0.000889406,-0.0001099,0.000882574,0.00372702,-0.00151516,-1.70418e-05,4.69769e-05,0.00367695,-0.000576862,0.00444802,-0.000406351,0.00318877,-0.00169771,-0.00189347,0.0014798,-0.00233986,0.000515426,-0.00127114,0.00104188,-0.000551385,-0.00214225,0.00153372,0.000254281,-0.00143986,-3.44447e-05,-0.000485916,-0.00151729,0.00172332,-7.93853e-05,-0.00206806,-0.00209665,0.00122364,-0.000719573,0.00259657,-0.000463002,0.00174302,0.00415847,0.00312002,-0.00170324,-0.00461169,-0.00021801,-0.00317024,0.00157879,0.00350513,-0.00271293,-0.00137417,-0.00317378,0.000143336,-0.00190187,-0.00656519,0.00221214,-0.00195341,-0.00122286,0.00224723,0.000970771,-0.000997428,0.00237662,0.00146806,-0.00449686,0.00223863,6.2123e-06,0.00284916,-0.00120327,0.00358048,-0.000257505,0.00176111,-0.00281642,-0.000185442,-0.00218835,-0.000393582,-0.00062968,-0.00109657,5.84793e-05,-0.00101099,0.00313974,-0.00198683,0.000760217,-0.00155636,-0.00202275,0.0052217,0.000384545,0.00132507,-0.00350777,-0.000933932,-0.000872061
5.62052,0.000120989,-0.00627106,-0.000328147,-0.00167343,0.000184408,0.00360073,4.8224e-05,-0.00224774,0.00053983,-0.00228073,0.00309153,-0.000455115,0.000614441,0.0017844,-0.00194223,-0.00075361,0.00021588,0.00101891,-0.00165478,0.000319373,-0.00286986,0.00324678,-0.00158511,0.000551273,0.000201938,-0.00068505,-0.00244006,-0.00289875,-0.00270259,0.000504187,-0.000633289,0.00228077,0.00403386,0.00194474,-0.00105185,0.00157758,0.00111169,-0.00369028,0.000550588,-0.00398125,-0.00153556,0.000568069,-0.000490922,0.00157006,-0.000902112,-0.00150763,-0.001503,-0.00175093,-0.000682928,0.000332233,-0.000573115,0.00111384,0.000521629,-0.00228556,0.000347078,0.00020485,0.00201143,-0.00132801,-0.00369612,0.0011709,-0.00199979,-0.000968705,0.0017669,-0.00272282,0.000558669,0.00153198,0.00165625,0.00386777,0.000564241,0.0023719,0.0052074,-0.00221824,-0.00228936,0.00311343,0.00155628,-0.000811153,0.000765591,0.00194603,0.000523066,-0.00142423,0.00174046,0.00162307,0.00486361,0.00108354,0.00257957,0.00210644,0.00103856,0.00413062,-9.20046e-05,0.000832039,5.11006e-05,-0.00276934,-0.00197835,-0.000865961,-0.00199169,0.00174934,-0.000476202,0.000784234,0.00312924,0.00512211
5.58647,0.00348777,0.00178974,0.00106251,-0.000409387,-0.00273303,0.00283538,-0.000720028,-0.00248784,0.002791,-0.00233388,0.00128054,-0.0026913,0.00201942,-0.000423432,0.00068536,0.0019195,-0.00026795,-0.00291169,-5.72922e-05,-0.000893367,0.00230103,-0.00011952,0.00358466,-0.000987682,0.000292783,-0.00319432,0.0026698,0.000525863,-0.00026666,-0.0026589,0.00174737,-0.00049818,-0.00480807,-0.00172111,-0.00324036,-0.00113608,0.00131377,-0.000297385,-0.00436208,-0.00388225,-0.00398988,0.000829086,0.000767472,-0.00280582,0.00309799,0.000569046,-0.000461487,-0.000272526,0.00172744,0.00155934,-0.000294105,-0.00117695,0.00255819,-0.0015011,0.00099842,-0.00288189,0.00444682,0.000157565,-0.00423517,-0.00207977,0.000684199,0.000910952,0.001328,-0.00263283,7.05524e-06,0.000121774,0.000604084,0.000574212,-5.03755e-05,0.00225781,-0.00113516,0.000430794,5.20072e-05,0.00231474,0.000183043,0.00209788,-0.00106987,-0.00184684,0.000150892,-0.00352346,-0.000557794,-0.00113692,-0.00283886,-0.000576186,-0.000561068,0.0018413,-0.000265973,-0.000241261,0.000761746,0.00370824,-0.00152939,-0.000390905,0.0021716,-5.01862e-05,0.00101584,0.00401622,0.000687928,0.00134939,-0.000421783,-0.000939693
5.55243,-0.00239091,0.00100133,-0.00113765,0.000271114,-0.00548979,0.00330606,-0.000547613,-0.00137809,-0.00026423,-0.000573701,0.00134056,0.00102466,0.000909804,-0.00306524,-0.00179768,0.00240454,0.00290472,-0.00309041,0.00257426,0.000277182,2.30804e-05,0.00139861,0.00032146,-9.05333e-05,-0.000694019,0.0025414,0.000415684,0.00205659,0.00277973,-0.00116068,-0.00352528,-0.000184171,0.00331205,0.0017796,-0.00230797,-0.00125159,0.0051041,0.00209367,-0.00163302,0.00177798,0.000689853,-0.00199606,0.000647354,0.000232847,0.00277719,-0.00301142,0.000560102,-0.00020496,0.000603752,-0.000873734,-0.000809992,-0.0024477,-0.00236817,-0.00279352,-0.00179814,-0.00308741,0.00171179,0.00309542,0.00103144,-0.0030601,0.00107151,-0.0017064,-0.000635051,-0.000150815,-0.00322463,0.00408892,0.00163208,0.00166045,0.00146737,0.0011449,-0.00137965,0.00390146,0.00144525,2.4978e-05,0.000675294,0.000698314,0.00273646,-0.00117558,0.000821774,0.00232164,0.00107222,0.00198707,0.000646183,-0.00276939,0.000191684,-0.00309316,0.00137409,0.00133079,0.002254,-0.000170468,0.00128438,8.71218e-05,0.000493386,-0.00117964,0.00180938,0.000561675,0.00124914,-0.000845096,0.000370149,0.000185994
5.51839,-0.00425178,-0.000535652,-0.000958796,0.00183736,-0.000124787,-0.000423605,-0.000928801,0.00249156,-0.00337452,0.00172493,-0.0019922,-0.00283613,-0.00142102,0.00176119,0.00307266,0.00363604,0.000526374,-9.38939e-06,-0.00105006,-0.00293182,-0.000757176,-0.00738876,0.00296275,-0.000358566,-0.00241137,0.0039712,0.00189878,-0.00129341,0.000818418,-0.00094011,-0.000958053,0.000505572,-0.0016563,0.00097052,-0.00304577,-0.00111805,0.00133525,-0.000225993,0.00190746,-0.00192875,-0.00212284,-0.000916035,0.00355323,-0.000473191,-0.00249211,0.000621916,-0.00124511,0.00302676,0.000540491,-0.00139052,-0.00194339,-0.00150539,-0.00157454,0.00381616,0.00232337,-0.00145278,0.00194179,0.000830557,-0.00128762,0.000449899,-0.00478905,0.00131917,0.000842178,-0.00140613,0.000949377,-0.00149777,-0.00172108,-0.00170522,-2.7348e-06,0.00173451,0.00492739,0.00229898,0.00207289,-0.000860388,-0.00105351,-0.000548076,0.00171848,0.00258782,-0.00115908,-0.000759109,0.000242441,0.00278688,0.000825488,4.77971e-05,-0.00107194,-0.00110489,0.000574082,-0.00129058,0.0008789,0.000227599,-0.000860155,-9.20831e-05,0.00220239,0.000487402,0.00169078,-0.00259547,0.00115606,0.00137116,0.000471769,-0.000268881
5.48435,0.00078264,0.00228271,0.00394566,-0.00409876,-0.00111763,-0.00234192,-0.000498364,0.000194786,0.00194796,0.000931757,-0.000243035,-0.00175854,-0.00137098,-0.000367744,0.00124004,-0.00381628,-0.0016013,0.00292575,0.00080824,0.00301323,-0.00273141,0.00381669,-0.00359327,-0.00202052,-0.00122924,-0.00081788,-0.00127115,-0.00128226,-0.000209932,0.00246265,-0.00107062,-0.000292054,0.0024779,0.00333883,-0.00273881,-0.00222611,7.62794e-05,-0.00146622,0.00309343,-0.0014616,-0.00317156,-0.000274337,-0.00241159,0.00101424,-0.00131493,0.00181306,0.000684344,0.00151198,-0.00289748,0.00100301,0.00329603,0.00170629,3.57907e-05,0.000295374,-0.00104445,0.00247132,-0.0032247,-0.00168518,0.00220408,-0.000338999,0.000113844,-0.00244093,0.00295401,-0.0037656,-0.00110394,-4.76623e-05,0.000442543,-0.00160855,-0.000355994,0.000928715,-0.000315404,0.00384811,0.00023186,0.000459418,0.00160863,0.00182912,0.000417661,-0.0019919,0.00340509,0.00148811,0.00155522,0.000768223,0.0021731,-0.00338321,-0.000283504,-0.00242304,-0.000576119,-0.000256212,0.000885322,0.000171602,-0.00267085,-0.00150517,0.000588773,0.000737629,7.72603e-05,-0.00336613,0.00165401,0.0030649,-0.00196066,0.000494171
5.45031,-0.000478702,-0.00349811,0.000953068,0.000700568,-0.00287397,0.000931128,-0.00171659,0.000314751,0.000153423,0.00205793,0.00157323,-0.00199201,0.00100027,-0.00190519,-0.00239682,0.000777222,0.00206197,0.000837545,8.17554e-05,-0.000746864,-0.000317889,-0.000734269,0.00197906,-0.00348545,0.00124916,0.00154047,0.00229083,0.0025213,-0.0012744,-0.00348308,-0.00211771,-0.000893265,0.000929582,0.00225851,-0.00122572,0.00397881,0.000424148,-0.000618054,-0.0045817,-0.0019603,0.003058,-0.00155123,0.00163414,0.00770729,0.000183216,0.0026895,-0.00330774,-0.0011217,0.000933722,-0.000981431,0.000820716,0.00547968,-0.00191938,0.000594422,-0.00304547,-0.00371253,0.00288505,0.00462179,0.000250717,-0.000939654,-0.000424107,-0.00193625,-0.000706645,-0.000581754,-0.00227289,0.0024148,0.00217462,0.000430738,-0.00204004,-0.00131739,-0.00271898,-0.000337185,-0.000307295,-0.000836154,-0.000514202,0.00029371,0.00135102,-0.000233474,-0.000130674,-0.0028724,0.000556392,-0.00303357,-0.00234904,0.00078727,-0.000388514,-0.000737876,0.00022884,-0.00150506,0.00201555,-0.00459399,0.00151128,0.00381305,-0.000231248,0.000156555,0.00483497,0.000675181,0.000331857,0.000868189,-0.00281351,-0.00221164
5.41627,-0.000881173,0.00208121,-0.000268465,0.00300429,-0.000994007,0.00113682,0.00324157,0.00189915,-0.00108073,0.00318108,5.53361e-05,-0.00300211,-0.000186604,-0.00305234,-0.0009009,-0.000644209,0.00109855,0.00384089,-0.0048943,0.00080376,-0.00178599,-0.000213596,0.00200543,0.00312913,-0.000847534,-0.00127516,-0.00194481,-0.000276089,-0.000931308,-0.000332977,0.00330837,0.00064956,-0.00100616,-0.000196201,-9.78607e-05,0.00329582,0.000235104,0.00121553,-0.000876438,-0.0012083,0.000854201,0.00190467,-0.000789421,-0.00487615,-0.000302561,-0.00622073,-0.000767755,-0.00107617,0.0023585,-0.00187887,0.000914036,-0.00163406,-0.00173344,-0.00114377,0.0022565,-0.000849265,-0.00213885,5.51763e-05,1.24132e-05,0.00158112,-0.00242073,-0.00286375,-0.00220973,-0.00128603,0.00212273,0.00227929,-0.00303839,0.00215559,-0.00209395,0.00256548,0.00177462,0.000999807,-0.00114203,0.000641348,0.00285305,0.00181249,0.00344717,-0.000204607,0.000290208,0.00071821,-0.000911496,0.00194419,-0.000955996,5.54191e-05,-0.00218572,0.00236942,-1.34354e-05,-0.00150293,0.00214205,0.00314355,-0.000605039,-0.00183125,-0.00216062,0.00298386,-0.00098216,-0.00252467,0.00137426,-0.000520322,-0.00215065,-0.0013094
5.38223,0.00303532,-0.00107638,0.000750078,-0.00249678,-0.00232291,-7.03779e-05,-0.00056601,-0.00100696,0.000249765,0.00093655,0.00491416,0.00311658,0.0006935,0.00104866,-0.00296842,-0.000252576,-0.000546799,0.00107839,0.00360265,-0.00467943,1.31686e-06,0.00357718,-0.00199916,-0.000833398,0.00417743,0.000233715,0.000941296,0.00140091,0.000465297,0.00274583,-0.000214446,-0.00587254,-0.00166604,-0.000823717,-0.00132996,-0.00570161,-0.000206357,-0.00288956,-0.00212431,-0.0016392,0.00148486,0.00126809,-0.00237222,-0.00193512,-0.0029278,0.000629262,0.00301626,0.000438483,0.000978169,1.74559e-06,0.000385799,0.00313267,-0.00373157,0.000464254,-0.00183673,0.00269494,0.000396232,-9.71907e-05,-0.00229306,0.00116185,-0.00222267,-0.00035015,-1.2349e-05,-0.000294551,-0.00128748,0.000948526,0.00279168,-0.00125442,-0.00112504,0.00348611,0.00126967,0.0012829,-0.00132456,-0.00264162,0.00103348,-0.000196961,-0.00047685,-0.00035546,-0.00167237,-0.00118401,0.00309949,0.000679146,0.000572972,-0.00116365,-0.00161965,0.00104574,-0.00121469,-0.00324893,0.00260394,0.00219526,0.00347847,-0.000481168,-0.00190756,-0.00120022,0.00188139,0.00041136,-0.000496032,0.00203593,-0.0036254,-0.00110424
5.34819,-0.00293232,0.00335162,0.00320039,-0.000286316,0.000828705,-0.00014262,-0.00183978,-0.00165024,0.000450614,-0.00203906,-0.00139175,-0.00298604,0.00292745,-1.2455e-05,-0.00286193,-0.000280525,-0.00166629,-0.00127854,0.00590106,-0.00221097,0.00164172,0.00209927,6.76674e-05,-0.000244822,-0.00342466,0.00203835,-0.00154987,-0.00291772,-0.00100009,-0.00292178,0.001415,-0.00296588,-0.000502957,-0.000271099,-0.00159217,0.00139428,-0.00121023,-4.00417e-05,-0.000650143,-0.000829463,-0.00475726,0.000194466,-0.00115607,0.000794587,-6.91099e-05,-0.000204358,-0.00390031,0.000217778,-0.000664664,-8.47179e-05,-0.000191217,-0.00120825,0.000733091,0.00128806,-0.00136645,0.000513003,0.000355946,-0.00069514,0.00050868,0.000763607,-0.00127206,-0.0033083,0.00149873,0.00307879,-0.00123987,-0.00256365,0.00161702,-0.000509862,-0.000207739,7.99022e-05,0.00232738,-0.00138562,-0.0050494,0.000744811,-0.00256229,0.00141557,0.00127683,-0.00180667,-0.000644572,0.00182931,-0.0012067,0.00312165,0.00434483,0.000294239,-0.000559544,-0.00097236,-0.00523029,-0.00433791,0.00262641,-0.00244197,0.00319025,0.00110589,-0.00216474,-0.000289532,-0.00321498,0.00213297,-0.000393306,-0.0021282,-0.00128163,-0.000385247
5.31415,0.00173848,-0.00147377,0.00362187,-0.001721,-0.00050695,0.00175074,0.000796013,-0.00343048,0.00023655,0.000339199,-0.00221548,-0.000405377,-0.00189249,-6.74058e-05,0.00101385,0.000279431,-6.53778e-05,0.00246519,-0.00084898,-0.000673496,6.70917e-05,0.000920078,0.00346109,0.00168046,-0.000720505,-0.000383335,-0.00159699,0.00505165,-0.00129182,-0.000298508,0.000886037,0.00158465,-0.00017593,0.00214573,-0.00109188,6.49483e-05,0.00049302,0.00296196,0.0016708,0.000488073,0.00285705,-0.00118361,-2.14381e-05,0.00317072,-0.000542858,-0.000760715,0.000680862,0.00141947,0.00104939,2.01779e-05,-0.000549093,-0.000151289,0.000674172,0.00353906,0.00109502,6.72942e-05,-0.00105456,0.00157855,0.000368751,0.000818662,0.000628055,-0.00159918,0.000137494,0.00136613,0.000209051,0.0016601,-0.00264156,-0.00133959,-0.000660168,-0.000135622,0.00219122,-0.00266398,-0.00157101,0.00285284,-0.000832917,-0.000727133,-0.000226734,-0.00270644,-0.000815537,0.00299671,-0.000978766,-0.0016747,0.00472289,0.00134519,-0.00314302,-0.00358069,0.000645722,0.00427125,-0.00158324,-0.00236448,0.000123516,-0.000278181,-0.000360032,-0.00590651,0.000528644,-0.000903075,1.4797e-05,0.00372594,0.000247351,0.000449507
5.28011,-0.00321807,0.00169706,0.000842163,-0.000664054,-0.00162505,-0.000342191,0.000726597,0.000881565,-0.000756893,0.00663649,-9.05137e-05,0.00129632,-0.000735242,-0.00263784,-0.00211469,-0.000951099,0.00315424,0.00265907,0.00103153,0.000896272,0.000822196,0.00135537,0.00105406,-0.000112915,-0.00278169,-0.0018091,-0.00186525,0.00553829,-0.00250238,0.00108991,-0.00237133,-0.00176663,-0.000605785,-0.0014744,-0.00111393,0.00124335,0.00297061,0.00427877,-0.00735489,0.00361983,-0.0029044,-0.000843476,0.00225165,0.000467075,0.00350489,0.00512936,-4.57657e-05,-0.00253226,-0.000166553,-0.000924926,-0.000353329,-0.000768305,0.00488668,0.000889296,4.93228e-05,-0.000130303,-0.00145446,0.00293644,-0.00205196,0.00226928,0.00173554,-0.00231132,0.00125497,-0.000708475,-0.00313852,-0.00170118,0.000546269,0.00210055,-0.00230287,-0.00141531,-0.000621442,-0.000682511,0.00114016,0.00298667,0.000235373,-0.000239352,0.00127819,0.000865181,0.00406522,-0.00243106,0.00154367,-0.00106397,-0.000317904,-0.000302354,0.00117496,0.000303344,-0.00107893,-0.00464428,-0.00208252,2.91501e-05,-0.00350993,0.000350031,-0.00167002,0.000559805,0.000699252,-0.00122326,-0.00162072,0.00108982,-0.00508859,-0.00101918
5.24607,0.000456304,0.000878881,0.000498185,-0.000520319,-0.00261971,0.000929975,0.00195214,-0.000631999,0.000354488,-0.000917593,-0.000202972,-2.88487e-05,4.69356e-05,-0.00466607,0.00142377,-0.00272819,-0.000266783,6.06165e-05,-0.00228366,0.00180285,0.00101637,-0.00145715,-0.000262582,0.000532852,-0.00103902,-0.0021416,0.00225992,0.000286351,0.00181247,-0.00296267,-0.00518335,0.000316013,-0.000550816,0.000667047,0.00236437,0.00092034,-0.0015489,0.00301411,0.00102533,-0.000707533,0.000685374,-0.00132432,-0.000380466,0.00212449,0.000886771,0.000800368,0.00205869,0.00125482,0.000690956,0.000851503,-6.03644e-05,-0.00133756,0.00123265,0.00289862,0.000556807,-0.00133418,-0.000580598,-0.00370549,0.00381851,0.00103917,0.00150585,-0.00300208,-0.000360577,0.00136342,0.00460046,-0.000960191,0.0018705,0.00173469,-0.000636889,-0.00214452,-0.0022908,0.00128024,-0.00039259,0.00336275,0.000929797,0.000864138,-0.00120543,-0.00245208,-0.00127205,-0.000379346,0.00310557,-0.00196385,0.00375347,0.00169119,-0.00093306,0.000249823,-0.000856369,0.000475805,6.9685e-05,0.00050278,-0.000298325,-0.000849757,-0.00289757,0.0019044,0.000656743,0.000797909,0.000632148,0.00145729,0.00265782,0.000622521
5.21203,0.00143336,0.00306598,0.00135382,0.00184432,-0.00222486,0.00147298,0.000859366,-0.0012193,-0.000706269,0.000832232,-0.00163887,0.000621397,0.000967939,0.00225049,-0.000481437,-0.0037727,-0.00200277,0.000827469,0.00168656,0.000729316,0.00195631,0.00262289,0.00105581,0.000775098,-0.00343413,-0.00167184,0.00189561,-0.0007684,0.00168678,0.000674986,-0.000291238,3.17995e-05,0.00251955,0.000818342,0.00020215,-0.000788384,-0.000804562,-0.000926447,0.000582461,0.00389736,-0.000224451,0.00381166,-5.33829e-05,-0.000849943,0.00103758,-0.00157116,0.00123974,0.00538605,-0.000879915,-0.000760016,0.00113475,0.000344778,0.000881457,0.000425206,-0.000778467,0.000209837,-0.00089724,0.00100824,0.00281123,-0.00112583,0.000682588,-0.00119199,-0.00209647,-0.00125135,0.000748315,-0.00045075,0.000333838,-0.00155685,-0.00308975,0.0025613,0.00138077,-0.000904702,-0.00208407,0.00237753,-0.000807496,-0.000445538,-0.0024787,0.00183741,0.000338523,0.0017518,-0.00033897,0.00236919,-0.000611782,0.00295385,0.000321083,-0.0022753,-0.000279378,7.8765e-05,0.00547109,-0.00121478,-0.00106455,0.0010336,-0.00308766,0.00200192,0.00132867,0.00231975,-0.00224839,-0.000126684,-0.000345722,0.00224292
5.17798,-0.00262409,-0.00304866,0.00062647,-0.000537827,0.000291024,0.00482324,-0.00176701,0.000598001,0.000872972,-0.000148553,0.000570808,0.00222184,-0.00033181,-0.00220591,-0.000589497,-0.00275997,0.000390158,0.000142132,-0.0022854,0.000204311,-0.0035418,-0.000877401,-0.000799489,1.84567e-05,0.00128129,0.000696378,0.00383097,-0.00109097,0.000193611,-0.00422686,0.000728159,0.00138545,0.00120878,-0.00247762,-0.00132657,0.00110795,-0.000305301,0.00204631,2.97978e-05,-0.00386122,0.000568383,0.00135685,0.00298298,0.000829783,-2.2263e-05,0.000382679,0.00128851,0.00063984,0.00208164,2.37232e-05,0.000706319,0.00142117,0.0029244,-0.00323454,-9.12656e-05,0.00264077,-0.000857516,0.0019544,0.00196535,-0.00121445,0.00456802,0.00289493,0.000976973,0.00164684,0.000342414,-0.000976568,0.00132896,-0.00201997,0.00063668,0.00237601,0.0027879,-0.000728801,0.000283173,0.00307388,0.00341493,0.000136128,0.00317498,0.00498798,0.00202812,-0.00191979,0.00112251,-0.000222015,0.00221835,-0.00101814,0.000289253,0.00240373,-0.00107585,0.00134321,-0.000978095,0.00194526,-0.00166824,-0.000185189,-3.33403e-05,0.00123545,-0.000452458,0.00630898,0.00325511,-0.000211404,0.00242288,0.00233612
5.14394,-0.000696992,-0.00137891,0.0029107,0.000449289,-0.000396804,0.00133724,0.000801423,-0.000174916,0.000564051,-0.000524787,0.00252552,2.40167e-05,-0.000174304,0.000747505,-0.00179868,-5.45854e-05,-0.00051169,0.00143511,0.00216545,0.00102405,0.00065581,-0.00212175,3.84843e-05,-0.00284158,-0.000586477,0.000925325,0.000684169,-0.00452415,-0.000636734,0.000861738,-0.00124853,0.00220759,0.00136397,-0.00016165,0.00148102,0.00159057,0.000419568,-1.18879e-05,-0.000268883,0.00205815,0.00101664,0.00298403,0.00392736,0.0001925,0.00349682,0.000855055,0.000286729,2.32172e-05,-0.00057435,-0.00211734,-0.00148579,0.00256448,-0.00283662,0.00202585,0.000254757,0.00309473,0.00165171,0.00339989,0.00555826,0.00225967,8.75686e-05,0.00350351,0.00170191,-0.00018234,0.00110579,-0.00144166,0.000425911,0.000781146,0.00418282,0.00416779,0.00202573,0.00157055,0.00327306,-0.00102261,-0.000754727,-0.00164593,0.00224753,-0.00219354,-0.000246398,0.000857129,-0.00221301,-0.00329444,-8.31813e-05,0.000312348,0.000860597,-0.00254851,-0.00367084,0.00222741,7.40975e-05,0.000970979,0.000443924,-0.000467755,0.000179834,-0.000381646,-0.000654629,0.000789716,-0.00179602,0.0012109,-0.0026542,-0.00161181
5.1099,0.00415519,-0.000504598,-0.00197778,0.000848169,8.77635e-05,-9.25669e-05,0.000104749,0.00300254,-0.00137495,-0.000419423,-0.00395879,-0.000858996,-0.00110442,0.000597426,0.00181128,-0.000467562,-0.000501133,0.001816,-0.000441411,-1.34395e-06,0.000734147,-0.00165699,-0.000462642,-0.000279369,0.00133502,0.00513113,-0.0016559,0.000313013,0.0016366,0.00124751,0.00128475,0.00321624,0.0036924,0.00362916,0.000506788,0.000790577,0.000640795,-0.000136837,0.00283057,0.00261496,-0.00156327,-0.00193658,-0.00183675,0.000845634,0.00144046,0.00455549,0.000279427,-0.000163089,0.00287032,0.00343415,0.00313721,0.00226259,0.00351259,0.000948961,0.00531328,0.00251681,0.00260302,0.00187627,5.44924e-05,0.00281181,0.000435544,-3.33509e-05,0.00176825,0.0035265,-0.00116198,-0.00248483,0.000731835,0.0038466,0.00132212,0.000657535,0.000352329,0.00260689,-0.000998341,-0.00220862,0.000313375,0.0018367,0.00180755,0.00367645,0.00112819,9.58891e-05,0.000487017,-0.000258188,-0.00258952,-0.00128221,-0.00177879,-0.00180388,0.000992012,-0.000271866,0.00164787,-0.000180931,0.00263273,-0.00459924,-0.000811236,0.000948949,0.00423215,-0.00183053,0.00354722,0.00176435,-0.000889201,0.00138748
5.07586,0.00384821,0.00142522,0.000273124,0.00305713,-0.0016352,9.96108e-05,0.000544205,-0.000811698,-0.00225985,0.000488368,-0.000831966,0.000598442,-0.00231842,-0.000159879,0.000402834,-0.00273841,-0.00159492,0.00144207,0.00166618,0.000393861,-0.00416624,-0.000595637,0.00092921,-0.00261191,-0.000946049,0.0034677,-0.00248629,0.00517802,-0.000581321,-0.0014268,-0.000186083,1.2079e-05,-0.000236419,-0.000639661,-0.00288559,0.00170015,0.00407109,-0.00473868,0.000934759,0.000467206,0.00035467,-0.00214727,0.00166338,0.00181549,0.00288497,0.00725768,0.00298804,0.00251397,0.00108399,0.00511754,0.0026804,0.00212148,0.00360776,0.00165158,0.00331044,0.00208358,0.00458109,0.00204111,0.00486332,0.00341099,0.00321556,0.00353304,0.00186306,0.0031875,0.00310321,0.00129705,0.00201045,-0.0020771,0.00138849,0.000881825,0.000732244,-0.000823554,-0.000789741,-0.000453433,-0.001817,0.00210163,0.00340816,-0.00070775,-0.00101023,-0.00121465,-0.00119665,-0.000842396,-0.000759945,-0.000808879,0.000678654,-0.00253387,0.000463443,0.000978101,0.00434934,-0.00188793,-0.00137615,-0.000907132,0.00168304,-0.000339943,-0.000765562,0.00112066,-0.0026189,0.000553454,-0.00232933,-0.000507134
5.04182,0.00049335,-0.000667132,-0.00223267,0.000656215,-0.000235047,-0.00280413,0.0029463,-0.00163528,-0.00182318,0.000484564,-0.00458695,0.000618884,-0.000404242,0.000424502,-0.00199018,-0.00134359,0.00220162,-0.00147876,-0.00163741,-0.0027437,-0.00050982,-0.00107306,-0.0014746,1.94358e-05,-0.00121353,0.000657683,0.000179646,-0.00306093,0.0013049,-0.000683289,-0.00115063,0.00176143,-0.00143152,0.000915885,-0.00337615,-0.00137159,0.00323145,-0.00161772,-0.00109084,-0.00351034,0.00103435,0.00287865,0.00498829,0.00303008,0.00267827,0.00153823,0.00118397,0.00327227,0.00458842,0.00630384,0.00754454,0.00228395,0.00508665,0.00535206,0.00458329,0.00545555,0.0043503,0.00381464,0.00430079,0.00482703,0.000383746,0.00256671,0.0040639,0.0038486,0.00190772,0.00319341,0.00521061,0.00290252,0.00209826,0.00294886,0.00119176,0.00333316,0.00427114,-0.000561657,0.00277325,-0.000214896,-8.78769e-05,-0.000428348,0.00287408,0.000119548,-0.00139694,-0.00397412,-0.000485125,0.00155559,0.00191614,0.00146122,-0.00134703,0.00263149,-0.00105784,0.00107244,-0.000839975,-0.0014404,0.00183564,-0.000735834,0.00130163,-0.000946603,0.000881808,-0.000848389,0.00187839,0.0019869
5.00778,-0.00167885,-0.000344055,2.48754e-06,-0.000169945,0.00154731,-0.00086643,0.000285898,0.00178921,0.00258939,-0.00171235,-0.000349696,0.000204462,5.53683e-05,-0.000114343,-0.00142684,0.000360596,-0.00356495,-0.00208331,-0.000549979,-0.00108894,-0.00163907,0.00332951,-0.000467705,0.00106306,8.40757e-05,-0.00197088,0.000165042,-0.00100522,-0.00182753,0.00153582,0.000479807,-0.00265265,0.00233337,0.000242118,-0.000274569,0.000673478,0.00308652,0.0037317,-0.00157759,0.00200828,0.00514117,0.000721923,0.00321684,0.00232437,0.00610333,0.00561895,0.00860183,0.00648699,0.0052546,0.00810253,0.00641932,0.00860381,0.00566329,0.00587209,0.00897893,0.00653909,0.00741855,0.00646616,0.00599691,0.00644706,0.00621124,0.0049339,0.00470772,0.00700447,0.00134909,0.00598633,0.00513536,0.00621857,0.00550691,0.00659453,0.00216718,0.00438185,-0.00168464,0.00167933,0.000579061,-0.00138585,0.00255966,-0.00116247,0.00225716,0.0005175,0.00180308,0.000627072,-0.00155194,0.000229524,0.00156979,-0.00102582,0.002735,-8.34853e-05,0.00370592,0.000750699,0.000683452,0.00105294,-0.00423467,0.000825852,-0.000549696,0.00107735,0.00244929,-0.00252466,-0.00144177,0.00150494
4.97374,-0.00249738,-0.00229528,-0.0013331,0.000739036,-0.002617,-0.00216891,0.00152053,-1.55723e-05,0.00075816,0.00234395,-0.00198845,-0.00246655,0.000423409,0.0019387,-0.000500782,-0.00180214,-0.000154411,-0.00178721,-0.00461475,0.00327675,0.000445158,-0.00278052,0.000102081,-0.00322494,-0.00261898,0.000689471,-0.00144158,0.000796256,0.00191137,0.00145316,-0.00219423,0.00148676,0.00316125,0.00354153,0.0025207,-0.000327156,0.00211289,-0.000502765,0.00302346,0.00135511,0.00723475,0.00519372,0.00502234,0.00630936,0.000998918,0.00926488,0.00550579,0.00867004,0.0086089,0.00875427,0.00862846,0.00929008,0.00885109,0.0106335,0.00818572,0.0106084,0.0084057,0.00927123,0.00775947,0.00653989,0.00788875,0.00710582,0.00744838,0.00699142,0.0104421,0.00911815,0.00518186,0.00503557,0.00613562,0.002177,0.00472337,0.00440156,0.00129413,0.0052744,-0.000835096,0.00338334,0.00240766,1.19776e-05,-0.0015855,-0.000418005,-0.00092136,0.00234951,0.00369365,0.00272561,-0.0014805,-0.00164391,-0.000612783,0.00286944,-0.00112885,0.00298235,0.0011053,0.00199702,0.00280111,-0.00129516,0.000687602,0.000916006,0.00191378,0.00327757,-0.00134247,-0.0021474
4.9397,0.00132381,-0.000206226,0.00244561,-0.0010423,0.0012136,-6.08133e-05,-0.000417476,0.00105411,0.000396809,-6.10975e-05,0.00285974,-0.001639,0.000702061,-0.00162293,-0.000693443,0.000529514,0.00107785,0.00121951,-0.0016128,0.00354136,0.000559965,-0.000583007,-0.00159982,0.00174497,-0.00156182,0.00189697,-0.000644948,-0.000598689,0.0023651,0.000474456,7.25638e-05,0.00431689,-0.000215927,0.00302809,0.000634534,-6.77089e-05,-0.000784884,0.00567953,0.00566295,0.00428199,0.00169991,0.00479299,0.00439273,0.00764783,0.0086479,0.0123873,0.0133447,0.00985886,0.0096321,0.0132382,0.0136322,0.00979021,0.0110677,0.0161945,0.0100064,0.0151877,0.0136342,0.0125283,0.0126438,0.015453,0.0146985,0.0158373,0.0140306,0.0108117,0.0117892,0.0126964,0.00773085,0.00551887,0.00940121,0.0046727,0.00431564,0.00310485,0.00681615,0.000707739,0.00319477,0.00847314,0.000484599,0.00360658,-0.000196851,0.00138115,-0.000560482,0.00181723,-0.000580274,9.99455e-05,0.000184004,0.00261973,0.000790964,0.00384398,-0.00222311,0.00496149,0.000826328,0.00104621,-0.00193258,0.00314477,0.000735123,-0.000676192,0.000646662,-0.00439321,0.000722119,-0.00202035
4.90566,-0.00031473,-0.00225343,0.00150039,-0.00222899,0.00327867,-0.00181047,-0.000517558,0.0022488,-0.000325283,-0.00103261,0.000833005,0.000522059,-0.00176901,0.000800094,-0.000309933,-0.000486019,-0.00110997,0.000452609,0.00141338,-0.0023275,-0.00221845,-0.000421105,0.00271689,-0.00050073,0.00172399,-0.00303859,0.000258792,0.00558398,0.00275882,0.00580229,0.00304497,0.00498854,0.00341084,0.00311231,0.00440578,0.00640512,0.00546891,0.004128,0.00503579,0.00434601,0.0100503,0.00807826,0.00799683,0.0167111,0.0136912,0.011667,0.0140223,0.0149262,0.0167078,0.0138439,0.0196081,0.0197087,0.0195207,0.0209285,0.017275,0.0203858,0.0213387,0.0189302,0.0210759,0.0190638,0.0189806,0.016765,0.0154334,0.0164379,0.013297,0.0122693,0.00726053,0.0116176,0.0125739,0.00843823,0.00689995,0.0104087,0.00749215,0.00704747,0.00435378,0.00854546,0.000960495,0.00043769,0.000664121,0.00108836,0.00042872,0.000975174,-0.00288197,0.0016325,-0.00310657,-0.001382,8.73198e-05,0.00129816,-0.00310466,-0.000336694,0.00167911,0.00187786,-0.00518551,-0.00101261,0.000593325,0.00277649,-0.000237375,0.00281226,-0.00253021,-0.00314167
4.87162,-0.0020916,0.00163277,-0.00173242,0.000437911,-0.00130434,0.000288784,0.00256489,-0.00203716,0.000732875,-0.000130251,0.000689508,0.00365699,-0.000481788,0.00103488,-0.000378968,0.00209557,-0.00091827,-0.000501238,-0.00181446,0.000775747,-0.00125949,-0.000864828,0.00260318,0.00361166,3.29883e-05,0.00197696,0.00283518,0.00297465,-0.000918757,0.00130263,0.00160098,0.00135532,0.00594365,0.00265091,0.00489345,0.00605982,0.00430401,0.00506789,0.010446,0.00778143,0.0148677,0.0142011,0.0141175,0.0139918,0.0148377,0.0202668,0.0219179,0.023311,0.0226455,0.0242297,0.0225829,0.024456,0.0305222,0.0296484,0.0304011,0.0323576,0.0302972,0.0299694,0.0263922,0.0278402,0.0245923,0.0276089,0.0235765,0.0255468,0.0171855,0.020302,0.0185043,0.0175545,0.0168554,0.0156247,0.0132951,0.0117672,0.00924409,0.00616523,0.00943147,0.00422364,0.00550099,0.00316445,0.00591793,0.00343987,0.00132256,0.00558344,-0.000224702,-0.00149328,0.00405103,0.0011384,-0.00131411,-0.00017562,-2.25357e-05,-0.00239595,0.00196559,-0.00283729,-0.000760668,0.000524744,0.00280939,0.0032812,-0.000121304,-0.00510809,0.00135988,0.00231848
4.83758,2.6089e-06,0.000211352,0.00276349,-0.000335081,0.00213761,0.0015422,-4.70194e-05,-0.00142929,0.00166524,-0.00320944,0.00183583,0.00239502,0.000244425,0.000993117,-0.00253358,0.00165666,0.00137224,-0.00042169,0.00160538,0.000180978,-0.000426786,0.000537124,-0.000651688,0.00187041,-0.00212958,-0.00216262,0.00167801,0.00430356,0.00293259,0.00405793,0.00325857,0.000623103,0.00594676,0.00373719,0.00674612,0.00797361,0.0063819,0.0113654,0.0149016,0.0148853,0.0159008,0.0191819,0.0225406,0.0256645,0.0219075,0.0282177,0.0303165,0.0336624,0.0328091,0.0346213,0.0341649,0.0399602,0.0396328,0.0425337,0.0409579,0.0412122,0.040709,0.0435722,0.0385664,0.0389882,0.0370598,0.0384205,0.0341623,0.0323234,0.0326646,0.0285523,0.025874,0.0224509,0.0202984,0.015996,0.0151543,0.0122801,0.0101349,0.0115442,0.00831712,0.0089634,0.00729251,0.00747234,0.00508541,0.00477604,0.00379056,0.00140844,0.0060061,0.00204185,0.00216975,-0.000415497,0.00064876,-3.90308e-05,0.00190653,-0.000439783,0.00163819,-0.00170527,0.00139661,-0.00100007,0.00141229,-0.00205534,-0.00215493,-0.00135792,0.00135441,0.000946566
4.80354,0.00132134,-0.00232824,0.000594569,0.000583149,-0.000626397,0.0012481,0.00259576,-0.00111558,0.00108656,-0.00483368,-0.00362,0.000265947,0.000283469,-0.00204355,-0.000226689,4.71653e-05,-0.000330903,0.000206715,-0.00102711,0.000360629,0.00255171,0.000507576,0.00112132,0.00169621,0.000251444,-0.00111014,0.00364244,1.64412e-05,0.00330092,0.00502567,0.00255633,0.00324293,0.00493007,0.00786787,0.00878474,0.0103974,0.0119114,0.0145686,0.0219253,0.0175631,0.0263533,0.0214373,0.0274325,0.0312975,0.0323935,0.0335342,0.0448697,0.040384,0.0437161,0.0513311,0.0529131,0.0562514,0.0530658,0.0537597,0.0577969,0.0583892,0.0517356,0.054728,0.0550728,0.0492109,0.0527614,0.0471148,0.0443127,0.040128,0.0380968,0.0382983,0.034651,0.0246869,0.0296987,0.0238662,0.0219141,0.018771,0.0174923,0.0131142,0.0135598,0.0114902,0.00744622,0.00751913,0.00663299,0.00700964,0.00463074,0.00194646,0.00538743,0.00347399,0.0046036,0.00366347,0.00477284,-0.00110645,-0.000636607,-0.00336912,0.00157589,-0.000385797,-7.29052e-05,0.000828153,0.000169226,0.000269912,0.00110489,-0.00494811,0.000267271,-0.00322308
4.76949,0.00263841,0.00222161,0.000169189,0.00305419,-0.00216782,-0.00069062,-0.00131664,-0.00208882,-0.00371165,9.08219e-05,-0.000642098,0.000888987,0.00365503,0.00219797,-0.00174381,0.000676838,0.00490467,0.000273152,0.00355002,-0.00102381,0.00189388,-0.00118381,0.000484824,0.00341187,0.00217401,0.0069626,0.00646183,0.0032177,0.00272143,0.00396094,0.00822046,0.00845872,0.00996253,0.012978,0.0097545,0.014883,0.0161783,0.0161085,0.024171,0.0272868,0.0261914,0.0300856,0.0349066,0.042166,0.0448916,0.0517867,0.0492895,0.0542076,0.0604793,0.0616725,0.0676332,0.0697189,0.0749419,0.0731726,0.0726091,0.0781774,0.0735475,0.0741102,0.070585,0.0727011,0.0681,0.0641252,0.0592066,0.0574956,0.0543911,0.0489451,0.0455881,0.0425707,0.0353919,0.0345475,0.0286872,0.0273822,0.0240514,0.0162691,0.0152945,0.0156532,0.0121218,0.00611664,0.00654275,0.00576913,0.0092734,0.00571925,0.00230998,0.00475042,-0.00529349,0.00179892,-0.00318587,-0.000759017,0.0044956,-0.00073527,-0.000281239,0.00145037,-0.00240133,-0.000962896,0.00114347,-0.00149248,-0.00212908,-0.000713085,0.000380797,-0.00126938
4.73545,0.0026146,-0.00103811,-0.000698172,-0.000203434,0.000440732,0.00272032,0.0015722,-0.00382339,-0.00212569,0.000593637,-0.00247272,0.000730635,-9.53798e-05,0.00125792,0.000984028,-0.00168356,-0.00142253,0.00421954,-0.000396928,-0.00330895,0.00111296,0.00340095,-0.00266906,0.00167388,0.00048575,0.0030495,0.00215455,0.00888185,0.00383732,0.00608249,0.0110292,0.00987359,0.011416,0.0154142,0.0148551,0.021373,0.0243025,0.0242883,0.0307588,0.0361726,0.041097,0.0462514,0.0495232,0.0549331,0.0591592,0.0669973,0.0726404,0.0738499,0.0799406,0.0848707,0.0887495,0.0893078,0.0954187,0.096287,0.101274,0.0991968,0.10003,0.0978437,0.0981961,0.096535,0.0880359,0.0850221,0.0759166,0.0791257,0.067933,0.0645274,0.0597917,0.0596628,0.0503916,0.0413139,0.0377564,0.030547,0.0316488,0.0287731,0.0216666,0.0159178,0.014063,0.0141672,0.0145738,0.0100141,0.00752672,0.00540247,0.00791009,0.00158407,0.00363704,0.000100242,0.00208977,3.40197e-06,0.00398842,0.00283374,-0.00155647,0.00114865,0.00209321,0.00368105,0.00270745,-0.00174687,-0.000791942,-0.00123264,0.00100374,0.00193469
4.70141,-0.000676002,0.00290165,-0.00101276,-0.000715543,0.0012914,0.00195355,0.000699424,0.000254856,-0.00013436,-0.00198895,0.001156,0.000282257,-0.00133927,0.000870298,0.00153879,0.000868666,0.000535857,-0.00174344,0.00126043,0.000279696,-0.00326613,-0.000308298,0.00237066,0.00408524,0.00398623,0.00125085,0.00566014,0.00972937,0.0104343,0.00640247,0.0100144,0.0134453,0.01589,0.0176067,0.022035,0.0238456,0.0305151,0.0343926,0.0396457,0.0450148,0.0515011,0.0615092,0.0657215,0.0718098,0.0768345,0.0879586,0.0970384,0.0992699,0.104275,0.115005,0.116268,0.121127,0.126489,0.126177,0.126548,0.127145,0.127371,0.130026,0.124539,0.122279,0.119213,0.111892,0.104854,0.0969988,0.0900392,0.085495,0.0810316,0.0756111,0.0650063,0.0562661,0.0488736,0.04952,0.0348194,0.037656,0.0271372,0.0280928,0.0209799,0.0182264,0.0131412,0.0163154,0.010152,0.00643732,0.00736628,0.00301149,0.00355075,0.00057529,0.00250177,0.00458373,0.000143534,0.00095073,-0.0016572,-0.00427474,0.00134815,0.00259528,-0.000574909,-0.000834648,0.000652961,0.00101821,0.000768195,5.86294e-05
4.66737,-0.00298124,-0.000665558,0.00151396,-0.00134979,-0.000455818,-0.000535418,-0.000642193,-0.000616212,0.00140563,-0.00455567,0.0022127,-0.00372294,-0.00359595,0.00079968,-0.000981448,-0.00153678,-0.00456795,0.00462675,-0.000824472,0.000832663,0.00270386,0.00402959,-0.00251809,0.00383804,0.00561655,0.00525213,0.00743273,0.00555432,0.00902756,0.0114393,0.0104208,0.0152987,0.0243627,0.022164,0.0282589,0.0345772,0.0346648,0.044167,0.0504441,0.0611964,0.0641774,0.0756902,0.0824445,0.088713,0.0995244,0.111067,0.12105,0.130111,0.134313,0.145335,0.150121,0.158516,0.160304,0.167693,0.169678,0.17053,0.169197,0.165466,0.15945,0.159363,0.153088,0.144158,0.135613,0.131655,0.116982,0.110196,0.106845,0.0895557,0.0844728,0.0747271,0.0656006,0.0601276,0.0482329,0.0451806,0.035935,0.0347159,0.0277265,0.0240541,0.0222013,0.0142146,0.0151791,0.0090886,0.0128975,0.00472982,0.0062345,0.00298431,0.00346987,0.00382089,0.00390574,0.00101462,-0.00221386,0.000491486,-0.00112106,-0.000911175,-0.000161274,0.00135097,-0.000904921,0.00214276,0.000317555,-0.00300921
4.63333,0.000834043,0.000738033,0.00158894,0.000102716,-0.00231358,-0.00203034,0.00134736,0.00440845,0.00527634,0.000520573,0.00308362,-0.00165433,0.000475563,0.00178291,0.00656513,0.00183263,0.00148726,-0.00200456,-0.00304778,1.95054e-05,0.00156058,0.00471474,-0.000100964,0.0020094,0.00404307,0.00154909,0.00678758,0.00913655,0.0116074,0.0109913,0.0150338,0.0180615,0.0253314,0.0279807,0.0324363,0.0399471,0.0493543,0.0555496,0.0658989,0.0798992,0.0844291,0.0960985,0.106768,0.115069,0.131415,0.143931,0.154534,0.165148,0.178646,0.182846,0.191637,0.201271,0.207009,0.212235,0.215591,0.214194,0.215616,0.211588,0.210038,0.201306,0.194025,0.186322,0.174395,0.164815,0.15523,0.144176,0.13001,0.11795,0.108576,0.094433,0.087968,0.0756623,0.062178,0.0540287,0.0465101,0.0431283,0.0349814,0.0315643,0.0245359,0.020433,0.0189249,0.0164473,0.0138292,0.00949861,0.00690191,0.00598093,0.000767801,0.00284102,0.000839859,0.00262232,-0.000732273,0.000279158,0.003076,-0.000847965,0.00387092,0.00243226,0.00230032,0.000273526,-0.000673393,0.00200842
4.59929,0.00150917,-0.00146957,-0.00115422,0.00324141,-0.0011999,-0.0011808,-0.00032115,0.00115048,-8.63226e-05,-0.000820873,-0.000295107,-0.00265603,9.01134e-05,-0.00210025,0.000177181,0.00208399,-0.000664776,0.00138252,-0.00108367,0.00305981,0.00209728,0.0021594,0.00120765,0.00440776,0.00701496,0.00724079,0.0123053,0.00750738,0.0134751,0.0155339,0.0222892,0.024958,0.0346785,0.0360939,0.0446734,0.0500109,0.0547647,0.071194,0.0806889,0.0909644,0.106363,0.122288,0.136843,0.15308,0.166893,0.181914,0.196723,0.211159,0.218671,0.233561,0.241469,0.254341,0.264626,0.267228,0.27216,0.269397,0.26896,0.266477,0.259013,0.250799,0.245884,0.233375,0.225075,0.207987,0.196649,0.179436,0.163338,0.150054,0.136514,0.124226,0.104379,0.0940131,0.0809795,0.0743472,0.0635449,0.0527921,0.0440422,0.036546,0.0336097,0.0260672,0.020333,0.0159519,0.0156937,0.0130714,0.0077018,0.00728669,0.0010679,0.00110061,0.000653985,0.00446068,-0.00115201,0.00499447,8.50315e-05,0.00290269,-0.00456902,-0.000292109,0.000360421,0.000261578,0.000423523,-0.00218978
4.56525,0.00288935,0.00653133,-0.00169497,-0.000654729,-0.00162628,-0.00149848,0.000807587,0.00257633,0.00358668,-0.000588926,0.00149164,0.00306868,0.00418197,-0.00100669,0.00145106,0.00317881,-0.00125105,-0.00085547,0.000756649,0.00269826,0.0026672,0.0018012,0.00238364,0.00605108,0.0022254,0.00461974,0.0123633,0.0127572,0.0181025,0.0174404,0.0265935,0.0339827,0.0408033,0.0460249,0.0516856,0.0636939,0.0736803,0.0899069,0.106385,0.118816,0.135823,0.151109,0.17002,0.185864,0.203985,0.224378,0.241329,0.259859,0.27671,0.292057,0.306786,0.317779,0.324987,0.332956,0.340174,0.337865,0.337691,0.331039,0.327986,0.313957,0.305258,0.290632,0.277145,0.260952,0.238683,0.225637,0.204279,0.186823,0.169634,0.152402,0.133319,0.117399,0.102067,0.0877386,0.0772396,0.0683591,0.0524657,0.0440232,0.0353064,0.0288277,0.0265185,0.0194026,0.0158265,0.0146388,0.00732909,0.00933521,0.00369683,0.00445803,0.00574479,0.00245437,0.00367883,-0.000906281,0.00231576,0.00301645,0.000874641,-0.000137844,0.000159332,0.00420314,0.00147482,-7.32155e-05
4.53121,-0.00265924,-0.000804709,0.0012988,-0.000135628,0.000506609,5.60299e-05,0.00191182,-0.00096225,0.000859641,-0.000106088,0.00300298,0.00358778,-0.00233628,0.00231081,-0.000868872,0.000235839,-0.000552329,0.00203089,0.00323539,0.00591616,0.0059153,0.00275975,0.00426114,0.00342931,0.0062493,0.0127474,0.0154454,0.0161029,0.0185539,0.0254648,0.0347679,0.0390713,0.0482187,0.0557224,0.0638493,0.0801162,0.0945797,0.108269,0.125157,0.142438,0.16743,0.184224,0.20733,0.232347,0.24978,0.271947,0.297899,0.319032,0.342845,0.360582,0.372782,0.388024,0.402436,0.407795,0.412328,0.417495,0.413508,0.408502,0.403046,0.390592,0.376526,0.35495,0.342697,0.323428,0.297739,0.276199,0.256114,0.226843,0.207581,0.184961,0.1625,0.14731,0.127359,0.111553,0.0908832,0.0797465,0.0666241,0.0555195,0.0415913,0.0351613,0.0303069,0.0251625,0.018607,0.0191165,0.0126213,0.011689,0.0110963,0.00814566,0.00320502,0.00434506,0.00121122,0.00114624,0.00111957,0.00175954,0.00328272,0.000615057,0.000496822,-0.00135208,-0.00155209,-0.00557251
4.49717,-0.000224893,0.00230965,0.0011943,-0.0021093,-0.00160054,-0.00145568,0.00221316,0.000489765,0.00271582,0.000870406,-0.00170989,0.00116901,0.00362589,-7.25654e-05,0.000770342,0.00155876,0.0019528,0.00302362,-0.00072465,0.00357977,0.000306451,0.00434002,0.00616078,0.00677978,0.00909783,0.0117217,0.0131499,0.0186512,0.0221567,0.0346359,0.037816,0.0467392,0.061079,0.0703083,0.0856147,0.0972704,0.114155,0.133281,0.153676,0.176987,0.203238,0.223965,0.250664,0.278158,0.311367,0.32999,0.360906,0.387761,0.414187,0.438354,0.459475,0.476202,0.487742,0.497855,0.50481,0.504699,0.503567,0.501916,0.487263,0.475107,0.460937,0.437376,0.413021,0.388428,0.363767,0.338317,0.307098,0.277643,0.254734,0.225419,0.199844,0.175281,0.153439,0.133957,0.116015,0.0965242,0.0822975,0.0703299,0.0578157,0.0477061,0.0389004,0.0273072,0.0230272,0.0186316,0.0110847,0.0122415,0.0110056,0.0098961,0.00842703,0.00303924,0.00666041,0.00320504,0.00144164,0.00317254,-0.00107783,0.00135511,0.00312449,0.00115482,0.00282002,0.00199308
4.46313,0.00171867,0.00314514,0.00454638,-0.000482417,-0.0010694,-0.00151962,-0.00183523,-0.00377035,-0.000702381,0.00059975,-4.96819e-05,0.00502471,0.00235584,0.00158515,-0.00117338,0.00260052,0.00163526,0.00163972,-0.000201449,0.00671573,0.00345631,0.00516416,0.00810275,0.0110829,0.0145128,0.0149991,0.0195815,0.024567,0.0291751,0.0404433,0.0487203,0.0550432,0.0653696,0.080189,0.0950457,0.114181,0.137321,0.160621,0.18399,0.214285,0.240222,0.266939,0.302197,0.338348,0.36912,0.403715,0.430803,0.465786,0.49379,0.521967,0.552642,0.5698,0.586761,0.597145,0.604497,0.609292,0.604736,0.597974,0.586438,0.56895,0.547417,0.522843,0.494331,0.46987,0.431939,0.402705,0.368822,0.332813,0.300753,0.269288,0.23673,0.208663,0.183258,0.160496,0.135518,0.11305,0.0973769,0.0835264,0.0688742,0.0590684,0.0464445,0.0360867,0.0293514,0.0225997,0.014467,0.0170342,0.011153,0.0117308,0.00481847,0.00508249,0.00588136,0.00381444,-0.000327285,-0.000800066,-0.000998757,0.00134885,-1.98588e-05,-0.000462155,-0.000149135,0.00387935
4.42909,0.00138325,0.00174718,1.52453e-05,-0.000864878,0.00129115,-0.00126696,0.00131699,-0.00132861,-0.000428414,-0.00088368,0.000248683,-0.00267532,-0.000756013,0.000288164,-0.00175713,0.00135127,-0.000810097,0.00138117,-0.000319074,0.00235657,0.00548808,0.0071172,0.0118445,0.00891153,0.0117649,0.0152412,0.0260886,0.0265448,0.0327522,0.0442515,0.0513525,0.0658744,0.0803001,0.097702,0.117529,0.138251,0.160902,0.184642,0.218645,0.247316,0.284563,0.31964,0.357813,0.393459,0.439359,0.477706,0.515665,0.552688,0.585238,0.621387,0.651211,0.67328,0.694941,0.710542,0.715598,0.72044,0.719107,0.705853,0.691991,0.676638,0.651313,0.618333,0.588143,0.554476,0.513187,0.477565,0.43999,0.398011,0.35723,0.320551,0.282108,0.250652,0.218172,0.186675,0.16422,0.138425,0.115828,0.097059,0.0789279,0.0664386,0.0558811,0.0447348,0.033694,0.0296938,0.0218487,0.0149166,0.0147475,0.0123292,0.00983622,0.00552486,0.00504369,0.000828831,0.000962752,0.0014771,0.0035265,0.00216086,0.00440591,0.00047161,0.000840479,0.000862672
4.39505,0.000124463,0.0022687,0.00494099,0.000419698,0.00316596,0.0016271,-0.00176022,0.000532706,0.00218626,-4.26756e-05,0.00156355,-0.00242107,0.00145444,-0.00232193,6.40439e-05,0.00289622,0.00206884,0.000339422,0.00307537,0.00218992,0.00424874,0.0059287,0.00803568,0.0124007,0.0175592,0.0155589,0.031202,0.0352416,0.0453678,0.0494728,0.0633387,0.0787594,0.0956533,0.114512,0.13546,0.164709,0.189638,0.221857,0.253969,0.290857,0.329243,0.371936,0.4189,0.464922,0.511403,0.552637,0.602292,0.648932,0.687201,0.719749,0.757983,0.786428,0.814955,0.825262,0.836946,0.840325,0.838365,0.828052,0.811277,0.78897,0.758442,0.725729,0.688075,0.6453,0.600374,0.555418,0.507546,0.462797,0.41542,0.37555,0.330032,0.289525,0.255805,0.2205,0.194208,0.16364,0.133325,0.114501,0.0958925,0.0770783,0.062494,0.0509243,0.0432988,0.0343689,0.0266172,0.0243173,0.0155881,0.0113645,0.0123351,0.00621681,0.00448224,0.00431174,-0.00179524,0.00320563,0.00516359,-0.000139527,-0.000326306,0.00300225,0.000928525,0.000329456
4.36101,-0.00216613,0.000382668,0.00242887,0.000111738,0.00299109,0.00034486,0.00130597,-0.000104656,0.00152526,0.000698333,0.00281391,7.98629e-05,0.00282549,0.00017691,0.0017495,0.00619973,0.00621457,0.00189005,0.0037308,0.00546313,0.00747062,0.00900916,0.0119722,0.015885,0.0183049,0.024273,0.0298037,0.0393072,0.0448868,0.0598009,0.0747982,0.0898952,0.108181,0.132457,0.154432,0.181625,0.214636,0.257569,0.292141,0.33596,0.38576,0.432191,0.482293,0.533449,0.589061,0.643584,0.69043,0.742103,0.794121,0.835826,0.874953,0.907543,0.935169,0.952602,0.963709,0.968803,0.967825,0.955854,0.937551,0.906241,0.877887,0.830717,0.793638,0.744699,0.693698,0.641979,0.5873,0.534747,0.4798,0.427011,0.382873,0.337102,0.294491,0.257004,0.218158,0.185959,0.161602,0.134492,0.109838,0.0924517,0.0713403,0.0603268,0.0483128,0.0377612,0.0308268,0.0223156,0.0185936,0.0144921,0.00820852,0.00776044,0.00474889,0.00440096,0.00526966,0.00436536,0.00105758,-0.00126843,0.000667208,-0.00386392,-0.00275234,-0.000220213
4.32696,0.000909837,0.00170006,0.00128225,-0.000689231,0.0020589,0.000342943,0.00236716,-0.00120868,0.000955513,0.00303062,-0.00406587,-0.000675829,0.000979629,0.00461364,0.00266575,-0.00209738,0.00167852,0.00378761,0.0032493,0.00796763,0.00604312,0.00973008,0.0121078,0.0191623,0.0233938,0.0245851,0.0355162,0.0422052,0.054854,0.0684149,0.0824592,0.101181,0.123647,0.149991,0.175722,0.209364,0.246003,0.287199,0.333515,0.383326,0.433907,0.492619,0.553349,0.613639,0.67065,0.728577,0.78672,0.846343,0.903768,0.953452,0.997749,1.03144,1.0609,1.08601,1.09678,1.10331,1.09928,1.08648,1.06295,1.02983,0.997743,0.952575,0.8999,0.845886,0.789337,0.73268,0.668698,0.609635,0.547513,0.490779,0.434854,0.382477,0.33193,0.28985,0.248558,0.213367,0.178857,0.147824,0.123247,0.100374,0.087072,0.0705701,0.0564631,0.0449341,0.0352427,0.0269952,0.0235074,0.0163097,0.0124272,0.00799247,0.00461123,0.00360358,0.00340152,0.00259061,0.000664297,0.00205891,-0.00157721,-0.00414259,0.00229256,0.0015801
4.29292,-0.000225505,0.00278438,0.0006956,0.000410473,-0.000229991,0.00218648,0.00329878,-2.1651e-05,0.000232778,-0.000150052,0.00261006,-0.000481475,-0.000259641,-0.0011011,5.1881e-05,0.00183482,0.00201697,0.001606,0.00744669,0.00633811,0.0119238,0.0109127,0.0125901,0.0191847,0.0214258,0.0285336,0.0362655,0.0496237,0.0578972,0.0733341,0.0910803,0.115814,0.141861,0.168306,0.19992,0.237384,0.2802,0.327179,0.373917,0.430144,0.487533,0.553447,0.616286,0.681723,0.753934,0.820776,0.885161,0.949057,1.01372,1.07245,1.12048,1.1647,1.19591,1.21854,1.23611,1.24464,1.23738,1.22163,1.19069,1.16412,1.12065,1.07239,1.01255,0.954151,0.889598,0.819985,0.754378,0.684067,0.620652,0.552867,0.49089,0.431567,0.376026,0.32825,0.279004,0.238663,0.202464,0.168643,0.138316,0.116501,0.0906389,0.0775939,0.0561931,0.0482945,0.0386201,0.0316178,0.0246382,0.0220602,0.0151869,0.0119161,0.0092908,0.00465566,0.00299356,0.00353539,0.00164154,0.0045375,0.00187207,-0.0031952,0.00148802,-0.000604365
4.25888,-0.000693768,0.00346114,0.000271095,0.00105355,-6.69357e-05,-0.00169749,-0.00489231,-7.83384e-05,0.00151044,0.00300883,0.00301784,0.00457491,-0.00295304,-0.000533492,-0.000184663,0.00167066,0.00109138,0.00531851,0.0046972,0.00676267,0.00996168,0.0100326,0.0166821,0.0199496,0.0274883,0.0353077,0.0412763,0.0537395,0.0664052,0.0833188,0.103553,0.123881,0.153059,0.187978,0.220386,0.261486,0.306925,0.361648,0.417189,0.47741,0.542938,0.613689,0.683045,0.763533,0.831167,0.912552,0.985047,1.05469,1.12808,1.19051,1.24243,1.28835,1.32868,1.35599,1.37642,1.3796,1.37055,1.35638,1.33014,1.29002,1.24377,1.18737,1.12591,1.06175,0.984876,0.912157,0.836635,0.755685,0.686574,0.613297,0.542831,0.478862,0.415201,0.364527,0.311756,0.259527,0.2251,0.18677,0.153489,0.123296,0.105464,0.0849455,0.0696789,0.0544576,0.0395119,0.0324896,0.0222367,0.0208488,0.0148645,0.01186,0.00566363,0.00739182,0.00605082,0.000266689,0.00276651,0.000720427,0.00193264,0.00174202,-0.000200832,0.000647819
4.22484,0.00116927,0.00026966,0.00353265,-0.0013935,0.00114741,-0.00145444,0.00082827,-0.00325078,-0.000373231,-0.00488679,-0.00129105,-0.00350954,0.00342624,0.0031799,-0.000368823,-0.00182848,0.00301253,0.0011479,0.00383975,0.00831744,0.0085908,0.0140012,0.0166464,0.0219943,0.0273754,0.0359544,0.049709,0.0576962,0.0713227,0.0911566,0.111055,0.139161,0.168149,0.205747,0.244647,0.290048,0.340716,0.394948,0.455258,0.523807,0.593263,0.669891,0.747236,0.832618,0.914631,1.00053,1.08183,1.15676,1.2352,1.30608,1.36469,1.41177,1.45316,1.48378,1.5021,1.50911,1.50626,1.48829,1.4546,1.41857,1.36304,1.3047,1.23218,1.15931,1.07978,1.00085,0.918614,0.833268,0.751149,0.669061,0.593759,0.523617,0.456358,0.397826,0.339452,0.290375,0.249634,0.206219,0.168183,0.141576,0.11185,0.0942722,0.0736598,0.0623488,0.0509085,0.0398629,0.0283215,0.0224828,0.0172142,0.0110709,0.00713051,0.00804352,0.00629547,0.00426239,0.00109972,0.00283757,-0.00117741,0.00199999,0.000905847,-0.0020067
4.1908,0.00110668,0.000168361,-0.00165914,0.00141334,-0.000228762,0.000725687,0.00161907,0.0019839,0.00206354,0.000530856,-0.000620278,-0.000373816,-0.00172168,0.00163531,6.99051e-06,0.000745747,0.00474966,0.00340646,0.00697164,0.00524748,0.0109364,0.0136303,0.019515,0.0246235,0.0321434,0.0402176,0.0569285,0.0634109,0.0830667,0.100133,0.122534,0.148952,0.186404,0.218089,0.264036,0.313647,0.371437,0.427737,0.492771,0.564827,0.644511,0.72667,0.810032,0.901932,0.988893,1.08501,1.16959,1.25835,1.3358,1.40995,1.47655,1.53161,1.57455,1.6046,1.62697,1.63867,1.62606,1.60484,1.57046,1.53288,1.47751,1.4084,1.33276,1.25282,1.16742,1.07975,0.99312,0.903369,0.811482,0.729253,0.647711,0.567477,0.494565,0.428931,0.366338,0.312568,0.262582,0.221359,0.1838,0.150126,0.124001,0.102425,0.0837705,0.0656351,0.0498337,0.0373489,0.0283023,0.0250311,0.0172644,0.0150751,0.0109478,0.00687981,0.00852865,0.0053884,0.00454727,0.00128235,0.00075137,0.00498187,-0.000597484,0.00215346
4.15676,-6.75506e-05,-0.00202388,0.00184861,-0.00111259,0.000910377,0.000848438,0.00163413,-0.00263524,0.00390524,0.00158106,0.00106799,-4.07164e-05,-0.00199929,-0.000939347,0.00311437,0.000774196,0.00499158,0.00153944,0.00527307,0.00692052,0.0101079,0.0139461,0.0225305,0.0257101,0.0312621,0.0411629,0.0562128,0.0678751,0.0869216,0.10749,0.130646,0.163516,0.195863,0.235665,0.284154,0.335018,0.392211,0.459795,0.529655,0.6048,0.686056,0.776188,0.872075,0.963539,1.05658,1.15532,1.24835,1.34171,1.42627,1.50259,1.57288,1.63526,1.67772,1.71447,1.73969,1.74676,1.74082,1.71637,1.68078,1.63188,1.5748,1.50235,1.42372,1.33825,1.24882,1.15537,1.06039,0.961288,0.86898,0.776289,0.688182,0.60756,0.528073,0.455123,0.39117,0.330753,0.281653,0.236614,0.192833,0.160879,0.131796,0.103979,0.0838011,0.0673974,0.0513686,0.0437032,0.0293257,0.0236079,0.0148026,0.0144399,0.0115647,0.00960456,0.00736132,0.00347321,0.000553708,0.00425218,0.00081612,-0.000854244,0.00063567,0.00106979
4.12272,0.00150087,-0.00117058,-3.78459e-05,0.0031463,0.000220368,-0.000420299,-0.000286275,-6.6282e-05,5.00338e-05,-0.00129749,-0.00106898,0.00103645,0.000626461,0.00411331,-0.0020325,0.00347295,0.00416787,0.00332952,0.00599384,0.00804487,0.0129974,0.016646,0.019792,0.0268088,0.0349862,0.0435844,0.0557149,0.0718825,0.0898827,0.115431,0.135197,0.171961,0.204634,0.252178,0.295386,0.349952,0.414317,0.484286,0.5582,0.641988,0.726313,0.816549,0.91552,1.01427,1.11692,1.22048,1.31713,1.4128,1.50289,1.58331,1.66012,1.72296,1.77092,1.80449,1.83571,1.83789,1.83179,1.81186,1.7724,1.72184,1.65531,1.58389,1.50481,1.41171,1.31602,1.21954,1.11517,1.01479,0.91321,0.81677,0.72804,0.636866,0.557375,0.485273,0.413361,0.351751,0.29653,0.247029,0.208141,0.172396,0.141981,0.11285,0.0910093,0.0710856,0.0574205,0.0437226,0.0349467,0.0270045,0.0192118,0.0152541,0.0123468,0.00940833,0.00777705,0.00402176,0.00323429,0.000800647,-0.00135246,0.00125396,0.00183644,0.00164198
4.08868,-0.00081557,0.00410331,0.00223993,0.00297552,0.000997696,0.00352422,0.00157085,0.00110423,5.79177e-05,-0.00135667,0.00118398,0.00227057,-0.000273883,0.00442285,0.00186589,0.00340073,0.00484127,0.00482002,0.0109708,0.00834401,0.0141348,0.0172761,0.0198196,0.0309898,0.0312231,0.0461652,0.0598786,0.0768611,0.0920643,0.119322,0.144738,0.178027,0.214504,0.256542,0.309814,0.365945,0.432406,0.501106,0.580723,0.662415,0.754063,0.850108,0.95403,1.05306,1.1608,1.26987,1.37053,1.46981,1.56258,1.6512,1.7228,1.79424,1.84465,1.88446,1.90553,1.91408,1.90616,1.88287,1.84592,1.79017,1.72613,1.65001,1.56533,1.4707,1.36992,1.26507,1.16202,1.05942,0.954001,0.853631,0.756608,0.666155,0.579273,0.501929,0.432927,0.366385,0.309872,0.261311,0.21572,0.177009,0.14596,0.115539,0.0962286,0.0765785,0.0619617,0.0513639,0.03492,0.0263371,0.0229659,0.0141952,0.0155449,0.00707705,0.0108483,0.00462641,0.00299057,0.00306827,0.0036613,0.00300593,0.00416109,-0.0035327
4.05464,-0.00206751,-0.000984659,-0.000271428,-0.000309157,-0.00218737,0.0015817,-0.000358275,-0.00269151,-0.000517315,-0.000524175,0.00339005,0.000959502,-0.000949516,-0.00044695,0.00150045,0.00337518,0.00230255,0.00494983,0.00297958,0.00850143,0.0111047,0.0163553,0.0275434,0.0265214,0.0369362,0.048191,0.0585314,0.0750508,0.0965253,0.119159,0.146741,0.181156,0.220377,0.265139,0.31796,0.374844,0.444389,0.513661,0.598556,0.681808,0.773387,0.872634,0.977771,1.08503,1.19285,1.30035,1.4069,1.50689,1.60857,1.69822,1.77505,1.84374,1.893,1.9352,1.95459,1.96547,1.95921,1.93665,1.89734,1.84059,1.77449,1.69561,1.6063,1.51253,1.40876,1.29993,1.19314,1.08559,0.978863,0.878273,0.774815,0.680997,0.592453,0.513458,0.442899,0.376781,0.315852,0.26767,0.224162,0.18,0.146217,0.122537,0.0958638,0.0761681,0.0592225,0.0447463,0.0377976,0.0285841,0.0186403,0.0179059,0.0113718,0.00992798,0.00865999,0.00693581,0.00586612,0.00239028,0.00423646,0.00266467,0.00252261,0.00196247
4.0206,-0.00157823,-0.000921679,0.00166665,-0.000571389,-0.000925701,-0.00122053,0.00718122,-0.00165654,-0.000496863,-0.000859975,-0.00027706,0.00342212,0.000758118,0.00163227,0.000724035,0.00178387,0.00503395,0.00466906,0.00857206,0.00811719,0.0125089,0.0144223,0.0217721,0.0311858,0.0374354,0.0478147,0.0654571,0.0797526,0.0975527,0.123753,0.147818,0.182802,0.22229,0.267803,0.324246,0.379909,0.448215,0.523706,0.603777,0.696471,0.787461,0.892134,0.992522,1.10335,1.21081,1.32329,1.42732,1.53454,1.6301,1.71974,1.79844,1.8667,1.92516,1.96375,1.984,1.99315,1.98873,1.96143,1.91816,1.86601,1.80057,1.71908,1.62969,1.53292,1.42977,1.32105,1.21387,1.1017,0.99209,0.889395,0.787961,0.693591,0.604305,0.522773,0.447534,0.383209,0.320913,0.272412,0.223561,0.18289,0.149786,0.122286,0.100004,0.0787244,0.0650855,0.0506905,0.0398048,0.0303998,0.0193234,0.0143997,0.0110141,0.0061202,0.00676207,0.000263016,0.00528926,0.0053583,0.000182134,0.00230157,0.00186865,4.77611e-05
3.98656,0.000639126,-0.00271033,0.00192524,0.00311035,-0.0023071,-0.00103078,-0.00392031,-0.00459933,0.00209709,0.00148907,0.00205916,-0.000174148,0.00297691,0.000860939,0.00245165,0.0056415,0.00254311,0.00790759,0.00432832,0.0126365,0.0125715,0.0152022,0.0212025,0.0293429,0.0384667,0.0467366,0.0608963,0.0785852,0.0991783,0.120785,0.147194,0.185901,0.224759,0.27058,0.324033,0.384108,0.453152,0.525797,0.607382,0.690091,0.789694,0.88978,0.990907,1.10294,1.21542,1.32072,1.42493,1.53278,1.63249,1.72097,1.8031,1.87324,1.92757,1.96565,1.98788,1.99816,1.98886,1.96381,1.92356,1.86781,1.80395,1.72529,1.63378,1.53697,1.42893,1.32202,1.21322,1.10214,0.993129,0.890247,0.788573,0.69086,0.601465,0.5293,0.450456,0.382308,0.324064,0.271214,0.220431,0.184702,0.151419,0.1224,0.0995775,0.0813818,0.0597895,0.0485324,0.0355655,0.0284964,0.0238678,0.0146843,0.0100246,0.00962258,0.00865079,0.00916816,0.00358858,0.00574199,0.000849505,0.00273954,-0.000588487,0.000732198
3.95252,-0.000886294,-0.000882188,-0.0045206,0.000804828,-0.000863186,0.000656952,0.000118931,-0.00179332,-0.00287749,-0.0024079,0.000259693,0.004547,0.00136179,0.00275236,-0.000805202,0.00359375,0.00538256,0.00513562,0.00397653,0.0104473,0.00878918,0.014984,0.0242414,0.0273659,0.0376109,0.045221,0.0613775,0.0739928,0.0951541,0.121803,0.148962,0.181207,0.223744,0.264,0.320367,0.379888,0.444028,0.519153,0.596606,0.68593,0.778017,0.879758,0.98256,1.08353,1.19671,1.30468,1.41062,1.51583,1.60863,1.70208,1.78231,1.84776,1.89927,1.94655,1.9672,1.97551,1.9695,1.94458,1.90447,1.84903,1.77983,1.70454,1.60874,1.51553,1.41423,1.30726,1.1995,1.08493,0.985351,0.878761,0.77856,0.689354,0.596862,0.517794,0.443815,0.37957,0.320794,0.267294,0.219956,0.179077,0.148586,0.116986,0.0973471,0.0747362,0.0631856,0.0478125,0.0368458,0.0277105,0.0243316,0.0163255,0.0134582,0.00601415,0.0031724,0.00510457,0.00175865,0.00396484,-0.00155221,-0.00425834,0.00385817,-0.00043647
3.91847,0.00541992,-0.000859993,-0.00567483,-0.00300602,0.00204276,0.00187683,-0.00306758,-0.00012,8.82649e-05,0.00234434,0.00274919,-0.00112892,0.000474173,0.00402553,0.0045989,0.00079998,-6.4091e-05,0.00321462,0.00655171,0.00678867,0.012414,0.016824,0.0223835,0.0261662,0.0387357,0.0459544,0.0575126,0.0770497,0.0941485,0.118661,0.146384,0.180154,0.217799,0.260815,0.314069,0.371651,0.435159,0.502286,0.584547,0.66967,0.764358,0.855106,0.960505,1.06617,1.17375,1.27557,1.37473,1.47966,1.57494,1.65719,1.73929,1.80528,1.8545,1.89598,1.92241,1.92669,1.92265,1.89589,1.85798,1.80592,1.73663,1.66125,1.5727,1.47468,1.37985,1.27578,1.17016,1.06132,0.957821,0.857046,0.761243,0.667784,0.584494,0.507748,0.430121,0.368432,0.314598,0.260989,0.218054,0.176246,0.145018,0.116463,0.0962811,0.0780542,0.0607077,0.0458531,0.0358713,0.0257534,0.0197664,0.0186242,0.012435,0.0108798,0.00291994,0.00699448,0.0036004,0.00371862,0.00287426,0.00396338,0.00348681,0.000370333
3.88443,0.00413345,0.00105918,-0.00132289,-0.00409065,-0.00092055,0.0010049,0.00162324,-0.00213866,0.00392186,-0.000547108,0.00330385,0.00286742,4.63879e-05,-0.00262541,-0.00189715,0.00330337,0.00295135,0.0038546,0.00574757,0.00809039,0.0105329,0.0147042,0.0205678,0.0305754,0.0345058,0.0428235,0.0551762,0.0768826,0.0907845,0.114232,0.141764,0.171108,0.208409,0.250536,0.301523,0.353472,0.419951,0.490021,0.56654,0.649199,0.730232,0.82519,0.923219,1.02278,1.12473,1.22881,1.33138,1.42641,1.51841,1.59897,1.67292,1.73838,1.79014,1.83001,1.84852,1.85739,1.8481,1.82548,1.7902,1.74109,1.67618,1.60156,1.51831,1.42584,1.33249,1.23168,1.12329,1.02449,0.927305,0.825492,0.731659,0.647255,0.562093,0.484935,0.419548,0.355589,0.299877,0.251497,0.206299,0.168403,0.144476,0.110387,0.0948229,0.0724797,0.0567454,0.0425842,0.0358101,0.026777,0.0217179,0.013703,0.0120444,0.00849,0.00574032,0.000960168,0.00225738,-0.00144679,0.0036483,0.000751152,-0.00135911,0.00286389
3.85039,0.00104382,0.000913563,-0.00245629,-1.62123e-05,-0.000431106,-0.000945044,-0.000700959,0.000842437,-0.000881769,-0.000329352,-0.000901556,0.00212196,0.000287339,-0.00103589,0.000408903,0.00492144,0.00108332,0.00681628,0.00368748,0.00642755,0.0128383,0.0126937,0.0175761,0.0233899,0.0341801,0.0419254,0.0545748,0.0710962,0.0870045,0.104823,0.131582,0.16495,0.197611,0.23941,0.284724,0.339065,0.399634,0.46363,0.534384,0.610432,0.698082,0.78814,0.881308,0.973311,1.07033,1.1676,1.26295,1.35875,1.44392,1.52016,1.59191,1.65227,1.70296,1.73893,1.76118,1.76743,1.76046,1.73733,1.69953,1.65243,1.59542,1.52412,1.44264,1.3547,1.26347,1.17052,1.074,0.974278,0.875657,0.784553,0.701996,0.61297,0.535231,0.462453,0.398136,0.337752,0.289665,0.237107,0.201527,0.162918,0.136125,0.10834,0.0913557,0.0675833,0.0520478,0.044357,0.0287536,0.0235045,0.019474,0.0135197,0.0105918,0.0067409,0.00389062,0.00206101,0.0029643,0.00655736,0.00543263,0.000234648,-0.000154175,-0.000334769
3.81635,0.00199647,0.0024439,0.00441244,0.00208652,0.00151562,0.00290285,-0.00111849,-0.00107122,-0.00126483,-0.000308537,0.000934782,0.00162892,-0.00119034,-0.00169826,0.00628723,0.0049475,0.00377914,0.00618794,0.00489043,0.00735943,0.0133952,0.0150089,0.0167217,0.0254896,0.0326292,0.04387,0.052446,0.0644017,0.0818767,0.101025,0.123881,0.151057,0.187802,0.227861,0.269161,0.315181,0.374613,0.433834,0.501216,0.575072,0.656509,0.738287,0.824894,0.913666,1.00365,1.09688,1.18531,1.27391,1.35456,1.42684,1.4968,1.55349,1.5971,1.63242,1.65206,1.65952,1.65271,1.63125,1.60006,1.55057,1.49287,1.42955,1.35068,1.27024,1.1861,1.09678,1.00886,0.909205,0.822139,0.734201,0.652462,0.577013,0.504098,0.434269,0.372631,0.319511,0.26973,0.228209,0.184105,0.154872,0.125161,0.100816,0.0833346,0.06432,0.0500257,0.0392087,0.0287906,0.0240658,0.0187691,0.0109179,0.0078654,0.0103856,0.00618291,0.0069905,0.00190566,-3.27313e-05,0.00229543,0.00110194,0.00316941,-0.000171689
3.78231,-0.00397306,5.60429e-05,0.00488132,-0.000938437,0.0078306,0.000825399,-0.00363383,0.00326221,-0.00437245,-0.000419525,-0.000404634,0.00331587,0.000637556,0.000700368,0.00413356,4.00241e-05,0.00143586,0.00406638,0.0043511,0.00808827,0.00888341,0.0151735,0.017457,0.0251723,0.0304531,0.0347204,0.0480314,0.0597762,0.0748314,0.0925123,0.114341,0.143117,0.174525,0.208894,0.249569,0.29384,0.347937,0.401659,0.467013,0.535876,0.607053,0.682495,0.76421,0.848393,0.932196,1.01806,1.10036,1.18253,1.25195,1.32334,1.38787,1.4414,1.48143,1.51404,1.52793,1.53368,1.52822,1.5093,1.47884,1.43628,1.38879,1.32453,1.25553,1.17574,1.0986,1.01886,0.930437,0.847843,0.760605,0.684866,0.605955,0.537358,0.465801,0.401697,0.345201,0.298559,0.24765,0.209209,0.171108,0.141508,0.115725,0.0956754,0.073957,0.0581686,0.0464302,0.0350223,0.0280533,0.0186719,0.0139282,0.0143645,0.008969,0.0100379,0.00656924,0.00208566,0.00331947,0.00445162,-0.00100808,-0.0019145,0.00424177,-0.00146954
3.74827,0.000782642,0.00129825,0.00410373,0.00126994,0.00304958,0.000452997,0.00247283,-0.00288231,0.000692492,-0.00119368,0.000568818,-0.00207988,0.002308,0.00170333,0.000799756,-0.00242132,0.00239641,0.00302498,0.0036921,0.00599913,0.00655303,0.011155,0.0160456,0.0212756,0.0251331,0.0335807,0.042735,0.0545431,0.0727871,0.0851434,0.110553,0.129814,0.157556,0.184622,0.224278,0.274562,0.316606,0.369045,0.426515,0.490807,0.556301,0.622492,0.700795,0.776957,0.852565,0.932223,1.00894,1.07911,1.14638,1.2157,1.27092,1.31634,1.35474,1.38154,1.39849,1.40738,1.40491,1.38155,1.35328,1.31585,1.26731,1.20973,1.14539,1.08206,1.00752,0.928166,0.850198,0.773403,0.699025,0.625253,0.551397,0.489643,0.430703,0.367628,0.319313,0.271378,0.224684,0.189797,0.156597,0.131327,0.104609,0.0909694,0.0705674,0.0534557,0.0454195,0.0324954,0.0267628,0.0204059,0.0160851,0.015364,0.00740706,0.00580386,0.00321371,0.00561628,-0.00115656,0.00128354,-0.00123881,0.0057205,0.00298637,0.00265531
3.71423,-0.000937491,0.001416,-0.000653664,-0.00372605,-0.00180144,-0.00284248,-0.00243037,0.00300318,7.93098e-06,0.00172007,-0.000250229,0.00177124,0.00628384,0.00100874,0.00112886,0.000770663,0.00524355,0.000599623,0.00270245,0.00536192,0.0100452,0.008244,0.0104685,0.0158156,0.0237052,0.0315805,0.0388185,0.0530299,0.0619117,0.0770831,0.0970294,0.116697,0.142242,0.170673,0.205885,0.24336,0.287446,0.3289,0.386824,0.440523,0.49983,0.565969,0.631087,0.698742,0.767794,0.838849,0.914561,0.973395,1.03552,1.09375,1.14706,1.19178,1.22469,1.246,1.26623,1.26938,1.26952,1.24931,1.22407,1.18892,1.14409,1.09419,1.03617,0.974476,0.911473,0.841601,0.768694,0.702976,0.631314,0.56517,0.501123,0.443657,0.38728,0.332082,0.283942,0.244074,0.207826,0.168347,0.140917,0.116585,0.0927748,0.0774739,0.061519,0.0479703,0.0408529,0.0304104,0.021544,0.0173299,0.00871191,0.0106308,0.00999876,0.0100483,0.00485266,0.00254578,-0.00215705,-0.00104257,-0.000111685,0.000145727,-0.0016785,-0.000638323
3.68019,0.00465721,0.00278228,-0.00148093,0.000528985,0.000150498,0.00261194,-0.00230885,0.00247214,0.00134655,0.0021661,-0.00484592,-0.000248404,0.00113081,0.00300332,0.00220573,0.00181025,0.00209124,0.00230318,0.00209901,0.00816605,0.00584062,0.00815273,0.0121538,0.0185765,0.0229085,0.0282638,0.0331557,0.0467571,0.0550205,0.0676365,0.0904102,0.104528,0.128567,0.153666,0.184649,0.215074,0.253827,0.294291,0.343654,0.3906,0.445695,0.499399,0.564721,0.627502,0.692653,0.746587,0.811935,0.86825,0.924985,0.978253,1.0209,1.06141,1.09294,1.11302,1.12546,1.13265,1.12709,1.11653,1.09057,1.05831,1.02255,0.977539,0.922437,0.871409,0.807717,0.748442,0.689843,0.625935,0.562338,0.503305,0.44471,0.392024,0.345054,0.297917,0.257715,0.216493,0.181752,0.157269,0.127608,0.10588,0.0848071,0.0720086,0.0542352,0.0485886,0.0295913,0.0297439,0.0243387,0.0167561,0.00951325,0.00791493,0.00654919,0.00516516,0.00126037,0.00284495,0.000365651,-0.00161414,-0.00162188,-0.000138856,-0.0039505,0.00103647
3.64615,0.000263439,-0.000608734,0.00104496,-0.00190024,-0.000792678,0.000719112,0.00182704,-0.00176301,-0.000638263,-5.00941e-05,8.35306e-05,-0.00309782,9.35778e-05,0.00234621,0.000640316,0.000924783,0.00473249,0.00439564,0.0043027,0.00493668,0.0045245,0.00951739,0.010875,0.0132277,0.0193193,0.0248373,0.0341702,0.0400369,0.0470715,0.061695,0.0774427,0.0929327,0.111527,0.131898,0.163372,0.189084,0.223273,0.258415,0.304775,0.346157,0.395921,0.445064,0.495155,0.547849,0.603751,0.658129,0.710854,0.76562,0.819206,0.86064,0.898202,0.933681,0.962106,0.978551,0.99143,0.995599,0.99599,0.981389,0.96007,0.937691,0.899359,0.856961,0.816174,0.765445,0.713729,0.656183,0.606627,0.552049,0.495897,0.444372,0.394818,0.345628,0.300353,0.259597,0.222673,0.188296,0.161166,0.13302,0.10861,0.0888589,0.077184,0.062382,0.0493416,0.040168,0.0295385,0.0275981,0.0186943,0.0106358,0.0127935,0.00966005,0.00574869,0.00363055,0.00509267,0.004667,-0.00139004,0.00179519,0.00067355,-0.00253406,0.00195334,0.00125583
3.61211,0.00155762,0.0010194,0.00310878,2.22553e-05,0.00218824,-0.00149085,-0.00220597,-0.00234228,-0.00179839,0.000420166,-0.000553695,-0.00244076,0.00249698,-0.000645318,-0.000698559,-0.00112791,0.0027529,0.00272053,-0.000582195,0.00234523,0.00689904,0.00830189,0.00808193,0.0132627,0.0157956,0.0234403,0.0309587,0.0304816,0.0436642,0.0542635,0.0657292,0.0776142,0.0974615,0.114595,0.141708,0.167069,0.198632,0.226968,0.262667,0.303238,0.336851,0.385603,0.433199,0.479746,0.523334,0.574764,0.620085,0.665791,0.711413,0.746478,0.78041,0.809708,0.835731,0.853631,0.861531,0.870189,0.864885,0.851264,0.833401,0.81231,0.781641,0.746356,0.703147,0.664257,0.619156,0.576607,0.527111,0.478548,0.432489,0.380985,0.342323,0.303348,0.261217,0.224247,0.192593,0.167523,0.141398,0.118202,0.0981044,0.0814076,0.0647485,0.053079,0.0455311,0.0349666,0.0261175,0.0217698,0.0181128,0.012144,0.00776162,0.00791238,0.00679569,0.00529338,0.00525875,0.00630223,-0.00121837,0.00564291,-0.000201062,-0.00262888,0.00177426,0.00386365
3.57807,-0.00409944,0.00181359,0.000861645,0.0014522,0.00379677,0.00122815,-0.00123271,-0.00403568,0.00104327,-0.0014057,0.00110277,0.00119542,0.00137796,-0.000948411,0.00116104,0.00243394,0.0040191,0.00330138,0.00149447,0.0069552,0.00197387,0.00309675,0.0108114,0.0119704,0.0152208,0.0185002,0.0249325,0.0281856,0.0376903,0.048037,0.0551914,0.0685544,0.0850707,0.0996095,0.119736,0.145406,0.168044,0.195482,0.224183,0.260787,0.293723,0.330721,0.369516,0.411195,0.450489,0.4906,0.533228,0.569149,0.607392,0.639286,0.67296,0.697119,0.716446,0.729614,0.738329,0.744677,0.744537,0.732219,0.717472,0.695907,0.66947,0.643724,0.607011,0.569687,0.530104,0.49302,0.451312,0.409699,0.370646,0.332827,0.290928,0.255983,0.224575,0.19442,0.168478,0.142768,0.12139,0.100641,0.0851912,0.0660321,0.0526578,0.0458794,0.0347882,0.030188,0.0228739,0.017745,0.0170974,0.0108255,0.0053435,0.003852,0.00617288,0.00372711,-0.00108217,0.0013378,0.00059953,-0.000572096,0.000432629,-0.00249276,-0.000366085,0.000790135
3.54403,-0.00199053,0.000942661,-0.000158832,-0.00296542,0.000264762,-0.00191945,0.00051209,-0.00494041,-0.00263998,0.000607599,0.00249253,0.00213007,0.00163523,-0.000404409,-0.00180491,0.00222351,0.00279457,0.00166584,0.00171811,0.00483231,0.00386367,0.00294179,0.00752298,0.0092919,0.0147006,0.0136773,0.0201755,0.0287796,0.0304597,0.038392,0.0466027,0.0564722,0.0712115,0.0828334,0.103118,0.12332,0.144979,0.163797,0.191074,0.219927,0.247708,0.281705,0.314397,0.345522,0.38155,0.41462,0.446289,0.482753,0.51546,0.541674,0.571225,0.587402,0.604528,0.618578,0.628031,0.62984,0.626677,0.622037,0.607129,0.587961,0.567969,0.544975,0.516359,0.480139,0.450208,0.417533,0.380192,0.349362,0.315121,0.282463,0.248056,0.21923,0.18872,0.165695,0.146026,0.121144,0.104504,0.0839085,0.0711361,0.0593239,0.0487385,0.0411363,0.0315743,0.0251639,0.0168741,0.0191535,0.010482,0.00660705,0.0094169,0.00390048,0.0040478,0.00512256,0.00344971,0.00439068,0.000656055,-0.000811765,0.00106405,-0.00262094,0.00335408,-0.00118018
3.50998,0.00153187,0.00226109,0.00190725,3.83546e-05,-0.0056079,-0.000321995,-0.0016866,0.00266838,-0.00095422,0.0033502,0.000501564,0.000191861,0.000491046,0.000463499,0.001454,0.000657498,0.00452666,0.00211438,0.000959884,0.00113349,0.00327902,0.00471461,0.00747276,0.00786189,0.00614514,0.0114716,0.0131015,0.0183614,0.0270258,0.0321734,0.039677,0.0484388,0.0566704,0.0737282,0.0849383,0.103668,0.118731,0.140889,0.159228,0.184296,0.208293,0.236194,0.265337,0.290857,0.319476,0.349155,0.375215,0.40606,0.428077,0.457466,0.475186,0.491535,0.510402,0.518989,0.522,0.527947,0.523496,0.519244,0.509812,0.491528,0.47335,0.453141,0.430253,0.406928,0.376649,0.343668,0.322468,0.291962,0.263069,0.232775,0.210704,0.182145,0.160071,0.136439,0.116283,0.0963912,0.0857729,0.0713314,0.0588465,0.047579,0.0392125,0.0320472,0.0291661,0.022819,0.0195734,0.0161651,0.00830216,0.0090313,0.00695004,0.0059846,0.00328347,0.00224212,0.00310395,0.00235466,0.000714557,-0.000526145,-0.00129355,0.000640767,-0.000864804,0.000315607
3.47594,0.00385475,0.000911962,0.000855776,-0.00220851,-0.000681176,0.00296717,-0.000740567,0.00288217,-0.00289209,-0.00127147,-0.00119248,-0.00122843,-0.003824,0.00273014,-0.00109972,-0.00257425,7.67576e-05,0.00202971,0.00223141,0.00409044,0.00242908,0.00376158,0.00561466,0.0055872,0.00596542,0.0107787,0.0140948,0.017395,0.0192218,0.0269989,0.0340563,0.044115,0.047999,0.0575698,0.0724,0.0828896,0.100079,0.117671,0.131411,0.149375,0.174049,0.195537,0.214091,0.239263,0.265156,0.286706,0.308431,0.333217,0.353263,0.373896,0.389733,0.407642,0.417095,0.426839,0.429054,0.434778,0.432315,0.427351,0.420873,0.409305,0.393733,0.37527,0.354159,0.331861,0.310292,0.288396,0.264914,0.241396,0.216083,0.194697,0.16929,0.150988,0.133153,0.114371,0.100081,0.084792,0.070418,0.0595223,0.0508278,0.0375114,0.0308598,0.0229942,0.0178015,0.0160233,0.0136892,0.0110536,0.00631245,0.00429675,0.00330704,0.00458022,0.00085913,0.00383732,0.00137476,0.00153917,-0.0021143,0.000311147,0.00197983,-5.7395e-05,0.00146289,0.000534035
3.4419,0.00242376,0.00346847,0.00228399,-0.00184507,-5.0501e-05,0.000984205,-0.00245185,0.000649556,0.00447289,-0.00209482,0.000631096,0.00299013,0.00250205,0.00211515,0.00109837,0.00150916,0.00271018,0.00204078,0.00101227,-0.00178766,0.000547785,0.000970681,0.0051813,0.00118824,0.00711762,0.0092225,0.0142779,0.0127213,0.0166043,0.019678,0.0282159,0.0333434,0.0386521,0.0485587,0.0602067,0.0662899,0.0818911,0.0937727,0.10596,0.125094,0.140476,0.15981,0.175571,0.195359,0.212962,0.234751,0.252588,0.267248,0.290414,0.304127,0.321271,0.335113,0.342389,0.34832,0.353991,0.358009,0.35435,0.350631,0.339646,0.329309,0.319347,0.30479,0.289154,0.271424,0.251118,0.239409,0.215268,0.19542,0.174114,0.157639,0.141815,0.122305,0.1066,0.0941074,0.0758383,0.0678022,0.0587162,0.0492995,0.0410495,0.0290008,0.0268259,0.0216867,0.0172376,0.0135441,0.0114117,0.00631487,0.00817269,0.00547225,0.00798396,0.00753585,0.000678792,0.00440282,0.00530821,-0.00121674,0.00179733,0.00120881,-0.000241436,-0.00137102,-0.00197966,0.000514555
3.40786,0.000305425,-0.00156195,0.000694619,0.000155204,-0.00013511,0.000740942,-0.00255994,0.00346777,0.00116933,-0.00471513,-0.000503188,-0.00324531,-0.00149646,-0.00028368,0.00453704,-0.000916757,0.00021309,-0.00101285,-0.000701129,0.00205895,0.00116573,-0.0036636,0.00486672,0.00434128,0.00545081,0.00593022,0.00280453,0.0142908,0.0107773,0.0205455,0.0236413,0.0266195,0.031409,0.0349358,0.0478064,0.0553014,0.0625224,0.0766541,0.0875891,0.0978442,0.113506,0.126883,0.143499,0.160851,0.174708,0.190372,0.203117,0.22257,0.232488,0.248898,0.258883,0.270385,0.273037,0.278688,0.282519,0.284151,0.283167,0.277876,0.275005,0.267417,0.257634,0.245269,0.23425,0.217732,0.204148,0.188296,0.17273,0.156672,0.138531,0.124092,0.113721,0.100316,0.0894276,0.0728512,0.0651482,0.0539681,0.0485075,0.0373464,0.0331234,0.0290217,0.0263079,0.0189512,0.0129336,0.0130311,0.00994243,0.00571377,0.00478387,0.00435923,0.00314182,0.00333392,0.00203051,-0.00221275,0.00226417,-0.00473234,-0.00196895,0.00423635,0.000805903,2.87952e-05,0.0014452,-4.62743e-05
3.37382,0.00276919,-0.00208212,-0.00101949,-0.000708523,-0.00150686,-0.000745907,-0.00219873,-0.00204404,0.000762163,-0.00216258,-0.000962549,0.00281797,-0.00180491,0.00373294,-0.00107877,0.00201576,0.00197515,0.00283544,0.00127845,0.00220243,0.00271049,0.00405685,0.00297281,0.00019422,0.00346452,0.00633286,0.00458925,0.00894153,0.0120028,0.0154578,0.0154837,0.0241402,0.0265123,0.033225,0.0347392,0.0453965,0.0494594,0.0592298,0.0667469,0.0784441,0.0905653,0.0979018,0.109875,0.125019,0.138632,0.148213,0.159682,0.174253,0.183475,0.195345,0.205283,0.2097,0.22014,0.222687,0.227691,0.228299,0.224463,0.221344,0.216076,0.211645,0.204786,0.193196,0.18753,0.173018,0.164769,0.150626,0.136796,0.122779,0.11097,0.104883,0.0893743,0.0794974,0.0674598,0.059741,0.050568,0.0473041,0.0348567,0.0293898,0.0274249,0.0216464,0.0184548,0.0107862,0.00784312,0.00834695,0.0080247,0.00292561,0.00462929,0.00362159,0.004422,0.00248696,0.00256487,0.00558509,0.00246407,-0.000295094,0.00118974,-0.000276722,-0.00312958,0.00145631,0.00355952,-0.000836184
3.33978,-0.00210112,-0.000289621,-0.00233307,0.00153911,-0.0030939,-0.000935004,5.56622e-05,-0.00062746,0.000373305,0.0014597,0.00168751,-0.00333859,-0.00212829,0.00212025,-0.00230965,0.00726473,0.00368786,0.00396912,0.00122462,-0.00232567,0.00315184,0.000533558,-0.000463105,-0.00315795,0.00351937,0.00631976,0.00481638,0.0116842,0.00640541,0.00965963,0.0114744,0.012817,0.0187775,0.022297,0.0249978,0.0321478,0.0424068,0.0421305,0.0562443,0.0603485,0.0694479,0.0798563,0.0878987,0.0974147,0.108639,0.11357,0.126315,0.136501,0.147152,0.150862,0.161371,0.163461,0.173241,0.17622,0.18132,0.17771,0.182015,0.174892,0.172526,0.166078,0.162822,0.15362,0.144886,0.131919,0.127738,0.121081,0.107113,0.0995901,0.0874109,0.0797747,0.0694238,0.0621001,0.0548092,0.0500197,0.0410105,0.0320954,0.0264577,0.0220108,0.0209929,0.0200355,0.0134453,0.00994615,0.00821154,0.00575809,0.00611159,0.00895118,0.00287148,0.00201373,0.00307311,0.00283211,0.00147637,-0.000257119,0.000511375,0.00189319,-0.00158434,-0.000420088,0.00141829,0.002642,0.00326211,0.00243763
3.30574,0.0037581,0.00124146,0.00032929,0.00180614,0.00195858,-0.00187131,0.000647102,-0.00299584,0.000819736,0.0019746,-0.00145942,0.000822867,-0.00080691,-0.00221695,0.000870171,-0.000378613,-0.00102505,-0.0018672,0.00451798,-0.000775082,0.00203356,0.00304671,0.000393513,0.00248147,0.00437961,0.00397726,0.00487882,0.00988747,0.00858563,0.00877808,0.0117099,0.0101805,0.0133141,0.0204944,0.0205359,0.0260693,0.0321588,0.0404707,0.0393142,0.0478115,0.0545228,0.0658854,0.0712957,0.07787,0.081337,0.0914792,0.0977409,0.100598,0.110535,0.117029,0.125307,0.13306,0.130128,0.13648,0.137498,0.136264,0.136023,0.132354,0.133292,0.129117,0.122476,0.115023,0.110289,0.103873,0.0956405,0.0885235,0.082326,0.0773474,0.0684475,0.060636,0.0505652,0.0487084,0.0470837,0.0358689,0.0305002,0.0243197,0.0208959,0.0202079,0.0162781,0.0127021,0.0132144,0.0104006,0.0104564,0.00597157,0.0048811,0.00207565,0.00667078,0.00296197,0.0021805,0.00335803,0.00496091,0.00194468,0.0061675,0.00391025,0.00339217,0.00126296,0.00305746,0.0038051,0.00254521,0.00286264
3.2717,0.00533014,-0.00106961,0.00290187,0.00137242,0.00199587,-0.000356444,0.0030022,0.000840709,-0.00178835,0.00168699,-0.00161181,0.000544636,0.00138878,-0.000187803,-0.000647739,0.00145564,0.00153478,0.00188277,-0.00273499,0.00243399,0.0021707,0.00309192,0.00181342,0.00205316,0.00122628,-0.0014192,0.000201001,0.0031497,0.00919525,0.00619808,0.00977536,0.00778935,0.013666,0.013788,0.019089,0.0190007,0.018885,0.0281369,0.0326871,0.0342896,0.0421266,0.0450237,0.0498207,0.0568125,0.0620414,0.0679179,0.0722404,0.0783589,0.0870726,0.08912,0.0944595,0.098426,0.102766,0.102949,0.10428,0.102329,0.106846,0.1015,0.104517,0.0985231,0.0935573,0.0910863,0.0825914,0.0788674,0.0759134,0.0693006,0.0654113,0.0603968,0.0518386,0.0482924,0.0431307,0.0360882,0.0299209,0.0261722,0.025354,0.0190154,0.0205078,0.0138935,0.0116162,0.0111013,0.0104582,0.00587602,0.00695829,0.0085814,0.00491781,0.00632911,0.00408875,0.00773875,0.00522384,0.0081857,0.0032769,0.00851541,0.00709003,0.00956296,0.00553727,0.00437792,0.0079766,0.00694941,0.007156,0.0055382
3.23766,-0.000144448,-0.00221878,9.21351e-05,6.39256e-05,0.00186502,0.000853056,0.00174688,0.0008626,0.000610152,-0.00171432,0.00125862,-0.00238203,-0.00108297,-0.00150765,0.00180877,0.00422313,0.00232824,0.00140553,0.00331797,0.000683514,0.00267207,0.00442436,0.000206877,-0.000508436,-0.00209185,0.000267361,0.000889529,0.00372403,0.00389799,0.000981669,0.00645193,0.00555585,0.00806996,0.00875755,0.0145103,0.0157747,0.0169741,0.0201437,0.0249862,0.0271057,0.035293,0.0372344,0.0399988,0.0439211,0.0465641,0.0544395,0.0560484,0.0609187,0.0651822,0.070424,0.0758893,0.0760208,0.0745798,0.0756399,0.0785919,0.0775493,0.0767851,0.0804703,0.0729015,0.0751124,0.0739525,0.0689826,0.0637633,0.0613491,0.0551863,0.0535214,0.0481639,0.0432764,0.0384891,0.0333994,0.0319647,0.0275917,0.0257732,0.0222815,0.0161115,0.0157435,0.0160473,0.0124278,0.0120839,0.00958896,0.0102891,0.00984958,0.00753803,0.00947155,0.00833018,0.00682813,0.0101834,0.00657527,0.009555,0.0106774,0.011336,0.0137987,0.0123489,0.00897535,0.0126361,0.0138562,0.012786,0.0147513,0.0135394,0.0131391
3.20362,0.000709398,0.00170093,0.00172312,0.000946617,0.00143587,-0.000292494,-0.00214394,-0.00153655,0.00402325,-0.00015403,-0.00379631,0.00128075,0.000431252,-0.000225143,-0.000397977,0.00191288,-0.00278798,-0.00145362,0.00277266,0.00137954,-0.000314648,-0.00277142,0.00186711,0.000166182,-0.00251337,0.00359771,0.00103163,0.00145804,0.00543179,0.00705535,0.00275792,0.00416275,0.00632716,0.00719044,0.0088255,0.00917407,0.0135657,0.017191,0.0191,0.021289,0.0246153,0.0250189,0.0289947,0.0329572,0.0364034,0.0423225,0.0393153,0.046374,0.046157,0.0530101,0.0516799,0.0565551,0.0557049,0.0528733,0.0602031,0.0587394,0.0558459,0.0572254,0.0550016,0.054922,0.0550533,0.0524609,0.046413,0.0450469,0.0422854,0.0393712,0.037282,0.0341082,0.0290573,0.0270647,0.0262048,0.0247266,0.0209823,0.018593,0.0189154,0.0104872,0.0136864,0.0103865,0.00810905,0.0142391,0.0116648,0.0125884,0.0129314,0.0138402,0.0131403,0.0143223,0.0111325,0.0205032,0.015036,0.0173539,0.0214409,0.0194875,0.0217342,0.0250915,0.0226804,0.0233513,0.0285619,0.0227068,0.0278619,0.0294503
3.16958,-0.00524806,-0.000140465,-0.000306567,0.00314037,-0.00132262,0.000788982,-0.00114851,0.00291669,0.00191533,0.00346429,0.003307,-0.0012471,0.00152821,-0.000774273,-0.00154469,0.00170005,0.00255686,-0.00121103,0.00114963,0.00463361,-0.00257898,0.000284294,-0.00024593,0.00124809,0.00122715,-0.000590608,-0.00114394,0.00543912,0.000859815,0.0020368,0.00282129,0.000754521,0.00343674,0.00634596,0.00984328,0.0079377,0.00840748,0.0118633,0.0134304,0.0153274,0.0176729,0.0195961,0.0230606,0.022115,0.0247831,0.0266818,0.0319067,0.0357968,0.0361216,0.0347831,0.0369007,0.040728,0.0423436,0.0422717,0.0429068,0.0413589,0.0462206,0.0411149,0.0453363,0.0437415,0.0376864,0.0407231,0.0375608,0.0330057,0.0308018,0.0276516,0.0284397,0.0251239,0.0233683,0.0202527,0.0195832,0.0179147,0.0158215,0.0191075,0.0136015,0.0134069,0.0141895,0.0111331,0.0116208,0.0161649,0.0144938,0.017651,0.0142555,0.0179393,0.0213416,0.0206635,0.0257754,0.027994,0.0260785,0.03433,0.0332214,0.0391408,0.0369437,0.039705,0.0430101,0.0450953,0.0419242,0.0462063,0.0467335,0.0465502
3.13554,0.00134378,0.000497954,0.000245416,-0.00207131,-0.000196362,-0.000450503,0.000680231,-0.000877708,-0.00158723,-0.00122785,6.32676e-05,-0.00274092,-0.00144769,0.00267711,0.00062106,-0.00100881,0.0010263,-0.00227272,-0.000162376,-0.00148789,-0.00091349,-0.0028787,0.00188898,-0.00372947,0.00360056,-0.000204019,0.00210365,0.00165852,0.00241392,0.00264753,0.00158387,0.00117276,0.00599669,0.00573808,0.00305954,0.00643439,0.00881735,0.0123507,0.00969769,0.0108941,0.0114383,0.0128983,0.0166406,0.0218918,0.0202077,0.0237965,0.0229587,0.0240948,0.0225881,0.029316,0.0270157,0.030103,0.0294013,0.0313399,0.0326832,0.035233,0.0328173,0.032328,0.0307604,0.0297446,0.0267211,0.0310712,0.0261096,0.0258526,0.0242226,0.0215298,0.0193383,0.018868,0.0185074,0.0163231,0.0152691,0.0143822,0.0182287,0.0118194,0.0145849,0.0195571,0.0156591,0.0211813,0.0163049,0.0176664,0.0266886,0.0246309,0.0300173,0.0324464,0.0316379,0.0393925,0.0424305,0.0485583,0.0498692,0.0550718,0.0587459,0.0644411,0.0663036,0.0748876,0.0743642,0.0768184,0.0791269,0.0820463,0.0834019,0.0835049
3.1015,0.00258354,-0.00168767,0.0011273,0.000591183,0.000373235,0.0001746,0.000275021,0.00349988,0.00111264,0.00167347,0.000718951,-0.00570679,0.000452985,-0.00036408,-0.00478895,-0.000731949,-0.000624332,-0.00073957,7.14616e-06,0.00251987,0.0019003,-0.00147157,0.000403275,0.00187028,-8.23518e-05,-0.00215154,-4.66389e-05,-0.00152183,-0.00272527,0.00203037,0.0017021,0.00302004,0.00326379,0.00309403,0.00613346,0.00295444,0.00636571,0.00178132,0.00882021,0.00773518,0.0105819,0.0110334,0.0110708,0.012997,0.0131902,0.015277,0.0161465,0.0188792,0.0173572,0.0240426,0.0206043,0.0226472,0.0208657,0.0197722,0.0212483,0.0227929,0.0236676,0.0233209,0.0243892,0.019747,0.0204661,0.0185284,0.0201201,0.018134,0.0189151,0.0172303,0.0155698,0.0175371,0.0176293,0.0109089,0.0165929,0.0182264,0.019414,0.016151,0.0185829,0.0218937,0.0233565,0.0291358,0.0261014,0.0325825,0.036399,0.0386296,0.0421065,0.0509215,0.0601403,0.0628569,0.0673112,0.0793608,0.0808539,0.0885729,0.0949437,0.101153,0.10986,0.114086,0.119974,0.12346,0.1259,0.130421,0.133181,0.1312
3.06745,0.00105642,-0.000516247,-0.000897825,-0.00166779,-0.000295649,-0.00116577,-0.000972735,-0.000333458,0.00245332,-0.000109751,0.00181937,0.00130223,0.0010561,-0.00384152,-0.000826239,0.000635652,-0.00148634,-0.00133662,-0.000205081,0.00409443,-0.000718075,-0.00299741,0.00322412,-0.00295751,0.00328345,0.000167189,0.00095497,0.000652432,-0.0008071,0.00149694,0.00489994,0.00159684,0.00205834,0.000508477,0.00597483,0.00274762,0.00400276,0.00633863,0.00447645,0.00519746,0.00667314,0.00685553,0.00796072,0.00710371,0.0115452,0.0117086,0.0113832,0.0119173,0.0122625,0.0151849,0.0171516,0.0136952,0.0128547,0.0156814,0.0170927,0.0173613,0.0178141,0.0148693,0.0110594,0.0175589,0.0176908,0.0140385,0.0194334,0.0170946,0.0128299,0.0154058,0.0120871,0.0190348,0.0142256,0.0199956,0.0186517,0.0197856,0.0200153,0.0230807,0.0262324,0.0279249,0.030324,0.0389149,0.0398162,0.0462116,0.0546201,0.0614887,0.0693204,0.0763657,0.0876032,0.0938465,0.104834,0.114199,0.127564,0.140656,0.147212,0.160129,0.168674,0.176293,0.182346,0.191401,0.194255,0.199417,0.204953,0.204508
3.03341,-0.0010417,0.000858673,-0.00068816,-0.000530455,0.00280251,-0.00293412,0.00172588,0.00111788,0.000501158,0.00236495,0.00410533,-0.000387776,0.00127763,0.000563799,-0.00141945,5.8079e-05,0.00188755,-0.00314451,-0.00118889,-3.41324e-05,-0.00219828,-0.000656566,-0.0028017,0.00137168,0.00184869,0.00301065,0.00236356,0.00309708,-0.00199135,0.00235805,0.000696012,-0.00358315,0.00458443,0.000303236,0.000610898,0.0039018,0.00231487,0.00343167,0.00177551,0.00597613,0.0059548,0.00541786,0.00523815,0.00967884,0.00729764,0.00811568,0.0087603,0.00640345,0.0103987,0.00666758,0.00865626,0.00893109,0.0124124,0.0120746,0.0170223,0.0111149,0.012888,0.00993066,0.0136426,0.0139767,0.0108152,0.0142702,0.0135331,0.0161933,0.0167042,0.0192298,0.0126101,0.0191828,0.0224605,0.0253252,0.0252884,0.0313597,0.0309048,0.0321992,0.0370875,0.0429972,0.0498207,0.0545612,0.0601468,0.0698042,0.0825089,0.0909438,0.103347,0.115019,0.129577,0.141047,0.158515,0.170448,0.187863,0.201882,0.218744,0.232449,0.249473,0.260394,0.272826,0.280752,0.286741,0.291779,0.295901,0.29695
2.99937,0.000455974,-0.00080815,-0.000270608,0.000937812,-0.00170484,0.00253534,0.00366415,0.00131108,-1.62771e-05,-0.00188052,-0.00316595,0.00174325,-0.000242537,-0.000860313,-0.00265165,0.000637652,0.00171032,5.06338e-06,-0.000150681,-0.00188398,0.00297426,0.00360541,-0.000725679,-0.00306997,-9.61157e-05,0.0026976,0.00106621,0.00276103,0.000711733,-0.00342809,0.00606833,0.00196944,0.000831519,0.00180016,0.00314886,-0.000477033,0.00420329,0.00130169,0.000410122,0.00458053,0.00547704,0.00254153,0.00469486,0.0013569,0.00357119,0.00483189,0.00388706,0.00536555,0.00696141,0.00369214,0.00415424,0.0069907,0.0072434,0.00940334,0.0058473,0.00822241,0.00717985,0.00985312,0.00890455,0.0123708,0.0105118,0.0114405,0.0182899,0.0201144,0.0198774,0.0223947,0.0228707,0.0261599,0.0318546,0.0283274,0.0395611,0.0426548,0.0491102,0.0502965,0.0570999,0.0650365,0.0753617,0.0870806,0.094134,0.108234,0.120386,0.134085,0.149904,0.167597,0.181902,0.204993,0.222313,0.239816,0.265229,0.28877,0.305018,0.326526,0.348059,0.364759,0.378844,0.388071,0.398928,0.403223,0.412948,0.412708
2.96533,-0.00107951,0.00232527,0.0059171,-0.000247579,0.00319784,-0.00149865,0.00300584,0.000161077,0.00293126,0.000886054,-0.00161582,0.00391216,-0.00210936,0.00401289,-0.00284571,0.000151269,0.000151734,-0.000738977,0.000153602,0.00298422,-0.000980749,-0.000845588,0.00119224,-0.00226047,-0.000838809,-0.000982307,0.00170049,-0.00222049,0.00106535,-0.0018476,-0.000711915,-0.00176898,0.00213976,-0.00246295,-0.000667606,0.00230645,0.000339547,0.00242615,0.000852874,0.00438768,0.00244544,0.00184961,0.000445542,0.00514003,0.00269763,0.00293483,0.00239516,0.00478173,0.00847822,0.00642603,0.00627295,0.00221168,0.00500842,0.00531809,0.00400426,0.00676568,0.00367632,0.00686069,0.00608318,0.0110124,0.0114342,0.0178674,0.0199257,0.0249768,0.0258783,0.0285209,0.0390314,0.0409405,0.0454607,0.050085,0.0555741,0.0623492,0.0739429,0.0769763,0.0876897,0.102533,0.106739,0.121593,0.134625,0.149928,0.171888,0.190344,0.209494,0.228789,0.254361,0.27522,0.303216,0.327731,0.354259,0.381107,0.409625,0.430685,0.455185,0.478081,0.50102,0.513736,0.529776,0.540559,0.541677,0.545544
2.93129,0.00650671,0.0025967,0.00179832,0.00223163,4.74073e-05,0.000348545,0.00179266,0.00140335,0.00556536,0.0057103,0.00267038,0.00238551,0.00327126,0.00133974,-0.000239927,-0.00207647,0.00136422,0.0010202,0.00174218,0.000269034,0.00244882,0.00343827,0.000476313,-0.00150886,-6.02916e-05,-0.00112462,0.000404171,0.000565819,0.00195076,-1.97333e-05,-0.000840388,0.00116019,0.000479275,-0.000474494,0.00505748,-0.00278054,-0.000563715,0.00178434,0.000959337,0.0039649,0.000353346,0.00251385,0.00178688,0.0034178,0.00451306,0.00297679,0.00405362,0.00241597,0.00166022,0.00303697,0.0036507,0.00139105,0.00356436,0.00382121,0.000177922,0.00311515,0.00298835,0.00560868,0.00903789,0.0109843,0.0166842,0.0210145,0.0226711,0.0303222,0.0405828,0.0459768,0.0515915,0.06022,0.0697273,0.0826161,0.0871398,0.0981084,0.107647,0.115275,0.133718,0.144975,0.159132,0.174658,0.194971,0.211758,0.235787,0.25747,0.280522,0.307124,0.331033,0.36552,0.393344,0.42359,0.453437,0.485016,0.518456,0.54647,0.58318,0.603464,0.628957,0.64658,0.661059,0.671326,0.678531,0.679299
2.89725,0.0062376,0.0074142,0.0044028,0.00576053,0.00565307,0.00683313,0.00656004,0.00434004,0.00268801,0.000431739,0.00467929,0.00191319,0.00311599,0.00297803,0.00550368,-0.000205012,0.00299025,0.00196643,-0.000785305,0.000668253,0.00304513,0.00154398,0.00285681,-0.000309603,-0.0013949,-0.00122564,-0.00179107,-0.000810439,-0.00221599,-0.00338601,-0.00199282,0.00272398,0.00118375,0.00106251,0.00268735,0.00391066,-0.000437229,0.0010022,-0.00169601,0.000728983,0.000961388,0.00163917,0.00105172,0.00159162,0.000594508,0.000657069,0.00334248,0.00317111,-0.00159734,0.00293632,0.00112741,0.00247314,0.00138768,0.00418071,0.00392279,-0.000371293,-0.000411994,0.00256357,0.00967757,0.016571,0.0231765,0.0288488,0.0391558,0.0458281,0.0561282,0.0707874,0.079471,0.091444,0.102989,0.117511,0.132692,0.143576,0.157283,0.169098,0.185823,0.211401,0.22347,0.239921,0.260286,0.287002,0.311071,0.335741,0.36351,0.392,0.42349,0.456656,0.490723,0.529277,0.558525,0.598821,0.631366,0.662595,0.695517,0.723228,0.752382,0.774042,0.788322,0.804648,0.805222,0.810817
2.86321,0.00915759,0.0110589,0.00818849,0.012757,0.012651,0.0104747,0.0111841,0.0119559,0.0103747,0.00815486,0.00712744,0.00740747,0.00518029,0.00652592,0.00236994,0.00428178,0.00407879,0.00166507,0.00638763,0.00360734,-0.00034456,-0.00144538,0.008472,0.00168849,0.00239557,-0.000881563,0.00183555,0.00420052,0.00136406,0.00213467,0.00170056,0.00211821,0.000453269,0.000113191,-0.000397767,0.000127987,-0.000852264,-0.00178752,-0.000814933,-0.00116959,0.00249398,0.00273809,0.000289727,0.000518643,0.00296002,0.000777284,-0.00151449,0.00382879,0.00284571,5.01486e-05,0.00110624,0.00214443,0.00118396,-0.000192212,-0.000671334,-0.000887842,0.00449812,0.00640474,0.0105358,0.0204446,0.02985,0.0413153,0.0547997,0.0708088,0.0828455,0.10273,0.11413,0.137767,0.150558,0.171014,0.187727,0.208722,0.228431,0.245389,0.262805,0.284737,0.306596,0.328537,0.347276,0.376153,0.395903,0.429504,0.454761,0.489894,0.521902,0.556643,0.591615,0.62977,0.661279,0.700284,0.731298,0.765059,0.802428,0.831269,0.851722,0.870328,0.892085,0.904603,0.905995,0.918629
2.82917,0.028336,0.0288038,0.0270869,0.0297203,0.027541,0.0241284,0.0229321,0.0178884,0.0208644,0.0198854,0.0176601,0.0172285,0.016532,0.0145287,0.0110627,0.0110503,0.00940364,0.00494478,0.00996596,0.00741772,0.00644369,0.00671772,0.00578596,0.00417819,0.00381392,0.000599481,-0.00111238,0.000668387,0.00290595,-0.000785761,0.00237626,0.00303694,-3.54703e-05,-0.000979113,0.00340539,0.00292697,0.00252951,0.00191033,-5.27264e-05,-0.00135434,0.00264844,-0.00121121,-0.000321093,0.00118116,-0.000364556,0.00209319,0.000351377,0.0030443,0.00313483,0.00282806,0.00328441,0.000559753,0.0026039,-0.00264099,0.00346599,0.000768497,0.00225441,0.00882265,0.0176885,0.0259882,0.037296,0.0564994,0.0790832,0.0977345,0.118317,0.143231,0.164842,0.19113,0.21608,0.236723,0.264423,0.285188,0.313053,0.33599,0.353209,0.380085,0.399937,0.426759,0.456366,0.479276,0.502072,0.530201,0.559741,0.588363,0.620298,0.648427,0.688171,0.720236,0.746477,0.784988,0.814714,0.846118,0.875204,0.901902,0.924724,0.94274,0.959755,0.969132,0.977577,0.980633
2.79513,0.0605279,0.0608444,0.0600606,0.0568451,0.0528252,0.0484058,0.0511634,0.0439938,0.0479858,0.0420032,0.0405444,0.0360845,0.0310462,0.0299705,0.023455,0.0225126,0.0236814,0.0174371,0.0179751,0.00967515,0.0118418,0.00676402,0.00902706,0.00738492,0.00717649,0.00650949,0.00277017,0.00251056,0.00403596,-0.00129207,-0.00250727,-2.14595e-05,-0.00102041,0.000974568,0.00270796,0.000274876,-0.00045554,0.000968787,-0.00373678,0.00391317,-0.00236223,0.00208727,0.0028755,0.00387725,-0.00178738,0.00087379,-0.000432676,0.00194743,-0.000174761,0.00322847,0.0046856,0.00128488,0.00159609,0.00112313,0.00132392,0.00271951,0.00173164,0.00941391,0.0226081,0.0422603,0.0549652,0.0782314,0.106248,0.133209,0.161365,0.191802,0.226631,0.259987,0.288614,0.322679,0.357241,0.383087,0.41434,0.440422,0.464905,0.495142,0.514692,0.545513,0.567377,0.588502,0.613871,0.638412,0.66315,0.692462,0.718299,0.742676,0.765877,0.795039,0.822817,0.847152,0.87227,0.89482,0.916616,0.937628,0.955334,0.972059,0.984781,0.99191,0.996062,0.996458
2.76109,0.113516,0.110399,0.115689,0.108338,0.105804,0.102464,0.0999237,0.092331,0.0880903,0.0831226,0.077048,0.0678662,0.0617901,0.0581208,0.0517706,0.0457769,0.0405226,0.0316784,0.0330203,0.0260317,0.029144,0.0176184,0.0192283,0.0136276,0.00986552,0.00972107,0.00878956,0.0078577,0.00894596,0.00709856,0.00536694,0.00255393,0.00464683,0.0021114,0.000639196,-0.00156862,0.00280735,0.0022776,0.00584163,0.0039034,0.00497897,-0.0004444,0.00551718,0.000886137,0.00192897,0.00410751,0.00162581,5.76148e-05,-0.000310684,0.00398179,0.00382637,0.00349963,0.00426508,0.00363406,0.00273199,0.00165436,0.00508014,0.0174196,0.0315525,0.0513754,0.0728642,0.0995988,0.135785,0.172091,0.213419,0.255493,0.292194,0.333041,0.375891,0.41247,0.451961,0.486908,0.523127,0.551401,0.583909,0.614728,0.641387,0.662456,0.689335,0.708265,0.726797,0.749101,0.769233,0.782992,0.802417,0.817779,0.838327,0.854582,0.862479,0.881506,0.895377,0.903093,0.924663,0.934519,0.944819,0.950638,0.960588,0.962726,0.964552,0.969332
2.72705,0.202055,0.206591,0.201163,0.196894,0.193704,0.182915,0.177256,0.16972,0.156685,0.141646,0.136675,0.125005,0.116249,0.103329,0.094511,0.0809734,0.069415,0.0622485,0.0561445,0.0479098,0.0400837,0.0389793,0.025712,0.0284729,0.0202126,0.0161914,0.0187787,0.0122727,0.0109618,0.0119245,0.00523458,0.00472961,0.00404446,0.00339502,0.00614619,0.00425758,-5.95143e-05,0.00536683,0.00252413,0.0068565,0.00459073,0.00378099,0.00474724,0.00587356,0.00138714,0.00321374,0.000646707,0.00592609,0.00463436,0.00385898,0.0038054,0.00365004,0.00308614,0.00255308,0.00174247,0.00419552,0.00188588,0.0182053,0.0390555,0.0596775,0.0948039,0.128186,0.170878,0.215115,0.259369,0.309641,0.361043,0.411422,0.461831,0.508627,0.553274,0.594321,0.634958,0.6731,0.702402,0.734379,0.762947,0.784124,0.803352,0.82001,0.837899,0.852579,0.859539,0.866932,0.879455,0.876711,0.880236,0.883969,0.888674,0.888147,0.891365,0.894317,0.893279,0.891256,0.892924,0.891956,0.890646,0.890774,0.891579,0.890862
2.69301,0.338248,0.333275,0.332967,0.322678,0.319692,0.303708,0.291373,0.274195,0.262588,0.24553,0.2281,0.209023,0.186886,0.169611,0.153079,0.133766,0.120244,0.103113,0.0917714,0.0801363,0.0676292,0.0570815,0.0509459,0.0417468,0.0326761,0.0312493,0.0260118,0.0203121,0.0173653,0.0197405,0.0135166,0.00904151,0.010397,0.00799824,0.00657412,0.00703588,0.0058955,0.0047096,0.00540166,0.00615475,0.00763751,0.00422451,0.00406186,0.00468926,0.00749445,0.00325317,0.00334781,0.00970254,0.00629896,0.00785191,0.00641344,0.00416226,0.00917888,0.00562477,0.00649264,0.00390681,0.0128648,0.0273125,0.0443117,0.0726089,0.114226,0.153705,0.197817,0.25276,0.309889,0.365401,0.421774,0.479261,0.539273,0.594887,0.642201,0.694814,0.735577,0.780302,0.813993,0.845103,0.869944,0.893721,0.91082,0.921567,0.928454,0.932821,0.93215,0.931834,0.926689,0.917932,0.915639,0.899211,0.885229,0.869216,0.858491,0.840745,0.830671,0.818257,0.810231,0.799174,0.792267,0.7853,0.779615,0.779146
2.65896,0.508816,0.512852,0.503642,0.496656,0.474998,0.461856,0.442688,0.416203,0.398443,0.370218,0.339227,0.316676,0.284276,0.258038,0.233705,0.20403,0.180016,0.161361,0.13852,0.121367,0.10653,0.0903651,0.0771105,0.0668691,0.0510853,0.0476348,0.0404784,0.0337866,0.0315273,0.0253186,0.0243552,0.0191566,0.014836,0.0122161,0.0143655,0.0106701,0.0112696,0.00526635,0.0102107,0.0114682,0.0109631,0.0131649,0.0126783,0.00642683,0.0082898,0.0124529,0.0117815,0.00975075,0.0108094,0.0124538,0.00887174,0.0115103,0.0126231,0.0138886,0.00924888,0.0101998,0.0149993,0.0319526,0.0521711,0.0850161,0.131714,0.177278,0.224529,0.288329,0.349469,0.410913,0.478508,0.541215,0.606675,0.663341,0.717985,0.772885,0.819743,0.859629,0.89799,0.926854,0.955087,0.976193,0.987613,0.98912,0.993813,0.992159,0.986821,0.971761,0.952926,0.932174,0.909864,0.884923,0.85964,0.835273,0.804448,0.777492,0.75084,0.727688,0.707019,0.686542,0.673664,0.65899,0.654995,0.653362
2.62492,0.724272,0.716243,0.712166,0.697151,0.676675,0.653933,0.627906,0.593858,0.558304,0.523174,0.48252,0.444112,0.404477,0.365467,0.3297,0.294261,0.262901,0.229366,0.202535,0.177187,0.148695,0.131069,0.108919,0.0936963,0.0791565,0.06837,0.0591702,0.0532742,0.0433426,0.0394193,0.0350253,0.0245939,0.0244433,0.0212825,0.0239973,0.0176102,0.0193291,0.0167533,0.0169572,0.0186272,0.0142193,0.0214787,0.017574,0.014393,0.0157744,0.0152266,0.0149462,0.0197658,0.0192697,0.0152365,0.0184122,0.0172557,0.0204824,0.0172298,0.0160506,0.016817,0.0260816,0.0402984,0.062697,0.0998363,0.143541,0.195164,0.248416,0.310006,0.379577,0.444343,0.51223,0.578598,0.643424,0.707387,0.769231,0.82174,0.871695,0.909417,0.946948,0.976982,1.00368,1.01759,1.02551,1.02769,1.02358,1.01191,0.997682,0.980225,0.949176,0.923272,0.888955,0.847609,0.812158,0.770468,0.738157,0.69707,0.660953,0.629637,0.597578,0.573316,0.550115,0.532659,0.525257,0.523246
2.59088,0.940693,0.936716,0.925911,0.910109,0.882288,0.849162,0.812284,0.778082,0.729744,0.680169,0.632782,0.57891,0.532045,0.481142,0.433405,0.386861,0.345235,0.299417,0.263958,0.231712,0.202525,0.176517,0.145863,0.127099,0.111754,0.0955973,0.0832104,0.0727325,0.0590627,0.0537372,0.0479113,0.0425906,0.0377719,0.0309411,0.0359719,0.0358938,0.0304832,0.0295377,0.0322089,0.0282469,0.0297319,0.0280242,0.0326701,0.0295951,0.0310414,0.0352403,0.0302509,0.0322149,0.0314812,0.0319057,0.0326036,0.033324,0.0306759,0.0318666,0.0292896,0.0321025,0.0393431,0.0521763,0.0817711,0.114485,0.153174,0.207049,0.262366,0.329135,0.39203,0.461863,0.528298,0.595838,0.661359,0.727065,0.779471,0.836957,0.8817,0.922161,0.960872,0.989577,1.00789,1.02264,1.02385,1.0236,1.01433,1.00437,0.980872,0.950297,0.917359,0.880413,0.840251,0.79785,0.753526,0.70597,0.654882,0.610152,0.569066,0.531589,0.490299,0.46451,0.44,0.424827,0.408449,0.410894
2.55684,1.13557,1.13181,1.11992,1.09739,1.06791,1.03162,0.989292,0.936823,0.88505,0.827243,0.766449,0.708078,0.644981,0.588173,0.526367,0.4745,0.422657,0.373792,0.330795,0.290225,0.254253,0.221506,0.191066,0.165334,0.141486,0.12638,0.109784,0.0969684,0.0812973,0.0762663,0.068653,0.0651551,0.0606188,0.0514989,0.0515487,0.0514104,0.0513902,0.0496976,0.0505712,0.0482667,0.0462709,0.0483463,0.0475131,0.0474047,0.0522391,0.0502839,0.0499164,0.0482591,0.0562798,0.051836,0.0544025,0.0529601,0.0534267,0.0542646,0.0509943,0.0537499,0.057377,0.0750587,0.0987245,0.13155,0.17178,0.22009,0.274287,0.336228,0.393418,0.461902,0.525681,0.587119,0.649578,0.710169,0.767563,0.819006,0.859,0.900291,0.931575,0.954746,0.975814,0.983315,0.989084,0.981267,0.969988,0.955562,0.929101,0.895672,0.861753,0.822645,0.777944,0.72955,0.681936,0.632415,0.584356,0.532577,0.490158,0.447759,0.408032,0.377981,0.3529,0.329415,0.319702,0.312736
2.5228,1.28353,1.28102,1.26622,1.23948,1.20429,1.16182,1.112,1.06006,1.00426,0.933832,0.870808,0.802583,0.734255,0.672494,0.606587,0.548178,0.490918,0.43293,0.38413,0.338434,0.297624,0.259525,0.232134,0.203227,0.181117,0.160475,0.142259,0.126357,0.11382,0.103811,0.0975284,0.093339,0.0860141,0.0794392,0.0808847,0.0782879,0.0767493,0.0769383,0.0745932,0.0787418,0.0730055,0.0737144,0.0765727,0.0806582,0.0753986,0.0773674,0.0797863,0.0799251,0.0830584,0.0864935,0.0835903,0.0841997,0.0880801,0.0867952,0.087277,0.0871074,0.0913345,0.10307,0.12531,0.154471,0.191927,0.237669,0.284908,0.339747,0.393589,0.446931,0.51285,0.56661,0.62664,0.673539,0.728637,0.769697,0.810252,0.842522,0.870565,0.89228,0.910531,0.914538,0.917115,0.906269,0.897414,0.877898,0.854829,0.823607,0.791412,0.751014,0.701761,0.658746,0.611845,0.562767,0.516499,0.46507,0.425196,0.385621,0.349352,0.313601,0.290121,0.268046,0.259008,0.258134
2.48876,1.35428,1.35169,1.33675,1.30726,1.27555,1.23633,1.18275,1.12694,1.06586,1.00224,0.931941,0.860506,0.79643,0.728581,0.6594,0.594572,0.537944,0.483047,0.430247,0.383387,0.341287,0.29957,0.271338,0.240644,0.216096,0.193935,0.179939,0.164099,0.151161,0.140647,0.137602,0.126175,0.121822,0.120255,0.112775,0.115611,0.116205,0.112356,0.109886,0.115376,0.111144,0.118178,0.11964,0.119017,0.117162,0.126612,0.122522,0.129393,0.125584,0.128517,0.128372,0.127781,0.134457,0.128437,0.130919,0.129868,0.132233,0.145459,0.164773,0.187584,0.220341,0.260371,0.300099,0.343387,0.392654,0.440792,0.49397,0.543629,0.58589,0.631639,0.67025,0.712835,0.742883,0.771279,0.792322,0.810047,0.818179,0.832841,0.827602,0.826073,0.811171,0.791951,0.767224,0.7407,0.710972,0.671341,0.634179,0.592306,0.550213,0.504882,0.463216,0.421934,0.382862,0.342533,0.308743,0.285969,0.260531,0.244762,0.230809,0.234306
2.45472,1.35872,1.35372,1.33536,1.31516,1.28273,1.23805,1.1949,1.13625,1.07718,1.01684,0.952091,0.878744,0.816406,0.755081,0.687801,0.62765,0.573002,0.513114,0.466557,0.417331,0.383749,0.348897,0.313439,0.289215,0.265241,0.245831,0.227907,0.210882,0.201096,0.189778,0.186243,0.176347,0.175764,0.16933,0.165927,0.167316,0.165293,0.166521,0.16939,0.168628,0.172333,0.1714,0.174318,0.177171,0.179575,0.178621,0.181406,0.180235,0.183041,0.188683,0.191936,0.193577,0.192429,0.194409,0.197105,0.19538,0.196989,0.208598,0.220905,0.238454,0.268209,0.292968,0.327645,0.3655,0.402492,0.440065,0.479642,0.514613,0.554502,0.585865,0.619294,0.649419,0.673846,0.698457,0.717566,0.730727,0.736412,0.739165,0.740262,0.73443,0.721843,0.706804,0.690887,0.667228,0.635891,0.609244,0.576511,0.540388,0.507108,0.470326,0.430666,0.401178,0.366338,0.338797,0.312421,0.285863,0.271157,0.251598,0.246301,0.242655
2.42068,1.31539,1.30851,1.2978,1.27706,1.24485,1.20907,1.16342,1.11309,1.05898,0.999834,0.94406,0.883833,0.825566,0.7648,0.707003,0.652421,0.600367,0.551677,0.506439,0.463438,0.430225,0.397195,0.367616,0.339775,0.31966,0.303903,0.289228,0.271321,0.26528,0.256154,0.253455,0.24191,0.239144,0.24041,0.239595,0.239717,0.238527,0.239686,0.24173,0.240942,0.249533,0.249044,0.250317,0.256149,0.25925,0.264103,0.270652,0.267448,0.276296,0.277755,0.278136,0.28001,0.27988,0.281511,0.285107,0.284404,0.286801,0.293943,0.305299,0.315819,0.33607,0.354259,0.378351,0.403787,0.430038,0.461765,0.484355,0.509312,0.538909,0.562862,0.58464,0.611426,0.624164,0.645374,0.653763,0.664177,0.67204,0.669337,0.668395,0.663377,0.659403,0.641097,0.626973,0.613602,0.587782,0.567462,0.538225,0.51545,0.49385,0.463751,0.437164,0.409584,0.381085,0.365434,0.341622,0.328974,0.317756,0.303311,0.295542,0.294295
2.38664,1.2621,1.25679,1.24785,1.22821,1.20395,1.16588,1.12887,1.08676,1.04124,0.989462,0.940495,0.88683,0.830903,0.782798,0.732854,0.686272,0.643176,0.593129,0.558716,0.522947,0.49118,0.460844,0.439079,0.414614,0.398242,0.383655,0.370005,0.360285,0.348431,0.343013,0.342473,0.339232,0.330662,0.330422,0.330653,0.334677,0.335229,0.338187,0.339579,0.3429,0.345546,0.353458,0.356586,0.359014,0.361775,0.371804,0.373915,0.379223,0.383214,0.389996,0.392131,0.398378,0.398457,0.400097,0.398402,0.403028,0.404413,0.40387,0.412336,0.421492,0.431419,0.443125,0.456559,0.476247,0.490744,0.506632,0.526531,0.540621,0.555223,0.569391,0.584943,0.594037,0.606302,0.617944,0.623831,0.62789,0.627168,0.63112,0.628536,0.62658,0.615853,0.609376,0.604822,0.590649,0.573675,0.558061,0.539766,0.52705,0.507509,0.492036,0.472347,0.452886,0.437043,0.425738,0.412542,0.399677,0.389835,0.386433,0.37753,0.375973
2.3526,1.24222,1.23684,1.2262,1.21063,1.18643,1.15594,1.12603,1.09443,1.05017,1.0101,0.965479,0.916836,0.870337,0.827844,0.786739,0.742925,0.706466,0.67109,0.636606,0.60462,0.582759,0.555645,0.536689,0.51843,0.499369,0.485761,0.477541,0.469565,0.459216,0.453502,0.453551,0.449322,0.45168,0.450738,0.45499,0.452173,0.45289,0.462966,0.46527,0.468771,0.477439,0.479214,0.487649,0.49236,0.503289,0.506862,0.510916,0.521015,0.529,0.531571,0.53971,0.541172,0.544034,0.550002,0.5486,0.552035,0.550079,0.546949,0.55802,0.557035,0.562379,0.566162,0.573392,0.57422,0.578991,0.58854,0.595728,0.601542,0.607982,0.611288,0.61913,0.621698,0.627865,0.630567,0.630406,0.629583,0.634102,0.630635,0.628232,0.625513,0.625826,0.619208,0.615857,0.604823,0.602444,0.593134,0.582883,0.575665,0.566443,0.554161,0.548568,0.541623,0.52674,0.52135,0.509788,0.514749,0.503693,0.501593,0.496706,0.497267
2.31856,1.28158,1.27937,1.27216,1.25698,1.23814,1.21056,1.18467,1.15064,1.11634,1.07672,1.03479,0.999012,0.960772,0.918912,0.885429,0.848435,0.813304,0.782724,0.751092,0.72531,0.699657,0.68192,0.661816,0.646884,0.633712,0.621928,0.612462,0.60411,0.600235,0.592338,0.596291,0.589182,0.591245,0.592253,0.594821,0.599041,0.60745,0.610955,0.618477,0.62203,0.632577,0.641852,0.65126,0.657855,0.662019,0.678002,0.683987,0.693755,0.698601,0.708903,0.717189,0.724097,0.725566,0.72978,0.731629,0.727816,0.727666,0.733849,0.728015,0.730106,0.727774,0.721861,0.719997,0.717201,0.714907,0.709603,0.710009,0.705407,0.701145,0.69589,0.698379,0.69085,0.690326,0.687986,0.68485,0.684314,0.683331,0.679463,0.678478,0.674956,0.671707,0.671368,0.668139,0.671513,0.668999,0.666217,0.663531,0.665847,0.657033,0.656442,0.660004,0.658644,0.656045,0.655363,0.65458,0.655039,0.655472,0.652738,0.650122,0.653554
2.28452,1.40435,1.39955,1.39085,1.37981,1.35971,1.33466,1.30921,1.27944,1.24967,1.20955,1.17267,1.13762,1.09979,1.06556,1.02824,0.995914,0.960295,0.931476,0.902337,0.881887,0.857292,0.837201,0.818657,0.807166,0.791872,0.783619,0.776747,0.767446,0.767434,0.763703,0.75963,0.762513,0.764967,0.764275,0.767966,0.77628,0.780973,0.787622,0.795773,0.803139,0.812665,0.820037,0.836277,0.847171,0.859334,0.869324,0.880514,0.893545,0.904105,0.909918,0.923474,0.92967,0.939753,0.943279,0.945498,0.943884,0.942216,0.939733,0.939834,0.931669,0.9184,0.914472,0.905265,0.897137,0.883063,0.867925,0.85882,0.846547,0.833081,0.82504,0.816339,0.808516,0.797739,0.789678,0.779483,0.774604,0.772398,0.767975,0.766196,0.770223,0.765727,0.764303,0.767885,0.774076,0.774992,0.780851,0.782211,0.788293,0.794779,0.800465,0.80642,0.81316,0.816882,0.819579,0.830199,0.834471,0.835759,0.835273,0.837198,0.838078
2.25047,1.59964,1.59609,1.58885,1.57253,1.55735,1.53312,1.50575,1.46891,1.43825,1.40541,1.36567,1.32992,1.29355,1.25527,1.21421,1.1832,1.14903,1.12338,1.09493,1.06824,1.04688,1.02335,1.00929,0.996155,0.979105,0.969712,0.960527,0.956279,0.949903,0.953327,0.946742,0.951086,0.95592,0.957518,0.964761,0.972626,0.976644,0.987706,0.999398,1.01073,1.02107,1.03344,1.04636,1.06864,1.08218,1.09142,1.10496,1.12044,1.14011,1.14958,1.16297,1.17026,1.17383,1.1833,1.18772,1.1881,1.1852,1.18099,1.17749,1.16199,1.1492,1.13313,1.11724,1.10016,1.08292,1.06345,1.04455,1.02457,1.00221,0.988765,0.966418,0.952759,0.937149,0.929419,0.917124,0.909824,0.907761,0.900547,0.896393,0.893947,0.898127,0.899095,0.907362,0.910907,0.922434,0.929742,0.94088,0.948457,0.967572,0.973698,0.986647,0.998683,1.00666,1.02134,1.03206,1.0356,1.0417,1.049,1.05095,1.0534
2.21643,1.85711,1.84705,1.83964,1.82833,1.80949,1.78096,1.75128,1.72086,1.68292,1.64849,1.6079,1.56383,1.52358,1.4867,1.4431,1.40679,1.3695,1.33944,1.30706,1.28288,1.26044,1.23476,1.21944,1.20239,1.18799,1.17623,1.1691,1.16176,1.15956,1.15468,1.15841,1.16107,1.16244,1.16913,1.17313,1.18285,1.19254,1.20857,1.21618,1.23389,1.24608,1.26183,1.28056,1.29719,1.3207,1.33674,1.35421,1.36517,1.38822,1.40367,1.41828,1.42994,1.43432,1.44329,1.44632,1.44496,1.44799,1.44007,1.43353,1.41909,1.40082,1.37885,1.35574,1.33129,1.30199,1.27952,1.24728,1.22235,1.19862,1.17391,1.15134,1.13073,1.11213,1.09114,1.08101,1.0696,1.06064,1.05536,1.05232,1.05345,1.05683,1.05713,1.06799,1.07653,1.08938,1.10369,1.12283,1.13734,1.15385,1.16872,1.18797,1.20566,1.22145,1.23547,1.24885,1.26444,1.26572,1.27595,1.27916,1.28201
2.18239,2.14719,2.14586,2.13005,2.11674,2.09225,2.06392,2.02855,1.99326,1.95309,1.9099,1.87135,1.82195,1.77761,1.73119,1.68762,1.64749,1.60657,1.5727,1.5352,1.50775,1.47997,1.45642,1.43885,1.41911,1.40438,1.38915,1.38007,1.37466,1.37446,1.37146,1.36929,1.36834,1.37617,1.38312,1.39362,1.3998,1.41659,1.42603,1.44336,1.45906,1.47922,1.49564,1.51278,1.53842,1.56063,1.58296,1.6027,1.6225,1.64277,1.66191,1.67506,1.69124,1.69952,1.70872,1.71542,1.71401,1.71119,1.7094,1.69502,1.67601,1.65402,1.63307,1.6006,1.57214,1.53442,1.50603,1.47,1.43696,1.40567,1.37455,1.34653,1.31915,1.30009,1.27734,1.25869,1.24409,1.23592,1.23155,1.22444,1.22545,1.22906,1.23592,1.24353,1.25505,1.2703,1.28925,1.30961,1.3318,1.35109,1.37597,1.3988,1.41766,1.43838,1.45902,1.47527,1.48854,1.50068,1.51121,1.52083,1.51934
2.14835,2.44786,2.43843,2.4319,2.41256,2.38956,2.35491,2.31517,2.27658,2.23395,2.18444,2.13561,2.08191,2.03139,1.98292,1.93331,1.88568,1.84177,1.80067,1.76174,1.73119,1.69964,1.6723,1.64751,1.62867,1.61351,1.59863,1.59346,1.58064,1.57946,1.57249,1.57574,1.57773,1.58501,1.58607,1.59851,1.614,1.6246,1.64237,1.66091,1.67872,1.69957,1.71963,1.74624,1.76814,1.7992,1.82202,1.84598,1.8655,1.89093,1.90905,1.92863,1.94442,1.95598,1.96767,1.97161,1.97597,1.97178,1.96279,1.94795,1.92441,1.90638,1.87343,1.84234,1.80428,1.76962,1.72928,1.68788,1.64577,1.60976,1.57224,1.53957,1.51116,1.48119,1.45794,1.43448,1.42054,1.40695,1.39775,1.39331,1.40008,1.40505,1.40901,1.42087,1.43625,1.45439,1.47598,1.50238,1.5259,1.54964,1.5767,1.60498,1.63156,1.6543,1.68125,1.69781,1.71209,1.72781,1.73836,1.74573,1.74396
2.11431,2.72648,2.71971,2.70643,2.6857,2.65886,2.62279,2.58383,2.53732,2.48717,2.43437,2.37709,2.3246,2.26678,2.20865,2.1562,2.10193,2.05523,2.00644,1.97054,1.93163,1.89762,1.86763,1.84475,1.82299,1.79912,1.79251,1.77684,1.76497,1.76347,1.76027,1.76239,1.76601,1.7698,1.78063,1.78972,1.80403,1.81841,1.83968,1.85502,1.87287,1.90241,1.92836,1.9528,1.97655,2.00761,2.03638,2.06448,2.08977,2.11519,2.14021,2.15654,2.17998,2.19186,2.20033,2.20953,2.20591,2.20599,2.19703,2.1756,2.15456,2.12326,2.09339,2.05333,2.01547,1.97263,1.92876,1.88812,1.84033,1.79559,1.7563,1.71219,1.68023,1.65338,1.62554,1.59901,1.5784,1.56982,1.559,1.5536,1.55432,1.56511,1.57276,1.58797,1.60093,1.62377,1.64866,1.67526,1.70389,1.73291,1.76373,1.79333,1.81979,1.84884,1.87231,1.89374,1.91728,1.9329,1.94472,1.95093,1.95514
2.08027,2.95681,2.95257,2.93549,2.91309,2.88525,2.84803,2.7996,2.75071,2.69952,2.63789,2.58059,2.51701,2.45741,2.39884,2.33884,2.28437,2.23519,2.18335,2.13965,2.09647,2.06086,2.02966,2.00252,1.978,1.95615,1.94433,1.93075,1.91935,1.91532,1.91362,1.91428,1.91595,1.92795,1.93165,1.94651,1.96019,1.97631,1.99596,2.0143,2.03729,2.06408,2.09192,2.12079,2.15444,2.17871,2.2122,2.23979,2.27048,2.29841,2.32292,2.34431,2.36443,2.37931,2.3915,2.39855,2.39936,2.397,2.38518,2.36729,2.33936,2.30639,2.27256,2.22874,2.18764,2.14199,2.09381,2.04426,1.99592,1.94644,1.9022,1.85964,1.82824,1.79089,1.76055,1.73443,1.71675,1.70216,1.68943,1.68914,1.69207,1.69389,1.7013,1.72256,1.73759,1.75705,1.7864,1.81419,1.84924,1.88029,1.91331,1.94657,1.97779,2.00204,2.03697,2.05802,2.0797,2.09609,2.11073,2.12169,2.1224
2.04623,3.11625,3.11428,3.09565,3.07299,3.03965,2.99999,2.95359,2.90202,2.84256,2.78366,2.72255,2.65827,2.59041,2.52637,2.46803,2.40927,2.35167,2.30217,2.25463,2.21226,2.17738,2.14076,2.11045,2.08784,2.06786,2.04673,2.03844,2.02513,2.02402,2.02036,2.02176,2.01886,2.02675,2.0373,2.05057,2.06449,2.08277,2.10199,2.12862,2.14865,2.17846,2.20995,2.24004,2.26913,2.30195,2.33541,2.36702,2.39595,2.42334,2.44904,2.47309,2.49535,2.51021,2.52025,2.53,2.52997,2.52638,2.51312,2.49444,2.47225,2.4354,2.39712,2.35577,2.30948,2.25284,2.21063,2.16069,2.1053,2.05314,2.00489,1.96989,1.92255,1.88338,1.85217,1.82872,1.80847,1.79215,1.78443,1.77974,1.78289,1.78156,1.79662,1.81248,1.8351,1.85869,1.88515,1.91594,1.94972,1.98447,2.01805,2.05132,2.08894,2.11979,2.14488,2.17518,2.19791,2.21473,2.22688,2.23479,2.24128
2.01219,3.19216,3.18965,3.17527,3.15301,3.11333,3.07634,3.02736,2.9735,2.91719,2.85557,2.78933,2.72063,2.65712,2.59278,2.53084,2.47096,2.41422,2.35948,2.31188,2.26744,2.23168,2.19341,2.1675,2.13646,2.11917,2.10298,2.08671,2.0783,2.06947,2.07127,2.07149,2.07293,2.08272,2.09286,2.10648,2.11802,2.13675,2.15058,2.17999,2.20825,2.23744,2.26711,2.2905,2.32992,2.36158,2.39243,2.42696,2.45348,2.48452,2.51253,2.53545,2.55548,2.57332,2.58761,2.59392,2.59396,2.59062,2.58119,2.55805,2.53077,2.49816,2.45923,2.41438,2.36653,2.31473,2.26453,2.21047,2.16088,2.10383,2.05741,2.01469,1.97324,1.93229,1.89616,1.87708,1.85288,1.8345,1.83006,1.82293,1.82414,1.82606,1.83847,1.85762,1.87834,1.90524,1.93481,1.96442,1.99884,2.03231,2.07024,2.10415,2.13699,2.1671,2.20149,2.22773,2.25107,2.2705,2.28701,2.29331,2.29404
1.97815,3.18213,3.17733,3.1635,3.13446,3.10341,3.06564,3.01771,2.96323,2.90277,2.84532,2.78007,2.71078,2.64896,2.58202,2.5186,2.45741,2.40183,2.35184,2.30467,2.25917,2.21819,2.18135,2.15761,2.13047,2.10724,2.09157,2.08158,2.06784,2.06048,2.05797,2.06158,2.06518,2.07045,2.08022,2.09598,2.11109,2.12954,2.14798,2.1709,2.19696,2.22411,2.25524,2.28777,2.31596,2.34933,2.38327,2.41689,2.44222,2.47858,2.50212,2.52719,2.54419,2.5619,2.57832,2.58451,2.58385,2.58121,2.56845,2.5496,2.52129,2.48903,2.44979,2.40708,2.35925,2.308,2.25604,2.20309,2.14801,2.0998,2.04913,2.00002,1.96578,1.92369,1.89455,1.86505,1.84799,1.82816,1.82006,1.81405,1.81483,1.8237,1.83107,1.85035,1.87332,1.89325,1.92823,1.95379,1.98476,2.02316,2.05872,2.09487,2.13245,2.1621,2.19513,2.21955,2.24,2.26243,2.27618,2.28192,2.28403
1.94411,3.0792,3.07569,3.05961,3.03486,3.00503,2.96292,2.91965,2.8648,2.81109,2.74954,2.68899,2.62161,2.56099,2.50127,2.43686,2.37938,2.33032,2.27057,2.22962,2.18586,2.14596,2.11215,2.08543,2.06206,2.04103,2.02561,2.01216,1.99924,1.9988,1.99949,1.99247,2.0024,2.00424,2.01381,2.02512,2.04272,2.05934,2.07709,2.09928,2.12273,2.15207,2.18143,2.20756,2.24036,2.27734,2.30666,2.33282,2.36358,2.3927,2.42029,2.4442,2.46672,2.47849,2.49407,2.49794,2.49711,2.49679,2.48754,2.46774,2.43784,2.40746,2.37019,2.32737,2.27929,2.23136,2.18354,2.12559,2.07812,2.03159,1.98186,1.93726,1.90229,1.86158,1.83289,1.80622,1.78918,1.77125,1.76016,1.75652,1.75251,1.76058,1.77095,1.79075,1.81008,1.83449,1.86034,1.8919,1.92361,1.95715,1.99227,2.0281,2.05896,2.09054,2.1213,2.14949,2.16911,2.18925,2.1993,2.20909,2.21453
1.91007,2.89298,2.88915,2.87267,2.85298,2.82456,2.78417,2.74492,2.69229,2.64032,2.5831,2.52781,2.46911,2.40698,2.34438,2.29084,2.23858,2.18815,2.13885,2.09559,2.0552,2.01706,1.98622,1.95993,1.93687,1.91474,1.90324,1.89429,1.88121,1.87602,1.8765,1.87658,1.87765,1.88691,1.89527,1.90464,1.91789,1.93698,1.95279,1.97174,1.99927,2.02019,2.04939,2.0758,2.10642,2.1391,2.16899,2.19721,2.22376,2.25481,2.27361,2.29581,2.3157,2.33252,2.34269,2.34882,2.3492,2.34594,2.33917,2.31651,2.2934,2.26133,2.22664,2.18874,2.14363,2.09859,2.05028,2.00331,1.95672,1.9108,1.86454,1.82739,1.78756,1.74999,1.72336,1.69984,1.67635,1.66321,1.65342,1.64981,1.65318,1.65324,1.6722,1.68146,1.70084,1.72188,1.75074,1.78257,1.80638,1.83959,1.87164,1.9043,1.93495,1.96662,1.99356,2.01565,2.03634,2.05572,2.06935,2.07742,2.08244
1.87603,2.64071,2.63677,2.62369,2.6034,2.58046,2.54312,2.50425,2.46184,2.40917,2.36024,2.30512,2.25301,2.19606,2.14518,2.09304,2.04114,1.99197,1.95074,1.90481,1.87562,1.83913,1.81681,1.78965,1.76882,1.74632,1.73513,1.73021,1.72061,1.71511,1.71149,1.71019,1.71649,1.71868,1.72659,1.7391,1.74976,1.76762,1.78375,1.80677,1.82131,1.8476,1.87106,1.8986,1.92644,1.94857,1.97742,2.00335,2.03067,2.05407,2.07928,2.09616,2.11067,2.12568,2.13823,2.14237,2.14767,2.1429,2.13361,2.11702,2.09234,2.06543,2.03358,1.99793,1.95486,1.91436,1.87122,1.83111,1.78614,1.74271,1.69959,1.66547,1.62961,1.594,1.56787,1.54765,1.53162,1.5159,1.51066,1.50787,1.50908,1.51514,1.52159,1.53783,1.55289,1.57401,1.59765,1.62601,1.65183,1.68098,1.708,1.74053,1.76824,1.79433,1.8217,1.84256,1.86085,1.87825,1.88804,1.89642,1.89677
1.84199,2.34373,2.33946,2.32969,2.31143,2.28447,2.25925,2.22055,2.17881,2.13791,2.08952,2.04319,1.99973,1.949,1.90073,1.85388,1.81262,1.76806,1.73138,1.69888,1.66382,1.6322,1.6091,1.58769,1.56712,1.55586,1.53974,1.53251,1.52657,1.51948,1.51853,1.52094,1.523,1.52546,1.53133,1.54503,1.55428,1.56474,1.58024,1.59679,1.61966,1.63963,1.65932,1.6836,1.7062,1.73075,1.75345,1.77612,1.80219,1.82385,1.84255,1.8601,1.875,1.88822,1.89475,1.89992,1.90611,1.90223,1.89636,1.87613,1.85547,1.82769,1.7983,1.76985,1.73401,1.70015,1.65952,1.61981,1.58455,1.54727,1.51106,1.47921,1.44886,1.41385,1.39155,1.3739,1.36082,1.34677,1.34232,1.33535,1.33785,1.34189,1.35058,1.36168,1.37501,1.39244,1.41794,1.44074,1.46477,1.49198,1.51527,1.54295,1.5666,1.59504,1.61789,1.63448,1.65363,1.66749,1.67401,1.68475,1.68352
1.80794,2.01822,2.01543,2.00821,1.98601,1.97002,1.94434,1.91407,1.87852,1.84421,1.80609,1.76071,1.7192,1.67919,1.63496,1.59934,1.56069,1.5218,1.49291,1.46266,1.43486,1.40973,1.38458,1.37116,1.35276,1.33892,1.32652,1.31958,1.3126,1.3125,1.30641,1.30989,1.30977,1.31579,1.32438,1.32459,1.33587,1.35043,1.36296,1.3776,1.3925,1.40951,1.42979,1.45235,1.47122,1.48873,1.51489,1.53414,1.55064,1.57288,1.58514,1.60375,1.61686,1.62641,1.63176,1.63806,1.64257,1.63488,1.62959,1.61442,1.60233,1.57743,1.55465,1.52639,1.49241,1.46456,1.42951,1.39774,1.36278,1.33012,1.29643,1.27518,1.24388,1.2235,1.19949,1.18376,1.16865,1.15871,1.15465,1.14962,1.15269,1.15651,1.16314,1.17173,1.18447,1.20373,1.22336,1.23985,1.26045,1.28188,1.30642,1.32956,1.35162,1.36838,1.391,1.40924,1.42294,1.43194,1.4439,1.4477,1.45328
1.7739,1.68949,1.68653,1.67673,1.66748,1.64784,1.62636,1.60127,1.57392,1.54134,1.50756,1.47442,1.44013,1.40534,1.37292,1.33812,1.30489,1.27667,1.24713,1.22342,1.19978,1.18237,1.16033,1.14779,1.13123,1.1202,1.10674,1.10281,1.10144,1.09652,1.09243,1.09378,1.09914,1.09967,1.10568,1.11527,1.12082,1.12914,1.14124,1.15818,1.16727,1.17782,1.19291,1.21326,1.23613,1.24743,1.2632,1.2842,1.29936,1.31272,1.32726,1.34143,1.35455,1.36063,1.36802,1.37243,1.37412,1.36661,1.36498,1.35379,1.34105,1.31876,1.30034,1.27501,1.25268,1.22497,1.19408,1.16624,1.14104,1.11442,1.0875,1.06456,1.04314,1.02267,1.00467,0.990873,0.980822,0.967523,0.96559,0.96435,0.965199,0.970234,0.978155,0.983038,0.993235,1.00698,1.02266,1.04046,1.05409,1.07483,1.09333,1.11402,1.13179,1.15002,1.16161,1.17796,1.19126,1.20197,1.20796,1.21606,1.21287
1.73986,1.37691,1.36931,1.36593,1.35601,1.34172,1.32334,1.3042,1.27986,1.25243,1.2271,1.20233,1.16728,1.14231,1.11647,1.08236,1.06468,1.03945,1.01416,0.992896,0.977093,0.960468,0.945016,0.932864,0.918964,0.909436,0.903855,0.899401,0.893105,0.88899,0.889467,0.89005,0.891323,0.894266,0.902193,0.905019,0.912798,0.921521,0.927426,0.938197,0.948833,0.958366,0.974064,0.986256,1.00236,1.01601,1.03146,1.04181,1.05523,1.06772,1.08173,1.0908,1.09929,1.10837,1.11324,1.11123,1.11461,1.11695,1.11172,1.10158,1.09047,1.07272,1.05794,1.04065,1.01443,0.997006,0.974305,0.94533,0.929557,0.903947,0.888134,0.865304,0.84503,0.830881,0.819988,0.806511,0.798638,0.792412,0.78327,0.785388,0.78379,0.786956,0.7943,0.805379,0.810036,0.821002,0.829001,0.842641,0.858826,0.876252,0.88894,0.904466,0.921564,0.931898,0.94669,0.959355,0.966451,0.97462,0.978973,0.98117,0.985714
1.70582,1.08334,1.08646,1.07894,1.0713,1.05677,1.04642,1.03047,1.00965,0.988054,0.971275,0.949062,0.922438,0.902454,0.878127,0.857372,0.840992,0.819571,0.80314,0.786193,0.76734,0.754153,0.742609,0.73339,0.731628,0.716104,0.713491,0.708042,0.706453,0.705367,0.702738,0.70536,0.705681,0.703205,0.708709,0.713043,0.719789,0.722736,0.731894,0.741169,0.748248,0.758788,0.769656,0.781311,0.790772,0.799404,0.815464,0.824222,0.832533,0.845244,0.852807,0.862777,0.868242,0.871662,0.880379,0.880552,0.883362,0.88194,0.878159,0.868365,0.862179,0.848291,0.836793,0.821356,0.802761,0.786073,0.767828,0.750966,0.733846,0.715226,0.695456,0.684824,0.668727,0.659246,0.64356,0.639339,0.628945,0.621415,0.619148,0.618508,0.619474,0.619852,0.624654,0.627751,0.638236,0.645425,0.653599,0.666193,0.673872,0.692552,0.700693,0.712461,0.728353,0.736473,0.748497,0.759366,0.768801,0.773866,0.774172,0.777589,0.780254
1.67178,0.828827,0.828571,0.829324,0.819765,0.810652,0.806784,0.789675,0.773605,0.761913,0.744171,0.728543,0.712209,0.693287,0.675424,0.65885,0.645365,0.627842,0.615343,0.605548,0.587227,0.58054,0.57234,0.562293,0.561283,0.552095,0.547725,0.543942,0.541306,0.537447,0.538886,0.539953,0.541772,0.543668,0.542108,0.551075,0.551902,0.55922,0.558854,0.564874,0.574939,0.579404,0.586523,0.599159,0.611731,0.614117,0.621481,0.629745,0.641654,0.647041,0.65506,0.659613,0.669477,0.67119,0.675247,0.677862,0.676737,0.67343,0.669737,0.665162,0.659007,0.651322,0.638576,0.630131,0.622615,0.601108,0.587073,0.576122,0.559832,0.547801,0.536079,0.522262,0.515803,0.505589,0.499062,0.48927,0.484095,0.479046,0.479656,0.472947,0.471854,0.475948,0.480082,0.482365,0.490414,0.497025,0.506144,0.514225,0.519626,0.527856,0.536895,0.547096,0.557471,0.568083,0.569623,0.580816,0.589727,0.592615,0.593968,0.597669,0.593924
1.63774,0.623598,0.620001,0.616337,0.613169,0.606912,0.596767,0.590667,0.575288,0.564833,0.555557,0.542401,0.529221,0.512833,0.502223,0.491047,0.478572,0.470658,0.456383,0.448343,0.443168,0.433677,0.42726,0.419822,0.416005,0.409368,0.404138,0.404026,0.40781,0.406883,0.399353,0.402672,0.401268,0.406734,0.406992,0.408464,0.412938,0.417238,0.421504,0.423551,0.427008,0.43299,0.440218,0.448134,0.454694,0.458604,0.467093,0.469006,0.477907,0.478108,0.491352,0.488571,0.497524,0.5039,0.501411,0.503234,0.50038,0.50195,0.500872,0.499044,0.490763,0.483227,0.478872,0.469946,0.45747,0.446338,0.439952,0.430234,0.418989,0.409949,0.398098,0.389675,0.381008,0.375279,0.36617,0.366287,0.35916,0.3572,0.357776,0.355718,0.355775,0.358386,0.356215,0.359716,0.364189,0.369203,0.373689,0.381771,0.384886,0.392457,0.401942,0.407949,0.412149,0.424319,0.43098,0.431946,0.435927,0.441735,0.442693,0.449346,0.447842
1.6037,0.451731,0.446608,0.447317,0.441563,0.438268,0.429135,0.428658,0.419768,0.410102,0.39816,0.395387,0.378175,0.372913,0.36569,0.355275,0.348687,0.334506,0.329754,0.324328,0.317818,0.311778,0.307522,0.307414,0.299758,0.299557,0.295052,0.297311,0.290442,0.291078,0.292067,0.290147,0.292241,0.293115,0.29464,0.299701,0.295668,0.302215,0.29988,0.310405,0.31252,0.314171,0.318512,0.324444,0.326003,0.333583,0.336013,0.340551,0.345311,0.347959,0.352439,0.357197,0.359374,0.361241,0.364401,0.366317,0.365703,0.36362,0.362769,0.362028,0.356934,0.350403,0.34695,0.340658,0.333379,0.324347,0.317698,0.311663,0.302347,0.29511,0.289253,0.282758,0.278348,0.268317,0.26789,0.266214,0.259059,0.259674,0.253462,0.256324,0.254616,0.255385,0.262437,0.26016,0.265451,0.267188,0.272374,0.275025,0.283066,0.284053,0.289655,0.296254,0.303635,0.302511,0.304753,0.313926,0.318315,0.319365,0.319597,0.317402,0.322374
1.56966,0.314869,0.312651,0.314036,0.311673,0.309177,0.304574,0.303124,0.295977,0.287281,0.283152,0.277975,0.269014,0.263174,0.25791,0.253645,0.246051,0.24055,0.235433,0.231071,0.223019,0.220212,0.215093,0.211437,0.20995,0.208851,0.207057,0.208749,0.204824,0.205126,0.203811,0.206207,0.2058,0.208937,0.206871,0.207364,0.204047,0.210743,0.213833,0.217964,0.21709,0.221826,0.225123,0.228238,0.231695,0.234696,0.239908,0.239817,0.244724,0.243498,0.250973,0.251924,0.252394,0.254665,0.256994,0.253927,0.257455,0.25577,0.25436,0.252568,0.247222,0.246438,0.246821,0.238081,0.23664,0.227694,0.227171,0.219265,0.215912,0.205941,0.203834,0.203344,0.193374,0.191998,0.187805,0.186245,0.185019,0.182022,0.175163,0.181675,0.179938,0.180861,0.180036,0.183389,0.184419,0.186549,0.189673,0.192813,0.195556,0.202468,0.202531,0.20934,0.213702,0.213646,0.214547,0.221717,0.224473,0.223909,0.230173,0.226717,0.224524
1.53562,0.214555,0.213242,0.215373,0.21313,0.210286,0.206406,0.207151,0.203528,0.198037,0.195082,0.190014,0.180788,0.179419,0.17335,0.173697,0.16507,0.161109,0.16029,0.155837,0.157372,0.150345,0.146667,0.145496,0.143133,0.141243,0.144328,0.140415,0.141366,0.138621,0.140462,0.141176,0.140362,0.142403,0.142895,0.141124,0.146053,0.147211,0.147833,0.147239,0.14636,0.152923,0.152718,0.154,0.157559,0.157605,0.163064,0.164176,0.167489,0.167916,0.171227,0.171801,0.173825,0.172657,0.173807,0.17793,0.174173,0.176346,0.172814,0.170202,0.172643,0.16551,0.168953,0.164721,0.161458,0.157056,0.154455,0.150425,0.145002,0.144465,0.138712,0.136638,0.138103,0.129529,0.129489,0.127139,0.124166,0.123711,0.12262,0.121343,0.124434,0.123788,0.125056,0.124466,0.126995,0.131148,0.126263,0.130118,0.131827,0.137376,0.139294,0.144077,0.143727,0.145406,0.149669,0.150042,0.152019,0.149718,0.152075,0.152684,0.1527
1.50158,0.142227,0.140062,0.141027,0.140122,0.140703,0.137862,0.137908,0.132575,0.13345,0.124764,0.122917,0.122854,0.121236,0.114647,0.112948,0.110668,0.102667,0.105586,0.103444,0.0991112,0.10011,0.0981116,0.0995666,0.0980096,0.0961795,0.0937005,0.0978726,0.0920061,0.0898416,0.0944197,0.0931327,0.0910703,0.0939318,0.0952797,0.0918044,0.0973842,0.0958049,0.0995591,0.100214,0.100019,0.101303,0.101175,0.100433,0.106251,0.105147,0.107576,0.107149,0.110825,0.11276,0.116224,0.114013,0.116158,0.117059,0.117117,0.115893,0.116464,0.114159,0.114562,0.111828,0.113683,0.108665,0.112318,0.111851,0.107871,0.100629,0.102861,0.0992483,0.0996288,0.0923277,0.0931348,0.0899037,0.0895772,0.0858183,0.0871056,0.0829426,0.0884128,0.085873,0.0813078,0.083333,0.0825938,0.0817545,0.0796286,0.0844141,0.0827647,0.0841403,0.0867356,0.0888763,0.0884925,0.0915742,0.0943163,0.0958976,0.0986873,0.0989023,0.101123,0.098643,0.0986773,0.0976873,0.103568,0.102741,0.10344
1.46754,0.0938765,0.0938506,0.0932049,0.0942198,0.0894365,0.0875438,0.0877281,0.0862539,0.0837282,0.085386,0.0798664,0.0767359,0.0750948,0.0753482,0.0743563,0.0751806,0.0678842,0.0679092,0.0644422,0.0617391,0.0646082,0.0664582,0.060862,0.0593288,0.0604578,0.0574164,0.0624772,0.0594516,0.0624687,0.0584,0.0585325,0.0588614,0.0591712,0.0594496,0.0616038,0.0616139,0.0652746,0.0635134,0.0644186,0.0673745,0.0662289,0.0667786,0.0638504,0.0651744,0.066909,0.0660984,0.0719287,0.0693949,0.0729471,0.0764296,0.0716861,0.0742048,0.0747393,0.0700823,0.0762779,0.0699064,0.0739162,0.076346,0.0723647,0.0744317,0.075041,0.0742703,0.070905,0.0688052,0.069257,0.0685041,0.066751,0.0643179,0.0595729,0.0596308,0.0618854,0.0558265,0.0550341,0.0546547,0.0562843,0.0548198,0.0543081,0.0550897,0.0470891,0.0544007,0.0523422,0.0548411,0.0535408,0.056593,0.0547216,0.0580027,0.0564838,0.0533634,0.0601592,0.0610326,0.0600602,0.0640391,0.0626046,0.0676458,0.0597967,0.0643011,0.0671904,0.0673993,0.0663178,0.0689537
1.4335,0.0532445,0.0607407,0.0549547,0.0549974,0.0544687,0.058862,0.0548402,0.0550327,0.0516667,0.0499797,0.0480712,0.0505429,0.0502297,0.0450613,0.0465376,0.0457073,0.0436798,0.0399216,0.0404581,0.0367645,0.0464793,0.0405931,0.040782,0.0376604,0.0351331,0.0376277,0.0379788,0.0409168,0.0350024,0.0399531,0.0389398,0.0398848,0.0347021,0.038942,0.0366584,0.0387518,0.0404445,0.0379548,0.0377047,0.0398084,0.0418861,0.041656,0.0426858,0.040572,0.0445607,0.0455247,0.0426973,0.0423949,0.0472055,0.0475607,0.0413663,0.0460181,0.0435802,0.0527007,0.0463802,0.0466502,0.0472021,0.0481117,0.046695,0.0421879,0.0456674,0.0417769,0.0429935,0.0412576,0.0403339,0.0398263,0.0396404,0.0378002,0.0349184,0.0375402,0.0398488,0.0374913,0.0352967,0.0323976,0.0330288,0.0352776,0.0308521,0.0331032,0.0323284,0.031872,0.0355651,0.0326239,0.0329304,0.0346981,0.0352461,0.0330869,0.0373817,0.0388507,0.0369211,0.038924,0.0378239,0.0428753,0.0408421,0.0394692,0.0375165,0.0393438,0.041809,0.0427245,0.0410493,0.0421728
1.39945,0.0338433,0.034174,0.0317693,0.0370696,0.0378558,0.0330069,0.0296523,0.0335919,0.0324822,0.0286965,0.0289933,0.0270699,0.0266335,0.0276776,0.0295197,0.0289723,0.0270177,0.0287292,0.0299836,0.0257099,0.0265351,0.0273201,0.0239332,0.0261283,0.0237317,0.025707,0.0207034,0.0211725,0.0202151,0.0233609,0.0238374,0.0241448,0.0255027,0.0227433,0.0218761,0.0188586,0.0227075,0.0249714,0.0237208,0.0235499,0.0238142,0.0210689,0.0226268,0.0248362,0.0270045,0.0273814,0.0277326,0.0292641,0.0253894,0.028768,0.0281779,0.0278825,0.0283362,0.026295,0.0283771,0.0286843,0.0235504,0.0270216,0.0268006,0.0263322,0.0314805,0.0297276,0.0224543,0.0230397,0.024357,0.0260421,0.0227339,0.023831,0.0227696,0.0205892,0.0237442,0.020475,0.0223098,0.0232988,0.021332,0.0186826,0.0227377,0.0203182,0.0217082,0.0186175,0.0192956,0.0199452,0.0156969,0.0205631,0.0180739,0.0207065,0.0182515,0.0218304,0.0217676,0.023991,0.023009,0.0220727,0.0220498,0.0248409,0.0259607,0.0277033,0.0233972,0.0278269,0.0238188,0.0233412
1.36541,0.0185088,0.0226776,0.0197718,0.0205479,0.016902,0.0195094,0.0195812,0.019884,0.0196495,0.0193924,0.0207712,0.0196211,0.0125546,0.0156139,0.0162329,0.0144969,0.0186207,0.0146807,0.017835,0.0162653,0.015213,0.0134848,0.0138287,0.0140512,0.0142669,0.014601,0.0124954,0.0119122,0.0147994,0.018799,0.0134928,0.015153,0.010085,0.0128869,0.0179042,0.0148809,0.0162979,0.0143463,0.0125691,0.0172997,0.0142758,0.0122496,0.0169248,0.0142183,0.0148686,0.0156144,0.020884,0.0164606,0.0149324,0.0187896,0.0161683,0.0168488,0.0182533,0.0170164,0.0151883,0.0154208,0.0188809,0.0177527,0.016777,0.016565,0.0157624,0.0196834,0.0160206,0.0157402,0.0142728,0.0148122,0.0136178,0.0138633,0.0132727,0.0163572,0.0106787,0.012781,0.0143752,0.0118568,0.0111018,0.0155034,0.00691781,0.0108869,0.013161,0.0141323,0.0111223,0.0117137,0.0141314,0.0105512,0.014606,0.0131502,0.0158448,0.011562,0.0168558,0.0137687,0.0194929,0.0160282,0.0121483,0.0120564,0.0186856,0.0126634,0.0152236,0.0122996,0.0177442,0.0151092
1.33137,0.0118078,0.0107021,0.0126407,0.0125776,0.0133874,0.0129879,0.0089786,0.0107681,0.0118374,0.0102842,0.0119847,0.0105903,0.0126205,0.00970624,0.00948575,0.0127183,0.00690839,0.00867753,0.00905242,0.00487588,0.00715403,0.00919312,0.00899012,0.0101546,0.0145065,0.00903815,0.0101978,0.00612894,0.00833641,0.00893274,0.0101146,0.00403862,0.00998064,0.00928906,0.00985916,0.00498854,0.00891908,0.00404052,0.00967834,0.00707201,0.00951626,0.00908161,0.0065599,0.00941282,0.00582263,0.0109162,0.00902087,0.0111059,0.0104145,0.00842533,0.00934019,0.00989988,0.00883942,0.00767155,0.00948497,0.0114055,0.00722593,0.0103985,0.0140518,0.00940396,0.00912042,0.00977978,0.00749807,0.00978019,0.0107458,0.00697151,0.0063118,0.0107127,0.00417002,0.00940815,0.00422728,0.00792449,0.00401843,0.00813038,0.00205683,0.00477045,0.00817175,0.00365779,0.00839822,0.0112915,0.00686933,0.0101647,0.00878242,0.00403961,0.00247869,0.00623824,0.00751802,0.00692005,0.00432528,0.00693039,0.00401522,0.00735024,0.0111706,0.00506447,0.00785383,0.00969059,0.00741591,0.0025114,0.00862369,0.0112709
1.29733,0.00615872,0.00860039,0.00742179,0.00639212,0.00688743,0.00665251,0.007195,0.00600432,0.00825685,0.00461444,0.00439526,0.00340177,0.00815981,0.0063217,0.00456702,0.00676459,0.00286406,0.00683534,0.00664265,0.00453041,0.00715732,0.00271908,0.00616638,0.00514098,0.00129204,0.00395383,0.00887994,0.00476366,0.00265403,0.00178769,0.000927348,0.00558782,0.00663689,0.00278642,0.00354001,0.00690802,-0.000890617,0.00305394,0.00490006,0.00786297,0.00367211,0.00329582,0.00248235,0.00267004,0.00349555,0.0057208,0.00849001,0.00628685,0.00947826,0.00586183,0.0048891,0.00736876,0.0054375,0.00477296,0.00539256,0.00429265,0.00798395,0.003382,0.0019856,0.00194356,0.00581114,0.00430678,0.004563,0.00723122,0.00541788,0.00820612,0.00221995,0.00233506,0.00708046,0.00595314,0.00414271,0.00202534,0.00384568,0.00418761,0.00461995,0.00600625,0.00417868,0.00274718,0.000516572,0.00527262,0.00707136,0.00255109,0.00198629,0.00728687,0.00192502,0.00637066,0.00385485,0.0089233,0.00635451,0.00364593,0.00274281,0.00356937,0.00806075,0.00398589,0.00521119,0.00502589,0.0039057,0.00627667,0.00511174,0.00550595
1.26329,0.00437465,0.00406076,0.00251667,0.00390951,0.00515027,0.00464398,0.00173307,0.000749386,0.00237339,0.000537232,0.00500821,-1.05165e-05,0.00353318,0.00496604,0.000142563,0.00363996,0.00278436,0.00668815,0.00492593,0.0013265,0.00355126,0.00331655,0.00306945,-0.000175222,0.00509786,0.00438798,0.00344108,0.0019577,0.00425295,0.00111314,0.00276958,0.00071306,0.00320336,-0.000689428,0.00461137,0.00187389,0.00384992,0.00659236,0.00259463,0.00635535,0.00321027,0.00555153,0.000631751,0.001054,0.00140586,0.000944718,0.00250517,0.00226727,0.0030898,0.00642099,0.0027131,0.00903077,0.00507247,0.0010847,0.00459173,0.00224806,0.00605001,0.00147912,0.0042474,0.00240896,0.00188255,0.00290177,0.00453252,0.0036376,0.00287752,0.00175866,0.00340777,0.00361318,0.0026883,0.00359143,0.00399671,0.00172229,0.00131537,0.000437356,0.00323927,0.0015831,0.00157406,0.00162059,0.00319573,-0.00115258,0.00112425,0.00226211,0.000429234,0.00141732,0.00307004,0.0021542,0.000269645,0.00156253,0.00189262,0.00326361,-0.000306391,0.00492979,0.00454108,0.00535753,0.00238698,0.00301159,0.000334006,0.00342867,0.00205967,0.00122431
1.22925,-0.00132555,0.00289618,0.00196014,0.00181686,0.00257744,6.22365e-05,0.00179461,0.00318678,0.00592589,0.000651743,0.002571,0.000918551,0.00252893,0.00320766,0.00564399,0.00112068,0.000654119,0.00156801,0.00261016,0.000553111,0.00280256,0.000884041,0.00396177,-0.00298949,-0.00115499,-0.000629485,0.00368042,0.000514333,0.00586413,0.00153166,3.433e-05,-0.00251461,-0.00267363,-0.002189,0.00179806,0.0015465,0.00243455,0.00310092,-0.0024104,0.00320915,0.0036807,0.00235039,-0.00163831,0.00152276,0.00331301,0.00197072,0.00109453,0.0054617,0.00559138,0.000422583,-0.000498878,0.00436321,0.000498534,-0.00180508,0.00165903,-0.00240851,0.00234313,0.00579154,0.00227931,0.00137794,4.45959e-06,0.00371892,-0.000732526,0.00150264,0.000217957,-0.00162357,0.00271638,0.000842574,-0.00149492,-0.000674492,0.00138719,-0.00102074,0.00021156,0.00312185,0.00288567,0.000150875,0.00306159,0.000412445,-7.3011e-05,0.000207833,0.00472594,0.000695823,0.00165706,-0.000353568,0.000415624,-0.00115831,0.00381024,0.00398082,0.00143954,0.00266952,0.00174964,0.00212518,0.0032251,0.00337733,0.00303266,0.000303493,0.00336096,-0.000520994,0.00117901,0.00318434
1.19521,0.00246798,-0.00360599,0.00306329,7.19348e-05,0.000439469,0.00514646,-0.00227405,-0.000754928,-0.00034396,0.00260258,-0.00128012,-0.00305506,0.00218959,0.000776536,-0.000559796,-0.00159288,0.00443047,0.00181727,0.00188237,-0.00159845,0.00316966,0.00139966,-0.0017957,-0.00153648,-0.00159877,0.00236775,-0.000495735,-0.000224153,0.00307348,0.000965205,0.00142639,-0.000251956,0.00143412,0.00188055,0.000961344,-0.00180916,0.00368686,0.00124081,0.00106902,-0.000238173,0.00219889,0.0015243,-0.000532793,-0.000520076,-0.00196158,-1.79159e-05,-0.00236112,-0.00123348,-0.00108132,0.000121739,0.00243616,0.000137607,-0.00134357,0.00236934,0.000194635,0.0019237,0.000365755,0.00297323,0.0032475,0.00188286,-0.000981736,0.00172757,0.00284086,0.00453571,0.000337801,-0.00222855,0.0018414,0.00217822,0.00165472,0.00255459,-0.00276062,0.00135746,0.00341271,0.00394471,0.00113126,0.00041637,-0.000352355,-0.00356471,0.000597192,0.000422286,0.000903465,-0.000577165,-0.00418586,-0.000258628,-0.00126931,0.000294091,0.000728851,0.00118312,0.00150675,0.00147378,0.000490848,0.00391069,0.000147366,0.00264401,-0.00183927,0.000188554,0.00473755,7.02573e-05,-0.00306208,-0.00108911
1.16117,-0.00448432,0.00274082,-0.00291751,-0.000887885,0.00237993,-0.0046174,0.000343626,7.18242e-06,0.00139764,-0.00252891,0.00147178,-8.69651e-05,-0.000713091,-9.52769e-05,-0.00123697,-0.00379473,7.08045e-05,0.00260643,-0.00243984,-7.59404e-05,0.000886533,0.000841698,2.8228e-06,0.00263843,-0.000132512,-0.0021025,-0.00172747,0.00623055,0.000349753,-0.00303054,0.000624528,0.00186619,0.00536497,0.003222,-0.000286488,-0.00155472,-0.00128072,-0.00274792,-0.000308136,-0.000612125,0.00154963,-0.00137912,-0.00318712,0.0012504,0.00228476,-0.00155401,0.000208991,0.000250218,-0.00293217,0.0031608,0.00447243,0.00409664,-0.00101187,0.00244795,0.00105444,0.00196089,2.76728e-05,0.00117053,0.00287559,-0.00126309,-0.00110694,0.00331192,-0.00130443,-0.000900261,-0.00206998,0.00310442,0.00231806,-0.00370656,0.00296461,0.00286153,0.00373988,-0.00165839,0.000951371,0.00062215,-0.00244733,-0.000329669,0.000231433,0.00179724,0.00272826,0.00110506,0.000431886,0.00156828,0.00166739,0.00192252,0.00195251,0.000259857,-0.000637575,0.00283454,-0.00210612,-0.000553772,-0.000611589,0.00364191,-0.00109118,-0.00265045,-0.00100547,8.99854e-05,-0.00384633,0.000490709,0.00203589,0.00125399
1.12713,0.000868083,-0.00118126,-0.0001116,-0.00189405,-0.000256665,0.00189069,0.0036325,-0.000190392,0.00117652,0.00415299,-0.000177361,0.00137305,-0.00101443,0.000283132,0.00214413,-2.68728e-05,-0.00375845,0.000576893,0.00116723,-0.0013687,0.00266792,-0.00136192,0.00139418,0.00191888,-0.00168355,-0.000665321,-0.00174165,-0.00183861,0.00248306,-0.00139623,0.00300315,0.0015808,0.00262219,-0.0021309,0.000292654,0.000709523,0.00129305,-0.000917389,-0.00306182,0.00101677,0.00122449,0.00200768,0.00128181,-0.00169961,-0.00122348,0.00380006,-0.00111806,-0.0022372,-0.00299422,-0.00101356,0.00208393,0.00119972,0.000658969,0.000962297,-0.00146978,-0.00142421,0.00264263,0.00310777,-0.00244726,-5.73412e-05,-0.00080029,0.00368556,0.00309947,-0.00069831,0.00247194,0.00299759,0.00293517,-0.00207333,-4.82991e-05,-0.0008619,-6.43067e-05,-0.00221576,-0.00139237,0.00136379,-0.000825596,-0.002657,-0.00233699,0.00303215,-0.00223491,0.00114583,-0.00257143,0.00243475,0.000837086,0.00174677,-0.00197073,0.00234239,-0.00202804,-0.00135597,0.00200313,-0.00029675,0.000377359,0.000353408,0.000296414,-0.00388206,-0.00110041,-0.00424898,0.00445976,0.000737173,-0.00240825,-0.000773367
