Wevenumber (cm-1) / Data point number,2,4,6,8,10,12,14,16,18,20,22,24,26,28,30,32,34,36,38,40,42,44,46,48,50,52,54,56,58,60,62,64,66,68,70,72,74,76,78,80,82,84,86,88,90,92,94,96,98,100
50,0.1286879,0.06683338,0.1411452,0.02845993,0.07764385,0.110116,0.06933993,0.01634092,0.5831401,0.007794327,0.07963423,0.02847471,0.02619447,3.309368e-70,0.0970613,0.3379228,0.3878762,0.1626358,0.3271016,0.06602415,0.003851391,0.3809445,0.007983151,0.08214828,0.05275177,0.4176629,0.1150507,0.1457892,0.08198062,0.2482672,0.07683675,0.2376308,0.09980543,0.01617452,0.1527878,0.04991857,0.02936204,0.05352779,0.6801153,0.01741609,0.0282639,0.4270702,0.4765137,0.06223922,0.1781482,0.01444234,0.2798213,0.05438978,0.1148827,0.5870724
50.84746,0.3310304,0.0407538,0.02500717,0.1695027,0.4584167,0.04414645,6.779161e-69,0.02332343,0.2870205,0.1397698,0.05433474,0.007434912,0.08148579,0.1331131,0.06453613,0.05777321,0.06411415,0.07974236,0.1922274,0.1600969,0.06385073,0.1972348,5.362866e-275,0.4757541,0.01305308,0.0549919,0.03983994,0.1455399,0.1506473,0.06139118,0.3562659,0.5778384,0.09076237,0.1860412,0.0766091,0.1654648,0.04189803,0.1922664,0.06728301,0.1376454,0.1007282,0.06565879,0.1420207,0.01001436,0.06969302,0.03136042,0.1356044,0.0100406,0.1204736,0.1329192
51.69492,0.1783641,0.4277658,0.02487104,0.2897917,0.2750779,0.01054296,0.1592056,0.05688514,0.09434039,0.1274118,0.010073,0.006209687,0.06654312,0.2101769,1.480808e-67,0.03342698,0.2882323,0.07467007,0.001066221,0.06524158,0.9733611,0.3366661,0.1041527,0.1430044,0.03832252,0.2251667,0.004438932,0.02610544,0.3599581,0.3129621,0.2320029,0.1299312,0.2241788,0.03426492,0.05676444,0.2715298,0.01776448,0.1823151,0.07437581,0.07818211,0.1638481,0.01338164,0.1811818,0.009496233,0.0335885,0.04544933,0.2114278,0.2240139,1.960129e-132,0.03492929
52.54237,0.1637606,0.002639981,0.04306566,0.05590092,0.2262193,0.192778,0.06433586,0.1130415,0.1398327,0.4441333,0.1612312,0.3821409,3.116139e-66,0.3597962,0.3761845,0.4694312,0.06617802,0.2936038,0.04129078,0.06367639,0.5201185,0.03245299,0.1611328,0.004543476,0.1514905,0.02643146,0.4056938,0.04402301,0.01321831,0.2193033,0.1061887,0.1363776,0.00672172,0.01378144,0.03341373,0.1169672,0.00956091,0.2029626,0.05484123,0.1745751,0.2716617,0.1088982,0.04853661,0.03119581,0.03347479,0.41228,0.1265251,0.2196998,0.7767206,0.2297028
53.38983,0.3613806,0.02837752,0.09113169,0.09575925,0.07248414,0.03331414,0.6440939,0.08497324,0.7065202,0.0391488,0.006462689,0.06307499,0.1167947,5.245668e-65,0.236545,0.1292436,0.273666,0.020681,0.01181728,0.2376228,0.08879011,0.1792654,2.065458e-269,0.1067224,0.06604566,0.03013242,0.1040165,1.383998,0.3176423,0.6535733,0.02438834,0.04193303,0.03162065,0.1515399,0.007988304,0.2146792,0.2974874,0.07935418,0.02156755,0.179798,0.06123312,0.5690542,0.104825,0.7842575,0.03800422,0.08197019,0.2021696,0.001711401,0.07727394,0.00783843
54.23729,0.254445,0.4202495,0.04223557,0.009040368,0.01121743,0.1934104,0.06874973,0.05245412,0.2043509,0.201464,0.1463411,0.355294,0.3268863,0.05874557,0.01716485,0.4303504,0.06529567,0.1249791,0.09205755,0.4896603,0.1396714,1.478635e-267,0.0201408,0.1215623,0.216473,0.3029505,0.5064966,0.01622752,0.2446534,0.1394355,0.2686286,0.08280081,0.0509971,0.4924957,0.465956,0.04564264,0.1789895,7.087416e-128,0.01225868,0.0300817,0.7654056,0.195643,0.0005251333,0.02060115,0.2056036,0.2176893,0.1662244,0.07941001,0.02055219,0.4314626
55.08475,0.02475716,0.1188329,0.3116845,0.1053388,0.08426791,0.1138341,0.2780197,0.001727986,0.1123573,0.1830405,0.3033763,0.08957924,0.07300445,0.1818639,1.865286e-62,0.1167765,0.1940253,0.03505899,0.208219,0.7012353,0.4604143,0.09847054,0.07130517,0.08425511,0.04493804,0.07901118,0.04106521,0.07361363,0.249558,0.1898622,0.110449,0.2028152,0.3033955,0.01971156,0.04632743,2.090252e-126,0.0419871,0.04609123,0.3379392,0.03100627,0.4717358,0.09779229,0.05619214,0.03831801,0.08303594,0.4796744,0.1322308,0.9805822,0.01158617,0.0001944466
55.9322,0.03909272,0.09377479,0.01439001,0.09034714,0.06342228,0.04155175,0.1703804,0.8963721,3.531268e-61,0.02805245,0.8315635,0.1173018,0.0991616,0.009035583,0.04320108,0.004208794,0.5530965,0.3823067,0.1346039,0.111948,0.03732658,0.009316394,0.5540613,0.8829864,0.07076263,0.08551448,0.2557631,0.08651147,0.09332732,0.02422932,0.007217939,0.02217326,0.1992254,0.1108771,0.05307384,0.1227812,0.01909727,0.202283,0.04094646,0.09794205,0.1728854,0.2370997,0.2194674,0.05372656,0.07791497,0.168636,0.07624983,0.1178497,0.06193256,0.1453993
56.77966,0.10975,0.179378,0.2378201,0.1490618,0.3003664,0.0348029,0.05220153,0.04938626,0.07489982,0.08490952,0.4204866,0.1577186,0.04416895,0.1307731,0.02768916,0.1837925,0.1235113,0.0467167,0.1773884,0.2837286,0.1109185,0.005510321,0.46842,0.04001747,0.1997081,0.7879774,0.2671791,0.03443071,0.1528791,0.0002724938,0.244404,0.03747335,0.1024138,0.03073406,0.4321179,0.169753,0.3853637,0.1705035,0.02506569,0.3501699,0.3472063,0.1112998,0.1929297,0.06681905,0.04636964,0.08138138,0.02993712,0.07336607,0.1781867,0.1843838
57.62712,0.1106868,0.004245971,0.08547091,0.0412891,0.2048738,0.1846635,0.2944219,0.05007152,0.01147028,0.03961901,0.2281819,0.5825349,0.05852276,0.07088129,0.7927668,0.06096154,0.2399836,0.06966651,0.105233,0.1506462,0.0293244,0.1984183,0.02231972,0.008467685,0.3600411,0.02099057,0.03334065,0.0329175,0.1346606,0.1469508,0.1238284,0.008851899,0.2582366,0.03479693,0.2744071,0.0013,0.2071563,0.2380596,0.05878697,0.1811999,0.08333554,0.06369804,0.3570594,0.2528774,0.2406115,0.05591357,0.01799484,0.05253171,0.522489,0.02161693
58.47458,0.2448157,0.05390569,0.1550767,0.1770406,0.3925873,0.1480966,0.03415055,0.1094379,0.03209929,0.03332297,0.2936072,0.1336675,0.1458652,0.111539,0.1292653,0.2320843,0.06114762,0.1658562,0.09391336,0.4420312,2.08741e-258,0.3500256,0.1864899,0.3159735,0.0413738,0.4970026,0.1286363,0.1752027,0.6019762,0.1874556,0.009475608,0.001253077,0.05343128,0.009420346,0.1682809,0.3360296,0.007106773,0.7062743,0.2634199,1.617246e-120,0.2916185,0.006279184,0.315735,0.06650718,0.3029374,0.1703182,0.04061368,0.2718226,1.395144e-120,0.3097486
59.32203,0.1254598,0.2586901,0.03522493,0.001870125,0.01093151,0.1476662,0.05829718,0.04482761,0.07874068,2.421304e-56,0.04329699,0.2149801,0.1007488,0.004755535,0.2303503,0.1358309,0.3708403,0.7576181,0.4370453,0.01540503,0.05619574,1.352205e-256,0.06905373,0.07284277,0.1385351,0.007130325,0.3123455,0.1490215,0.1006525,0.1973261,1.400008e-256,0.198874,0.2270127,0.1008531,0.1632668,0.1153381,0.1538342,0.1235188,0.04876282,0.1798235,0.2416968,0.06429495,0.1346282,0.04075345,0.01925798,0.4627917,3.825181e-119,0.09276484,0.2094251,0.01364
60.16949,0.1333228,0.1459259,0.1269088,0.08850056,0.03728506,0.0364174,0.1168958,0.08744305,3.803164e-55,0.02788853,0.2333975,0.02662803,0.07951033,0.4876617,0.2275334,0.4884861,0.04554305,0.115675,0.1355577,0.1429077,0.1137468,0.3372606,0.0446026,0.03802393,0.143801,0.2540375,0.1057757,0.2243374,0.01844112,0.5822612,0.2379939,0.5458078,0.4529251,0.0004705412,0.1895673,0.9939995,0.01026945,0.1115838,0.7867751,0.1236396,0.2633762,0.1867465,0.3471975,1.204013e-117,0.06706296,0.3690865,0.5753196,0.07216705,0.07330357,0.002267101
61.01695,0.0792657,0.1143013,0.06268932,0.224476,0.2111646,0.1131753,0.1198088,0.2080823,0.01807001,0.2715318,0.7456982,0.1110264,0.0188558,0.0852712,0.2175308,0.1840347,0.07935572,0.1639595,0.1789441,0.2394813,0.05908791,0.04575811,0.0002854216,0.3360096,0.07320468,0.2301187,0.00519596,0.2523081,0.1160684,0.2048147,0.0848117,0.05902304,0.2990368,0.04226694,0.01992909,0.09435172,0.04115449,0.6896237,0.3014159,0.01172137,0.1034634,0.04775541,0.09611821,0.1026083,0.1667611,0.05595719,0.1438955,0.2265313,2.7944e-116,0.1232069
61.86441,0.1238576,0.7729495,0.3315572,0.1903835,6.804772e-53,0.1312184,0.01720368,0.3837707,0.001662651,0.1694894,0.07521773,0.2823545,0.2406201,0.1232239,0.3175648,0.03154459,0.102176,0.08160403,0.02915774,0.1094954,0.04983195,0.1831425,0.02865501,0.03321282,0.4632557,0.1031843,0.06103254,0.07422102,0.3765414,0.02965508,0.3424992,0.1849059,0.2295567,7.625999e-115,0.04549145,0.07290967,0.01879597,0.04765329,0.01418752,0.05810027,0.08242189,0.6939833,0.02564028,0.1747328,0.2933712,0.2597871,0.1755538,0.06703298,0.006965904,0.2362094
62.71186,0.2261883,0.4245028,0.1508645,0.04580369,0.3508144,0.059546,0.1606007,0.15517,0.3827606,0.3387455,0.1138588,0.01962928,0.07932837,0.1995267,0.1646096,0.02480864,0.04260609,0.4969269,0.03004713,0.09849266,0.01523486,0.2363492,2.02063e-249,0.04019083,0.06745392,0.1051505,0.1886707,0.4347982,0.1731205,0.06539199,0.210242,0.1352681,0.08313356,0.08494732,0.07218561,0.04206535,0.1482101,0.2802747,0.01528837,0.002209187,0.4989684,0.1113508,0.002620663,0.1358053,0.2344206,0.0585898,0.5055106,0.1153731,0.1672045,0.1880497
63.55932,0.02316207,0.2424225,0.2123277,0.07141682,0.284964,0.2434781,0.1031668,0.2014509,0.03537552,0.2946322,0.1381698,0.2092049,0.586871,0.1798325,0.1936018,0.02318232,0.0789473,0.1081075,0.2202383,0.009037598,0.01660413,0.01543362,0.02235349,0.005943892,0.02440427,0.08167987,0.07920554,0.0700723,0.2349488,0.1707687,0.6776645,0.01737238,0.07536288,0.2028606,0.05603961,0.4505153,0.2821933,5.230946e-112,0.0931854,0.008576241,0.05295714,4.894126e-112,0.03715343,0.2315977,0.09518733,0.1097081,0.1197375,0.1084994,0.00188002,0.1448546
64.40678,0.06819814,0.6008716,0.003120108,0.1091461,0.6170775,0.1473648,0.0194972,0.02410134,1.997358e-49,0.6538136,0.1834479,0.3343127,0.01834708,0.2164066,0.0247578,0.170762,0.1197266,0.009913824,0.01225134,0.1985668,0.01753368,0.1096954,0.8260721,0.1687408,0.03942343,0.2809512,0.6133794,0.07698733,0.209568,0.05231147,0.1842928,0.001622551,0.03209001,0.1384214,0.001402159,0.2580306,0.02341125,0.0006375672,0.02767089,0.09011401,0.06354427,0.4916479,0.2812147,0.3388008,0.1619951,0.1549536,0.01982381,0.3647375,0.1385281,0.03498505
65.25424,0.155132,0.3114787,0.06246857,0.01861624,0.003669615,0.1013679,0.06542064,0.07559446,0.01362455,0.07858609,0.003720677,0.444974,0.1171354,0.07183438,0.1642777,0.3148644,0.02311992,0.0760176,0.02086798,0.09887195,0.2999798,0.2975702,0.03221366,0.08698306,0.1979485,0.09037586,0.1052918,0.01242022,0.1443331,0.3740008,0.3866552,0.0810497,0.132634,0.01295364,0.1241071,0.06071335,0.07979625,0.168352,0.08089899,0.1753591,0.02593927,0.001167347,0.1634433,0.110543,0.1652022,0.1405232,0.0388364,0.2795996,0.08248373,0.3713031
66.10169,0.02009286,0.2278837,0.1045295,0.01698863,0.3539096,2.929839e-47,0.009969665,0.02286749,0.226795,0.1202615,0.02057689,0.3204494,0.02226401,0.17104,0.2871317,3.189123e-47,0.08700879,0.1443808,0.09061566,0.2057355,0.08707613,0.08073477,0.01569951,0.03316305,0.4700632,0.08029028,0.355538,0.07651083,0.003333729,0.1088668,0.05957567,0.03935676,0.1259361,0.04391259,0.03149222,0.1236182,0.05345393,0.002433589,0.2228069,0.1022088,0.0588827,0.04323681,0.4216341,7.503584e-108,0.2120679,0.357329,0.09092332,0.1003464,0.04787423,0.3258835
66.94915,0.05436251,0.2068911,0.1382827,0.1368287,0.08081137,0.01055743,0.2428322,0.003010729,0.109975,0.3592714,0.04377421,0.2210924,0.004253827,0.3521272,0.2493192,0.006216761,0.6971848,0.08246333,0.233219,0.1652666,0.1750403,0.07360939,0.01093226,0.3300809,0.07380706,0.07218293,0.00901212,0.04132516,0.2124747,0.4449017,0.0437812,0.06376569,0.07361559,0.1469709,0.529114,0.09207726,0.08234588,0.2185331,1.540213e-106,0.2975821,0.169804,0.06851046,0.1731156,0.06534045,0.08512366,0.122252,0.02570259,0.08339919,0.1381747,0.3275692
67.79661,0.18814,4.109282e-45,0.2969259,0.4546243,0.1634666,0.3548876,0.05332035,0.0826276,0.2061481,0.02838203,0.1616937,0.1033391,0.3559256,0.2213579,0.1935559,0.1276531,0.09600676,0.01910899,0.09064765,0.03245567,0.1073743,7.770478e-239,0.07661897,0.1778013,0.02073277,0.03904086,0.2667658,0.1665536,0.2284536,0.3937883,0.4857091,0.003302813,0.01766194,0.3471726,0.0742309,3.703625e-105,0.1376627,0.1747025,0.09159416,0.2777847,0.008126401,3.59654e-105,0.0297026,0.2100563,0.05950315,0.004037909,0.2938049,0.365968,0.1176859,0.103367
68.64407,0.03712312,0.1293109,4.55215e-44,0.6660488,0.0902085,0.2112135,0.05760964,0.1098436,0.2146265,0.05321606,0.1962114,0.1560601,5.068638e-44,0.01039489,0.2945054,0.1825804,4.354859e-44,0.05192522,0.1077622,0.6836691,0.04595181,0.2055436,0.02558248,0.1126848,0.2094626,0.2068607,0.01149035,0.02531659,0.06273649,0.06786373,0.09831295,0.1370241,0.5489154,0.1846629,0.01531872,0.02117073,0.004685429,0.05519545,0.04549861,0.09488333,0.04363207,0.1185401,0.1370132,0.03819536,0.3136739,0.05096864,0.04366645,0.2423108,0.08120619,0.002836552
69.49153,0.02872743,0.3401252,0.06053541,0.09810644,0.09098332,0.03490961,0.5201909,0.364495,0.009335147,0.7794429,0.04353063,0.1687607,0.1744657,0.662513,0.07573795,0.6934394,0.008869716,0.02809533,0.07766593,0.2312577,0.204992,0.0459945,0.1497049,0.4091231,0.008721155,0.04916147,0.06118957,0.1569905,0.1784298,0.009875375,0.1122151,0.0660685,0.16337,0.1103087,0.001320373,0.3185833,0.05481358,0.1482406,0.109655,0.1400851,0.4472641,0.000270151,0.1812823,0.1410774,0.0120227,0.0858435,0.1820455,0.1109052,0.1497376,0.1495711
70.33898,0.1580074,5.578598e-42,0.03362876,0.05460793,0.1467305,0.04591751,0.06094671,0.1247427,0.1917311,0.1963129,0.06125291,0.0004612764,0.4960645,0.03651341,0.0851745,0.241857,0.208859,0.04097233,0.03553832,0.01889003,1.24068e-233,0.07383142,0.05364265,0.2084324,0.02067545,0.1306556,0.7850308,0.07111355,0.1449065,0.01196622,0.06223266,0.08724626,0.5485249,0.0587132,0.2247839,0.1510608,0.2710042,0.09312131,0.03964184,0.1523283,0.1411436,0.1829753,0.05273622,0.05067095,0.3043593,0.2738178,0.232236,0.06240655,0.4445876,0.02438189
71.18644,0.1733784,0.1246135,0.3066214,0.0930607,0.02451728,0.007647562,0.143707,0.142956,0.5534311,0.1322884,0.1912419,0.07114956,0.2572179,0.1375647,0.03589804,0.08972476,0.1252181,0.3357749,0.3150274,0.2636783,0.3739158,0.6326298,0.3583212,0.0004609564,0.4828031,0.03222231,0.05340778,0.1043911,0.03840807,0.07093723,0.04857809,0.2741078,0.02995653,0.2784084,0.01473057,0.1981023,0.04349046,0.03523597,0.4733183,0.02143897,0.005908532,0.1012647,0.04925415,0.02070499,0.3192121,0.1640741,0.06273731,0.5216184,0.003698258,0.04800304
72.0339,0.7544383,0.08276209,0.07572376,0.3680398,0.02977368,0.2829754,5.554355e-40,0.5115836,0.154844,0.004240179,0.04960393,0.06172149,0.3816541,5.648471e-40,0.001251563,0.1180749,0.2065818,0.3829106,0.04624833,0.1606045,0.1258497,0.2450077,0.400053,0.209037,0.01461409,0.1025489,0.09804196,0.03937383,0.2361379,0.0844369,0.3542032,0.1749552,3.676299e-230,0.06302307,0.1395777,0.2129778,0.0485452,0.06963588,0.08832802,0.3709546,0.4734619,0.2530046,0.1262486,0.08756019,0.2219257,0.1055561,0.1881654,0.01733104,0.04308126,1.574538e-98
72.88136,0.1998603,0.1928447,0.1920078,0.1730672,0.146564,0.1445006,0.2236527,0.2394251,0.1442256,0.02616615,0.01974473,0.04934425,0.1347312,0.08162131,0.4327727,0.03168562,0.09323442,0.1605863,0.3003112,0.5663286,0.5002344,0.3102175,0.1607955,0.005970926,0.1053532,0.1979425,0.06967872,0.2051213,0.03542732,0.06613619,0.04781253,0.2642353,0.1810494,0.8019221,0.4303447,0.008002423,0.5267481,0.004841462,0.0003737094,0.2391013,0.1330867,0.03308047,0.1123465,0.04811279,0.03424779,0.2592064,0.2001712,0.03778019,0.02146347,0.6838267
73.72881,0.001448324,0.06528033,0.02635573,0.03336195,0.1082002,0.1472715,0.1824741,0.1125636,0.1616804,0.2218128,0.1282679,0.2900407,0.2112621,0.4850481,0.6301642,0.194163,0.4600884,0.03116582,0.108924,0.02335258,0.284374,0.1521687,0.2148026,0.01202938,8.792456e-227,0.07959541,0.0607438,0.1067975,0.493096,0.09214903,0.3074798,0.03346454,0.2551152,0.2105407,0.01669982,0.1383828,0.1064456,0.09651788,7.080382e-05,0.09656056,0.15841,0.2332584,0.04147599,0.09965329,0.03420451,0.3559735,0.05114489,0.2389116,0.2143739,0.1496338
74.57627,0.3415246,0.4144393,0.5737613,0.6361031,0.07289175,0.004427079,0.1258582,0.3729376,0.496676,0.05404443,0.04077292,1.364547,0.3437404,0.2282646,0.04540835,0.260427,0.1217388,0.5623981,0.2877731,0.3247129,4.356926e-225,0.1401525,0.1024092,0.2732004,0.2194775,0.07127659,0.1705365,0.284096,0.05459538,0.004758975,0.3024127,0.09629587,0.00424989,0.0250717,0.1991015,0.2431079,0.04812273,0.342909,0.1546361,0.009172329,0.08488545,0.04877178,0.3953623,0.3990028,0.1089966,0.1885703,0.3978813,0.08056087,0.1966581,0.08193708
75.42373,0.1111566,0.3080908,0.3442204,0.007006343,0.0850937,0.2535255,0.2094893,0.3112775,0.1216466,0.03725266,0.000721869,0.01375623,0.3788979,0.0647707,0.1674722,5.199715e-36,0.1869988,0.1970603,0.1052779,0.2088573,2.133969e-223,0.09602264,0.06991933,2.092358e-223,0.07026115,0.04999956,0.03932656,0.1889196,0.0550603,0.1905714,0.1857135,0.01430596,0.4269591,0.1235191,0.736524,0.04534142,0.1303349,2.501131e-93,0.09819311,0.01570883,2.216082e-93,0.09582722,0.0941042,0.09734143,0.09206712,0.1384722,0.05935676,0.1655945,0.09215041,2.295564e-93
76.27119,0.2968194,0.06955823,0.3000887,0.007877115,0.04727485,4.203353e-35,0.1157424,0.3942192,0.2022814,0.1545688,0.5296856,0.3359572,0.05970036,0.03852093,0.1188978,0.06758366,0.008598566,0.2363369,0.08215069,0.3752285,0.4550596,0.08889069,0.003238979,0.1476665,0.03637866,0.3826476,0.07918758,0.1416448,0.04380584,0.08643831,0.02706456,1.144099e-221,0.1413588,0.07527986,0.08669923,0.04139773,0.03180177,0.6719309,0.2174714,0.1551677,0.02824055,0.07636854,0.0004871853,0.08584109,0.3174716,0.03679981,4.114259e-92,0.03851853,0.1460406,0.5002007
77.11864,0.05418738,0.02421492,0.07928658,0.2291053,0.05563217,0.1465012,0.00927736,0.0258159,0.01321324,0.1558599,0.1015397,0.1852405,0.1417886,0.2170908,0.1133125,0.3527946,0.4162235,0.02205317,0.04411049,0.1075337,0.03492913,0.1942161,0.00945816,0.1819579,0.340934,0.008820058,0.08094663,0.1019916,0.01692333,4.535949e-220,0.562511,0.1436709,0.4368647,0.09669889,0.1638996,0.1606147,0.3484938,0.2161918,0.2803054,0.5499059,0.5300308,0.02684067,0.06319186,0.1554198,0.07502436,0.0102656,0.5168791,0.04708215,0.007630352,0.05793331
77.9661,0.1865902,0.1502705,0.08641041,0.07690192,0.01626551,0.06783627,0.3163713,0.6030225,0.1819903,0.04141798,0.9392894,0.003926004,0.06360248,0.05861104,0.3931581,0.5807403,0.11628,0.003080209,0.08995953,0.02996514,0.01940591,0.03551874,0.2947968,0.1181747,0.1180988,0.1002108,0.0219451,0.2397308,0.02830311,0.1036176,0.2290425,0.01014159,0.1215323,0.07762644,0.01112742,0.06537159,0.01089832,0.578798,0.2279625,0.01448607,0.3189449,0.602992,0.3423955,0.07908765,0.18521,0.02159016,1.339208e-89,0.0246853,0.3042284,0.03427266
78.81356,0.04855669,0.09381919,0.05437796,0.02633557,0.1982663,0.09574042,0.06555476,0.0380931,0.3135241,0.1030047,0.1398292,0.06916124,0.1178743,0.03564635,0.6131492,0.08137456,2.221187e-32,1.039891e-216,0.1597593,0.3800671,0.06223533,0.1297914,0.1531844,0.3188668,0.3038202,0.1940009,0.1785156,0.006570144,0.1900252,0.03468134,0.01015677,1.178145e-216,0.1222486,0.1379697,0.2417797,0.09244282,0.01494615,0.1777569,0.2917906,0.1224476,0.1204022,0.0123858,0.01941569,0.09778787,0.2025634,0.288924,0.03678222,0.3465204,0.3029638,0.02685886
79.66102,0.2018321,0.02341266,0.4655624,0.009300984,0.003549787,0.2092115,1.756422e-31,0.1050247,0.01759738,0.117055,0.1212984,0.07815938,2.027877e-31,0.09773163,0.533589,0.4194388,0.1043275,0.06417552,0.03300049,0.1031143,0.08814488,0.02134151,0.0569215,0.1317717,0.2163267,0.03267436,0.06328064,0.47607,0.2681204,0.5453669,0.01946344,0.009072943,0.02783575,0.1544816,0.1027089,0.2619903,0.7748665,0.003932364,0.1653164,0.04752661,0.02920158,0.329507,0.2258574,0.2010851,0.1529737,0.3227779,0.1618251,0.147283,0.3017263,0.01044637
80.50847,0.09207752,0.04001833,0.06597879,0.111212,0.3302122,0.02344104,0.08558302,0.1778417,0.1077937,0.01873492,0.02530831,0.1118971,0.1020089,0.03730143,0.9575573,0.2094385,0.2185688,0.02962999,0.08148861,0.02666947,0.07632925,0.0568183,0.2194735,0.230515,0.1297516,0.01587669,0.2675671,0.03761642,0.08397751,0.06338556,0.3197744,0.07595475,0.3153918,7.155987e-86,0.1151067,0.04869488,0.05389838,0.200278,0.1572186,0.2469587,0.7062096,0.01093198,0.02302547,0.1513071,0.2540352,0.4777556,0.4183613,0.1286422,0.01876103,0.2305803
81.35593,0.005551768,0.009466001,0.007781022,0.1717695,0.05036306,0.2436249,0.1921186,0.01057573,0.1342912,0.08847173,0.1998251,0.03561463,0.04964332,0.141737,0.05784663,0.1924875,0.04932682,0.4673494,0.1464071,0.04863372,0.1525504,0.1471099,0.1325976,0.4071547,0.08670038,0.0867047,0.2772987,0.2779199,0.06921479,0.6107004,0.03294135,0.1378078,0.5947523,0.1376504,0.01545015,0.1630199,0.5842845,0.7364966,0.1001536,0.04999984,0.1069996,0.03919315,0.001735433,0.1102306,0.09424652,0.2952868,0.05154351,0.4102809,1.128531e-84,0.477063
82.20339,0.03482587,0.212093,0.8393622,0.130171,0.06091443,0.1334187,0.06834311,0.011409,0.2782764,0.03862338,7.675358e-29,0.1010093,0.357248,0.1437647,0.04697368,0.04857379,0.01890527,0.1402292,0.06710309,0.05789698,0.06033446,0.001340331,0.03104388,0.07654068,0.04433743,0.09613085,3.944958e-210,0.1806413,0.154641,0.1104453,0.01119958,0.06246304,0.1151382,0.4287322,0.1826005,0.4606952,0.0913795,0.1147308,0.1821582,0.2832302,0.09704917,0.001246186,0.07829242,0.1275388,0.2689398,0.1497233,0.2500322,0.4263229,0.01412087,1.872797e-83
83.05085,0.09591894,0.1300489,0.1820698,5.044788e-28,0.0319115,0.3690351,0.041352,0.140728,0.01954346,0.509899,0.6880746,0.5957082,0.2525132,0.5977475,0.01985664,1.272129,0.9152216,0.3524001,0.08273838,0.01050054,0.001351952,1.639669,0.07195157,0.0976127,0.05226249,0.003497134,0.03261288,0.07218941,0.2923174,0.06578761,0.1733032,0.03987411,0.03396674,0.1277261,0.4217122,0.321812,0.2575317,0.2676274,0.1772636,0.02868963,0.09065977,0.1117624,0.2915925,0.2949883,0.4090352,0.1978744,2.861416e-82,0.01437119,0.02344105,0.2082236
83.89831,0.169714,0.1400747,0.2114251,0.08042124,0.01733968,0.2041789,0.2401367,0.02032549,0.364856,0.2492973,0.09887759,0.009082098,0.01713136,0.367626,0.03921013,0.04080871,0.06163829,0.2470793,0.4121283,0.220833,0.4680474,0.5396879,0.0339149,0.01516102,0.02056787,0.2783546,0.4391499,0.1158645,0.05644296,0.1459841,0.07653685,0.09701168,0.06658854,0.02514331,0.02706157,0.7258986,0.02028152,0.1973848,0.01423381,0.1908091,0.09777447,0.06668705,0.09493552,0.06894,0.0748081,0.04431446,0.1313688,0.04070976,0.3059551,0.2831305
84.74576,0.0981027,0.1972308,0.001252761,0.003778936,0.0872873,0.1021955,0.1369667,0.2792375,0.04531965,0.0630922,0.01239198,1.141005,0.0314282,0.1833377,0.03717675,0.1877101,0.007151272,0.2682277,0.1909278,0.2287384,0.7399927,0.4185365,0.04289188,0.07013437,0.4499852,3.299039e-205,0.432415,0.2126862,0.08000894,0.2653416,0.07397466,0.03141807,0.1746097,0.1427429,0.05095188,0.2377138,0.05165017,0.2330556,0.3226884,0.09824034,0.3927425,0.3544931,0.03275405,0.1216389,0.02183331,0.05636571,0.1168569,0.1074367,6.839658e-80,0.1165542
85.59322,0.2188406,0.1125115,0.2722557,0.3178171,0.01529225,0.1489496,0.2780614,0.2382061,0.007594764,0.07312773,0.1665544,0.03702554,0.205622,0.05198083,0.04753641,0.4094817,0.227248,0.1769478,0.6447257,0.07405785,0.3648357,0.4062934,1.28105e-203,0.1384894,0.04649203,0.0008685392,0.09034132,0.02138676,0.02990979,0.1822448,0.01158004,0.009661205,1.403558e-203,0.1546833,0.2271384,0.08384923,0.1594972,0.1229278,0.2857359,0.1816936,0.5311505,0.3026742,0.02309376,0.2407465,0.4184205,0.01867354,0.08756524,0.2726846,0.2523832,0.09414135
86.44068,0.0002885305,0.443254,0.04956161,0.1859958,0.09981917,0.155715,0.04238103,0.1250369,0.5548136,0.4772869,0.4378444,0.04511573,0.4013843,0.001691261,0.08715464,0.07034314,0.03852632,0.09442664,0.1321262,0.04712447,0.4074698,0.1778983,0.4124361,0.4177785,0.190913,0.001045507,0.1822396,0.1028757,0.06152915,0.2309442,0.3440935,0.05503277,0.06763644,0.01800183,1.549745e-77,0.496582,0.2431065,0.124444,0.1700231,0.127051,0.2479336,0.09967414,0.3515021,0.03098221,0.0680854,0.6308063,0.008203611,0.06741687,0.1642483,0.1307678
87.28814,0.01736269,0.5965789,0.01345593,0.5976107,0.1147603,0.04702291,0.002956718,0.05141521,0.004095713,0.3384196,0.03336125,0.3329,0.4315533,0.09587869,0.2720757,0.2596041,0.2137563,0.1189515,0.1204345,0.03979216,0.09806534,0.06364452,0.249801,0.1642629,0.4539788,0.04386525,0.4163894,0.1679736,0.3470722,0.1944859,0.002186974,0.3617541,0.1963005,0.08321084,0.07251133,0.1410809,0.01891359,0.01462961,0.02196167,0.01454791,0.1987311,0.03223172,0.1287865,0.5965516,0.02617484,0.2270891,0.2938699,0.1694316,0.1509501,0.300625
88.13559,0.2637779,0.0337259,0.3258077,0.1326815,0.1179889,0.5195788,0.02576093,0.6992397,0.07808197,0.06873905,0.09955072,0.2275442,0.4163631,0.1800317,0.1422681,0.4708844,0.04151736,0.1590415,0.1951925,0.06003352,0.3226189,0.1437971,0.09449501,0.09054523,0.0484889,0.006521105,0.07896161,0.2892433,0.01682206,0.2726583,0.4504116,0.009917026,0.1437884,0.05610787,0.3261082,0.06956939,0.1528799,0.2713327,0.1541793,0.112241,0.008716761,0.04435461,0.2417249,0.1223953,0.03126731,0.5708107,0.1588902,0.008235165,0.004193925,0.2261503
88.98305,0.2946934,0.1109102,0.2841841,0.2695178,0.2980142,0.3326736,0.09281534,0.2571634,2.125793e-22,0.08938733,0.04296587,0.0205475,0.08223278,0.4713264,0.2220426,0.09016625,0.07902378,0.07041677,3.021906e-197,0.05311695,0.2704412,0.02010035,0.01059756,0.201386,0.09518136,0.04453133,0.03880798,0.215101,0.02456883,0.01886519,0.03540464,0.1957593,0.6785521,0.2832255,0.4182944,0.2474707,0.3049206,0.1689356,0.345705,0.0319626,0.3563424,0.257658,0.03174039,0.03105872,0.1965464,0.2982041,0.04446046,0.01330509,0.08724139,0.08821853
89.83051,0.01028895,0.1128437,0.2242371,0.213426,0.1024972,1.091297e-21,0.05079125,0.02839468,0.05682755,0.02916741,0.0008849054,0.729066,0.05086999,0.02043159,0.2109058,0.1690664,0.04670423,0.1371968,0.1396543,0.5857794,0.07927255,0.313447,0.002735072,0.2143941,0.01079931,0.173754,0.7341829,0.08845907,0.09949931,0.1082791,0.1961543,0.09304355,1.317852e-195,0.04801509,0.1417052,0.2748357,0.3700318,0.04973859,0.03262609,0.2230304,0.08300155,0.07979751,0.07037568,0.1754071,0.2134089,0.08261866,0.01466203,0.05461159,0.6460548,7.636205e-05
90.67797,0.08718789,0.04634927,0.003061008,0.06161768,0.2244602,5.892405e-21,0.1255926,0.077139,0.949311,0.5265811,0.01068228,0.07823093,0.1896717,0.2088257,0.004402672,0.1025288,0.09030646,0.2391408,0.1837902,0.1283966,0.04262992,0.001672074,0.0736157,0.5550748,0.0224885,0.01429757,0.1921737,0.3692532,4.367875e-194,0.3712259,0.01403361,0.03269224,0.03428599,0.002612206,0.02373862,0.1766542,0.4675252,0.005449706,0.07659405,0.06280679,7.360881e-72,0.1005345,0.1123955,8.520223e-72,0.15681,0.02066052,0.08374421,8.835027e-72,0.1215849,0.1129809
91.52542,0.02919547,0.008847017,0.2204165,0.1090698,0.04102956,0.1328451,0.1523307,0.02026197,0.1991875,0.01036306,0.1467838,0.1429164,0.5483058,0.01879789,0.1127514,0.06226092,0.5076465,0.04370319,0.2327849,1.591517e-192,0.02567514,0.1812122,0.1597493,0.06700699,0.02591158,0.1783576,0.1563731,0.2907277,0.06496125,0.001370595,0.0860762,0.17313,0.1141548,0.1930846,0.01088606,0.2845232,0.01815685,0.3293,1.280265,0.1882078,0.1505657,0.09973451,0.1190892,0.3025825,0.01552125,0.01355483,0.180015,0.02871747,9.642834e-71,0.1731528
92.37288,0.7897717,0.2579813,0.2892252,0.1647457,0.03788243,1.576025e-19,0.06645291,0.01825876,0.07314769,0.2998402,0.04392112,0.0279071,0.02835516,0.1404858,0.07426037,1.7155e-19,0.05711647,0.2934883,0.01189434,0.1576916,0.9240935,0.09389693,0.06198857,0.3112026,0.01467998,0.1781944,0.01664451,0.03842104,0.006753038,0.1710305,0.124692,0.0121532,0.3975799,0.1260647,0.08508402,0.3320949,0.02149741,0.4727399,0.3918996,0.03003533,0.1012238,0.1025701,0.5444396,0.07862223,0.3494618,0.03377875,0.003425816,1.459448e-69,0.03993485,0.05162163
93.22034,0.2786905,0.12235,0.04080065,0.1604585,7.145021e-19,0.06519231,0.1383756,0.3607192,0.3897392,0.6241605,0.0102541,0.1978706,0.4304051,0.007812357,0.2240327,0.04904443,0.149088,0.1762607,0.04431248,0.05765824,0.1938905,0.02425693,0.1595774,0.07542431,0.2606457,0.007384227,0.2768037,0.08725361,0.5486965,0.04282818,0.01671266,0.007399504,0.224331,0.07001825,0.03319456,0.09555416,0.01792311,0.3670224,0.2151502,0.1060949,0.06990547,0.1437177,0.1350046,0.2885706,0.03299429,0.03385376,0.2283623,0.2380418,0.3011321,0.1091609
94.0678,0.05844426,0.2254547,0.6053147,0.01271549,0.0462571,0.176839,0.2176316,0.1597233,0.2454948,0.6250559,0.03875845,0.5572219,0.1107776,0.3915584,0.1097197,0.003209159,0.2769382,0.06554485,0.04779948,0.03347949,0.2581498,0.3974585,0.6362009,0.02444586,0.4423368,0.01490629,0.04587091,0.249334,0.03721702,0.1081168,0.2437845,0.04857937,0.2764247,0.0985497,1.941499e-67,0.3291334,0.8722228,0.008854037,0.01326341,0.01810423,0.201,0.01708313,0.03843535,0.06837977,0.4647108,0.1367191,0.05359954,0.01697918,0.07470084,0.3609776
94.91525,0.1746644,0.06310213,0.07097125,0.1435017,0.03765632,0.09040132,0.1840887,0.07308679,0.1121172,0.2258569,0.09735468,0.02010525,0.05405181,0.2924978,0.1148231,0.1956643,0.02269916,0.02678497,0.1109598,0.2480681,0.3825353,0.09686988,0.1920814,0.008019299,0.01802704,0.08971094,0.104748,0.4393785,0.1262622,0.1376131,0.02611326,0.1378331,0.1065638,0.1571594,0.2105221,0.08096437,0.3346451,0.346586,0.0537962,0.07219927,0.2314498,0.1911465,0.06163558,0.282696,0.1187214,0.2462834,0.1379431,0.05110158,0.1039744,0.2463236
95.76271,0.05177777,0.005441275,0.03198787,0.05897484,0.2712199,0.1101674,0.5112331,0.3151842,0.1473957,1.169713,0.3601803,0.1618643,0.03363121,0.01164363,0.03029391,0.004908004,0.1322989,0.2257044,0.05514727,0.3065733,0.01870822,0.1417909,0.03512298,0.03773882,0.4648525,0.1605504,0.1417905,0.3819414,0.2787406,0.2516721,0.3669272,0.06415319,0.02454024,0.1506971,0.005999061,0.05075518,0.02586706,0.1585577,0.06046534,0.1111868,0.1159035,0.3254535,2.876604e-65,0.07554226,0.4793573,0.08853047,0.1983582,0.3140651,0.02102017,0.04766901
96.61017,0.2429132,0.06606353,0.02042186,0.1064227,0.5446126,0.09897179,0.05152506,0.2348623,0.1719906,0.06542731,0.06548561,0.08509338,0.5650808,0.02481398,0.07234823,0.2000617,0.003999678,0.1621115,0.1555651,0.1030802,0.167544,0.04974396,0.02977744,0.005845663,0.7274564,0.08422747,0.1914929,0.02765859,0.07474245,0.09949312,0.1269252,0.4093233,0.09458443,0.04289543,0.3641412,0.2204367,0.01296609,0.284626,0.07121893,0.1683765,0.08022083,0.3796615,0.4462214,0.3325068,0.05121593,0.3281788,0.04365252,0.005670341,0.1165204,0.002512939
97.45763,0.02748151,0.0505608,0.1116183,1.421623e-15,0.07142319,0.0009245377,0.03623821,0.03732823,0.1330148,0.1314617,0.05781731,1.575548e-15,0.1679913,0.1614223,0.3194248,0.2315442,0.09345914,0.05648183,0.04575065,0.332812,0.07129634,0.02485493,0.3153612,0.007819038,0.1038235,0.1088,0.2652155,0.3172665,1.06343,0.1782016,0.01180307,0.04338532,0.0361039,0.06385929,0.0623795,0.1365307,0.2373668,0.2522504,0.2395987,0.1206667,0.0515807,0.1349692,0.1034854,0.2196837,3.828582e-63,0.1328037,0.313497,0.08648906,0.2549998,0.2813109
98.30508,0.1442693,0.4522695,0.1502814,0.1122602,0.06060327,0.4052357,0.218051,0.2763392,0.2047941,0.1943911,0.3937865,0.1330177,0.01175188,0.03217776,0.09585276,0.2193388,0.0004357285,0.3069444,3.388025e-180,0.1731519,0.05502224,0.1300893,0.1770977,0.06507016,3.585853e-180,0.1468087,0.1156266,0.08718908,0.04451097,0.2774405,0.03084138,0.0894271,0.2456299,0.003980021,0.07425983,0.1666268,0.1123506,0.3308853,0.6823132,0.1341311,0.2172805,0.1403048,0.07076921,0.01696865,0.1413175,0.02425758,0.2299617,0.2492203,0.424698,0.01662864
99.15254,0.1543735,0.001873404,2.46239e-14,0.1501353,0.4562781,0.1158207,0.3386845,0.1097862,0.03286158,0.2953147,0.0607627,0.4327418,0.003995066,0.06385948,0.1077036,0.332332,0.04604171,0.01321492,0.2538131,0.02347289,0.05652889,0.5083211,0.1567465,0.007438186,0.07631281,0.001856948,0.202232,0.008331726,0.09611954,0.03272544,0.1397627,0.3478618,0.1583605,0.1099299,0.08886625,0.08416771,0.5710634,0.2468326,0.1525192,0.1501037,0.1715042,0.02619033,0.04782475,0.05438248,0.03381028,0.07973338,0.329473,4.892737e-61,0.01008028,0.2396662
100,0.4057152,0.4033538,0.3541678,0.2540832,0.04598069,0.07061501,0.3182619,0.1746146,0.08788401,0.1023602,0.002029272,0.006042061,0.3679069,0.04809604,0.05456727,0.2312191,0.148513,0.04166824,0.03808196,0.0189921,0.1222339,0.03558286,0.0686776,0.1755024,3.730627e-177,0.1110131,0.1107494,0.08685701,3.547297e-177,0.1118385,0.1554129,0.2228399,0.1154398,0.00885025,0.05847672,0.04520379,0.09618786,0.4490449,0.0855971,0.1569644,0.2226119,0.03507478,0.2902181,0.1055237,0.1635415,0.4363343,0.02913585,0.08917323,0.518329,0.02384729
100.8475,0.09341703,0.9139954,0.3996726,0.1150759,0.23497,0.2877055,0.02376084,0.2854131,0.2189367,0.08507554,0.2846505,0.3021291,0.0005704819,0.07397492,0.0042587,0.06934136,0.04570537,1.15066e-175,0.1187649,0.1421353,0.07210497,0.1385686,0.1068285,0.2472364,0.09595931,0.0004852434,0.06933434,0.9997091,0.2331784,0.2081969,0.1440169,0.1114699,0.01840408,0.001879144,0.3858167,0.09715396,0.1424353,0.1473271,0.1070977,0.01550646,0.254063,0.1325322,0.003344035,5.22993e-59,0.02182644,0.7123399,0.1259892,0.0007536109,0.3936955,0.4117793
101.6949,0.1238088,0.04037177,0.1223662,0.4174975,0.005998402,0.2419174,0.1974261,0.2941919,0.0785105,0.005140218,0.04012181,0.02596944,0.5968467,0.02952008,0.06877905,0.2459142,0.1830086,0.05954049,0.1098267,0.06089125,0.01226895,0.1476583,0.2688687,0.1034734,0.3117419,0.05163191,0.04119952,0.04557388,0.08943246,0.1866289,0.03736754,0.0169775,0.01898008,0.02090148,0.08458557,0.01328738,0.02872319,0.2160191,0.006821958,0.08840947,0.1517493,0.8750449,0.09250342,0.01374424,0.03007289,0.0005373647,0.03645684,5.541244e-58,0.3404991,0.0008185911
102.5424,0.04797298,0.1742915,0.1914951,0.106437,0.1140658,0.01201131,0.119582,0.1062633,0.4372814,0.2063818,0.01318019,0.1886899,0.04148601,0.01555307,0.01819354,0.07687966,0.08532382,0.1305334,0.02303997,0.3772345,0.1199265,0.05809648,0.01625148,0.02476796,0.2979384,0.2532876,0.2727596,0.01968018,0.0306195,0.1799415,0.0221909,1.242095e-172,0.06066608,0.1790434,0.1056032,0.05632656,0.0007609968,0.1267769,0.4749505,0.05520623,0.2537071,0.01210015,0.09282681,0.00581936,0.02970641,0.01796788,0.1480306,0.3670563,0.2875022,0.2005939
103.3898,0.04295451,0.1213113,1.746446e-11,0.004316416,0.07623098,0.1603437,0.05959614,0.1142707,0.02363842,0.04492788,0.3149925,0.174167,0.06146814,0.6232522,0.7332054,0.03544327,0.556601,0.1346622,0.002311191,3.16495e-171,0.5068732,3.380315e-171,0.06767712,0.05464258,0.5159609,0.001974038,0.2401442,0.5433186,0.1376139,0.2378452,0.002287018,0.09789212,0.264404,0.02909994,0.143759,0.1108201,0.06336864,0.01175182,0.07775256,0.1278135,0.1590369,0.1769937,0.05372554,0.01899234,0.02732908,0.03324878,1.049205,0.1811371,0.05642845,0.2809615
104.2373,0.1167234,0.1718559,0.08753443,0.07594936,0.01311941,0.07249504,0.002721156,0.1765883,0.0630199,0.5799133,0.006635371,0.2670385,0.1062603,0.007925561,6.197535e-11,0.01139618,0.02040041,0.1943631,0.02561323,0.1983284,0.3204898,0.003627453,0.228782,0.2150453,0.06191062,0.575621,0.748847,0.319838,0.6520426,0.01350571,0.02772542,0.2371069,0.1512791,0.01658426,4.574154e-55,0.2272439,0.05438906,0.1629925,0.1699056,0.05438659,0.03998123,0.1100977,0.104349,0.03921052,0.1749866,0.2064727,0.06744289,0.02452305,0.3346356,0.03350773
105.0847,0.1925353,0.05461754,0.003450655,0.1495151,0.01293871,0.111982,0.09310356,0.2091965,0.4795728,0.1769524,0.04615445,0.07640779,0.05337009,0.04112309,0.05797961,0.1789793,0.1823418,0.1456269,0.115988,0.01398396,0.7236886,0.04231981,0.02532049,0.1484164,0.2492829,0.4286025,0.08946511,0.1004581,0.04378858,0.09232181,0.00251959,0.04144618,0.2355458,0.08081751,0.3374018,0.04364088,0.3109199,0.4306892,0.1431305,0.1344766,0.2731279,0.01567191,0.05317176,0.01779305,0.126197,0.07512693,0.03966848,0.0863906,0.05222858,0.105449
105.9322,0.2291364,0.08669464,6.352144e-10,0.269279,0.5188494,0.5549615,0.2819044,7.190923e-10,0.1133688,6.901791e-10,0.03677087,0.08951019,0.6845826,0.1117689,6.610785e-10,0.1551489,0.1541273,0.6417478,0.09466129,0.1626934,0.275143,0.4079097,0.1573568,0.1265267,0.1311226,0.1696354,0.4487527,9.600942e-167,0.03377395,0.02596591,0.04913799,0.0003737218,0.654927,0.07494333,0.3055807,0.002687309,0.4057483,0.008118711,0.1982672,0.008990981,0.09795825,0.05896719,4.19873e-53,0.09546914,0.07106965,0.1094887,0.3855258,0.01511209,0.00615277,0.2894416
106.7797,0.004443489,0.196659,0.04746605,0.1468145,1.887928e-09,0.09165393,0.01182735,0.2233404,0.1434688,0.1858182,2.061549e-09,0.2126019,0.1662724,0.06807482,0.3774054,0.3944264,0.2619885,0.01526171,0.3260674,0.03362944,0.2438173,2.427198e-165,0.1639264,0.3545209,0.2126241,0.4064989,2.29385e-165,0.6995113,0.06236452,2.244817e-165,0.03768263,0.01069711,0.02859619,0.07102906,0.09385651,0.002537142,0.08437392,0.08123453,0.01045542,0.09468559,0.08826441,3.648866e-52,0.2169789,0.01618819,0.2158277,0.03679727,0.1820504,0.1963739,0.07843674,0.06999724
107.6271,0.02101055,0.1160306,0.08447375,0.04932982,0.04380719,0.06217793,0.2150143,6.837764e-09,0.2709196,0.0002653214,0.006495135,0.07487514,0.05676448,0.2574699,0.1518048,0.006751703,0.1058734,0.4329487,6.447652e-164,0.2030411,0.4553168,0.1010826,0.1735168,0.05448113,0.1577499,0.4293954,0.1034678,0.009463546,0.03511348,0.1323475,0.2393279,0.02808498,0.08605482,0.4680524,0.4392779,0.1182849,0.1194159,0.4032145,0.07755616,0.09174256,0.2847244,0.05014195,0.1483583,3.554186e-51,0.1340019,0.09440144,0.3911072,0.01644851,0.03483749,0.06864991
108.4746,0.006581405,0.05281826,0.3063286,0.1891239,0.01913164,0.05266392,0.0359577,0.02809095,0.1342129,0.05363184,0.06159728,0.02574755,0.1072996,0.2409996,0.1078295,0.06073604,0.01549517,0.4300748,0.4059535,0.9156534,0.2704152,0.02528479,0.00909815,0.125775,0.3965974,0.09824409,0.04164034,0.4554799,0.07890453,0.1988265,0.08566523,0.06162634,0.1176936,0.01165907,0.03119387,0.04632627,0.2917949,0.02625741,0.02934818,0.4799756,0.05630755,0.2746918,0.3190878,0.07087004,0.1359969,0.01603728,0.4489464,0.2704688,0.1616134,0.3783861
109.322,0.1471722,0.36887,0.05108116,0.06859781,0.1395628,0.1053917,0.1493877,0.8325969,0.5228054,0.2340267,0.1551072,0.0696704,0.2766534,0.2443534,0.0446511,0.01222599,0.1096609,0.2400735,0.7805403,0.01410286,0.0568807,0.04595934,0.1337068,0.09760787,0.09393266,0.3567236,4.851092e-161,0.2846672,0.2473706,0.1156498,0.1611008,0.04413256,0.1054367,0.0641349,0.2423563,0.1514811,0.1223484,0.2133002,0.4045064,0.2631729,0.03389692,0.01054286,0.02337272,0.1917633,0.0941463,0.05788713,0.2046902,0.08599287,0.08754973,0.3360966
110.1695,0.008930643,0.6549082,0.06749338,0.09034559,0.06895725,1.482232e-07,1.377003e-07,0.02211797,0.1171439,0.1139938,0.02693391,0.04684048,0.05834581,0.1178144,0.05551979,0.3101371,0.7084625,0.5966207,0.2578486,0.1877679,0.06429022,0.007595915,0.01705982,0.4527423,0.1809208,0.08728427,0.3225668,0.04810857,0.3324606,0.05633846,0.225075,0.1944929,0.06121429,0.08018642,0.09468001,0.01002339,0.4583629,0.03020377,0.1827396,0.2690071,0.2294706,0.2336295,0.1218134,0.1286991,0.2169158,0.21257,0.3146511,0.1354387,0.02727869,0.1511087
111.0169,0.2969839,3.979914e-07,0.00182223,0.04554805,0.06524293,0.07852017,0.2959327,0.2589522,0.5650936,0.06659462,0.1800725,0.08666283,0.2977203,0.4064719,0.05436669,0.1280113,0.08704658,0.02314498,0.1783538,0.05366231,0.06596595,0.2464647,0.1254637,0.2688595,0.1163938,0.3181547,0.1844723,0.4352052,0.1109051,0.04507718,0.1457313,0.03796407,0.1666825,0.07869732,0.160554,0.03920039,0.1068156,0.08625703,0.03307702,0.2649234,0.6754496,0.05919429,0.2938722,0.08516716,0.01159843,0.2203988,0.07583764,0.4375042,0.3458488,0.5021964
111.8644,0.2949195,0.1997303,0.02125164,0.9655585,0.3761086,0.1695401,0.003764879,0.339766,0.05771814,0.2482287,0.1489217,0.0991058,0.1752398,0.2137833,0.09877878,0.2279365,0.01754079,0.09425055,0.2115854,0.06286455,0.1718092,0.03175693,0.07085297,0.1830681,0.08982415,0.04774291,0.05241493,1.071676e-156,0.006194628,0.2399656,0.06317318,1.055635e-156,0.1914546,0.04260381,0.002951497,0.2240571,0.2207549,0.02811746,0.1122653,1.475372e-46,0.1089545,0.2472235,1.389211e-46,0.1452278,0.0124564,0.125359,0.05605301,0.5862878,0.1440593,0.001602269
112.7119,0.07668537,0.06953675,0.07163914,0.2852853,0.1389946,0.06267696,0.2904031,0.134943,0.0495548,0.15347,0.496743,0.1225619,0.03870769,0.03297441,0.08235984,0.03669014,0.03193787,0.1609992,0.2270844,0.0909391,0.1062863,0.2089788,0.04516631,0.0906473,0.1021682,0.05113845,0.02753583,0.07382658,0.1818027,0.08158131,0.1408349,0.1394155,0.5413479,0.2622958,0.08991786,0.2748717,0.06583414,0.09248846,0.06484642,0.1084035,9.94294e-46,0.3442936,0.2604731,0.1265765,0.01788175,0.1132547,0.07414037,0.1601911,0.07995187,0.04761413
113.5593,0.1701452,0.0164036,6.478949e-06,0.3559678,0.05104406,0.03228697,0.02522483,0.1799609,0.09782312,0.04554398,0.3649468,0.01616039,0.01640455,0.04636152,0.01890379,0.3014831,0.1337904,0.389354,0.1098384,0.1581897,0.5531373,0.3082624,0.0907539,0.2479801,0.04134986,0.08724086,0.1163387,0.2138906,0.3022392,0.05660442,0.1222672,0.2176126,0.3185363,0.6179654,0.2393549,0.09388617,0.4922071,0.1065434,0.1992525,0.4412564,0.04576706,0.2152005,0.3511841,0.04945243,0.2995286,0.02074159,0.1691051,0.1839645,0.1599317,0.05616716
114.4068,0.04781411,0.09482177,0.3739137,0.2941908,0.2579658,0.0881097,0.06783202,0.1453685,0.1571981,0.03181314,1.623651e-05,0.02805871,0.09689005,0.08817465,1.628751e-05,0.3381073,0.1855534,0.2368244,0.02511436,0.02090103,0.07238113,0.04517118,0.6182442,0.0257127,0.1674137,0.3652561,0.02727173,0.1903781,0.08180003,0.3023786,0.07655764,0.02336111,0.7270544,0.004334127,0.09463573,0.03979673,0.07273704,0.2177925,0.4414,0.0289775,0.03917564,0.3465493,0.0294006,0.1545462,0.07406992,0.1450803,0.03557692,0.7142324,0.05498256,0.1040114
115.2542,0.08626471,0.2887154,0.1604626,0.1737757,0.05143288,0.3242053,0.08563868,0.3441309,0.1275043,0.2205259,0.1081758,0.06587596,4.09014e-05,0.08715169,0.2923298,0.1399349,0.03477813,0.1352266,0.8219993,0.1109184,0.2012847,0.04765873,0.07555989,0.04626608,0.04453044,0.026569,1.077076,0.09999684,0.08661568,0.102043,0.1247374,0.1492193,0.4614855,0.3678701,0.003566905,0.04347993,0.3832663,0.004040181,0.04140424,0.06391783,0.5194673,0.01496639,0.03703456,0.1228846,0.4260034,0.3125047,0.03329373,0.02052458,0.4160302,0.02944385
116.1017,0.6142422,0.2264013,8.377777e-05,0.3944021,0.1548499,0.002835672,0.5197912,0.0765334,1.122124,0.004502375,0.4728443,0.07495656,0.04373475,0.04647575,0.02880452,0.1923739,0.1118641,0.09571413,0.1787064,0.05444444,0.2072746,0.1211056,0.02448464,0.2199697,0.05433148,0.1978313,0.4768766,0.8306152,0.1137373,0.05221204,0.01259559,0.03189039,0.4592857,0.2972386,0.04030188,0.1978153,0.09967124,0.2740529,0.1713643,0.3680501,0.02548865,0.03575508,0.06439323,0.1816961,0.242064,0.1812869,0.3233157,0.2110716,0.2077203,0.05171799
116.9492,0.3377634,0.1432577,0.2942226,0.05302282,0.004426964,0.2189977,0.09651168,0.08001875,0.06430373,0.0002017248,0.08809933,0.0002006527,0.0396335,0.007074585,0.03016554,0.06846505,0.1405571,0.00733133,0.1513227,0.04740398,0.03540275,2.200254e-148,0.3966954,0.05254415,0.2002799,0.06710741,0.02898201,0.06539262,0.02085309,0.03658476,0.07339015,0.1579263,0.3683258,0.5176873,0.1564347,0.4246828,0.02928629,0.1702075,0.0281126,0.08510026,0.03293432,0.02630524,0.3456405,0.1780924,0.08877259,0.06662369,0.09791667,0.1706371,0.05684054,0.1152953
117.7966,0.03597091,0.1791007,0.1556878,0.2342255,0.2552763,0.0397178,0.06296735,0.006988097,0.1219691,0.05397149,0.2791286,0.05536164,0.233895,0.02075649,0.1293013,0.3656182,0.2779279,0.2974686,0.1718105,0.003912616,0.004144538,0.5374118,5.111043e-147,0.00085799,0.02767306,0.05432505,0.1552862,0.3078989,0.05601254,0.05052473,0.01466206,0.3130899,0.04469294,0.2591151,0.1041573,0.1476422,0.344929,0.01686329,0.3865053,0.09307893,0.005869241,0.05143821,0.2791403,0.4467737,0.1043495,0.08221561,0.1379462,0.0815232,0.04123058,0.09843553
118.6441,0.100953,0.1849522,0.07993615,0.2300308,0.4306852,0.03026392,0.001444226,0.05897564,0.03241103,0.192343,0.1105835,0.007160151,0.03460995,0.0337298,0.09918018,0.05705648,0.2816326,0.4729322,1.136994e-145,0.1878625,0.7962488,0.1611101,0.04266926,0.2537087,0.01070622,0.02135558,1.135129e-145,0.2895576,0.01378159,0.08270794,0.2092135,0.01484085,1.298816e-145,0.2214146,0.01241986,0.04232822,1.190954e-39,1.214877e-39,0.1226554,0.09830826,0.07700105,0.1305016,0.150549,0.1932267,0.05463166,0.18169,0.4368297,0.1308505,0.5016335,0.2507878
119.4915,0.161349,0.1607318,0.2461926,0.001658473,0.04092501,0.01965152,0.04023883,0.3334987,0.08060452,0.007283964,0.07010051,0.09997326,0.001893665,0.1918278,0.1379775,0.1810484,0.3418032,0.2971007,0.04309294,0.2969656,0.1211409,0.001257133,0.0736599,0.2314641,0.04799118,0.03474531,2.594499e-144,0.2793103,0.1325573,0.1389002,0.1031007,0.1276193,0.02532001,7.63469e-39,0.08206665,0.06339071,0.03750924,0.06142104,0.3078983,0.09668353,7.234235e-39,0.1915684,0.1794324,0.03757452,0.6252368,7.278221e-39,0.1367996,0.03467182,0.01861184,0.07139334
120.339,0.2860346,0.09378188,0.430591,0.03993267,0.1521847,0.2231791,0.1227988,0.09534547,0.00377537,0.009796818,0.1750488,0.3908362,0.07850567,0.1287607,0.1132693,0.2198922,0.07994404,0.2259757,0.04370726,0.2409837,0.1140187,0.0940156,0.2229622,0.02976315,0.2412475,0.1984665,0.1619348,0.01511331,0.266462,0.04936754,0.0930478,0.03114781,0.001894191,0.1022628,0.3220263,0.1402302,0.0917857,0.2754799,0.003689046,0.143079,0.03255677,0.01616796,0.0509146,0.1039455,0.7418833,0.4120094,0.1524612,0.1803133,0.1967794,0.1798486
121.1864,0.3843222,0.3378273,0.09698523,0.1754963,0.1205744,0.09380698,0.03140657,0.04277478,0.08367485,0.007007495,0.3769497,0.04229493,0.2798333,0.2399747,0.1730871,0.2306509,0.08540672,0.505566,0.4320339,0.1167134,0.04918284,0.1072738,0.1096011,0.03987307,0.2762429,0.1372742,0.598889,0.1304332,0.07696215,0.04473345,0.003207216,0.3540232,0.04790382,3.248037e-37,0.4681505,3.346645e-37,0.5505479,0.2533639,0.3454271,0.01174559,0.002085904,0.2904293,0.05152057,0.006426769,0.1833711,0.09558769,0.01847256,0.07399752,0.03633168,3.188054e-37
122.0339,0.0114385,0.3837002,0.0546382,0.3876715,0.2043769,0.463962,0.0529193,0.9472764,0.01351762,0.09155513,0.1956485,0.02246521,0.3019787,0.9285269,0.1083803,0.431527,0.05812691,0.04992974,0.08616527,0.1501319,0.1992236,0.2239631,2.962948e-140,0.08869272,0.09505502,0.09339507,0.01362434,0.009952447,0.07489188,0.1812438,0.06291687,0.09116054,0.2789847,0.2819698,0.3214313,0.3118785,0.1429372,0.1213869,0.08301636,0.08980655,0.005966937,2.057247e-36,0.3336498,0.1136984,0.1840272,0.1140048,0.2265972,0.145338,0.1385549,0.1860783
122.8814,0.02073124,0.0333255,0.1009085,0.2344205,0.05966021,0.1152597,0.08399185,0.08369505,0.2144104,0.6716643,0.1740693,0.05933267,0.02621858,0.04659108,0.2959536,0.2178203,0.05786803,0.490702,0.1130197,0.1981894,0.3572219,0.9388203,0.00884444,0.02219179,0.3411383,0.03987149,0.06252932,0.04871434,0.1274459,2.644917e-05,0.2256759,0.2975058,0.01579167,0.1971314,0.07731393,0.5158891,0.2106787,0.0663055,0.3897106,0.2003483,0.22961,0.3556918,0.4474516,0.244966,0.2903341,0.06660399,0.03747376,0.2234197,0.005310404,0.1036171
123.7288,0.08045803,0.3907284,0.08294848,0.05947249,0.04756366,0.09928871,0.2345286,0.1080936,0.0871009,0.170171,0.239437,0.1296697,0.06136879,0.2673559,0.8544732,0.04918494,0.07334999,0.06377405,0.4157583,0.3073999,0.2727929,0.05380383,0.05556972,0.02804471,0.09989167,0.1329642,0.1391836,0.6008527,0.2492762,0.01549729,0.1585191,0.5150607,0.033356,7.760423e-35,0.1038756,0.0353351,0.5321689,0.01109183,0.1247231,8.601934e-35,0.9381298,0.3295627,0.08951186,0.1012167,0.1658111,0.06710148,0.01740291,0.3194514,0.01375145,0.03588353
124.5763,0.1731278,0.4311757,0.4648283,0.1875121,0.860314,0.1142198,0.5360636,0.1691029,0.08725332,0.1210188,0.1297246,0.1964486,0.1015391,0.204833,0.09947495,0.2203181,0.4723647,0.0677419,0.2673575,0.03813134,0.4032719,0.1148375,0.04171213,0.02182476,0.178234,0.001592122,0.03124391,0.151393,0.1300632,0.1510216,0.1363376,0.06665424,1.300703,0.01426779,0.949759,0.0165829,0.01247648,0.1848042,0.3583444,0.01668481,0.306695,0.02164571,0.4252275,0.1189631,0.07390699,0.05246628,0.4766683,0.3030529,0.06593003,0.2037563
125.4237,0.3717069,0.6157708,0.10925,0.2933354,0.1149318,0.1244054,0.2133822,0.1392458,0.1257866,0.4639106,0.1635782,0.2213053,0.8905787,0.4040599,0.1450861,0.1905565,0.1482917,0.2431236,0.1564216,0.1694422,0.0128819,0.1796244,0.09408117,0.06868023,0.2128834,0.4352617,0.1148525,0.04266627,0.02900423,0.1162141,0.06851972,0.06872574,0.0008131332,0.1854331,0.5828883,0.1265578,0.2327667,0.08795117,0.02376666,2.997684e-33,0.07558463,0.008791711,0.2643621,0.1246091,0.02244841,0.2182515,0.06529717,3.075774e-33,0.2133848,0.138843
126.2712,0.2814636,0.3362268,0.3327467,0.4493137,0.3886374,0.3086862,0.2404339,0.2342387,0.4108879,0.3477371,0.2351616,0.2443983,0.1965385,0.1956073,0.9365764,0.5876135,0.8237123,0.1474876,0.08111317,0.2599085,0.02386899,0.1361134,0.09365603,0.4348354,0.01775729,0.3316965,0.1691604,0.05006393,0.06556595,0.1253342,0.08189233,0.09967079,0.06187779,0.1484403,0.08811036,0.1897702,0.3541097,0.1637718,0.0621095,0.6119926,0.04457135,1.550317e-32,0.006583411,0.2342385,0.08711807,0.3621157,0.2115936,0.008847443,0.3935115,0.2010567
127.1186,0.4069183,0.3102186,0.3531939,0.4915498,0.713804,0.5629524,0.5346596,0.3252595,0.391316,0.4627059,0.4346925,0.304765,1.117988,0.3761083,0.5632746,0.3131259,0.3149256,0.003530227,0.05130052,0.4888759,0.04638431,0.01029596,0.484758,0.08717696,0.06934747,0.1838158,0.4303888,0.0231177,0.2903694,0.07479131,0.06522169,0.02852585,0.1493241,0.2069895,0.04261204,0.1839303,0.1024445,0.02861095,0.008787656,0.01911301,0.3235149,0.1853707,0.03525059,0.1021694,0.1344427,0.4150759,0.03960304,0.04854813,0.007584732,0.2487243
127.9661,0.4587513,0.5553696,0.6174286,1.142139,0.4045463,1.004573,0.4482085,0.6245584,0.6325798,1.126479,0.8196226,0.5623319,0.5410322,0.604376,0.7190797,0.4776593,0.460802,0.05603002,0.1616553,0.03115235,0.1455421,0.05318622,0.1388649,0.05366654,0.004904715,0.009928036,0.01631944,0.03659888,0.2277432,0.03415705,0.170969,0.09288987,0.1614923,0.08267917,0.1775437,0.08864299,0.02569565,0.03228245,0.1560132,0.1597467,0.4003334,0.1955466,0.1077391,0.3433643,0.4954053,0.09421855,0.04561086,0.2316023,0.08980408,4.70202e-31
128.8136,1.11667,0.9517385,0.7815811,0.9079402,0.7570249,0.8001816,0.6077308,0.9193042,0.7806405,0.8916166,1.173954,0.926136,0.8081956,0.7708161,0.7186533,0.7083306,0.7907293,0.02404785,0.303519,0.01330811,0.1213284,0.0884003,0.06356842,0.09167778,0.0249406,0.07725805,0.02796122,0.5346944,0.136755,0.1588542,0.231524,0.2725786,0.03170853,0.01831498,0.1033914,0.01787834,0.06343092,0.3729639,0.05818606,0.09218318,0.07895888,0.1058021,0.1229375,0.002782047,0.01867371,2.464453e-30,0.1597147,0.003555079,0.1768832,0.003916587
129.661,1.927112,1.203343,1.007499,1.084098,1.291223,1.043561,1.066832,1.053681,1.212194,1.125126,0.9552487,1.026856,1.109439,0.9513908,1.27368,1.255886,0.9205078,0.038267,0.01153453,0.1164171,0.08626605,0.06442145,0.04553218,0.4996818,0.2956324,0.02509565,0.0305966,0.02509824,0.03008294,0.05672198,0.02995786,0.1480517,0.1621529,0.1613074,0.1436695,0.7352324,0.1858864,0.01082032,0.527694,0.1506884,0.205733,0.151821,0.02343986,0.2251949,0.1065933,0.2396426,0.03769808,0.02688401,0.09538465,0.2636354
130.5085,1.45222,1.651442,1.456679,1.531246,1.334179,1.475513,1.328341,1.872747,1.419172,1.606905,1.539485,1.370101,1.709051,1.241182,1.451473,1.478165,1.310261,0.4595616,0.0617874,0.1165146,0.009338035,0.145568,0.0455935,0.1062728,0.2353813,0.1873272,0.148835,0.2300498,0.1087223,0.01520911,0.1761481,0.1599551,0.5863219,0.05967676,0.01939178,0.006084416,0.2315346,0.1525869,0.001177185,0.02530444,0.7985941,7.095045e-29,0.4031923,7.777336e-29,0.1179286,0.2782356,0.07296598,8.064692e-29,0.03363844,0.1113924
131.3559,2.31688,1.915452,2.016649,2.166844,1.737091,1.820556,1.738789,2.227902,1.964443,1.917482,1.979035,2.002526,1.966993,1.799057,1.903029,2.137293,1.650765,0.02813275,0.0002756884,0.1532627,0.1807731,0.1031815,0.1878688,6.127848e-126,0.1135844,0.1002306,0.02838002,0.08029753,0.1099659,0.05137046,0.04701692,0.2454367,0.09420777,0.07273263,0.03514124,0.5288506,0.1103228,0.1106537,0.07573203,3.99516e-28,0.3363312,0.01716381,0.01193914,0.6897214,0.7756615,0.2035199,0.02054416,0.06597275,0.05255877,0.2996206
132.2034,2.420401,2.512782,2.495989,2.56235,2.343888,2.38636,2.37397,2.725993,2.8652,2.495716,2.356874,2.585178,2.847508,2.465481,2.44207,3.152269,2.225716,0.04401711,0.1187149,0.0427099,0.2677853,0.1959765,0.1411537,0.03316577,0.02259056,0.3402298,0.2200414,0.0894607,0.1058322,1.061568e-124,0.03789803,0.09414436,0.03197746,0.04808631,0.366981,0.2159824,0.4596051,0.01887426,0.09829992,0.08682244,0.3031806,0.1128927,0.2470174,0.004464709,0.01767905,0.4850724,0.2275663,0.4871445,0.08026608,0.02444545
133.0508,2.871241,3.784746,2.954866,2.844187,2.875845,3.092173,3.003135,3.533016,3.37255,3.697939,3.210869,3.313045,3.39607,2.978689,3.301253,3.296526,2.817408,0.05280793,0.02166296,0.09043679,0.5154238,0.8443074,0.03695583,0.5565467,0.05290221,0.2137239,0.4353805,0.08209784,0.5478657,0.09473959,0.01894144,0.008492041,2.243864e-123,0.07288907,0.01940081,0.1299368,0.3624552,0.3941649,0.05134071,0.05138816,0.006671363,0.2440033,0.119119,0.09381628,0.01360319,0.1027468,0.1366412,0.04188679,0.108992,0.05981761
133.8983,3.606034,3.739821,3.702113,3.740798,3.546645,3.89473,3.55426,4.306918,4.270004,3.962744,3.961505,4.109899,4.126791,4.013615,3.841522,4.465508,3.508159,0.1613767,0.0317747,0.6504573,0.2599694,0.007281763,0.1213678,0.1669072,0.03491689,0.02180862,0.2920478,0.1297498,3.521809e-122,0.09171388,0.08481947,0.4724087,0.01802175,0.001898721,0.01970335,0.05976188,0.1984429,0.2395105,0.1490519,0.0494849,0.1139357,0.01124276,0.0294757,0.2039172,0.008747019,0.2386374,0.08557508,0.003940028,0.5791705,0.9789365
134.7458,4.307808,4.895475,4.438096,4.507849,4.203782,4.605179,4.475993,5.432486,5.08586,4.985124,4.847189,4.879856,4.90654,4.786655,4.68336,5.17711,4.283637,0.1083294,0.6409143,0.2539035,0.5075235,0.3337186,0.02069152,0.02955015,0.04563196,0.214866,0.1077531,0.1449588,0.5524591,0.3157718,0.2950472,0.08737269,0.01409738,0.2291876,0.09988381,0.03883382,0.006772211,0.2832666,0.2372095,0.3745056,0.1781351,0.1760855,0.09476816,0.09704147,0.1623404,0.05430738,0.1666355,0.06778278,0.3102239,0.39378
135.5932,5.736428,5.430253,5.464567,5.183824,5.673998,5.3928,5.067476,6.117254,5.895032,5.993997,5.403129,5.708031,6.324817,5.090656,5.428182,6.089109,5.08284,0.1786407,0.1231723,0.08509962,0.2036559,1.122868e-119,0.02345946,0.06417083,0.08440216,0.2812417,0.1346734,0.08639213,0.06533985,0.1592988,0.03085449,0.02887039,0.2013327,0.03624482,0.04756669,0.8339988,0.4688149,0.137815,0.07613751,0.05467336,0.07296479,0.2063557,0.1139075,0.08055533,0.01800851,0.05278793,0.05273058,0.2007705,0.01212044,0.1271722
136.4407,5.866474,6.12961,6.382249,5.981455,5.709783,6.198325,5.746877,6.876688,6.675736,6.606054,6.224478,6.677027,6.904407,5.956406,6.637403,6.713237,5.876135,0.02644552,0.1559698,0.1936976,0.2184833,0.2670343,0.07611986,0.0141034,0.04394571,0.507448,0.1008823,0.4669097,1.823744e-118,0.2280545,0.191453,0.007555492,0.9463276,0.1561627,0.2939598,0.3592991,0.1228916,0.4697273,0.05091198,0.06268336,0.06501425,0.01537759,0.0403564,0.1729376,0.09144909,0.2690825,0.2934522,0.0248483,3.909518e-24,0.5255433
137.2881,6.285978,6.862675,7.09146,6.655009,6.279193,7.057524,6.463691,7.831518,7.501879,7.333224,6.915984,7.324178,7.716445,6.502544,7.176077,7.493698,6.475283,0.06250452,0.4576302,0.06961541,0.001177082,0.003371753,0.3412846,0.02948363,0.05433257,0.2659317,0.05239802,0.05375094,0.2231906,0.0183354,0.156178,0.06028859,3.477978e-117,0.01038945,0.03616597,0.3319244,0.04639909,0.08054545,0.02080114,0.1262391,0.3221486,0.04884804,1.886313e-23,0.07074253,0.01486444,0.3830919,0.1681491,0.041465,0.05890321,0.3689411
138.1356,7.057276,7.413675,7.208022,6.999051,7.079837,7.412861,7.002014,8.10943,8.069397,8.189682,7.532832,7.996448,7.957919,7.035093,7.551093,8.121866,6.891385,0.00264362,0.3934257,0.04850738,0.03515983,0.1663561,0.3087782,0.08395449,0.1895721,0.1401928,0.006940073,0.07307818,0.1971107,0.06736371,0.02233942,0.03194806,0.2096723,7.831402e-23,0.02692635,0.02709522,8.210202e-23,0.1510014,0.1449193,0.2184003,0.0703239,0.1474596,0.08090304,0.1774471,0.3320315,0.4579576,0.03489625,0.01391893,0.06624855,0.296989
138.9831,7.143607,7.71237,7.804794,7.348968,7.123143,7.801879,7.579042,8.587547,8.438459,8.280434,8.052104,8.185032,8.477595,7.390475,8.008531,8.582663,7.449638,0.2882506,0.02948499,0.009517226,0.004855328,0.5088427,0.43599,0.1019788,0.2724447,0.07933895,0.05587262,0.07301474,0.01552563,0.07822858,0.7349735,0.08240526,0.08227806,0.1061277,0.2047227,0.2369761,0.1874239,0.02840621,0.2522767,0.0368786,0.07178263,0.05829668,0.05805335,0.1586546,0.0004595849,0.09822198,0.02114493,0.2557657,0.2468264,0.1439231
139.8305,8.295073,8.064439,7.819863,7.466986,7.552729,8.002161,7.377417,8.66732,8.711379,8.40227,7.971363,9.155054,8.793,7.955994,8.115329,9.08232,7.361119,0.006927188,0.08919746,0.1871427,0.03102453,0.1107051,0.06335081,0.3938573,0.06877448,0.1106633,0.4949653,0.01721637,0.08558073,0.01938654,0.2399958,0.0596876,0.3194425,0.2264049,0.2947739,0.117739,0.300214,0.05085934,0.2376022,0.001014022,0.1684997,0.3015978,0.2580537,0.3276071,0.05742725,0.2004227,0.07511306,0.1259848,0.09293948,0.03066485
140.678,7.247789,8.032641,7.788409,7.482973,8.157595,7.949997,7.493977,8.668171,8.941482,8.577284,8.165411,8.231057,8.576444,7.440466,8.286184,8.749412,8.452744,0.07716647,2.095198e-112,0.8878229,0.1124447,0.26113,0.3041189,0.2414807,0.0592242,0.04224409,0.1413512,0.04133613,0.0310464,0.2241216,0.004682273,0.02735359,2.393395e-112,0.02017743,0.08737213,5.82443e-21,0.1177248,0.008548667,0.03848067,0.4708902,0.05600612,0.1035787,0.001827222,0.04250869,0.114903,0.06730223,0.04944143,0.06388395,0.08783452,0.1733418
141.5254,7.274851,7.595578,7.470242,7.146577,6.948489,7.642755,7.282063,8.563824,8.372081,8.081495,7.588227,7.949897,8.134961,7.202249,8.071471,8.340896,7.003716,0.02730845,0.5311861,0.2776531,0.02068682,0.9253444,0.1748592,0.279701,3.462417e-111,0.05192029,0.3697355,0.1388974,0.1336922,0.155483,0.2993741,0.1033203,0.273045,2.261579e-20,0.2172682,0.07809189,0.1531352,0.2149356,0.1469682,0.1239365,0.1482459,0.04205335,0.3192933,0.05137396,0.1566453,0.7632575,0.1690249,0.04546749,0.05294711,0.1458179
142.3729,6.665968,7.068638,6.880066,7.107779,7.311283,7.293992,6.839942,7.829982,7.686168,7.490616,7.136249,7.439639,7.762332,6.707253,7.384403,7.787365,7.242081,0.03752561,0.1165389,0.3297856,0.1303245,0.02564697,0.007610031,0.1638257,0.2366149,0.05743037,0.08782986,0.08762585,0.02776263,0.09325519,0.01976151,0.159846,0.1216753,0.1657134,0.1059367,0.193146,0.1811905,0.4994663,0.05864056,0.03973868,0.2779615,8.874453e-20,0.1311085,0.5411975,0.03777599,0.1826031,0.1062902,0.07137001,0.3810995,0.08491533
143.2203,5.944872,6.525204,6.254072,6.095338,5.975464,6.474643,6.049178,7.250472,7.102802,6.769835,6.482361,6.936525,7.006779,6.23562,6.511703,7.082523,6.381146,0.03327031,0.02366148,0.01120192,0.05880994,0.3808581,0.1306864,0.05603132,0.7056435,8.418291e-109,0.09743963,0.1875805,0.09131005,0.1263219,0.005474967,0.1698997,0.04436229,0.1426298,0.3030106,0.01546885,0.06679748,0.02774804,0.2396684,0.3861709,0.517796,0.05730885,0.1257881,0.09159722,0.288732,0.03138166,0.2176412,0.5416534,0.2341178,0.07016615
144.0678,5.341215,5.879361,5.580779,5.621708,5.281689,5.881264,5.383351,6.260862,6.812226,5.98864,5.715937,6.071773,6.395076,5.488469,5.803875,6.252224,5.496526,0.6353455,0.5687439,0.473476,0.2373183,0.2727716,0.06048183,0.2257451,0.1203629,0.09190135,0.1262361,0.06135828,0.003682934,0.08973259,0.2668133,0.4724032,0.2137597,0.1619201,0.06906533,0.2603864,0.1548321,0.01187085,0.1381729,1.424229e-18,0.249516,0.07245363,0.1343139,0.03984928,0.1758727,0.1231053,0.2601191,0.03135295,0.06961833,0.07514574
144.9153,4.647545,4.89597,4.847118,4.665441,4.538715,5.158681,4.785284,5.604689,5.545603,5.223796,4.983381,5.445609,5.604357,4.799044,4.93893,5.375333,4.614133,0.0412807,0.01097148,0.02001912,0.3455046,0.1542706,0.01375337,0.6357257,0.554647,0.184298,1.676488e-106,0.1446564,0.07922317,0.357648,0.1646016,0.3939819,0.1738897,4.746357e-18,0.2021672,0.2064562,0.04235984,0.02529674,0.4535141,1.269096,0.04016543,0.1549516,0.06981245,0.09375309,0.1192646,4.524746e-18,0.4482423,0.1116308,0.3422719,0.1024626
145.7627,3.774766,4.071826,3.956685,4.050345,3.766072,4.346918,3.910713,4.906062,4.431559,4.281039,4.088079,4.960319,4.445928,4.000706,4.319586,4.678209,3.832304,0.1399619,0.3249593,0.1814126,0.01417915,0.2365052,0.1325483,0.006208558,0.09006627,0.1184106,2.432663e-105,0.05740031,0.1011799,0.02890499,0.3718989,0.04970146,0.2205706,0.1414677,0.1793173,0.03087691,0.2295345,0.08031704,0.06000027,0.07485475,0.09709314,0.04308459,0.03883857,0.4669997,0.005888617,0.03384486,0.07935966,0.2079057,0.2744233,0.1677218
146.6102,3.340025,3.527625,3.320575,3.55027,3.085683,3.323951,3.240489,3.669226,3.766938,3.794899,3.525294,3.491655,3.582161,3.363373,3.496007,3.6891,3.093097,0.1526495,3.484265e-104,0.04021836,0.1682318,0.04579151,0.02156262,0.02044471,0.2091105,0.1456314,0.4103656,0.3191232,3.506491e-104,0.09168297,0.178417,0.1557737,0.06405283,0.1956024,0.1022214,0.2842084,0.1389074,0.2932682,0.2278115,0.1991055,0.1635434,0.1927743,0.4621251,0.1886123,0.5291718,0.02629346,0.01134832,0.01557902,0.5516934,0.1583004
147.4576,2.505905,3.053975,2.575874,2.491329,3.08759,2.822177,2.488133,2.861125,2.842072,2.797041,2.710673,3.030481,2.875124,2.540961,2.619079,2.928841,2.495801,0.06687008,0.3097947,0.2628649,0.1238902,0.1293306,0.01429584,0.3585028,0.5817469,0.09118058,0.08602066,0.369825,0.1431016,0.0409466,0.04117607,0.5856322,0.486202,0.01619891,0.008920673,0.1169947,0.3849436,0.1459052,0.2466076,0.09046696,0.1076465,0.02883835,0.1826937,0.03691085,0.01036517,0.1053781,0.01450202,0.175072,0.1183456,0.1548397
148.3051,2.189708,1.98183,1.994663,2.045368,2.184834,2.023182,2.402588,2.209751,2.263293,2.098915,2.124392,2.399413,2.412584,1.995813,2.031396,2.207082,1.906166,0.2308403,0.32115,0.123008,0.005899551,0.2603685,0.2455478,0.541076,0.0925908,0.7983333,0.2277677,0.06836825,0.3488245,0.1390677,0.188902,0.05815817,7.78819e-102,0.02754979,0.06947253,0.223962,0.1416115,0.02747081,0.2566185,0.03626459,0.1682801,0.08552747,0.5086577,0.2184697,0.6543219,0.2061352,0.08448173,0.1403816,0.02997267,0.008547515
149.1525,1.440397,1.545708,1.544951,1.870397,1.380286,1.565095,1.515546,1.957177,1.763957,1.705454,1.815858,1.672805,1.69223,1.472325,1.536477,1.630582,1.420647,0.05392483,0.1652964,0.1409317,0.0915851,0.2405531,0.4563839,0.09830356,0.150632,0.05326026,0.1072881,0.1074106,0.3329457,0.6397543,0.2326699,0.07526169,0.01190158,0.1907397,0.05116383,0.2380759,0.02925785,0.1584214,0.05296548,0.1039181,0.2166491,0.07338924,0.04468379,0.2051815,0.05566191,0.3478412,0.8247545,0.03640195,0.1699839,0.3020094
150,1.135313,1.078087,1.307585,1.344545,1.337549,1.075341,1.002695,1.352443,1.249144,1.461867,1.187786,1.479989,1.217216,1.11154,1.183535,1.242704,1.166559,0.4283941,0.6472298,0.09665747,0.3942855,1.329074e-99,0.09997679,0.01529964,0.006721452,0.1827243,0.3935242,0.01681779,0.2284845,0.1428121,0.3342195,0.09820199,0.1561465,0.05950556,0.08546397,0.2065102,0.3212461,0.1641405,0.02835111,0.1295195,0.1235919,0.1351768,8.278294e-15,0.3528015,0.06631647,0.1470128,0.2196638,0.2284294,0.3415337,0.163101
150.8475,0.9119614,1.193312,0.7922633,1.012995,0.7415543,0.9800804,0.787344,0.8243847,0.8963277,1.375835,0.785386,0.864215,1.45908,1.024837,0.9917368,1.025767,0.6959917,0.2741873,0.08495257,0.1386588,0.4036431,0.0207479,0.3306743,0.1573421,0.1527702,0.06410805,0.03085879,0.1141575,0.005132802,0.06108958,0.1032072,1.959686e-98,0.2010792,0.1247436,0.0344664,0.01547476,0.0004402419,0.1319355,0.5953194,0.7286443,0.07399294,0.0303849,0.3332775,0.08777633,0.04382354,0.1169142,0.09810054,0.08186197,0.05174139,0.03065469
151.6949,0.5748673,0.5403341,1.122062,0.96569,1.161685,0.7004144,0.5289369,0.6456901,0.6577819,0.6902028,0.6774309,0.6253225,0.8246866,0.5354907,1.042423,1.136822,0.4783695,0.05874681,0.8303432,0.1476757,2.31035e-97,0.176852,0.2223638,0.03842366,2.317293e-97,0.148466,0.3367869,0.01156828,0.4835091,0.1099376,0.367588,2.566318e-97,0.1085947,0.5648588,0.1646743,0.3563386,0.06034495,0.2291377,0.00208551,0.2871531,0.1754312,0.2110083,0.4696206,0.01306454,0.04795836,0.2265907,0.1003822,0.1183472,0.09361256,0.2392971
152.5424,0.4771831,0.4490451,0.6122041,0.6105441,1.000299,0.3814004,0.4047138,0.4017394,0.5634543,0.4277507,0.3816732,0.3678098,0.3864414,0.8781109,0.9664099,0.4409124,0.4609422,0.5804467,0.202207,0.1136187,0.3335567,0.02050762,0.7379432,0.4004752,0.5576715,0.07037098,0.5954324,0.06468316,0.07863771,0.01693271,0.01393014,0.08422389,0.05134431,0.08682369,0.07766565,0.06118525,0.006226488,0.05850725,0.03120139,0.02026849,0.05360567,0.226187,0.1084346,0.3520346,0.4523673,0.2851486,0.2949275,0.2739988,0.0318651,0.01111588
153.3898,0.5649756,0.4384646,0.3131513,0.2200648,0.2772857,0.2217072,0.222022,0.2876542,0.3655596,0.2646395,0.3206362,0.523169,0.3877847,0.302948,0.6318793,0.2397126,0.5107178,0.03781734,0.1573225,0.2010616,0.05917487,0.3722315,0.05873214,0.1559689,3.803055e-95,0.1173392,0.06049984,0.2373652,0.6611263,0.4800679,8.996097e-05,0.2398977,4.104649e-95,0.5023572,0.1194351,0.1495075,0.09959487,0.1893407,0.4228636,0.03245003,0.09255285,0.07791331,0.07874779,0.01040193,0.01768964,0.1963232,0.3027449,0.04070688,0.2461576,0.05967603
154.2373,0.6156753,0.1795395,0.1817517,0.2230274,0.248249,0.1520857,0.1615132,0.1867365,0.745978,0.6851723,0.3289343,0.1565029,0.2381418,0.1697194,0.1398968,0.4347296,0.3877038,0.2133737,0.07902233,0.20158,0.1541003,0.2448102,0.04888531,0.1186928,0.160272,0.128508,4.495743e-94,0.2931959,0.4610918,0.0976102,0.1056333,5.278249e-94,0.07313208,0.1531727,0.03997029,0.2376969,0.3153254,0.2593163,0.1583181,0.009485237,0.6157284,0.4229583,0.1261017,0.2746643,0.03467523,0.1791299,0.5902803,0.04774183,0.2147577,0.07654419
155.0847,0.1051971,0.1015515,0.297868,0.7933288,0.1321843,0.4565472,0.08007691,0.2121595,0.1725057,0.2583074,0.08700575,0.1114998,0.1472161,0.215835,0.1277076,0.4386277,0.206864,0.1551628,0.1319495,0.419991,0.304148,0.3185476,0.08453198,0.08431955,0.01858333,0.1642726,0.05774424,0.6706999,0.3514446,0.3027046,0.392506,0.06589351,0.06291979,6.463433e-12,0.04842527,0.01008122,0.8122596,0.06019046,0.172211,0.2422822,0.3362019,0.0812609,0.1157248,0.1182588,0.108903,0.4523037,0.2361625,0.1240572,0.03489248,0.1170469
155.9322,0.0597925,0.4058346,0.08655563,0.1944025,0.1816629,0.1747183,0.1938253,0.07820717,0.1058649,0.0540274,0.08139634,0.1201286,0.07067368,0.1081949,0.1488151,0.1563293,0.2719689,0.02021417,0.1207012,0.1369644,0.2670255,0.05108277,0.3938802,0.6489159,0.02703462,0.1408503,0.1672832,0.01037649,0.1473576,0.3196625,0.4621413,0.1641791,0.0001497693,0.05511401,1.827367e-11,0.006789211,0.09432182,0.05504071,0.08796732,0.03067135,0.01804124,0.08862363,0.7715558,0.2260093,0.005234733,0.04914574,0.08929159,0.02745003,0.1902773,0.2651552
156.7797,0.4610119,0.100674,0.06177124,0.08039148,0.3721764,0.1013895,0.02645944,0.1341115,0.1643598,0.3152592,0.1696657,0.183294,0.0840398,0.2997771,0.09422194,0.06303971,0.05968403,0.02461314,0.09036102,8.028648e-91,0.07855397,0.06083177,0.1830068,0.0671237,0.0798478,0.08546573,0.1335332,0.03771868,0.005268373,0.2488336,0.03980791,0.0393715,0.2771085,0.002543723,0.2244239,0.01894094,0.02362529,0.04118309,0.2664946,0.03449782,0.2135445,0.1513011,0.3738293,0.1264774,0.226122,0.07682211,0.3828542,0.009327725,0.2595488,0.04456631
157.6271,0.06173264,0.8613678,0.2617952,0.02835367,0.06240007,0.0450057,0.1666535,0.02450659,0.1742751,0.2323915,0.04922865,0.3068289,0.1370583,0.138478,0.5229172,0.05822501,0.07844563,0.1587469,0.09169707,0.04447262,0.3097311,0.08718319,0.09188002,0.06143996,0.2503807,0.3208344,0.01596837,0.05653913,0.03439684,0.03462068,0.2799854,0.03970069,1.095875e-89,0.07303131,0.06174873,0.09088564,0.05590181,0.263694,0.1241428,0.05195932,0.1657512,0.04336182,0.004453608,0.2427965,0.1277265,0.1573943,0.1520824,0.1365358,0.5558675,1.38342e-10
158.4746,0.1960792,0.067235,0.1743453,0.2293879,0.1636779,0.3753386,0.1960591,0.01395028,0.1766701,0.1434227,0.09319774,0.02979971,0.009246686,0.04170735,0.3306113,0.01281124,0.4043208,0.4972823,0.1167877,0.352518,0.2949113,0.667475,0.04784534,0.4783913,0.1298602,0.2818245,0.09553349,0.190136,0.3481568,0.5585869,0.07715783,0.05417935,0.06556649,0.003538903,0.0780948,0.1712638,0.222629,0.2192847,1.091283,0.1946548,0.05445659,0.06927502,0.1219048,0.5716818,0.02534115,0.03732382,3.580547e-10,0.3743015,0.02145355,0.2000886
159.322,0.02207261,0.2643603,0.01276701,0.1096589,0.08653733,0.2039211,0.01040707,0.03906151,0.08990436,0.1013119,0.04219723,0.004729558,0.03532221,0.1395655,0.07157591,0.1692672,0.1069716,0.02625934,0.296782,0.6924445,0.2265752,0.07574498,0.1429303,0.1287515,0.05316236,0.4935547,0.07427465,0.1668481,0.3931094,0.09265007,0.1060978,0.1498933,0.0176459,0.19368,0.2536248,0.1680506,0.07420888,0.3036957,0.1544705,0.04410642,0.05338081,0.1351466,0.461858,0.5628211,1.063757e-09,0.1826931,0.2370931,0.0357428,0.02942291,0.2921523
160.1695,0.1765585,0.4206218,0.1580705,0.05726624,0.0156734,0.101827,0.421163,0.02635594,0.08001264,0.08373237,0.1164946,0.01112187,0.1894061,0.2032352,0.09137652,0.04599354,0.07408778,0.3493994,0.0409121,0.07796336,0.1190753,0.03701411,0.01305221,6.749734e-05,0.06002044,0.07731374,0.007492754,0.1520799,0.2377449,0.05503412,0.1546586,0.25075,0.1818593,0.06489052,0.6058083,0.04280744,0.4197312,0.08605898,0.2284111,0.0154899,0.1022767,0.1994707,0.002442763,0.03533742,0.3726925,0.1380218,0.02576277,0.3960936,0.01308853,0.1921162
161.0169,0.1738278,0.2797253,0.6500369,0.8091972,0.08492535,0.1232641,0.2690999,0.2214274,0.06650394,0.4386307,0.1808547,0.4797388,0.2012061,0.2038454,0.1291611,0.06700532,0.5902455,0.2236976,0.71957,0.00853309,0.7817438,0.1118541,0.2549555,0.3147369,0.313018,0.04563428,0.03722973,0.09575257,0.1110809,0.06851408,0.5498585,0.1883841,0.3742059,0.1103748,0.2441448,0.9639502,0.04393974,0.09265934,0.05934949,0.007728808,0.2898163,0.08128528,0.01773936,0.02844338,6.938364e-09,6.191111e-09,0.2994504,7.38608e-09,0.2141031,6.374402e-09
161.8644,0.2141633,0.1536656,0.4116736,0.2036044,0.06252087,0.1304328,0.0005198098,0.09354647,0.001982522,0.006698708,0.2603431,0.2240018,0.3365569,0.6185795,0.1100232,0.04247237,0.1000307,0.2494644,1.775507e-84,0.1851869,0.2701121,0.01676668,0.3981505,1.323072,0.03266727,0.01932074,0.1260444,0.1579032,0.1231837,0.04396205,0.2850014,0.08948012,0.1540344,0.2396722,1.596796e-08,0.4476264,0.0761438,0.1037932,0.1594364,0.2005321,0.088138,0.5485137,0.03770764,0.07295634,0.005403392,0.0185745,0.03731375,0.1980755,0.03046818,0.53672
162.7119,0.08835777,0.3344019,0.07049527,0.2641815,0.09976139,0.1025032,0.08203455,0.05570371,0.02366223,0.04673871,0.06322381,0.2636107,0.0217681,0.2245297,0.3209979,0.09334816,0.07264633,0.3068342,0.2919095,0.2452455,0.03256408,0.09815085,0.5577494,0.001422671,0.01704417,0.01822869,0.06154759,0.1556063,0.002297979,0.4477366,0.04915884,0.08641902,0.3111746,0.02889342,0.07734956,0.05736597,0.0664279,0.07217894,0.0006600946,0.0740665,0.1135349,0.1935488,0.2798274,0.009962781,0.09124225,0.001279619,0.1442551,0.01091597,0.4092883,3.838825e-08
163.5593,0.03017336,0.01247612,0.3693562,0.08593524,0.03330389,0.3869452,0.8004775,0.06330817,0.04958446,0.2826033,0.2198919,0.03257057,0.1105533,0.01446452,0.9784184,0.05433346,0.1284401,0.3734855,0.1800756,0.07572744,0.02048193,0.1346171,0.3049815,0.1209572,0.2211766,0.2218888,0.2340757,0.2248053,0.08935642,0.01919211,0.02515451,0.01854191,2.341499e-82,0.3372556,0.236281,0.06286772,0.01080603,0.09527836,0.06695156,0.396159,0.1220297,0.02136813,0.03222446,0.01305665,0.01151699,0.06404841,0.375158,0.007802053,0.001398237,0.06158867
164.4068,0.1134439,0.06569146,0.18326,0.3178646,0.02142977,0.7513177,0.2731598,0.5787266,0.07324043,5.569654e-05,0.04931559,0.07968061,1.259723,0.009191141,0.5041806,0.2646421,0.001329245,0.2925949,0.0003558899,0.6832642,0.2345286,0.03214486,0.1363912,0.07314719,0.1629048,0.07621098,0.06918767,0.5641409,0.432029,0.02056368,0.2753033,2.52536e-81,0.05458777,0.3633189,0.4903359,0.4605312,0.1851925,0.02794086,0.01591891,0.06547608,0.5602448,0.009427538,0.03832164,0.1127477,0.09831126,0.03575782,0.1109578,0.01894516,0.03197656,0.04527823
165.2542,0.001864406,0.09708157,0.1380265,0.00865431,0.3924442,0.2455188,0.1907491,0.01465404,0.07777226,0.6801971,0.307418,0.2997669,0.04312038,0.1918391,0.1058111,0.05168144,2.113456e-05,0.1486201,0.1362527,0.2770542,0.099901,0.1310605,0.4280142,0.4157413,0.09915461,0.5186445,0.2942252,0.1441672,0.09128643,0.001809254,0.1155591,0.1890688,0.07196808,0.1425502,0.1006629,0.1635914,0.3076478,0.1495112,0.04323488,0.5003698,0.2397307,0.1331772,0.04773357,0.2170676,0.04310074,0.03235175,0.1723164,0.028487,0.001151637,0.004347203
166.1017,0.2861406,0.003076562,0.0191626,0.1083644,0.1691579,0.08492495,0.2381459,0.07151839,0.06870367,0.2259689,0.2333693,9.998523e-06,0.0304516,0.2732165,0.2948085,0.02270768,0.05311931,0.1660435,0.07744346,0.3311173,0.2534709,0.01745905,0.1553895,0.146498,0.03097925,0.05847722,0.09317425,2.710585e-79,0.07280324,0.1841271,2.491458e-79,0.22655,2.602121e-79,0.5087001,1.107507e-06,0.1768058,0.2047748,0.1139402,0.2035372,1.237525e-06,0.0899997,0.08529241,0.3280685,0.02718928,0.1645327,0.327624,0.1991223,0.1508965,0.2446504,0.4538325
166.9492,0.03924112,0.01941463,0.09748262,0.02114549,0.006115739,0.04010605,0.3086538,0.6106288,0.09088993,0.6676405,0.1546825,0.3098105,0.661519,0.383724,0.01342071,0.002642125,0.04301781,0.2992145,0.03571368,0.06916277,0.398107,0.109999,0.4260534,0.1114104,0.1533447,0.1123401,0.4442429,0.04247859,0.0873495,0.1365793,0.6007073,0.1918687,0.1584884,0.06409265,0.01115909,0.1249399,0.4904495,0.1544838,0.6725613,0.1777056,0.09436724,0.08617476,0.06978161,0.0201991,0.04665984,0.1459738,0.09053352,0.3449381,0.0102735,0.3371835
167.7966,0.1724381,0.1924856,0.1118086,0.03686782,0.2906817,0.04404022,0.1378747,0.2018373,0.2084018,0.2354555,0.2386245,0.04866066,0.02326085,0.133927,0.1486876,0.1348534,0.002875146,0.1501339,0.0503135,0.03019169,0.1297061,0.1442793,0.09098483,0.0235322,0.01274982,0.2243948,0.238588,0.009060401,0.3166326,0.1827068,0.1671461,0.4333626,0.7542437,0.1348388,0.04845535,0.1777319,0.1534784,0.1871902,0.00116898,0.3785857,0.1927965,0.1821067,0.07362459,0.04202266,0.3071111,0.1209268,0.001820331,0.2684458,0.2692422,0.2775253
168.6441,0.05894043,0.07016629,0.2856887,0.09109772,0.1522419,0.1925195,0.3039918,0.01052496,0.03982726,0.06103361,0.05087164,0.4849377,0.3115499,5.60859e-07,0.01819351,6.461976e-07,0.311824,0.02256235,0.1727755,0.02756454,0.0587294,0.07066016,0.2001699,0.0049349,0.2316051,0.0288874,0.01359638,0.304733,0.09780958,0.08644841,0.04968877,0.03759201,0.1371751,0.3023561,0.02662532,0.2200397,0.4190914,0.3725077,0.09159021,0.1048637,0.5415622,0.1977517,0.6529032,0.01454926,0.0531708,0.03713514,0.05225036,0.005986521,0.1739533,0.1996133
169.4915,0.2377365,0.151599,0.02943446,0.4286104,0.2264774,0.0479725,0.2038049,0.01691587,0.2510066,0.05254359,0.03640119,0.2804712,0.4743428,0.1837261,0.1206873,0.2367367,0.04886114,0.149363,0.09884699,2.112376e-75,0.05025027,0.3151238,0.1986241,0.04870517,0.1430853,0.1758571,0.5531174,0.1534676,0.03389672,0.1842472,0.1639541,0.07134776,0.05838365,0.1191852,0.07557243,0.02560801,0.4863121,0.04639386,0.1881091,0.09153461,0.01167039,0.2296235,0.04897269,0.1566005,0.017136,0.005183534,0.05765328,0.1927588,0.2476618,0.03536845
170.339,0.08533128,0.3219372,0.03409237,0.04783185,0.188988,0.01450255,0.1433328,0.01761896,0.0949739,0.47721,0.2975898,0.2374083,0.1791179,0.004886963,0.01359147,0.003683005,0.07239743,0.0733495,2.025909e-74,0.1259033,0.02896248,0.2135997,0.1189943,0.1721959,0.09980131,0.1419701,0.0414828,0.1225243,0.06436091,1.979351e-74,0.1763187,0.008364841,2.314244e-74,0.03106606,0.8215118,0.08800639,0.1354861,0.03349109,0.04069751,0.1507415,0.2570677,0.09061741,0.09320495,0.3063306,0.00524129,0.00507866,0.2093146,0.08708168,0.4907021,0.2257185
171.1864,0.1389836,0.1145134,0.06679015,0.2927222,0.007463319,0.1873443,0.02872356,0.2738281,0.03575074,0.01448041,0.3318466,0.05333577,0.1260534,0.2357989,0.04424856,0.3094046,0.04710925,0.1824899,0.5390676,0.06170463,0.06190325,2.000632e-73,0.8607805,0.2362306,0.3259072,2.088862e-73,1.890719e-73,0.09437519,0.04883299,0.3448741,0.1188701,0.08901173,0.05633013,0.09711853,0.5973207,0.264317,0.09635049,0.1754672,0.02963532,0.287619,0.3349063,0.1323862,0.009206307,0.238425,0.1160244,0.1722167,0.1127824,0.04305816,0.09622176,0.09810733
172.0339,0.3404367,0.09658213,0.2320026,0.1784259,0.08008186,0.1089809,0.06791517,0.1093726,0.3415744,0.2335797,0.3018422,0.01364445,0.2927304,0.05218454,0.3415873,0.05035072,0.06526191,0.0554741,0.1903455,0.4705501,0.1159137,0.09663281,0.1757966,0.3764853,0.2719658,0.2203032,0.8127907,0.2301135,0.04463444,0.1909506,0.08971981,0.1096205,1.992894e-72,0.2280766,0.2756367,0.1157352,0.07536944,0.03509244,0.3653528,0.009575881,0.07900248,0.1241966,0.02039683,0.06187779,0.009895223,0.2685511,0.05888682,0.02772933,0.07648468,0.04813602
172.8814,0.06653606,0.01130647,0.06627955,0.4544009,0.00360886,0.08792125,0.2802852,0.2358134,0.07852047,0.108285,0.06600997,0.08451853,0.1973226,0.05382485,0.1236513,0.06795781,0.03585535,0.1515479,0.1085291,0.02416388,0.141035,0.1402248,0.03985122,0.155181,0.05040988,0.006319187,0.1950528,0.042182,1.593845e-71,0.3044707,0.1611804,0.02023127,0.1536,0.05770582,0.124097,0.5073715,0.3202322,0.1947643,0.1156771,0.007720666,0.1355322,0.6409949,0.04005615,0.05075116,0.0310699,0.1629597,0.003934688,0.1364586,0.09032882,0.03695373
173.7288,0.06686526,0.06465491,0.3319262,0.3181898,0.4505485,0.6203293,0.05997014,0.1136211,0.03721258,0.02321786,0.1033614,3.425437e-08,0.07833871,0.09201165,0.1509285,0.03764026,0.01937909,0.005426714,0.182664,0.327731,0.04450112,0.8031673,0.1521949,0.04880914,0.3050196,0.1672136,0.03118111,0.04534367,0.05006961,0.01649801,0.1890747,0.3199856,0.003181372,0.07675687,0.1520779,0.3194044,0.04903088,0.01419322,0.4053311,0.1625033,0.25507,0.2799871,0.005103434,0.3001862,0.0006993742,0.1157572,0.2461283,0.09539523,0.002328491,0.03351046
174.5763,0.1752037,0.09683829,0.2928906,0.6079944,0.1804805,0.2196232,0.09201045,0.03720161,0.01169701,0.2021905,9.091881e-08,0.2801042,0.02083675,0.3026973,0.05912828,0.07395113,0.420035,0.1576163,0.07072854,0.05449502,0.005070447,0.4129888,0.1162562,0.05976446,0.03554182,0.07790372,0.02035938,0.07679106,0.1316531,0.06087555,0.07358399,0.06377965,0.5089025,0.05256524,0.2872288,0.09803613,0.1069199,0.3242746,0.09679523,0.09011536,0.02301681,0.2043632,0.1490431,0.2080521,0.22621,0.09418756,0.1358465,0.2326994,0.2962791,0.003324219
175.4237,0.09227536,0.02306394,0.5651593,0.4605032,0.07230962,0.04076851,0.1524399,0.1361845,0.102162,0.1473321,0.06195486,0.08140197,0.07340773,0.0716061,0.04107836,0.04871783,0.0645742,0.002806193,0.06215325,0.01008719,0.09186594,0.1188909,0.1408412,0.2899867,0.08666672,0.3712324,0.1082632,0.056495,0.02636048,0.2614321,0.5258943,0.0896436,0.2418706,0.1951743,0.3233308,0.01233803,0.06831999,0.04386378,0.3245595,0.03748004,0.4550864,0.1289251,0.08755427,0.1820485,0.002314989,0.01524681,0.1006498,0.2908764,0.3450862,0.05656443
176.2712,0.1532136,0.0602124,0.05401378,0.05829426,0.5766434,0.1442967,0.007670224,0.2859675,0.2679879,0.5357751,0.03636086,0.02428587,0.3775505,0.08202776,0.3900119,0.2857019,0.3339296,0.2126895,0.02623041,0.08914062,0.2420227,0.2416838,0.1116659,9.611226e-68,0.03748416,0.04730912,0.01513562,0.195171,0.06306346,0.1793715,0.8549148,0.02448124,0.05299824,0.003826046,0.1557407,0.05087266,0.1987474,0.1124625,0.06436787,0.06037086,0.07363268,0.01799553,0.1826877,0.04954236,0.07738481,0.0373218,0.1029817,0.1965191,0.08863587,0.1051041
177.1186,0.28642,0.1308522,0.2481515,0.557827,0.01155281,0.004631463,0.4614601,0.04598854,0.1753344,0.2754352,0.03034909,0.198191,0.1185937,0.2132131,0.02391462,0.04392603,0.01465553,0.03693817,0.01013874,0.1099706,0.1472139,0.3583154,0.2515841,0.1719582,0.2877756,0.1829417,0.1756746,0.01694071,0.009857353,0.07652869,0.05182853,0.3698367,0.469617,0.2052068,0.09711369,0.3338038,0.278448,0.02641806,0.02975292,0.1526665,0.009225316,0.1788164,0.09005662,0.2777538,0.2313466,0.8295188,0.5619065,0.05281994,0.00633233,0.8249373
177.9661,0.01805697,0.09660812,0.04309271,0.1677123,0.0544835,0.1712149,0.09047147,4.8612e-06,0.03906747,0.09347513,0.04923685,0.05345107,0.4696575,4.211515e-06,0.3052808,0.3876777,0.09395566,0.1504911,0.1633672,0.07628532,6.875282e-66,0.004371954,0.1188778,0.1686346,0.3823787,0.1018586,0.1048379,0.4183264,0.1165917,0.06995259,0.2956052,0.1075276,0.01355624,0.2097759,0.03486251,0.03754767,0.06877619,0.06204393,0.07503246,0.01245421,0.3838514,0.2138038,0.03449193,0.5299327,0.09657904,0.04663238,0.1255544,0.03343148,0.4056806,0.01588154
178.8136,0.3237379,0.04207508,0.03508095,0.1193996,0.02073053,0.01273434,0.08047062,0.02208597,0.07190729,0.4580034,0.2688408,0.02190685,0.101693,0.1116055,0.004437347,0.3353281,0.02374735,0.02106429,0.03458957,0.08119617,0.05725233,0.5412372,0.02599443,0.06843444,0.04244121,0.3419421,0.2647687,0.02581365,0.2707747,0.1739639,0.1223314,0.1554819,0.03407946,0.085171,0.4702744,0.211853,0.3497312,0.3628609,0.3352502,0.02071323,0.02680063,0.3540155,0.1850841,0.1872113,0.1666879,0.1151707,0.07642594,0.2763815,0.1314408,0.1449537
179.661,0.4403049,0.09571776,2.534572e-05,0.2417952,0.01661848,0.3218931,0.1919326,0.209515,0.06457494,0.1536966,0.06502171,0.07869718,0.1494516,0.2150381,0.1677594,0.131828,0.02812293,0.06652185,0.0447482,0.007716218,4.547668e-64,0.03706608,0.08191072,0.1433571,0.2991112,0.1127841,0.459814,0.2003794,0.1087953,0.004980559,0.6227549,5.051513e-64,0.05028755,0.1945353,0.05476592,0.1981069,0.03585163,0.03258041,0.5084905,0.1703318,0.04170273,0.120111,0.05523644,0.0334139,0.03254821,0.3174363,0.1241999,0.05836907,0.3062491,0.2126228
180.5085,0.152117,0.5553223,0.08383819,0.0444806,0.04786628,0.2544352,0.09311727,6.676785e-05,0.1433091,0.08379815,0.2082779,0.1262809,0.0189445,0.1545198,0.271176,0.02910033,0.02301983,0.3987818,0.4020252,0.09822685,0.1914233,0.1410838,3.574967e-63,0.1085339,0.03401588,0.1087343,0.05248816,0.02870357,0.01648107,0.2431486,0.1038547,0.0242331,0.2546086,0.05614393,0.06607497,0.4683718,0.05104143,0.07193277,0.3934173,0.2280668,0.1810242,0.3767079,0.2603975,0.1985761,0.06750455,0.4047396,0.6838547,0.3912497,0.3787762,0.05966848
181.3559,0.1136188,0.2194676,0.04307053,0.001338053,0.0566453,0.0001384422,0.0001286137,0.2446115,0.2422632,0.3890801,0.3647458,0.2204998,0.01727762,0.1077913,0.03125051,0.0001506941,0.2389625,0.7621231,0.1846725,0.1542649,0.04111197,0.207381,0.03699402,0.01070303,0.4160308,0.03335776,0.3620334,0.04443072,0.02387619,0.03271482,0.03499692,0.3131372,0.015386,0.400573,0.108252,0.1512988,0.3070154,0.1145133,0.1199154,0.2869916,0.08307024,0.7437014,0.2484119,0.1198825,0.183101,0.3810983,0.1117388,0.1261778,0.1675347,0.1540853
182.2034,0.03128798,0.04679185,0.370578,0.04796399,1.09898,0.05444531,0.07083577,0.3418603,0.03749702,0.4038904,0.4564218,0.4012852,0.08564838,0.01938903,0.007724595,0.184195,0.04395537,0.1951444,0.1277787,0.08801818,2.191773e-61,0.3554129,0.8521267,0.3654876,0.06804189,0.0555465,0.5123989,0.4217637,0.01434074,0.1066753,0.0959839,0.04079074,0.1384362,0.1840909,0.2900187,0.4516691,0.1813927,0.1572427,0.1178472,0.4492386,0.4534159,0.1919773,0.3267262,0.2086508,0.1421088,0.2168015,0.8644352,0.1477002,0.1184383,0.22982
183.0508,0.08679889,0.2755821,0.5175454,0.2570374,0.1271092,0.1556283,0.1888272,0.1011837,0.03893963,0.07371588,0.01269343,0.2758005,0.007625493,0.0131538,0.2967434,0.07113212,0.03024266,0.1097804,0.05426303,0.1490989,0.04577374,0.3438213,0.1706697,0.1804622,0.4778195,0.07536772,0.1136604,0.01841217,0.1205099,0.2192509,0.2090094,0.01469067,0.0705251,0.5478335,0.1947205,0.3416016,0.1872894,0.3066309,0.4527665,0.340226,0.3555863,0.7388748,0.1841172,0.6046481,0.2449032,0.3681774,0.4918714,0.2139839,0.3556777,0.3270602
183.8983,0.06419318,0.2922039,0.674045,0.3546321,0.3073463,0.05263934,0.1872937,0.06774806,0.2197806,0.258762,0.02593417,0.1231829,0.6483537,0.9604728,0.1110175,0.3288703,0.02494514,0.1130495,0.1508721,0.3202055,0.1518613,0.0951865,0.027108,0.1977935,0.02816526,0.1435188,0.07442558,0.001026995,0.04792343,0.1332028,0.06988153,0.0417329,0.1352136,0.2717597,0.6334903,0.6892163,0.3114296,0.3744905,0.2633195,0.4240756,0.2635661,0.2622395,0.3846849,0.3933286,0.3787881,0.4460326,0.3448226,0.4146667,0.311768,0.4344088
184.7458,0.1373913,0.08202816,0.1043486,0.3978025,0.1897193,0.2483639,0.426697,0.08095474,0.1052068,0.04276186,0.198092,0.2120887,0.6982415,0.2557353,0.01234448,0.01617138,0.0699864,0.1669932,0.06491089,0.06898868,0.3697589,0.2621202,0.1159092,0.5338185,0.4111531,0.1477353,0.3612501,0.4865604,0.2584363,0.1384478,0.3030793,0.0693133,0.07739198,0.9252358,0.4418958,1.120753,0.4823658,0.5368596,0.472463,0.5344438,0.5955589,0.3833911,0.4601565,0.4145043,0.4503747,0.4590229,0.5041204,0.5645302,0.4233563,0.5104538
185.5932,0.0585462,0.07600846,0.1238456,0.6850896,0.1358835,0.3206606,0.1425016,0.01332229,0.1161935,0.009808783,0.4191494,0.1106976,0.01047223,0.1563064,0.09586888,0.06097465,0.3827378,0.1594745,0.07529592,0.08693587,0.07767369,0.8129611,0.01315633,0.1009207,0.06587497,0.05502742,0.06939179,0.009709346,0.003163748,0.1249653,0.03878452,0.1750126,0.1496375,0.5627842,0.8574341,0.5537228,0.768846,0.6065991,0.5949267,0.6376292,0.5964242,0.6972733,1.22738,0.7393565,0.7455281,0.8462904,0.6409429,0.73763,0.5122198,0.5802362
186.4407,0.02851178,0.03755517,0.0430509,0.1031264,0.1734892,0.03634783,0.2195211,0.1172471,0.08473778,0.2631346,0.3524088,0.2485417,0.1863723,0.00956137,0.01014597,0.0363942,0.009326496,0.5424864,0.2199647,0.1244064,0.01590997,4.281856e-05,0.15435,0.09442107,0.001441492,0.09268402,0.4961318,0.2045454,0.1796363,0.2914688,0.06128232,0.6178558,0.01219742,1.033513,0.8320974,0.7923981,1.01651,1.341475,0.7348129,0.9243809,0.726175,0.8203425,0.9453642,1.057843,1.028543,0.8134855,1.326394,1.849111,0.9165768,0.9967555
187.2881,0.08126864,0.1157559,0.1228394,0.07528704,0.3254998,0.165242,0.3752121,0.04984918,0.3661431,0.2794987,0.64472,0.02981044,0.06420209,0.04553653,0.07304003,0.123086,0.2950632,0.3675766,0.1102099,0.03651072,0.06446762,0.2367064,0.3932572,0.1789368,0.07598587,0.1737533,0.09397925,0.07340938,0.1122482,0.6566532,0.174237,0.1751496,0.2645964,1.152765,1.333796,1.189457,1.162452,1.214629,1.035934,1.285594,1.093368,1.02869,1.300766,1.110692,1.089856,0.9796986,1.201407,1.321601,1.083213,1.40415
188.1356,0.06321422,0.04996635,0.05761793,0.04564059,0.3006089,0.1500665,0.3013684,0.7162074,0.1588248,0.1240946,0.1121349,0.0350099,0.08348175,0.03177041,0.1461461,0.06984293,0.2232194,0.09403055,0.2322452,0.2800008,0.03964295,0.04654538,0.05693755,0.01973615,0.1430079,0.2531283,0.3453336,0.009636255,0.1050069,0.1930448,0.5980241,0.2996682,0.05194842,1.348846,1.434263,1.395439,1.456473,1.630831,1.379276,1.538436,1.397361,1.626488,1.473687,1.488981,1.444978,1.285867,1.361724,2.260894,1.303839,1.656425
188.9831,0.2699855,1.225194,0.05655889,0.4299683,0.1670071,0.2479876,0.05468973,0.0640273,0.06625846,0.07400483,0.225614,0.1712723,0.06297608,0.222762,0.2430091,0.2276468,0.1060851,1.610001e-54,0.1894203,0.3579386,0.5207786,0.09089532,0.02698549,0.03045213,0.5567608,0.1791316,0.3340229,0.3698003,0.1539709,0.1392945,0.2867622,0.1705828,0.05194222,1.765738,1.911364,2.245432,1.914718,2.256123,1.826541,2.028109,1.689334,1.913186,1.842907,2.599367,1.928266,1.702843,1.691253,2.10045,1.85682,1.997595
189.8305,0.2813463,0.8303286,0.1682546,0.09357113,0.3464921,0.09961047,0.1763622,0.2494993,0.2513893,0.1436544,0.1784672,0.3747554,0.5509138,0.1783369,0.09986069,0.2109881,0.1687003,0.1996746,0.1064158,0.1701387,0.1270794,0.09019958,0.2016589,0.008305313,0.04621201,0.02391355,0.1932912,0.01115194,0.04463635,0.04743705,0.08222477,0.02526747,1.20374e-53,2.372651,2.275093,2.438193,2.380175,2.901235,2.325908,2.51152,2.16969,2.579322,2.388091,2.573131,2.554373,2.345454,2.364906,2.604346,2.170127,2.382166
190.678,0.1984992,0.2788416,0.2203082,0.245926,0.1657835,0.1806106,0.2582698,0.3785444,0.4361062,0.2217413,0.2052844,0.367528,0.2436857,0.2098647,0.2543786,0.6106072,0.1677692,0.1204313,0.08209275,0.1318761,0.1414298,0.1306161,0.1611252,0.3330339,0.02685608,0.02553208,0.1619714,0.1441532,0.004364695,0.09547843,0.2554301,0.05703572,0.1805819,2.852256,2.828552,3.098876,2.98797,3.092036,2.771522,3.309164,2.757744,3.019356,3.519801,3.235935,3.067308,2.857722,2.711307,3.475678,2.880299,2.997067
191.5254,0.7187062,0.2820887,0.4130811,0.2615824,0.2927209,0.346962,0.4325106,0.4899734,0.3226794,0.3919469,0.2674482,0.3477689,0.2903878,0.2981796,0.2718052,0.3229837,0.3974135,0.4071191,0.2378095,0.07827806,0.03066011,0.1218774,0.2017444,0.1764838,0.1766787,0.0784009,0.16064,0.08092399,4.653425e-52,0.05277385,0.09735225,0.07569992,0.0524851,3.627152,4.174063,3.687239,3.684241,4.231129,3.951132,4.194724,3.547287,3.763533,4.131536,3.965995,3.87261,3.435634,3.492155,4.07568,3.372493,3.470352
192.3729,0.3753551,0.4717724,0.3943557,0.6550466,0.4309557,0.4796542,0.7935982,0.6778258,0.6675401,0.5164095,0.5367711,0.5194612,0.460297,0.4843323,0.4448851,0.5897147,0.4061527,0.5267389,0.1111772,0.03399978,0.1174486,0.3760785,0.6415588,0.02119712,0.25465,0.2014441,0.2815598,0.04750864,0.2324163,0.2876247,0.09566692,0.1477889,0.1958436,4.24758,4.532737,4.749253,4.453033,4.776458,4.307874,5.044499,4.056463,4.324927,4.542192,4.956009,4.647639,4.106253,4.212664,5.087,4.745294,4.169138
193.2203,0.7560409,0.7690922,0.7368296,0.6683004,1.188419,0.6438749,0.6442784,0.92875,0.6701794,0.8353589,0.8138536,0.6804906,0.8793807,0.6279305,0.6436704,0.7555818,0.709711,0.07864998,0.3506808,0.1026671,0.03442663,0.3161196,0.2416814,0.2611664,0.05456184,0.07558786,0.07123423,0.004055908,0.3238673,1.04388,0.1036399,0.02942652,0.02843535,5.182429,5.041297,5.300498,5.348254,5.505409,5.019377,5.592818,4.868247,5.301699,5.32695,5.582852,5.381582,4.802426,4.920453,5.723541,5.265808,5.022631
194.0678,0.8333745,1.253322,1.073498,1.079543,0.874959,1.402154,0.9553543,1.230645,0.9848648,1.179898,1.264376,0.9688843,1.173319,0.9612667,1.121208,1.125668,0.9922807,0.2951618,0.4151432,0.033201,0.792796,0.264755,1.255443e-49,0.1059171,0.0671831,0.03024794,0.05150323,0.5128658,0.4273697,0.2892088,0.2300335,0.05423631,0.03935732,5.913143,5.83067,6.112724,6.523246,6.537082,6.199189,6.740189,5.538174,6.309143,6.138653,6.529294,6.27051,5.647946,5.565248,6.715562,5.631307,6.048349
194.9153,1.209526,1.354071,1.279197,1.272481,1.533212,1.464696,1.278476,1.893345,1.580191,1.458942,1.337746,1.410153,1.393489,1.274725,1.752103,1.421542,1.591545,0.00822184,0.1561265,0.05410756,0.4972329,0.6139692,7.785501e-49,0.03078788,0.06435643,0.04159713,0.192719,0.3431482,0.003568684,1.053311,0.1728765,0.2330863,0.1218139,7.036175,6.600617,7.05405,7.226972,7.714566,6.508498,7.455447,6.375846,6.878441,6.947319,7.588864,7.345693,6.518411,6.388361,7.640808,6.64902,6.727522
195.7627,1.843779,1.894633,1.764543,1.742784,1.788802,1.918854,2.556296,1.971651,2.329317,2.218934,1.812612,1.928921,1.974731,2.030821,2.008498,2.007585,1.77298,0.3851174,0.01734461,0.3506516,0.1006564,0.1950796,0.03727771,0.2018507,0.0770956,0.2076527,0.0844072,0.02637776,0.09717854,0.009572083,0.1470919,0.009088496,0.1414865,8.001365,7.387665,7.780593,8.059107,8.229349,7.375023,8.625241,7.163911,7.579933,8.020878,8.147504,8.159135,7.50678,7.114042,8.591403,7.244628,7.307842
196.6102,2.390657,2.504417,2.357653,2.472998,2.309259,2.666669,2.285582,2.717772,2.690553,2.729815,2.543133,2.88481,2.771836,2.346175,2.474326,3.218202,2.357079,0.2013833,0.2876616,0.9473911,0.1985341,0.1887492,0.1328437,0.06922856,0.1567557,0.03932937,2.743669e-47,0.08793997,0.4433645,0.07434375,0.1083319,0.0156538,0.3941454,8.402524,8.411577,8.463719,8.589792,8.693497,7.900277,9.120921,7.874231,8.56069,8.837772,9.008286,8.693023,7.861895,8.002071,9.503842,7.988518,8.166886
197.4576,3.08605,3.282924,3.087764,3.00987,2.983657,3.19655,3.07487,3.884385,3.545085,3.555031,3.490525,3.397616,3.768568,3.098697,3.191664,3.521564,3.026382,0.05270767,0.3128395,0.100894,0.109423,0.1251111,0.01621275,0.1822487,0.04500606,0.2394875,0.3326324,0.03811139,0.04340221,0.1301989,0.06835267,0.1134298,0.1453841,8.975881,8.765197,9.292067,9.317348,10.23615,8.750059,9.885213,8.29968,8.943326,9.123463,9.574423,9.31329,8.56973,8.291493,9.980529,8.505102,8.673686
198.3051,3.756461,4.10744,3.911781,3.951909,3.80821,4.166537,3.82425,4.419248,4.669743,4.298313,4.324546,4.294501,4.482668,3.830684,4.198435,4.556152,4.710176,0.01317763,0.5478624,0.2226165,1.006489e-45,0.006696533,0.1515097,0.1887202,0.2570915,0.3502166,0.03159898,0.2689531,0.8408742,0.1115406,0.1032995,0.2283407,0.1012502,9.250469,9.099908,9.65198,9.705762,9.809673,9.019112,10.31318,8.712317,9.918567,9.601588,10.36468,10.05372,8.891218,8.664389,10.42173,8.883239,9.057161
199.1525,4.631791,5.028242,5.034958,4.712435,4.588352,5.041583,4.879995,5.687626,5.56955,5.506351,5.145144,5.373787,5.762608,4.765162,5.026156,5.556406,4.655725,0.005613795,0.1885707,0.002712331,0.1791541,0.04045935,0.1007893,0.01107056,0.2245705,0.1938971,0.02925125,0.1100951,0.4981347,0.02592749,0.1350816,0.1291008,0.2052942,9.434114,9.629099,10.1301,10.1144,10.15406,9.375468,10.7486,9.066067,9.908946,9.913802,10.54789,10.25267,9.056667,9.027323,10.83001,9.267957,9.501834
200,5.738071,5.984289,6.000544,5.936893,5.624063,6.092179,5.740667,6.620586,6.586288,6.32465,6.12237,6.529523,6.66921,5.8906,6.177727,6.663607,5.584161,0.02865804,0.4034485,0.05200863,0.05032329,0.8270256,0.1270004,0.2276468,0.04255106,0.002395792,3.116831e-44,0.1444429,0.2651385,0.1118821,0.001711654,0.02638573,0.08014498,9.551432,9.490103,9.818535,10.3065,10.60763,9.301178,10.58783,9.23053,9.56479,10.04533,10.76044,10.3102,9.100135,9.01708,10.86616,9.436397,9.487177
200.8475,6.572265,7.046194,6.90168,6.640653,6.772083,7.305154,6.65487,7.77338,7.7285,7.433491,7.094718,7.940238,7.998855,6.78272,7.052754,8.22986,6.808783,0.3319984,0.3905536,0.1339036,0.0979466,0.4626056,0.1645951,0.03886939,0.09109793,0.2730748,0.121674,0.03355925,0.08745234,0.0475247,0.0794611,0.2685715,0.1127109,9.475743,9.443699,9.921378,9.926732,10.24596,9.203053,10.47079,9.206661,9.737378,10.0557,10.35346,10.19445,9.004468,9.028783,10.74885,9.118471,9.307386
201.6949,7.368991,8.013786,7.765798,7.785714,7.598534,7.98684,7.434091,8.947667,8.675178,8.447721,8.115693,8.392477,8.759121,7.6374,8.496103,8.746331,7.391184,0.01842359,0.1705207,0.1187876,1.016875e-42,0.0271748,0.02656229,0.002715701,0.4811181,0.02806715,0.04433441,0.06362635,0.05902675,0.06924854,1.053999e-42,0.05693981,0.0271272,9.239088,9.162736,9.55743,9.598855,9.813662,9.498958,10.19323,9.059166,9.174998,9.610634,10.07777,10.25141,8.971813,8.80557,10.48244,8.755055,9.172457
202.5424,8.228959,8.880728,8.555051,8.400276,8.057038,8.922116,8.315394,9.883614,9.920588,9.340093,8.834252,9.563821,9.733052,8.414175,8.890348,9.59367,8.208792,0.02892496,0.3640372,0.07990988,0.1927712,0.2980753,0.04647974,0.064293,0.05000523,0.05169072,0.323114,0.2562779,0.05772241,0.1370381,0.1271382,0.003000634,0.05811423,8.723969,9.035832,9.024542,9.367699,9.494723,9.35321,9.844274,8.280511,8.760782,9.399711,9.652266,9.402362,8.366072,9.02566,9.906595,8.378669,8.924675
203.3898,9.140194,9.742323,9.21611,9.686984,8.726165,9.483235,9.050622,10.29429,10.41746,9.958309,9.598771,9.990725,10.16086,8.930779,9.46297,10.27195,8.701293,0.02554044,0.1986927,0.08309306,0.000899125,0.06746473,0.565073,0.1321942,0.06887088,0.164634,0.0470073,3.338002e-41,0.2508255,0.01533258,0.03783957,0.2309787,0.17961,8.274521,8.192476,8.393294,8.520703,8.832076,7.985988,9.102294,7.884473,8.240656,8.733124,9.015409,8.821706,7.796127,7.757993,9.2541,7.905119,8.230205
204.2373,9.037774,9.956902,9.586009,9.227697,9.281151,10.29446,9.236558,11.38914,10.90023,10.46393,9.848128,10.26409,10.59941,9.406652,9.999377,11.54832,9.073964,0.07583025,0.5336087,0.06046129,0.08938757,0.711235,0.5076155,0.1774009,1.567033e-40,0.7799387,0.07912994,0.04791196,0.1413667,0.0007274083,0.07863692,0.01978463,0.2334451,7.534187,7.400322,7.905232,8.192346,7.95915,7.995545,8.69079,7.03614,7.759463,7.881502,8.524089,7.960738,7.122156,7.247321,8.563526,7.177132,7.555917
205.0847,9.223212,9.901357,9.60111,9.475796,9.149858,9.977709,9.290551,10.87153,10.76405,10.43529,10.10332,10.46584,10.83946,9.501106,10.06892,11.0636,9.419578,0.07569388,0.1816573,0.1094435,0.1742933,0.1483232,0.2763308,0.4614506,0.3162896,0.1334726,0.0990497,0.04346757,7.749951e-40,0.5315388,0.07957433,0.0601599,0.08170503,6.870766,6.629859,6.875521,7.024532,7.605568,6.470498,7.480956,6.358539,6.961182,6.948972,7.371635,7.167518,6.631624,6.754129,7.79644,6.812633,6.578157
205.9322,8.976592,10.01357,9.565668,9.281152,9.014963,9.911045,9.06809,10.65498,10.7012,10.67125,9.764532,10.72547,10.70186,9.338983,9.92502,10.65578,9.164973,4.083584e-39,0.05402646,0.09198993,0.3936994,0.7096051,0.1171006,0.2745647,0.1718406,0.7985949,0.2712956,0.1565437,0.02051985,0.2149078,0.116152,0.01588448,0.05879818,5.890938,5.815984,6.15737,6.698678,6.276256,6.116163,6.885043,5.645539,5.930835,6.110227,6.421328,6.2486,5.905624,5.836954,6.665939,5.591,5.756573
206.7797,8.635062,9.321367,9.046406,8.806386,8.536245,9.509627,8.920054,10.25323,10.52798,9.88361,9.618146,9.942049,10.07782,9.270187,9.426233,10.15372,8.696375,0.3065508,0.06683457,0.2938811,0.02917542,0.03238963,0.01695132,0.2433687,0.03353917,0.004321557,0.03669231,0.06853412,0.06986358,0.20466,0.1561785,0.6177078,0.1308106,5.259461,5.02261,5.369665,5.319152,5.528616,4.972647,5.671972,4.809146,5.225132,5.410971,5.583968,5.429569,4.824125,4.81109,5.775317,4.820719,4.983759
207.6271,7.980297,8.938269,8.374344,8.271171,8.069383,8.926422,8.610232,9.475215,9.946051,9.460339,8.783121,9.014349,9.480091,8.51415,8.751929,9.758735,8.112721,0.1406788,0.1352643,0.1366827,0.3475271,0.09248922,0.02280326,0.4750586,0.05896196,0.2803065,0.06361797,0.2803968,0.3356842,0.4920001,0.633746,0.6127655,0.01984533,4.629714,4.410285,4.808847,4.598353,4.645745,4.135372,4.923858,4.067828,4.474785,4.727342,4.78011,4.598656,4.063043,4.285051,4.997633,4.251087,4.294634
208.4746,7.360754,7.746314,7.607842,7.538956,7.182688,7.837837,7.276043,8.631266,8.610302,8.344103,7.889107,8.12208,8.387795,7.496525,7.88974,8.828784,7.189483,0.2757445,0.334612,0.310812,0.4069638,0.1113966,0.2796008,0.01675788,0.3179319,0.2191541,0.02589716,0.00366424,0.1057105,0.4625802,0.02260414,0.0006808907,0.1526704,3.633022,3.749106,3.858844,3.684241,3.843866,3.470845,4.047091,3.329929,3.60068,3.691224,3.99804,3.853012,3.394382,3.429185,4.099044,3.390552,3.556286
209.322,6.287604,6.779925,6.628301,6.456267,6.281854,6.858635,6.382758,7.608798,7.405013,7.230409,7.286407,7.117726,7.56727,6.542133,7.136525,7.461527,6.975202,0.03500056,0.1527806,0.00996696,0.1742434,0.03234368,0.05849225,0.1008918,0.3406223,0.1308014,0.0784749,0.2513744,0.1232297,0.1166412,2.57334e-36,0.2698073,0.05966229,2.99658,3.037755,3.051359,3.23059,3.04799,2.78275,3.193613,3.276526,2.925871,3.167125,3.133197,3.073893,2.842814,2.765863,3.559102,2.727876,3.050602
210.1695,5.371133,5.892726,6.32221,5.500175,5.367824,5.825914,5.558719,6.424715,6.434382,6.402621,5.885491,6.078946,6.255003,6.089003,5.915141,6.607482,5.544466,0.0009161621,0.06285671,1.10849e-35,0.2058388,0.2151752,0.1941253,0.1069912,0.003342872,0.05663988,0.006598639,0.2035188,0.1395162,0.02218268,0.2316656,0.04759648,0.1211157,2.972702,2.768193,2.484468,2.385934,2.579544,3.061735,2.733545,2.354044,2.708836,2.463749,2.531244,2.537178,2.626819,2.180674,2.849692,2.200144,2.223979
211.0169,4.572515,4.860313,4.69756,5.418163,4.406597,5.046283,4.490537,5.456787,5.518693,5.401428,5.320913,5.306201,5.41869,4.605569,4.92257,5.536588,4.732765,0.08072225,0.007334616,0.07691337,5.551172e-35,0.2238849,0.3318451,0.1284005,0.1940545,0.08798736,0.1169055,0.1400254,0.0001108106,0.05945149,0.3706895,0.06522081,0.08980755,1.781055,1.977854,2.505514,2.027591,2.469223,1.738208,2.084496,1.772226,2.011983,2.135024,2.15309,2.191154,1.851457,1.710052,2.061155,2.071883,1.741527
211.8644,3.573741,4.10456,3.936746,3.713217,3.709667,3.960461,3.674317,4.773717,4.233386,4.150173,3.964101,4.067476,4.29906,3.921151,4.295177,4.239352,4.024999,0.07310241,0.1375115,0.1036661,0.1924541,0.1587974,0.1256936,0.1467199,0.01828124,0.03782204,0.0594968,0.3045865,0.1857753,0.07725584,0.04943817,0.07118268,0.08716923,1.419354,1.392743,1.528816,2.096919,1.488013,1.685047,1.594179,1.280051,1.474303,1.433266,1.672851,1.581504,1.533752,1.318971,2.034992,1.351329,1.457774
212.7119,2.910093,3.311086,3.00184,2.881712,2.781997,3.053369,2.884375,3.356443,3.301592,3.29598,3.570627,3.657378,3.31815,2.937874,3.045137,3.489579,2.904388,0.08544739,0.02860008,0.09443019,0.35618,0.2820412,0.1762476,0.6754806,0.04807923,0.07276957,0.04819804,0.03316107,0.1463538,0.03875506,0.0154324,0.04039177,0.06238313,1.464492,1.104411,1.235315,1.070699,1.178834,1.110677,1.377864,0.9570524,1.104662,1.359294,1.247928,1.370603,1.40434,1.18766,1.244361,1.600977,1.233
213.5593,2.236439,2.406113,2.333452,2.28127,2.109471,2.34951,2.153334,2.523612,2.50043,2.422962,2.653801,2.611203,2.51962,2.598509,2.339928,2.529244,2.60839,0.1986788,0.6894142,0.1285919,0.3055991,0.05979918,0.01181016,0.1402453,0.2045057,0.2287592,0.3549658,0.05083853,0.05822635,0.6321301,0.1834072,0.179913,0.1434295,0.8282149,0.7354378,1.170431,0.7932873,1.030488,0.929824,0.8669742,0.915767,0.8444008,1.054339,1.153923,0.8209396,0.7092792,0.9938495,0.8901659,0.7242576,0.7813588
214.4068,1.990425,1.840522,1.777534,1.725793,1.564837,1.780841,1.790137,1.882729,1.968652,1.848543,1.981187,2.397747,1.858964,1.598706,1.723418,1.84196,1.816004,0.1145133,0.09892791,0.3380139,0.02539852,0.07469671,0.1720509,0.1310498,0.1801668,0.01832688,0.2160412,0.1483234,0.1078883,2.155167e-32,0.07736349,0.05547493,0.1204278,0.68363,0.6565958,0.6422926,0.7269447,0.6240402,0.6618015,1.325762,0.7160043,0.5732084,0.5980843,0.7182148,0.8294252,0.6012227,0.9590614,0.7002657,0.7458395,0.7014253
215.2542,1.193873,1.322871,1.269925,1.15232,1.290875,1.438174,1.171553,1.355587,1.555045,1.452796,1.45106,1.528636,1.335647,1.709488,1.353287,1.531117,1.350158,0.4142276,0.1506289,0.1550526,0.150732,0.1030892,0.3981834,9.956094e-32,0.01577676,1.061373e-31,0.3756432,0.1604283,0.1475285,0.02415165,0.08387114,0.2692909,0.02584771,0.5047276,0.4116549,0.4795288,0.4585119,0.5327469,0.7298402,1.051231,0.4160686,0.4336895,0.5270599,0.4849629,1.031743,0.49991,0.5600277,0.4552647,0.5704122,0.4827639
216.1017,0.8577967,0.9202262,0.9027544,0.8683825,0.8594774,0.8662521,0.8133053,0.9485071,1.003044,1.053697,0.8715992,0.8840827,1.102176,0.8789532,0.9548929,1.009469,1.015849,0.2526618,0.1191045,4.091575e-31,0.1575413,0.00747511,0.1785064,0.07613078,0.05425322,0.1290287,0.2989199,0.1111456,0.01891302,0.08306139,0.03034298,0.4041753,0.3684699,0.2601258,0.8890456,0.4279208,0.2993217,0.3553493,0.6358087,0.3350338,0.8095708,0.3211668,0.2999621,0.2853026,0.4492502,0.2908086,0.3468191,0.2958439,0.6282543,0.485718
216.9492,0.536551,0.7655047,0.8970054,0.6025457,0.6050006,0.57353,0.8652738,1.381338,0.7640959,0.6371448,0.7072938,1.256169,0.823506,0.8035636,0.6546493,0.8539818,0.6244582,0.56191,0.4558001,0.4219812,0.1613827,0.1315557,0.03513569,0.05543806,0.001404069,0.01818908,0.1780099,0.3051036,0.2290994,0.01606455,0.2233351,0.1387268,0.04229991,0.2911177,0.2991776,0.3303936,0.2912189,0.2246364,0.2650119,0.2822201,0.2251499,0.2822469,0.2624325,0.416562,0.4972719,0.5215088,0.2099517,0.4007381,0.4159748,0.3789751
217.7966,0.5751384,0.4614211,0.671694,0.3845111,0.3858842,0.6548291,0.6078874,0.4646563,0.4885975,0.6127988,0.4896907,0.7942142,0.5439782,0.4064774,0.3945006,0.4743913,0.5889363,0.1809429,0.09516135,0.03713906,0.1239159,0.004566104,0.08142008,0.2348749,0.1631921,0.04506802,0.4682976,0.6586367,0.03832015,0.1418957,0.04185679,0.09452347,0.1787479,0.1931378,0.1394761,0.2651401,0.1353378,0.1504321,0.1138886,0.601966,0.3021303,0.135684,0.2514077,0.2348806,0.1434358,0.1365883,0.2986632,0.3320744,0.2276462,0.2978636
218.6441,0.2975797,0.553504,0.2616022,0.2326209,0.2712721,0.3422109,0.2598637,0.2933729,0.406069,0.5906028,0.4996964,0.4105332,0.4536557,0.3242487,0.2459101,0.3213088,0.2979947,0.3317643,0.06323562,0.05835531,0.1179421,0.1452399,0.06220076,0.2395993,0.1963369,0.01986679,0.004720921,0.01460014,0.05007829,0.05895042,0.1147441,0.04680208,0.3749733,0.1540093,0.414859,0.1773245,0.4605795,0.3472164,0.2382509,0.1411758,0.1377426,0.5881237,0.1222676,0.2668033,0.1212432,0.1071559,0.1513786,0.7727099,0.2977147,0.2565872
219.4915,0.2094667,1.254164,0.1955825,0.9557265,0.2910538,0.1800664,0.1628942,0.4464879,0.2513586,0.1558724,0.4554316,0.4842838,0.3120481,0.2986256,0.3222065,0.6499693,0.1799124,0.002249002,0.02024302,0.1279163,0.1719581,0.1736863,0.2461271,0.2509654,0.00449602,0.261836,0.01222053,0.1506588,0.03416816,0.0730732,0.2599197,0.1275038,1.393829e-28,0.1579832,0.3073876,0.5923469,0.4422276,0.2750405,0.047344,0.6311651,0.222228,0.08754409,0.1483212,0.1750347,0.07769165,0.2287709,0.04607245,0.2256007,0.1680351,0.2002691
220.339,0.1303809,0.4585244,0.3114486,0.1338541,0.104461,0.1049803,0.109187,0.3732468,0.1491325,0.1881482,0.1912375,0.359328,0.2207563,0.168809,0.1651516,0.1141374,0.1333245,0.0758441,0.1072593,0.02677022,0.03767264,0.026561,0.08628163,0.2252433,0.1476401,0.08888007,0.315239,0.2658059,0.09436377,0.09139414,0.02652797,0.3246439,5.568495e-28,0.06137467,0.2093568,0.03139016,0.1263536,0.4762452,0.4079455,0.2091526,0.1053451,0.1714738,0.8911218,0.1183818,0.503857,0.0537495,0.03941781,0.07774433,0.3619412,0.07979116
221.1864,0.08608867,0.08824115,0.2043041,0.07096628,0.5058637,0.05264227,0.1054591,0.4123794,0.05992315,0.4092643,0.292023,0.2197719,0.0675202,0.06579114,0.2135909,0.1281725,0.06228256,0.353985,0.5487802,0.2079121,0.1309029,0.5408671,0.00793801,0.0826379,0.004306874,0.189828,0.0845946,0.07952648,0.03566023,0.5141101,0.02853519,0.06252029,0.2735919,0.08335804,0.04907085,0.3737995,0.2319495,0.08446944,0.1925469,0.1613058,0.2527763,0.3183292,0.07368765,0.1277528,0.1695108,0.09567481,0.3356193,0.0357919,0.05245251,0.1154562
222.0339,0.09762303,0.1434526,0.02887747,0.02816042,1.020423,0.1330595,0.09273991,0.2446174,0.08653028,0.07611606,0.0626027,0.2933273,0.2676259,0.07836552,0.4839076,1.034254,0.1266331,0.08704656,0.1510928,0.02907251,7.856906e-27,0.2120072,0.4719449,0.3372035,0.04815981,0.05918309,0.3952529,0.1205881,0.03043588,0.2141805,0.1757593,0.4919442,0.03582851,0.05126256,0.1216909,0.1085604,0.07728378,0.3078136,0.01098692,0.05319269,0.03475529,0.2194835,0.3246706,0.1559721,0.1705082,0.06063478,0.08731996,0.08098404,0.1038815,0.01644648
222.8814,0.1441759,0.3489249,0.05274035,0.06645056,0.2984124,0.2376926,0.1254578,0.05828006,0.4213509,0.01736169,0.2578925,0.1739713,0.03266645,0.2213019,0.1029135,0.3327333,0.04128461,0.2675218,0.04538952,0.01607072,0.1719258,0.1134214,0.05309628,0.3833348,0.2198934,0.03058746,0.1265498,0.2281609,0.04880431,0.1906147,0.1891685,0.04877076,0.07556142,0.1778712,0.07870402,0.1052438,0.332386,0.03300682,0.2754319,0.122411,0.1700148,0.2546883,0.1248626,0.08350495,0.289606,0.04688821,0.01230349,0.2380662,0.1502896,0.269883
223.7288,0.03118677,0.07939485,0.02979796,0.05553025,0.5501491,0.5547782,0.2834846,0.07424903,0.5155942,0.1479003,0.1138533,0.03336764,0.009566228,0.4012989,0.1429877,0.1376239,0.01200391,0.1592666,0.6685603,0.01184805,0.208438,0.03663751,0.03771163,0.1352212,0.1698204,0.1317902,0.1127344,0.05806604,0.0626856,0.01861203,0.2409773,0.4482636,0.03216049,0.02258888,0.1244487,0.4845975,0.3231986,0.0273981,0.3319526,0.09307016,0.05962311,0.05110179,0.1633647,0.05808042,0.714212,0.1186973,0.00362062,0.1550485,0.2544336,0.02658892
224.5763,0.1479318,0.3917917,0.2024193,0.2402563,0.3167608,0.008472722,0.01185294,0.02117201,0.0194435,0.09767877,0.04649068,0.458062,0.0439595,0.6139818,0.04160473,0.2859407,0.6850688,0.00236768,0.3021571,0.05436668,0.3681044,0.4345942,0.006315541,0.4385559,0.08924186,0.1434867,0.1648075,0.4110954,0.08223315,0.1987381,0.316274,0.01060523,0.0507387,0.2746077,0.3939443,0.01505314,0.4505691,0.4022534,0.04482082,0.05466528,0.9728996,0.3121326,0.283658,0.4027361,1.255418,0.1180562,0.01309369,0.02947197,0.08426504,0.04666138
225.4237,0.06547184,0.4509366,0.003314812,0.1566555,0.2581586,0.01878425,0.1241425,0.3363483,0.03348631,0.1765932,0.05551727,0.0567697,0.1255208,0.07758187,0.08014672,0.004376075,0.07214099,0.2607099,0.2626686,0.05811218,0.1259564,0.3318646,0.06023972,0.4031489,0.1357817,0.07133851,0.03159429,0.0592956,0.15441,0.3098161,0.1762352,0.04056696,0.02788822,0.150744,0.2673045,0.003679787,0.04183138,0.1203038,0.3818361,0.001631995,0.01247943,0.3040151,0.1774696,0.02048708,0.3226002,0.1947377,0.03383481,0.0333009,0.07827343,0.01965076
226.2712,0.004449859,0.07981762,0.1934935,0.1706948,0.1649702,0.05016853,0.04821676,0.06531282,0.01025318,0.1059471,0.02942426,0.1477667,0.05883045,0.106077,0.15035,0.1504956,0.001075258,0.1178306,0.1413633,0.2430701,0.2319979,0.1910158,0.1949437,0.5872237,0.03871795,0.02801262,0.0006818429,0.1009374,5.286611e-24,0.2878023,0.02496678,0.03821285,0.3110548,0.05487285,0.3007925,0.07599703,0.1846364,0.2570431,0.7784058,0.03963918,0.1594173,0.3177553,0.09979113,0.07472777,0.02929152,0.01376807,0.01042908,0.02543976,0.26641,0.5893776
227.1186,0.05757993,0.07658032,0.04117956,0.0005253467,0.2977596,0.4864254,0.04211732,0.00183125,0.1256471,0.2791735,0.07683585,0.01158664,0.2269718,0.04852688,0.004822384,0.1883096,0.009028221,0.07526438,0.1408831,0.1255995,0.01766967,0.01242834,0.09959644,0.3644676,0.1201666,0.02765283,0.1085121,0.1957308,0.1046582,1.823576e-23,2.041438e-23,0.0840067,0.1671356,0.07394875,0.2299664,0.2946014,0.04907323,0.7291009,0.02577385,0.03626454,0.05251844,0.07053251,0.205316,0.1121865,0.04636151,0.1234362,0.06314215,0.07078765,0.02200364,0.06170728
227.9661,0.0002385701,0.0208169,0.1404883,0.1069328,0.277861,0.05719467,0.2566643,0.198526,0.005025996,0.3308931,0.3838479,0.04487048,0.4780903,0.1170732,0.1785756,0.09645313,0.5321692,0.008598228,0.3270616,0.0124832,0.1639391,0.3963977,0.1376907,0.146603,0.03107583,0.204802,0.1301494,0.0458006,0.1811251,0.007449429,0.005168467,0.1182182,0.07448682,0.06997098,0.0001811321,0.1389177,0.2865891,0.02681153,0.09842366,0.0002023964,0.03847243,0.1097174,0.01320809,0.008226939,0.1045693,0.01479202,0.07219782,0.3980446,0.008656285,0.005132019
228.8136,0.1895538,0.3621075,0.08111526,0.0259844,0.04731902,0.07616235,0.0001095017,0.07537779,0.1761435,0.09961572,0.5579434,0.3689546,0.09626788,0.192898,0.1707984,0.2776249,0.06218278,0.3848382,0.1652197,0.07497466,0.04421527,0.06662941,0.01775505,0.05603963,2.386608e-22,0.09531054,0.07296076,0.1231044,0.1909314,0.01494095,2.466326e-22,0.02005503,0.2758276,0.09283,0.4240349,0.09441562,0.1177302,0.0001000922,0.01820326,0.01757443,0.2734633,0.05545506,0.07199257,0.08001766,0.7985577,0.08744231,0.1165954,0.3475199,0.08806201,0.102443
229.661,0.05142862,0.1384758,0.09934509,0.1086428,0.02618942,0.007751598,0.01291998,0.2835795,0.1941945,0.1682061,0.05871593,0.2591072,0.004439411,0.07243758,0.03804247,0.1178503,0.2192093,0.01192527,0.06380675,0.2517275,0.006932829,0.01545457,0.3207685,0.2973173,0.2410146,0.08480121,0.01509622,0.01136796,0.3032076,0.1111378,8.695534e-05,0.5340092,0.2496761,0.08521648,0.008694567,0.02541846,0.04241479,0.1323223,0.1570861,0.1038866,0.1764853,0.07157883,0.09368273,0.1495594,0.04144085,0.1738663,0.02124819,0.1371164,0.08277764,0.1418328
230.5085,0.07634499,0.270039,0.1410764,0.1363121,0.03047555,0.1097238,0.001105524,0.2808887,0.9513371,0.05394267,0.08791275,0.02579691,0.1861555,0.4496533,0.09727186,0.2788052,0.03300701,0.07812208,0.2428862,0.08729117,0.1473266,0.1546995,0.03143079,0.1446789,0.005234466,0.09218323,0.04274214,0.1769089,0.09106122,0.09475408,0.03745077,0.1148348,0.007740083,0.05387828,0.02835609,0.1305046,0.7314427,0.39318,2.252298e-05,0.2016812,0.09033235,0.6518033,0.0529474,0.09919977,0.1044698,0.1852376,0.2262092,0.2037775,0.08313033,0.05541442
231.3559,0.1647258,0.03527869,0.1821083,0.158567,0.1850619,0.117393,0.1848578,0.09193007,0.2213678,4.156643e-05,0.03472592,0.2491258,0.279148,0.04694936,0.2096858,0.1471596,0.03426978,0.05432958,0.09661187,0.02862726,0.2975075,0.2952795,0.01419162,0.3411858,0.3280937,0.05904258,0.1349974,0.01699061,0.03142774,0.273646,0.2670761,0.08906245,0.3015664,0.4074716,0.4994442,0.08300069,0.4922918,0.1047298,0.00399592,0.01788345,0.3639689,0.01236982,0.1564174,0.2026447,0.03738833,0.08166671,0.0197,0.05630953,0.03677218,0.5262944
232.2034,0.3007299,0.0203828,3.572989e-06,0.4463228,0.05577964,0.02819449,0.6394026,0.02242333,0.08809631,0.05840105,0.03047255,0.01171251,0.06415924,0.2760978,0.07377781,0.03967542,0.00891957,0.03435536,0.006078967,0.09745081,0.1680587,2.916127e-20,0.02727616,0.07844623,0.1462049,0.002908727,0.07929037,0.05762566,0.0565937,0.1238261,0.07951932,0.07119471,0.2842903,0.1272887,0.2088193,0.06490024,0.4118023,0.1025025,0.09167986,0.3084266,0.4144148,0.5456407,0.2283582,0.02642164,0.01854779,0.0570795,0.3478787,0.04718636,0.04388904,0.6501768
233.0508,0.02334097,0.01227134,0.06542787,0.1917932,0.02756469,0.5153515,0.008153847,0.2086761,0.1035581,0.2494616,0.04753601,0.3030547,0.5295857,0.1125575,0.02846049,0.07492049,0.2399028,9.157806e-20,0.00702903,0.1215484,0.005918565,0.193381,0.1169963,0.1536704,0.03613821,0.192419,0.05806853,0.07534356,0.3855619,0.05902495,0.1646478,0.2881504,0.07297358,2.45511e-06,0.2364784,0.02350095,0.2640415,0.06340706,0.199273,0.01068516,0.2814735,0.1487888,0.05051601,0.1534416,0.21365,0.1045248,0.04879402,0.5455145,0.01965511,0.004255679
233.8983,0.1117138,0.1009519,0.3481387,0.1315351,0.1569871,0.06530274,0.01715449,0.1898678,0.0116573,0.3374168,0.2908179,0.03115613,0.1625649,0.7181587,0.2347115,0.2129399,0.004270694,0.009234602,0.6619392,0.04081882,0.07665458,0.02704777,0.4141225,0.01528496,0.01395617,0.3813229,0.05183252,0.02522569,0.04286497,0.07876021,0.01689712,0.4042737,0.04826867,0.2327708,0.2282192,0.075504,0.03750669,0.002467892,0.3168806,0.07490914,1.0579e-06,0.004547579,0.04657283,0.3178339,0.000195909,0.1364286,0.2742618,0.3788334,0.1400431,0.1956097
234.7458,0.1337384,0.157645,0.4917085,0.09296338,0.198087,0.1618678,0.07335115,0.1574147,0.01673772,0.0567604,0.04895086,0.004569771,0.02924581,0.1681427,0.1683833,0.3021197,0.07743661,0.0860187,0.09472526,0.05388445,0.4921844,0.2945411,0.03611334,0.08884298,0.3005862,0.2674336,0.1333643,0.07100391,0.03158881,0.09911559,0.08946817,0.03878013,0.1284617,0.006331342,0.04369273,0.04568487,0.3779057,0.2094901,0.183672,0.07243931,0.04553905,0.3350053,0.1133252,0.01136607,5.317093e-07,0.05013949,0.03557939,0.2411359,0.3609065,0.02554709
235.5932,0.02049234,0.2962453,0.16584,0.1371458,0.2700778,0.04222011,0.3434145,0.1192211,0.3456611,0.12921,0.1091922,0.101876,0.01258965,0.009335857,0.01658302,0.1098398,0.1933623,0.1956535,0.1174767,0.1437408,0.116491,0.2335391,0.01674644,0.1686263,2.828937e-18,0.02044957,0.01268038,0.23599,0.01872384,0.008318793,0.03721157,0.01443151,0.2321986,0.3836719,0.03440133,0.162789,0.5851735,0.01391886,0.01751546,0.2310747,0.04782001,0.6177403,0.03927413,0.8309413,0.06164667,2.073148e-07,0.1337823,0.07342846,0.4857529,0.3700397
236.4407,0.1273557,0.04423843,0.2201895,0.2279733,2.357337e-08,0.1192809,0.3333099,0.0612999,0.1342729,0.02407016,0.06618598,0.3462852,0.468382,0.3186735,0.1715182,0.318408,0.3794906,0.3694579,0.1092373,0.1383122,0.1070091,0.06289269,0.01115917,0.05397462,0.4066067,0.07180513,0.3644736,0.04726775,0.02554068,0.0183653,0.07621461,0.119188,0.1381661,0.08138683,0.6632078,0.6515248,0.03280142,0.06824205,0.2953112,0.1171591,0.06123028,0.06134393,0.216858,0.5045021,0.2277644,0.06709344,0.09528844,0.446773,0.342717,0.02305105
237.2881,0.05395876,0.6927286,0.1680451,0.05494544,0.08854296,0.0252682,0.04758028,0.1044811,0.04487323,0.05158655,0.224269,0.3459833,0.319938,0.0315344,1.773182,0.1016332,0.0484548,0.01753965,0.205403,0.2690772,0.2940608,0.02874389,0.1001059,0.5557088,0.2239012,0.1170239,0.1486801,0.6636862,0.07801929,0.1632415,0.1007397,0.1008532,2.751524e-17,0.1256804,0.05123229,0.1062496,0.1238714,0.1087268,0.1123416,0.1174532,0.1777289,3.913274e-08,0.003957444,0.00476064,0.6012828,0.08078817,0.05025916,0.1376707,0.05722077,0.1116765
238.1356,0.01696238,0.1711882,0.2236364,0.02676341,0.05270954,0.3052134,0.429681,0.1684722,0.08606987,0.01361487,0.09372139,0.05638054,0.2029413,0.1471673,2.892744e-09,0.1698752,0.05027774,0.4606867,0.03689094,6.996427e-17,0.1100958,0.2029192,0.2116742,0.1009431,0.2886439,0.3828056,0.08379515,0.1898849,0.08276241,0.2590575,0.176851,0.2507195,0.25902,0.1068062,0.05002312,0.03639427,0.1669908,0.09093047,0.05396371,0.3500685,0.1973168,0.04653182,0.01271836,0.3276246,0.1811002,0.01999302,0.02966949,0.2274712,0.09763922,0.1829703
238.9831,0.2179804,0.1103839,0.1131748,0.1016103,0.08024031,0.06706133,0.3280607,0.05456256,0.07610205,0.07996234,0.1833364,0.02282764,0.03554911,0.008608821,0.4533818,0.02761353,0.3065403,0.1791286,0.04702538,0.4471849,0.3004367,0.1738499,0.008287686,0.4084788,0.1585686,0.6759161,0.112814,0.3176868,0.1974227,0.04851883,0.1285361,0.09033585,0.01171849,0.5459074,0.1478153,0.08398523,0.3143426,0.126659,0.04627924,0.3102193,0.01892262,0.2056015,0.3785409,0.4624917,0.04583992,0.2997867,0.239541,0.1655987,0.0151913,0.1286166
239.8305,0.2628213,0.4798839,0.2093529,0.3539827,0.104545,0.2323857,0.07408605,0.02921502,0.011437,0.1140501,0.3491516,0.01323447,0.0447854,0.4620107,0.1416701,0.3876123,0.2602102,0.1038963,0.0730825,0.03223599,0.1482478,6.167101e-16,0.08204529,0.08543017,0.006333139,0.02545732,0.4388277,0.0815153,0.3735742,0.1946791,0.3658981,0.1523571,6.668729e-16,0.05833966,2.547784e-09,0.02327935,0.06759414,0.008531656,0.05547394,0.3046353,0.6655256,0.1059268,0.3269991,0.01194529,0.04868429,0.1976018,0.2695111,0.008664684,0.3236194,0.2268207
240.678,0.006121464,0.07946033,0.340603,8.193382e-11,0.2820366,0.222854,0.2705664,0.2915195,0.3295992,0.08699125,0.0418528,0.04786798,0.3987755,0.06519843,0.09070796,0.08551438,0.2603272,1.697374e-15,0.02098866,0.09043924,0.07206376,0.1031703,0.2541854,0.08854305,0.4645164,0.2877801,0.3337168,0.1219489,0.0306829,0.08168427,0.02606228,0.03704307,0.2136427,0.1578689,0.007584502,0.0198069,1.043843e-09,0.5797409,0.03041649,0.1026597,0.2357718,0.06011527,0.4638094,0.2830999,0.07695451,0.1474191,0.02068875,0.08319838,0.1247465,0.2275982
241.5254,0.05243812,0.1949092,0.003387795,0.2643222,0.2468239,0.1412547,0.004642467,0.3101015,0.1552996,0.9726206,0.05105042,0.1404282,0.2547894,0.4757026,0.004388529,2.792887e-11,0.2149631,0.001513482,0.4678088,0.02392183,0.09066452,0.1364993,0.4541409,0.3796459,0.01234497,0.01874307,0.3060383,0.2386226,0.3295405,0.1703235,0.001254223,0.3169966,0.4741992,0.1123241,0.4245814,0.1343156,0.1241416,0.3341239,0.3167229,0.02872417,0.1600015,0.03404001,0.360296,0.3385527,0.04753124,0.4095404,0.01426243,0.1275223,0.6432369,0.4229807
242.3729,0.0811771,0.008175418,0.1576978,0.8312977,0.01932962,0.08853796,0.08969504,0.2965849,0.3682521,0.05230038,0.2916754,7.645427e-12,0.04681192,0.1837239,0.3414967,0.2213487,0.1564291,0.2243121,0.1118431,0.06072686,0.2354153,0.07422713,0.04404539,0.2277766,0.09089396,0.04365431,0.1618976,0.03804394,0.3088141,0.01490984,0.07001295,0.04139144,0.01511652,0.1021952,0.07564169,0.3117753,0.4107265,0.2607673,0.2367572,0.00509995,0.01503817,0.06562044,0.4522467,0.01696893,0.1001878,0.1960495,0.1864321,0.09781673,0.4054249,0.4743473
243.2203,0.331735,0.3893505,0.1567185,0.07422445,0.1444179,0.1536164,0.3136254,0.1054618,0.1939701,0.1025962,0.01946741,0.07812574,0.03238698,0.08890938,0.2595995,0.162962,0.1435924,0.0354161,0.04936049,0.3249036,0.5370325,0.07414027,0.074821,0.1177448,0.1340186,0.005769941,0.09771943,0.5862537,0.01639066,0.03866529,0.1181632,0.1921288,0.03815372,0.2281418,0.5826783,0.1292481,0.0295402,0.09936363,0.02762857,0.1844213,0.2383576,0.1159498,0.3027024,0.07398551,0.007122263,0.1781524,4.870244e-11,0.004737675,0.02304289,0.1563361
244.0678,0.270541,0.07267382,0.01774738,0.244926,5.027525e-13,0.04312881,0.1008039,0.004547778,0.2233027,0.4440829,0.1877569,0.04411581,0.0312851,0.00836754,0.04481724,0.1573043,0.02741045,0.1876801,0.4713152,0.005217323,0.3261913,0.3074967,0.0721459,0.1259127,0.1204333,0.1551663,0.04144397,1.05177e-13,0.1101985,0.2306578,0.06614447,0.00941802,0.007421026,0.01442131,0.02403388,0.3234699,0.1083713,0.03601831,0.1556992,0.0817752,0.08919337,0.07172596,0.2639856,0.06205574,0.1749678,0.3500827,0.4407518,0.5346814,0.1306149,0.1246941
244.9153,0.8873964,0.04695033,0.04862415,0.1173968,0.03075711,0.3521394,0.2184995,0.2275724,0.04003284,0.006843337,0.07765126,0.2891188,0.06062836,0.07906474,0.09083831,0.3795252,0.1310692,0.06340105,0.1144916,0.1049013,0.2078683,0.02952321,0.2512556,0.07431454,0.2032129,0.001093055,0.0216395,0.3653793,0.3549905,0.1750002,0.1565296,0.2358994,0.07785257,0.4227137,0.005041772,0.07689297,0.139285,0.03173904,0.3406315,0.05743261,0.3406968,0.02966319,0.1717511,0.02105117,0.05312941,0.2397711,0.1441847,0.06917638,0.09524135,0.1235579
245.7627,0.01406078,0.3092913,0.0653993,0.2622014,0.1492436,0.01968443,0.1323301,0.0377733,0.06918645,0.5617258,0.07634735,0.01618393,0.06672178,0.136956,0.05847962,0.05667693,0.6207633,0.256373,0.5844028,0.1352192,0.0306307,0.06893097,0.09404427,0.2495311,0.09609549,0.2482746,0.118453,0.02219531,0.09322728,0.3989751,0.1815959,0.2752467,6.787101e-13,0.05354414,0.04354386,0.08941978,0.01883609,0.5137774,0.07118865,0.03517175,0.1451159,0.1718474,0.05711926,0.2995542,0.1459908,0.1131524,0.5320126,0.3130208,0.1462525,0.1314938
246.6102,0.3518315,0.109651,0.1120351,0.1357131,0.2798197,0.0274005,0.09584041,0.3571964,0.03717529,0.04432839,0.08534527,0.1948234,0.06182764,1.718009e-12,0.4909115,0.1477582,0.03645246,0.01961394,0.06307617,0.1844989,0.03262894,0.02609677,0.1152115,0.1970808,0.04679215,0.1742989,0.009884993,0.02698025,0.5751287,0.1569475,0.1684342,0.1351408,0.008084358,0.05311894,0.3624709,0.009583407,0.06411231,0.03335504,0.03810239,0.1361785,0.07331995,0.009586176,0.02864967,0.09920444,0.06459725,0.1756951,0.1819057,0.2531673,0.3281618,0.2412528
247.4576,0.09909013,0.1313981,0.3519426,0.5795955,0.203915,0.1486374,0.6114906,0.09618076,0.6095913,0.130107,0.004485314,0.3176193,0.7946208,0.3481446,0.2569305,0.05910922,0.1675364,0.04850213,0.00694432,0.01862428,0.1611914,0.169613,0.001494591,0.0348066,0.03899326,0.03338121,1.063786,0.2061443,0.07484754,0.1760026,0.3301423,0.389641,0.04779933,0.1467273,0.2444748,0.5226112,0.009628011,0.03562124,0.01536162,0.0002816496,0.1987014,0.1438791,0.1689292,0.5321767,0.03404186,0.3980935,0.07953292,0.1830869,0.03614543,0.3689918
248.3051,0.1448042,0.3191989,0.1972943,0.1571272,0.0797461,0.1231684,0.2565128,0.0533015,0.1293053,0.00258809,0.1546838,0.2464619,9.440487e-12,0.2848326,1.002711e-11,0.2592905,0.2972188,0.04228362,0.04760785,9.175725e-12,0.2553622,0.2569488,0.6591047,0.1193787,0.3090735,0.2307768,0.01248997,0.1958777,0.1753822,0.25419,0.05196187,0.04386058,0.3788097,9.305311e-12,0.2036283,0.0799747,0.1787137,0.06690076,0.004196519,0.09573197,0.2183188,0.2354443,0.01876668,0.1417027,0.07202308,0.04690771,0.001535089,0.458766,0.04803579,0.02324081
249.1525,0.3871504,0.1116425,0.08480785,0.2563556,0.02345501,0.07652425,0.01370293,0.01722755,0.6711014,0.005791636,0.09559316,0.1760959,0.3361307,0.0138797,0.08663046,0.6608075,1.32875,0.1347183,0.07378729,0.07223013,0.007500902,0.297259,0.1374152,0.05846646,0.1203077,0.06752203,0.1432323,0.1196207,0.1019824,0.3138306,0.4504744,0.05460018,0.5601307,0.180738,0.287221,0.2441337,0.03977423,2.498137e-11,0.1770773,0.005003224,0.3421449,0.4384875,0.0287395,0.2007525,0.1012905,0.2244224,0.3030753,0.01878002,0.03544882,0.04388424
250,0.149629,0.03588286,0.5055606,0.139557,0.08069092,0.04514536,0.004620669,0.04068812,0.7972297,1.215149,0.1064645,0.09582499,0.05060865,0.006165624,0.1555642,0.09584204,0.2804625,0.06477749,0.2511707,0.245019,0.01244591,0.0350374,0.4671103,0.1258257,0.177094,0.3721319,0.1445154,0.08307548,0.2153785,0.05876868,0.03118733,0.007264652,0.5463852,0.02775613,0.009970411,0.4076374,0.2286215,0.01967903,0.09714067,0.4255797,0.128677,0.05487863,0.3052009,0.05782722,0.0370141,0.2042985,0.04803072,0.08976158,0.3772202,0.3674453
250.8475,0.03253315,0.1549048,0.08484629,0.2968165,0.08871983,0.08806301,0.07424784,0.2678838,0.3007469,0.06861555,0.2136893,0.4164484,0.1352918,0.01518309,0.1149213,0.150487,0.3734358,0.01946977,1.269473e-10,0.01048523,0.05116248,0.4389866,0.4124653,0.1188556,0.02767291,0.04819595,0.1960168,1.510596e-10,0.6180125,0.05938445,0.0003197595,0.3359347,0.2072591,0.4589743,0.009289598,0.04036919,0.443426,1.406905e-10,0.05526965,0.3395714,0.332861,0.8298954,0.1522507,1.313363e-10,0.3879547,0.1213018,0.1014859,0.1157744,0.2907177,0.2044171
251.6949,0.2887233,0.07235335,0.3278519,0.07442121,0.02258795,0.2016245,1.062231e-18,0.310059,0.03100595,0.03518246,0.06762621,0.08615318,0.01626125,0.3315219,0.01374404,0.1592159,0.4131501,0.000808626,0.1221934,0.1382531,0.3878643,0.01903204,3.074381e-10,0.5954464,0.0183308,0.131655,0.08749322,3.508792e-10,0.03750504,0.02353167,0.01645341,0.261431,0.03535486,0.0988953,0.0780169,0.3300271,0.7489593,0.2073805,0.035348,0.1058124,0.02196289,0.253944,0.3235338,0.08557265,0.02456321,0.06005651,0.2001724,0.2362865,0.07636728,0.05574562
252.5424,0.1689123,0.2971532,0.4383332,0.5941048,0.147371,0.03069325,0.161084,2.524341e-19,0.3945281,0.04256612,0.218881,0.1624527,0.09290124,0.1226673,0.0413828,0.267577,0.08192716,0.1063264,0.1577251,0.01454584,0.01313294,0.1465526,0.1508154,0.05625467,0.1309506,0.2593771,0.006255017,0.3082439,0.3059968,0.1894496,0.01959921,0.02274487,0.3936715,0.008051889,0.06819436,0.01754437,0.1391319,0.03843066,0.1970885,0.1635279,0.05304447,0.002665432,0.1210034,0.1194213,0.113741,0.1715716,0.01309019,0.3465741,0.05856594,0.07503345
253.3898,0.2708702,0.01659342,0.3368054,0.001284191,0.16107,0.2555382,0.2004102,0.07728822,0.2491909,0.09987136,0.2113423,0.03395481,0.14327,0.06735478,0.5930286,0.09845281,0.05185632,0.1720891,0.02924416,0.001224509,0.003150531,0.08196124,0.06488398,0.1970219,0.1146968,0.1049904,0.1530638,0.04157871,0.1572701,0.02437773,0.3601434,0.03127179,0.1302972,0.003370522,0.08244957,0.07352629,0.03302827,0.2423951,0.5146433,0.0097072,0.007236655,0.0410383,0.6898626,0.3311325,0.2448295,0.06028157,0.2280038,0.05560045,0.1490822,0.03897359
254.2373,0.06909118,0.2938908,0.03344953,0.03947355,0.004446968,0.6366755,0.002646668,0.1119069,0.2335269,0.111287,0.1263465,0.05143038,3.443768e-09,0.05819506,0.6946809,0.03544816,0.009023591,0.2590438,0.04473843,0.02774039,0.2261741,0.09386287,0.002600306,0.4867849,0.007771514,0.01319966,0.1703014,0.09302836,0.2470801,0.1538756,0.2938935,0.1025309,0.412938,0.1623655,0.3250222,0.08821932,0.04943736,0.2296008,0.03356322,0.02999336,0.6790879,0.5027543,0.2976741,0.005072437,0.1478908,0.1138829,0.2878601,0.1558465,0.00149561,0.22011
255.0847,0.1260094,0.08200983,0.04785052,0.09234534,0.4013766,0.05749441,0.1256547,0.08750377,0.05160917,0.002985076,0.3700559,0.3692217,0.01060984,0.11973,0.04817722,0.0456548,0.9162609,0.5050497,0.2127869,0.08701186,0.2362963,0.0001794353,0.02193248,7.95349e-05,0.08925355,0.0326784,0.02586664,0.3777725,0.2207886,0.1126937,0.05186298,0.01292913,0.03710304,0.3738266,0.08266862,0.1164093,0.01883653,0.2768588,0.06567539,0.3854582,0.1076041,7.692113e-09,0.03459666,0.4172908,0.01265206,0.04955601,0.1278778,0.04246059,0.1510981,0.2194536
255.9322,0.2980142,0.355452,0.2848207,0.2332076,0.3685612,0.3023204,0.09182209,0.05625215,0.2703842,0.4559711,0.1004959,1.667953e-08,0.1667738,0.2167514,0.1014561,0.1906778,0.167119,0.1061842,0.3953923,0.725361,0.05092324,0.07010111,0.07550321,0.05354619,0.03346796,0.1049959,0.003483806,0.03961686,0.03144233,0.05570858,0.5971542,0.160847,0.1285298,0.5093652,0.09052019,0.001341191,0.03734266,0.1112248,0.06465017,0.2655319,0.1529589,0.1133476,0.1778152,0.2306313,0.15405,0.2455723,0.2423676,0.01634207,0.02576739,0.3429828
256.7797,0.1006259,0.005493784,0.4650274,0.05722706,0.1331851,0.09089218,0.2174202,0.1943706,0.06235027,0.07906574,0.08704907,0.0897954,0.09956302,0.0104835,0.5796134,0.06358612,0.1564445,0.1649979,0.1952451,0.1669504,0.1050323,0.4133792,3.54928e-08,0.09442321,0.1632721,0.1232881,0.1524725,0.008518137,3.425918e-08,0.2295494,0.01061612,0.3250979,0.03316123,0.0869259,0.2395252,0.0106503,0.2141194,0.05400971,0.06553907,0.1845956,0.016647,0.1570977,0.1958728,0.1141067,0.04809868,0.0150862,0.2431817,0.239637,0.03345927,0.03583907
257.6271,0.01592124,0.1539048,0.2420238,0.6456421,0.1625274,0.01952052,0.8930841,0.3106562,0.6850758,0.02751843,0.08025123,0.3170367,0.2188737,0.06623071,0.1691242,0.1544878,0.1200374,7.382976e-08,0.0007142843,0.08097482,0.5526851,0.7332575,0.02793865,0.5195296,0.1705927,0.05635352,0.3019464,0.3409824,0.006680408,0.1720366,0.04371934,0.07627938,0.1550883,0.03917366,0.09958626,0.01805768,0.03718707,0.3767389,0.3490011,0.04981901,0.5182615,0.07891881,0.2834325,0.06936729,0.3965052,0.06601605,0.08790636,0.2538066,0.02376561,0.3206281
258.4746,0.04224941,0.0287855,0.2140734,0.1949309,0.06692704,0.6470466,0.05560382,0.1291202,0.005402797,0.01553207,0.1511015,0.05867358,0.1736959,0.1993892,0.006512526,0.07364179,0.09984706,0.03556319,0.01244374,0.09158598,1.031351,0.005445404,0.09413722,0.02862714,0.09025851,0.07788352,0.09411691,0.2648903,0.2374737,0.07051214,0.05520103,0.06564677,0.1092,0.09935444,0.03509237,0.006617554,0.01573102,0.1240265,0.3137733,0.06980246,0.3115441,0.7046869,0.09010445,0.155639,0.1742494,0.2428762,0.3020442,0.1801078,2.162547e-20,0.370042
259.322,0.2467563,0.08525223,0.3747652,0.3926055,0.09742532,0.006798987,0.2265199,0.3488321,0.01047695,0.1726883,0.03527344,0.1885012,0.07961554,0.2224814,0.1819699,0.2275734,0.7068852,0.1112689,0.3808337,0.03005209,0.04447072,0.8059852,0.04105603,0.009025926,0.1203625,0.04156875,0.1158555,3.571074e-07,0.4124944,0.0266446,0.1510331,0.02724808,0.2482424,0.1880172,0.32481,0.09228663,0.0733907,0.05593567,3.154089e-07,0.7064836,0.155749,0.03901895,0.07869791,0.09645153,0.5814323,0.1207634,0.08300275,0.01624936,0.01622718,5.548421e-21
260.1695,0.1613045,0.2058594,0.01583388,0.01314462,0.7806901,0.2941028,0.03690705,0.5038811,0.01850449,0.09769217,0.1915071,6.275017e-07,0.02810286,0.2079032,0.04425697,0.08882439,0.05754775,0.07280299,0.3024081,0.2528254,0.1848038,0.01009598,0.2441278,0.05216896,0.1051934,0.6854821,0.007045514,0.1128692,0.2813631,0.08682173,0.02147583,0.1455587,0.01151978,0.2859701,0.03506294,0.07158986,0.004085661,0.01900471,0.1059056,0.06760248,0.05184323,0.2353841,0.337284,0.02121662,0.2504935,0.1144067,0.1172518,0.3985511,0.2109965,0.1125923
261.0169,1.101619,0.0451202,1.209917,0.05831329,0.02142202,0.01754957,0.2668978,0.2422359,0.004592114,0.05654765,0.1998565,0.009047035,0.04272489,0.1824837,0.4221141,0.01225439,0.3529502,0.2708655,0.01494815,0.05848645,0.1539682,0.07248499,0.01671894,0.1146434,0.3055976,0.06132012,0.08163836,0.5093711,0.107968,0.4254555,0.03098353,0.2106999,0.06785633,0.4761021,0.06977011,0.09311834,0.190122,0.05176662,0.3144091,0.08486431,0.2390324,0.08492686,0.5524355,0.2903181,0.2532665,0.2720893,0.03273291,0.1734894,0.3862114,0.02275221
261.8644,0.3571781,0.4462849,0.378489,0.521896,0.0517979,0.5951692,0.6030907,0.3837973,0.7982396,0.1312552,0.08690099,0.1744074,0.1691925,0.4526877,0.1126382,0.04693247,0.2453977,0.1622344,0.003157698,0.120852,0.05842786,0.04965248,0.04735169,0.06351661,0.1824848,0.03753466,0.007462178,0.001182807,0.2641858,0.1605885,0.07704744,0.06145018,0.03066008,0.4607669,0.281092,0.3352371,0.7650944,0.07545057,0.5078063,0.06909177,0.3643303,0.3658783,0.06430025,0.2804348,0.0009905861,7.465748e-23,0.3705108,0.3949359,0.2648253,0.05317153
262.7119,0.03448396,0.0949988,0.1351456,0.8926798,0.2961698,0.1412501,0.2339442,0.2212626,0.3636968,0.1673725,0.144905,0.8353859,0.01556697,0.007174978,0.03866225,0.1040717,0.1472506,0.02794818,0.3224149,0.1205023,0.08125729,0.423638,4.641181e-06,0.0240958,0.1843328,0.01695996,0.01717908,0.3242618,0.2913456,0.001636727,0.7755483,0.206721,0.07630662,0.32865,0.2165634,0.02036167,0.04043143,0.1021939,0.2507904,0.1423121,0.07650561,0.2033998,0.1180616,0.08383995,0.08474394,0.2986244,0.0217997,0.2480129,0.06571956,0.005378949
263.5593,0.3495341,0.0597129,0.1048324,0.1948256,0.1600474,0.05586555,0.004461807,0.007931544,0.09931369,0.08363426,0.163263,0.1160473,0.8301717,0.1335064,0.1866149,0.8354215,0.1760449,0.07816074,0.1444036,0.2733409,0.1604965,0.3677414,0.06910755,0.002476031,0.1775985,0.02739935,0.2910673,0.2098293,0.2604846,0.01966886,0.01216453,0.09588634,0.04186089,0.2686603,0.1272639,0.1346324,0.1458776,0.4662726,0.04797638,0.0560852,0.06749792,0.3727699,0.2187818,0.0173273,0.1762914,0.09118255,0.3725105,4.649954e-24,0.1272847,0.06766227
264.4068,0.9902065,0.3619026,0.4013416,0.05595594,0.2311482,0.01153944,0.1128243,0.09748793,0.1239469,0.02710093,0.03387872,0.1413234,0.2608749,0.03054642,0.1344513,0.1181381,0.6404496,0.09915466,0.1225505,0.1953333,0.1142529,0.07502395,0.3613787,0.02073768,0.1845549,0.1063283,0.09866406,0.07690892,0.05160188,0.06738267,0.0967583,0.07520286,0.2463751,0.05234056,0.05233928,0.01556694,0.2706068,0.008878911,0.4098918,0.1025166,0.00524675,0.227315,0.1738684,0.2345374,0.3484034,0.2798807,0.04436929,0.1011172,0.2893989,0.2632101
265.2542,2.655585e-31,0.007029519,0.1508647,0.003058771,0.2559385,0.4519511,0.08678347,0.2112777,0.2280585,0.2097024,0.1387294,0.2295352,0.06352516,0.04360389,0.2383779,0.1679016,0.2763417,0.04571589,0.1689756,0.03184104,0.2363314,0.05126567,0.03565775,0.2071036,0.04455835,0.08591408,0.5556192,0.2794017,0.1500069,0.09405332,0.06835379,0.8325651,0.2063323,0.007738893,0.1568383,0.06594423,0.048111,0.02612114,0.7069989,0.02988797,0.07025958,0.1453595,0.1600305,0.003819923,0.5283917,0.6869539,0.02932786,0.6597224,0.1594048,0.01659674
266.1017,0.01822381,0.1392189,0.2343162,0.03375743,0.0506032,0.3545072,0.09653385,0.08636018,0.6206397,0.145705,0.01881631,0.08829831,0.006858061,0.02166097,0.0667914,0.2164371,0.2648186,0.04944284,0.06269934,0.1410374,0.170162,0.08288491,0.07715624,0.03923747,0.1146525,0.2767355,0.1746515,0.09178568,5.255921e-05,0.3338599,0.04768002,0.05977898,0.0470396,0.1277457,0.05477762,0.04342898,0.6338374,0.1172831,0.417987,0.3496428,0.3781682,0.08740626,0.1984294,0.1698244,0.01813244,0.02104553,0.6847201,0.2505496,0.00371561,0.2281254
266.9492,0.1504287,0.1146484,0.4730634,0.05803998,0.6394193,0.1043388,0.1365977,0.03731933,0.07485315,0.0567075,0.2905034,0.008135323,0.006181832,0.3137869,0.1069627,0.002320727,0.5876971,0.0002798961,0.03414082,0.1073642,0.5382361,0.5089016,0.05286643,0.005419806,0.005993914,0.2013116,0.09050137,0.03218055,0.2684514,0.0124461,0.3950785,0.1014983,0.02703474,0.02892056,0.06670389,0.1665817,0.1598846,0.01188031,0.004248633,0.01190748,0.1361186,0.01008671,0.08359058,0.004673854,0.439026,0.006103899,0.1023334,0.00456754,0.4091066,0.04977826
267.7966,0.1203367,0.4940359,0.1911633,0.1726701,0.167661,0.02092981,0.03189375,0.4341409,6.017108e-34,0.0230917,0.07453909,0.08568376,0.2887027,0.02682159,0.01307781,0.01034849,0.2648236,0.09475271,0.2546199,0.06225166,0.6045766,0.002248214,0.009222102,0.08626442,0.120998,0.05570178,0.3554684,0.6652048,0.137178,0.2765631,0.04063975,0.3773728,0.05403823,0.3953161,0.06452291,0.07721712,0.07109406,0.07591686,0.3579145,0.3692249,0.1252242,0.3692395,0.03642146,0.000169488,0.04400015,0.3170775,0.1368218,0.03181074,0.2749819,1.762703e-27
268.6441,0.1004153,0.0417761,0.1193548,0.2947471,0.03417853,0.3707995,0.02197886,0.000889224,0.1334139,0.1266323,0.1617731,0.05426197,0.04373053,0.1312018,0.01246137,0.05452838,0.1412356,0.1375503,0.003675706,0.1300344,0.1734889,0.06429992,0.3878975,0.04036242,0.04583339,0.1033611,0.2210204,0.03004706,0.1052197,0.05710596,0.1734475,0.0003327083,0.1437582,0.07173112,0.08663741,0.001909854,0.2488168,0.3728698,0.4435181,0.10744,0.001283534,0.2805873,0.1834437,0.01658455,0.3715546,0.4552195,0.1471746,0.1911299,0.117652,0.06786365
269.4915,0.04343705,0.2102428,0.385504,0.2688216,0.6788899,0.02822364,0.2055627,0.005589809,0.01777829,0.1762554,0.1376307,0.1135973,0.03040335,0.06540017,0.09124367,0.1060057,0.01835285,0.2967688,0.001824664,0.1440022,0.06104819,0.03795002,0.3209333,0.06871726,0.1069919,0.001384866,0.1131558,0.04778526,0.3071474,0.0004735083,0.4410806,0.0839629,0.1591265,0.3788021,0.0793852,0.1739425,0.01018678,0.1034215,0.03481251,0.3186238,0.05847207,0.07782773,0.04748077,0.0442923,0.04646159,0.1259057,0.004072762,0.01413418,0.06158519,0.1099012
270.339,0.4878283,0.06208953,0.2446173,0.01170043,0.0951487,0.4764437,0.1336405,0.0313185,0.01781683,0.04349644,0.09504673,0.09508786,0.02680055,0.2655104,0.3723733,0.03394244,0.00916951,0.06791481,0.1252254,0.04147844,0.01909744,0.07880001,0.007655035,0.00823007,0.000863061,0.03919646,0.006628695,0.004024548,0.09189827,0.3109242,0.2706781,0.4479288,0.07330112,0.05077445,0.2068181,0.0008392374,0.1788526,0.01391595,0.1139637,0.4965097,0.1986121,0.2076381,0.08126158,0.1092457,0.2919109,0.08817994,0.07207395,0.04438857,0.01490022,0.1951847
271.1864,0.09757165,0.6015818,0.1877762,0.01164197,0.07479462,0.6558151,0.1261001,0.03940626,0.172042,0.02644995,0.1559938,0.2887358,0.1920152,0.01260946,0.1277783,0.09170939,0.0308376,0.2167259,0.06405157,0.07372568,0.07984307,0.1523464,0.1119679,0.004638424,0.1000797,0.2985914,0.109668,0.1049036,0.2338482,0.1244929,0.1237001,0.3617401,0.1059688,0.00797825,0.2630413,0.2340789,0.02444556,0.02741599,0.0877452,0.2383497,0.2951379,0.001402913,0.04355492,0.2404005,0.08725751,0.02257905,0.06392471,0.4040478,0.1654893,0.1265005
272.0339,0.1353075,0.119963,0.03005468,0.1622231,0.04545223,0.2847759,0.2316333,0.2067199,0.1621441,0.09832201,0.07505267,0.01598016,0.01160728,0.1587424,0.1932602,0.3070123,0.222127,0.4661994,0.6397613,0.3961489,0.03710667,0.06003478,0.07711734,0.1433569,0.004353589,0.04012733,0.01963901,0.1045557,0.1880594,0.1205163,0.1670746,0.1351303,0.2297288,0.1263967,0.05231153,0.1797884,0.2447223,0.00467849,0.02506328,0.1129781,0.04993321,0.3854679,0.1585292,0.06061605,0.07314786,0.1573291,0.6712446,0.1434358,0.5558125,0.03082152
272.8814,0.07533673,0.03466581,0.05139361,0.5587257,0.04943575,0.06134451,0.0612451,0.004685198,0.07087921,0.08338136,0.1612011,0.006857353,0.05529794,0.3873803,0.1497233,0.2671176,0.468397,0.02174977,0.6067309,0.03780897,0.04394303,0.03208872,0.07016154,0.003680498,0.3087414,0.0916821,0.02108582,0.004232928,0.2477943,0.06524199,0.2130226,0.005087995,0.1439317,0.05217549,0.1503535,0.06202681,0.1587368,0.007344188,0.4718041,0.01700411,0.02471147,0.4701234,0.1616731,0.5274077,0.1696519,0.1762446,0.2981381,0.02591292,0.1218823,0.03509064
273.7288,0.2730846,0.2650467,0.04761089,0.06000074,0.292344,0.4501995,0.006586175,0.6202878,0.752499,0.426528,0.0772666,0.02291946,0.005743693,0.02773241,0.1615595,0.02693205,0.1490018,0.007182449,0.310619,0.04758841,0.05856403,0.5854428,0.0709335,0.6271414,0.6469204,0.02448584,0.1359623,0.103143,0.3053652,0.1025522,0.1795176,0.1075335,0.3611555,0.3112358,0.1140244,0.2058979,0.03272478,0.105915,0.07111983,0.08533926,0.124209,0.3276818,0.005598554,0.2196982,0.5873872,0.01749782,0.1184359,0.01203086,0.0484128,0.06477548
274.5763,0.02371498,0.1824433,0.004531622,0.03677746,0.3675171,0.09750457,8.277702e-42,0.1250339,0.1143371,0.2208865,0.0198599,0.05816227,0.4711047,0.4700262,0.3010238,0.05058113,0.1286086,0.01864159,0.1091072,0.2050925,0.182562,0.07824782,0.595774,0.0236198,0.2889081,0.6025573,0.03774649,0.09244576,0.1595922,0.021352,0.151224,0.5046977,0.1018316,0.1077029,0.03755519,0.09975497,0.1879463,0.1538146,0.2575315,0.1704426,0.06700309,0.08127959,0.3160782,0.02505325,0.2620878,0.1809199,0.3162605,0.1539632,0.08178959,0.2013869
275.4237,0.05875404,0.01284419,0.1734148,0.136781,0.3069488,0.01522056,0.231209,0.09851038,0.01016154,0.6978675,0.07047406,0.170459,0.1437714,0.02237541,0.2267799,0.02429812,0.3069396,0.1083034,0.1250008,0.5594245,0.07402653,0.0151938,0.09066459,0.06681156,0.05123984,0.04377453,0.5074106,0.02529843,0.1741728,0.5290585,0.04990174,0.2014449,0.08822654,0.2152454,0.2797779,0.1087332,0.2618425,0.08036374,0.2709619,0.05721925,0.1637671,0.03815476,0.01992587,0.2216252,0.111156,0.1060644,0.3184225,0.1681197,0.2266126,0.165516
276.2712,0.07479044,0.2804297,0.03852375,0.2386458,0.04600494,0.3652221,0.2089638,0.04363986,0.349101,0.001558476,0.0258761,0.06861394,0.2387397,0.08921977,1.208034,0.8340128,0.1807977,0.7013488,0.05355237,0.06706363,0.1718163,0.02181668,0.09196478,0.1153285,0.1060457,0.1001794,0.3122946,0.1164506,0.3355543,0.05406154,0.2717363,0.1265208,0.02687068,0.5840413,0.05041996,0.4194812,0.08351652,0.02380127,0.1288659,0.2675999,0.07813083,0.3599761,0.08833628,0.2153854,0.1848198,0.03542156,0.05709539,0.3405644,0.02144776,0.004064133
277.1186,0.008092615,0.4573292,0.01801807,0.04450999,0.06247312,0.05686717,6.150261e-45,7.219316e-45,0.3525279,0.04598419,0.1418193,0.2004236,0.2373693,0.3132789,0.4111114,0.3652556,0.05579209,0.2757929,0.03777052,0.292791,0.5970414,0.03264649,0.2600614,0.09054464,0.04967825,0.05912507,0.1112883,0.3183649,0.0856289,0.1165209,0.1086688,0.03895344,0.2246264,0.05323601,0.182757,0.1294299,0.1049662,0.1497812,0.597514,0.04905832,0.03620085,0.08497995,0.07349263,0.1033224,0.002632698,0.06499807,0.02260853,0.03560926,0.5623397,0.5565918
277.9661,0.162512,0.03974978,0.116147,0.2635144,0.5906398,0.0265723,0.0239166,0.04209152,0.08609129,0.06778271,0.09493004,0.07423417,0.1771595,0.1336093,0.4137232,0.7237505,0.2985398,0.09980982,0.3030255,0.2586738,0.1406799,0.225157,0.0837346,0.1129729,0.06301644,0.2205439,0.113795,0.2529984,0.0528494,0.2665779,0.1713012,0.169899,0.1066506,0.06903856,0.158406,0.8686781,0.1142946,0.3165793,0.2038069,0.1332045,0.1922652,0.1457482,0.06479147,0.6256643,0.1156464,0.1193063,0.294808,0.300463,0.04542276,0.1734595
278.8136,0.04776915,0.1790706,0.2067519,0.171019,0.01465215,0.2277371,0.07318958,0.5540268,0.01923894,0.0695212,0.3946977,0.1404146,0.112359,0.3297216,0.1200815,0.08223112,0.08036879,0.1070962,0.0843624,0.1577287,0.09614589,0.07536913,0.08525832,0.4037069,0.2128706,0.2199058,0.1161747,0.145156,0.1650195,0.2776082,0.07650946,0.08467862,0.1717925,0.3075235,0.1604073,0.6794516,0.4086938,0.2419678,0.1342025,0.1422904,0.09511331,0.1076389,0.1880465,0.08274066,0.009337571,0.02059358,0.1438239,0.1313673,0.3193874,0.09339258
279.661,0.003814267,0.04849327,0.2950789,0.0520227,0.02718975,0.1367908,0.2681237,0.01852555,0.53677,0.02518868,0.4070901,0.09884307,0.09649982,0.160711,0.1584028,0.1322298,0.1888329,0.3287565,0.3266567,0.1789423,0.2406338,0.1911161,0.09887482,0.1396659,0.7795061,0.2368874,0.111783,0.1564324,0.3555619,0.1027746,0.2045445,0.2185569,0.250092,0.1567046,0.2040087,0.1423467,0.1119251,0.152593,0.4593471,0.4106066,0.4345065,0.432745,0.3720961,0.2203345,0.03594378,0.1925138,0.007299899,0.09260471,0.1783116,0.04030727
280.5085,0.02479516,0.4042127,0.008558226,0.3244389,0.06979522,0.09359363,0.2288682,0.07294876,0.1986467,0.003432057,0.07500616,0.1394866,0.2386278,0.2001804,0.156364,0.2567503,0.329233,0.3740807,0.4470991,0.2267986,0.1652098,0.1743756,0.2063818,0.2553463,0.5104533,0.3512073,0.2855236,1.04041,0.2907796,0.1784804,0.5545616,0.3313031,0.3759066,0.4916138,0.7127507,0.1377325,0.4415486,0.4502802,0.3258029,0.1323549,0.1684019,0.409194,0.1412129,0.2348471,0.2647399,0.1225566,0.01439262,0.2608233,0.2294711,0.1164096
281.3559,0.2761347,0.05443946,0.2208973,0.08770226,0.1689434,0.1916966,0.07230027,0.1373523,0.2684859,0.3583729,0.2298282,0.3432565,0.3326374,0.3602382,0.2901766,0.455534,0.3142517,0.4541508,0.3542217,0.4823398,0.2588949,0.4047985,0.4486323,0.2415825,0.2187558,0.8208171,0.4979049,0.2339724,0.1909426,1.284189,0.5511294,0.4593594,0.2409268,0.3881181,0.3227469,0.3191337,0.2196518,0.2169653,0.4314149,0.1840607,0.2698978,0.3316703,0.3146346,0.1925399,0.4403244,0.07674852,0.2430073,0.0173887,0.3694524,0.3734219
282.2034,0.006366203,0.1415471,0.1004854,0.05400667,0.1984861,0.04039855,0.1537397,0.03899972,0.09819943,0.1679021,0.1712043,0.3834358,0.276958,0.4205087,0.3783249,0.3786742,0.3221105,0.2716909,0.5305395,0.3591092,0.3879708,0.3235528,0.453961,0.4423254,0.3028096,0.4292228,0.4421033,0.4209235,0.2644328,0.5486314,0.2937872,0.7760467,0.3979866,0.3481714,0.382042,0.3307972,0.3545668,0.3107378,0.3537266,0.3980373,0.4868505,0.4380194,0.3725649,0.2884364,0.2346748,0.9849695,0.04285486,0.05413012,0.5709005,0.1090867
283.0508,0.001289562,1.200072e-52,0.01760318,0.7438349,0.03662955,0.04575248,0.0535437,0.03520117,0.005088712,0.05794756,0.1322625,0.4684131,0.3700508,1.042961,0.4040323,0.5367927,0.5291714,0.8395663,0.4701561,0.3586642,0.4283744,0.4266676,0.3904177,0.3704833,0.5820485,0.4304382,0.3482291,0.4778643,0.4262422,0.628462,0.4944089,0.4601938,0.5944818,0.4916062,0.5362499,0.4896396,0.4484664,0.404135,0.3788443,0.3956286,0.5180437,0.4076664,0.4209214,0.4049086,0.146801,0.03052259,0.2254967,0.1117734,0.2050215,0.01470364
283.8983,0.08410846,0.318816,0.2077101,0.4521907,0.07028921,0.09949972,0.09231177,0.2406099,0.234613,0.2363597,0.001713134,0.7451244,0.5328472,0.6610833,0.4954378,0.5858989,0.8378284,0.5509152,0.9213688,0.4533941,0.5788511,0.5525125,0.5696066,0.6073136,0.5576705,0.7093953,0.4576421,0.7850867,0.6826831,0.6985764,0.5242671,0.9528707,0.689913,0.8328503,0.4845045,0.7089411,0.6970609,0.6150482,0.7247061,0.500395,0.5787211,0.6434742,0.4546627,0.4989251,0.08895879,0.2463754,0.009973587,0.3292051,0.1728975,0.04410711
284.7458,0.1119231,0.05281544,0.6279214,0.05081904,0.9571316,0.007061167,0.08458306,0.09637381,0.1184865,0.3484346,0.04138002,0.6672846,0.7459971,0.7702421,0.7462819,0.8124164,0.876962,0.7127449,0.6273137,0.6899295,0.6399599,0.9588271,0.9753705,0.731856,0.9695747,1.298661,0.6650261,0.9457182,1.267917,0.5915533,0.8099577,0.7144107,0.9249241,0.805567,0.6742998,0.9131952,0.7745591,0.969228,0.680619,0.6961814,0.8252556,0.9161905,0.7379354,0.6833842,0.1274569,0.04357232,0.1035426,0.1081682,0.01537459,0.1544847
285.5932,0.1982372,0.1653335,0.03514285,0.3871989,0.08671769,0.01745574,0.1676306,0.083492,0.06366816,0.5957472,0.1859566,0.8412454,0.9752069,0.9372471,1.005824,0.9513798,0.8601295,0.8793298,0.8833562,1.024265,1.366217,0.8281488,1.273151,0.8771001,0.8981813,0.9114344,0.9612245,1.453491,0.8687828,1.036384,0.8949338,1.203427,0.9764157,0.7869977,1.04212,1.175804,1.005406,0.8999178,1.048038,1.052223,0.9191063,0.96799,0.7874731,0.8917776,0.02161999,5.855997e-44,0.1088975,0.1015096,0.7305863,0.02145147
286.4407,0.1998308,0.1902205,0.002054945,0.4102366,0.05080508,0.1504305,0.03842429,0.6396887,0.001185716,0.6866575,0.007571482,1.0657,1.11949,1.222561,1.166264,1.259588,1.090647,1.065182,1.19934,1.014512,1.336991,1.510017,1.031683,1.374532,1.226982,1.459212,1.236036,1.224738,1.649513,1.044859,1.099752,1.268277,1.209019,1.18232,1.188042,1.032421,1.350912,1.606758,1.068291,1.156456,1.197611,1.23376,1.174248,1.141314,0.1737479,0.3684875,0.02213375,0.2239662,0.08936858,0.1624976
287.2881,0.4904012,0.07950749,0.4676126,0.05793149,0.0935389,0.0534981,0.05078776,0.06273279,0.2048124,0.3082731,0.3429707,1.404645,1.462809,1.524395,1.482305,1.54344,1.682235,1.349159,1.268303,1.240596,1.368416,1.600588,1.43934,1.449438,1.38664,1.773914,1.454549,1.520682,1.33212,1.347495,1.537659,1.595563,1.432283,1.491961,1.460279,1.487211,1.607006,1.495698,1.406013,1.287498,1.799434,1.748851,1.296889,1.603639,0.6501873,0.02996631,0.3847701,0.03889987,0.09210739,0.2106228
288.1356,0.5916883,0.05489236,0.1592936,8.652121e-60,0.3826565,0.1029935,0.2895293,1.0044e-59,0.01160838,0.4874023,0.02253385,1.602171,1.695431,1.821558,1.671575,1.966713,1.908832,1.922082,1.815824,1.862086,1.696996,1.894074,1.62692,2.131825,2.142074,1.702802,1.720381,1.960647,1.703235,1.552556,1.699972,1.837459,2.061636,1.603332,1.666167,1.753104,1.848617,1.765186,2.0591,1.702499,2.142832,1.603197,1.92211,1.642668,0.1732366,0.188275,1.259574e-46,0.155846,0.04496489,0.1220803
288.9831,0.05963128,0.05776091,0.01716496,0.2736835,0.1534126,0.04068258,0.115124,0.06619242,0.01272148,0.04318259,0.5304625,2.13832,2.901995,2.507515,2.047819,2.424568,2.117652,2.123203,2.090533,1.991276,2.048219,2.039232,1.966091,2.206845,2.181387,2.898717,1.90377,2.259958,1.963949,1.991237,2.062267,2.36235,2.209233,2.115432,2.097876,1.948311,2.674042,2.738034,2.378984,1.86896,2.431936,2.07324,2.012221,1.975641,0.3853554,0.1461311,0.1007015,0.1561255,0.199037,0.1532372
289.8305,0.6418997,0.3072768,0.07597515,0.1879273,0.03284892,0.07357877,0.06101834,0.03175554,0.1148691,0.1278794,0.5620223,2.515685,2.831857,2.59995,2.460408,2.736492,2.634108,2.574027,2.339648,2.560324,2.601053,2.498158,2.426492,2.408662,2.45727,2.494968,2.316483,2.901073,2.502166,2.289633,2.485998,2.63678,3.062707,2.282603,2.426485,2.462157,2.842223,2.750459,2.394921,2.381928,2.672806,2.617168,2.246561,2.488437,0.02055386,0.03356646,0.1677707,0.03106737,0.6547817,0.185235
290.678,0.2108388,0.3015826,0.1295539,0.2299358,0.3128604,0.3701816,0.03744599,0.02287923,0.2552372,0.4512721,0.004067259,2.947433,2.970511,3.112834,3.021955,3.38674,2.910133,2.914125,2.830381,2.916647,3.045892,2.908651,2.780378,2.969229,3.091839,3.162777,2.998883,3.222649,2.999738,2.646811,2.943882,3.298461,3.126437,2.861633,2.803434,2.945949,3.284735,2.951602,2.813903,2.861238,3.193816,2.769594,2.64708,2.86652,0.3337384,0.07542148,0.3659391,0.7531947,0.03399759,0.007891719
291.5254,0.0954509,0.4708472,0.2937743,0.5070002,0.2565933,0.311108,0.1298847,0.1334705,0.1820028,0.3170853,0.1430541,3.489374,3.235452,4.069126,3.470358,3.791845,3.443948,3.505898,3.132025,3.121055,3.289246,3.318617,3.432234,3.279198,3.375472,3.504038,3.115712,3.885389,3.439582,3.117391,3.560307,4.146254,3.812331,3.393321,3.336282,3.36391,3.816972,3.648281,3.289054,3.467305,4.153895,3.290095,3.213728,3.345581,0.04706859,0.6929675,0.09280274,0.005266016,0.3781411,0.5122644
292.3729,0.08367646,0.04309082,0.1161745,0.1404081,0.06121979,0.2430069,0.1014305,0.03993052,0.1634966,0.2471686,0.06592755,3.763225,3.701422,4.276466,4.159476,4.272323,4.093277,3.691106,3.64781,3.58265,4.107132,3.808888,4.1811,4.100382,3.880803,4.254986,3.845735,4.465841,3.821486,3.632746,4.810228,4.250799,4.221181,3.861963,3.895411,4.232148,4.241951,4.001909,3.987813,3.634517,4.179279,3.90746,3.86677,3.714989,0.4603364,0.01365353,0.07024028,0.07025394,0.2420911,0.140168
293.2203,0.1247202,0.1134741,0.3446809,0.06404,0.001484908,0.005117656,0.1535048,0.2735723,0.01715762,0.3542817,2.488775e-67,4.461329,4.169987,4.599835,4.731424,5.329633,4.814311,4.187251,4.157084,4.078417,4.98011,4.524362,4.317343,4.187275,4.42649,4.647361,4.074621,5.027896,4.156084,4.464123,4.441057,4.783353,5.32908,4.422567,4.598567,4.503397,4.906262,4.64081,4.945726,4.169255,4.735707,4.670679,4.077312,4.181565,0.4080298,0.004672653,0.01108904,0.2018822,0.01716706,0.1703864
294.0678,0.3050102,0.1771886,0.5498173,0.07334096,0.2698794,0.1374055,0.07407457,0.07855898,0.1693889,0.1002457,0.1053373,4.724638,4.639979,5.255331,4.896279,5.35134,5.07378,4.786132,4.772682,4.747162,5.398477,4.784117,4.733736,5.222353,5.0388,5.254167,4.546094,5.388163,4.83465,4.456156,5.15679,5.321581,5.188941,4.606122,4.78009,4.884026,5.339917,5.045581,5.048429,4.489438,5.564053,5.027906,4.896698,4.879546,0.04357187,0.1223301,0.626249,4.575304e-53,0.2740492,0.5702596
294.9153,0.04526772,0.07403947,0.1147946,0.09582636,0.4533711,0.09075108,0.3972314,0.09384206,0.1968342,0.0535745,0.1611101,5.32905,5.076294,5.789421,5.430905,6.348599,5.538646,5.147615,5.185379,5.297508,5.242412,5.390856,5.202332,5.403964,5.640837,5.775484,5.812642,5.922602,5.087538,5.287266,5.718007,6.178728,5.778568,5.153282,5.388485,5.106252,5.876487,5.548441,5.468282,5.444266,5.86679,5.410457,4.952214,5.252445,0.02159889,0.099568,0.3286499,0.0940893,0.0135153,0.02089467
295.7627,0.1566195,2.753292e-71,0.2708268,0.632386,0.1208872,0.11353,0.1839859,0.8925545,0.04791104,0.04743051,0.2855956,5.624426,5.761801,6.180969,6.218759,6.606456,5.952461,5.914442,5.378991,5.488921,5.712827,6.056981,5.772001,5.658842,6.099915,6.041981,5.430932,7.441753,5.417525,5.262644,5.921968,6.787464,6.385949,5.685076,5.729284,5.710336,6.401303,5.962676,5.749057,5.343624,6.343676,5.652883,5.427249,5.607916,0.6007555,0.147722,0.05020284,0.06713689,0.01004395,0.1169823
296.6102,0.3163832,0.06081719,0.1437807,0.08068618,0.2052248,0.07052396,0.1934221,0.2309798,0.01772038,0.09143961,0.5915354,6.034118,5.845645,6.576113,6.392016,6.787384,6.272554,6.076885,5.744692,5.843781,6.072979,6.133382,6.209321,5.97029,6.14524,6.486018,5.81826,6.885282,5.85072,5.806995,6.306816,6.781158,6.673692,5.812645,6.165385,5.938005,6.807862,6.47837,6.270843,5.69917,7.133657,6.3092,5.769996,5.988041,0.06551524,0.1767209,0.08431728,0.4204996,0.01752366,0.336515
297.4576,0.03705294,0.26615,0.04707075,0.01901726,0.2682653,0.5035378,0.1274001,6.082696e-74,0.1108664,0.1296912,0.1124615,6.314955,6.160896,6.859613,6.740809,7.366101,6.627762,6.48167,6.203444,6.131613,6.458972,6.485309,6.308102,6.482981,6.400169,6.816906,6.037158,7.333279,6.190271,5.941056,6.652514,7.093647,7.025802,6.28948,6.669741,6.273029,7.487243,6.753128,6.483923,6.396117,7.109977,6.313721,6.197536,6.346592,0.02049639,0.4426301,0.03140926,0.2331613,0.08326353,0.1725953
298.3051,0.01992846,0.1331487,0.2152321,0.3554795,0.4203128,0.02982705,0.1863866,0.1562586,0.04951787,2.505464e-75,0.1074876,6.804427,6.433346,7.284307,6.815465,7.505481,7.15543,6.4937,6.490456,6.443201,6.634851,6.855957,6.810897,6.491178,6.690642,7.152162,6.328249,7.464209,6.543287,6.262529,6.958634,7.461469,7.43336,6.329696,7.005881,6.520941,7.408402,7.267919,6.685784,6.252876,7.56072,6.793134,6.356329,6.636211,0.1510974,0.1857765,0.228545,0.3294759,0.03462323,0.2700482
299.1525,0.1652474,0.1373247,0.2463044,0.23224,0.0310833,0.02791374,0.01709946,0.0574535,0.06169242,0.2971373,0.1982814,6.916808,6.699123,7.300645,7.191846,7.756764,7.12925,6.646842,6.700338,6.400543,6.819478,6.779654,6.700998,6.840344,7.168343,7.17244,6.517011,7.768132,6.556164,6.303161,7.200012,7.544568,7.426884,6.383833,6.739316,6.702285,7.760707,7.225606,6.866603,6.431916,7.81137,6.701717,6.523969,6.807728,0.02640866,0.5356474,0.2632012,0.03936401,0.3892867,0.09880718
300,0.05400278,0.01671089,0.04504731,0.4186839,0.1925449,0.02758422,0.2199523,0.06313272,0.04832966,0.0163337,0.1546359,7.066343,6.572876,7.348326,7.0183,7.967621,7.061073,6.722323,6.498279,6.518001,6.827698,7.260058,6.844702,6.912455,7.001109,7.298598,6.942621,7.997432,6.585435,6.465256,7.1843,7.960957,7.916348,6.454443,6.784666,6.729498,8.063536,7.636723,6.91477,6.812117,7.995986,6.724763,6.559531,6.82533,0.0784447,0.3312351,0.003031867,0.5426041,0.04778179,0.2188911
300.8475,0.01097172,0.1928163,0.009100593,0.03438882,0.1771751,0.2106643,0.1801729,0.1501936,0.03355145,0.2940755,0.01843169,7.154719,6.624138,7.358368,7.159685,7.645839,7.079296,6.731288,6.728788,6.501001,6.788797,6.822376,6.709959,6.634338,6.975938,7.163913,6.436755,7.897566,6.509267,6.36638,7.112722,7.886224,7.473349,6.466846,6.737846,6.68636,7.652302,7.496556,6.846159,6.351941,7.728352,6.68713,6.5573,6.648197,0.0008033463,0.1203115,4.07104e-61,0.07642768,0.04239504,0.3061067
301.6949,0.0001111668,0.01344193,0.04762441,0.0365639,0.217814,0.04220025,0.1596076,0.04984497,0.007505795,0.09590643,0.03987256,6.556738,6.605193,7.168936,6.860893,7.50086,6.933527,6.578602,6.278859,6.29215,6.838363,6.824495,6.685323,7.285381,6.760974,7.090654,6.267575,7.729003,6.392321,6.202859,7.001345,7.682318,7.373814,6.777863,6.813602,6.466349,7.697426,7.180916,6.660045,6.210847,7.388592,6.586879,6.262163,6.530324,0.1533089,0.3270353,0.0657771,0.127832,0.1120172,0.3626191
302.5424,0.1378268,0.1756144,0.07420442,0.1543165,0.02997423,0.02328119,0.0369741,0.05187193,0.01557395,0.08282859,0.2389478,6.5028,6.473236,6.92105,6.67586,7.354642,6.907032,6.586859,6.131221,6.253111,6.381242,6.516527,6.47446,6.358838,7.481797,6.943208,6.629976,7.285477,6.274702,6.108257,6.878401,7.233821,7.031266,6.278984,6.349751,6.462986,7.148303,6.939048,6.38529,5.993104,7.107262,6.27562,6.158217,6.331934,0.2124635,0.163239,0.2116333,0.1967752,0.0721977,0.0779568
303.3898,0.05752271,0.09217819,0.1667845,0.009165674,0.1576615,0.01854347,0.2303799,0.01865992,0.03194054,0.1118113,0.1115729,6.310185,6.439074,6.529596,6.232655,6.867461,6.609255,6.150094,6.014264,5.733911,6.815091,6.301533,6.049811,6.54617,6.264632,6.611778,5.844478,6.927591,5.950453,5.651338,6.487948,6.815425,7.083396,5.818679,6.214622,6.028798,7.081836,6.574577,6.101754,5.740459,6.886624,6.044414,5.71997,5.943184,0.1523369,0.235982,0.1515793,0.2702991,0.004995127,0.08751777
304.2373,0.07329796,0.01248314,0.2038692,0.1037103,0.02888723,0.1499818,0.1266851,0.1197364,0.06575098,0.007932695,0.3790898,5.730702,5.630304,6.152085,5.823288,6.326097,5.862008,6.785386,5.491356,5.423263,5.843857,5.70182,5.61871,6.349992,5.906285,5.950883,5.535414,6.543585,5.51235,5.650835,5.960263,6.330207,6.179566,6.223686,6.008947,5.535953,6.757237,6.119982,5.730575,5.318821,6.308933,5.663201,5.383217,5.927584,0.1573569,0.0009523289,0.9280872,0.01833509,0.05793053,0.03408461
305.0847,0.03707765,0.1597826,0.1546993,0.2401075,0.09351644,0.01672745,0.05305837,0.1117852,0.1367964,0.1549979,0.4690888,5.665329,5.052773,5.774076,5.474999,5.960678,5.531555,5.220029,4.9615,5.261252,5.23619,5.377784,5.277418,5.277597,5.562211,5.560533,5.57041,6.202857,5.081401,5.145786,5.454164,6.219366,5.795549,5.806345,5.684874,5.120184,6.202779,5.573356,5.490162,5.238193,5.839824,5.604628,4.949793,5.324029,0.003719134,2.236322e-66,0.03582517,0.07867967,0.1377026,0.3381412
305.9322,0.02389552,0.129514,0.156545,0.03091211,0.1305835,0.4402945,0.09020469,0.2244466,0.05111105,0.001023198,0.05412066,4.768884,4.734553,5.172154,4.904855,5.475339,5.2365,4.945474,4.585505,4.584126,4.890366,4.809636,4.827558,5.31484,4.804047,5.024172,4.728746,5.370405,4.583645,4.413183,4.951355,5.298928,5.360979,4.510141,4.783373,5.162156,5.467425,5.16402,4.830205,4.508608,5.588531,4.75978,4.565875,4.721393,0.0554704,0.226541,0.04346861,0.1974062,0.0151395,0.01318903
306.7797,0.02565553,0.04449476,0.8519813,0.1931861,0.07392165,0.5620423,0.04422423,1.13939e-89,0.05433481,0.3937595,0.1016038,4.326452,4.353584,5.018164,4.512303,5.093864,4.412769,4.215226,4.125777,4.319619,4.513709,4.313679,4.411401,4.182,4.349914,5.652516,4.034453,5.013676,4.066861,4.375703,5.308144,5.116935,4.6302,4.137212,4.480496,4.303713,4.787056,4.607158,4.425111,4.045593,4.85365,4.259746,4.10265,4.270905,0.1152611,0.01757697,0.2325402,1.820468e-68,0.3541384,0.2322532
307.6271,0.3767199,0.05990621,0.2930359,0.20106,0.0514091,0.1136951,0.1287923,0.3406511,0.03000754,0.204429,0.01119974,3.835089,3.741225,4.138088,3.962235,4.630756,3.939642,3.809729,3.618624,3.777202,3.980392,3.772517,3.719776,3.867719,4.655829,4.237927,3.833962,4.380885,3.643043,3.560016,3.945343,4.37897,4.087776,3.555591,3.997302,3.770486,4.834249,3.972988,3.78763,3.68791,4.231201,3.732645,3.561084,3.939679,0.05465566,0.1731644,0.03318361,0.0942084,0.1305296,0.04005728
308.4746,0.03377912,0.01902935,0.03328007,0.07403646,0.01890182,0.0696042,0.2979904,0.1492991,0.1361495,0.1215488,0.1498718,3.298166,3.312974,3.744756,3.43626,3.711137,3.607212,3.411875,3.147903,3.208886,3.317208,3.576515,3.24833,3.247097,3.327082,3.44119,3.114849,3.933127,3.142299,3.630822,3.445998,3.857663,3.994473,3.298659,3.9236,3.349998,3.805973,3.573918,3.362091,3.186026,3.683201,3.285655,3.104481,3.350963,0.0501759,0.03828256,0.2149689,0.07608416,0.2778146,0.1784769
309.322,0.008511677,0.1944007,0.2558954,0.5848212,0.4674365,0.0390498,0.4073194,0.03664252,0.09532865,0.1610836,0.01080959,3.050106,2.981056,3.033512,3.452773,3.136623,3.113005,3.008934,3.062157,2.874758,2.954121,2.955289,2.794228,3.171752,3.179708,3.595917,2.903633,3.257683,2.723887,2.995399,3.019634,3.864263,3.570428,2.891355,2.895726,2.978639,3.297833,3.065017,3.032071,2.738044,3.355755,2.992291,3.277985,3.042867,0.2216947,0.05922124,0.3428077,0.1853068,0.05214854,0.09841766
310.1695,1.372109,0.1372196,0.1479142,0.2732675,0.2722629,0.06144598,0.2794783,0.02864023,0.1280009,0.1910155,0.7874049,2.347283,2.629246,2.945151,2.49395,2.717299,2.484128,2.362158,2.25101,2.31041,2.42472,2.397249,2.359306,2.371945,2.405017,2.516193,2.393163,2.784982,2.286973,2.354926,2.462515,2.642143,2.578181,2.294563,2.534691,2.507668,2.929906,2.95943,2.625159,2.241374,2.947194,2.351823,2.244821,2.521617,0.01445281,0.008500331,6.038265e-70,0.2599482,0.2795435,0.2886194
311.0169,0.1196811,0.2877631,0.08117484,0.129127,0.008352414,0.1152527,0.0006472831,0.2179107,0.07986176,0.02677568,0.7696344,1.970223,2.184274,2.286578,2.418821,2.755637,2.13417,1.979591,1.962678,1.910757,2.084954,1.98082,2.165704,2.048804,2.018661,2.097638,1.912555,2.647211,2.20068,2.047831,2.067496,2.371524,2.198711,1.869873,2.08172,2.64166,2.551236,2.506738,2.170475,1.949246,2.218166,1.961262,1.975602,1.989152,1.236746e-68,0.2057372,0.07017959,0.2554554,0.125011,0.4797117
311.8644,0.2399082,0.0454691,0.02672029,0.2065607,0.02890755,6.370493e-99,0.02690823,0.1592257,0.3099688,0.1874813,0.02334234,1.78678,1.562962,1.787678,1.667241,1.850689,1.746753,1.627114,1.540451,1.605577,1.636273,2.090914,1.919552,1.58918,1.720456,1.751427,2.027912,1.879006,1.545768,1.580925,1.749449,2.12536,1.865979,1.55139,1.658513,1.759461,1.909622,1.805903,1.648724,1.67518,1.819324,1.975648,1.554789,1.647057,0.1472258,0.008657198,0.1845643,0.5955086,0.8781513,0.001048409
312.7119,0.06296781,0.1448196,0.2479979,0.2319541,0.006297078,0.1173753,0.02764724,0.08378167,0.3480535,0.2729449,0.04461306,1.601387,1.281786,1.83866,1.568247,1.479876,1.511795,1.385682,1.458629,1.335757,1.678027,1.381594,1.356207,1.596049,1.684851,1.770327,1.566476,1.835613,1.264694,1.5567,1.53714,1.533071,1.720203,1.359612,1.553284,1.443704,1.465721,1.416299,1.381169,1.236506,1.516807,1.360451,1.326295,1.285206,0.1699871,0.00393731,0.06144091,0.1811623,0.119916,0.19079
313.5593,0.01609066,0.05153409,0.650079,0.323751,3.928779e-102,0.7731467,0.5657908,0.2531545,0.06122389,4.493003e-102,0.04605941,1.162743,1.037634,1.409598,1.138185,1.299046,1.078562,1.072224,1.202196,0.985873,1.487382,1.321069,1.257866,1.410711,1.133614,1.537086,1.157078,1.292402,1.357172,1.142867,2.048059,1.223898,1.254202,1.389073,1.17992,1.082277,1.286479,1.266053,1.143964,1.083955,1.195124,1.09294,1.029026,1.09043,0.7989218,0.05289657,0.07981965,0.02990924,0.06878457,0.0100156
314.4068,0.0008922609,0.1104363,0.3797273,0.09574384,0.1180272,0.03331078,0.2458075,0.3481385,0.01023486,0.07574503,0.0745445,0.956781,0.8291148,0.9566725,0.9648505,0.9584034,0.9429246,0.8238888,0.7917934,1.444951,1.022055,0.9560258,0.8278987,0.9470331,0.8223155,0.9731625,1.205695,0.9262943,0.8686978,0.9589648,1.027153,1.046876,1.073391,1.012495,0.9174447,0.8561884,0.9760027,1.237373,0.9508548,1.043287,1.047319,0.9252154,0.9086621,1.278405,0.3008096,0.4191683,0.04793709,0.02069773,0.01428908,0.03850284
315.2542,0.2627491,0.5691508,0.2772047,0.07682119,0.545025,0.09530511,0.6340607,0.09406031,0.3118155,0.008645471,0.2937681,0.8456892,0.7847497,0.8738546,0.6790898,0.824977,1.393747,1.249434,0.6145674,0.6518182,0.6456238,0.6966115,0.6660938,0.6324481,0.6384626,1.026778,0.6001855,0.8370301,0.6321006,1.624677,0.7138683,0.8984904,1.616523,1.053328,0.6640574,1.208014,0.7513364,0.8973976,0.6334164,0.6793549,1.005336,0.6558363,0.9373526,0.722733,0.5762342,0.11894,0.05409284,0.06167552,0.1355462,0.1188521
316.1017,0.008306866,0.1019944,0.07843829,0.07888404,1.100638e-104,0.6081172,0.0923179,0.04749033,0.06027117,0.9794106,0.04331524,0.4814434,0.7149575,0.8969184,0.4978185,0.6833374,0.7160021,0.489059,0.5382643,0.4533941,0.6206209,0.7322202,0.6665674,0.5768707,0.591939,0.5664081,0.53242,0.7604048,0.5176944,0.7972507,0.6345074,0.7514948,0.5618104,0.5432424,0.8023724,0.5154646,0.6525223,0.6932277,0.5271108,0.6461381,0.5790497,0.6760264,0.621129,0.568659,0.004432687,0.4832184,0.02268781,0.1421566,0.3462152,0.1428295
316.9492,0.01199859,0.1719655,0.002952607,0.0661018,0.1734021,1.70101e-103,0.6892512,0.09908035,0.0861058,1.78035e-103,0.2053299,0.5764056,0.3715465,0.3907223,0.5172281,0.4846284,1.947475,0.4180178,0.473738,0.4928005,0.9283619,0.4426417,0.9352701,0.3771811,0.5378039,0.8903717,0.5970292,0.5330441,0.3943902,0.6730163,0.4235261,0.4037285,0.4871127,0.4461694,0.4740821,0.5638813,1.086565,0.4054571,0.383506,0.4715968,0.6819713,0.7929025,0.400711,0.4562734,0.03717116,0.1161743,0.07678304,0.2622841,0.1134457,0.2709413
317.7966,0.03208766,0.07284102,0.01975676,0.04454135,0.09663148,0.1826487,0.02197079,0.009944816,0.1406027,0.1415038,0.1974759,0.2711765,0.3287105,0.3323981,0.6019116,0.3604285,0.3168064,0.5406466,0.5563915,0.4770162,0.7680048,0.4104957,0.4160121,0.2883654,0.9882382,0.3868929,0.3093196,1.248896,0.2613915,0.4658521,0.395598,0.3194135,0.4631603,0.2536238,0.4920024,0.355945,0.6608746,0.3383786,0.823486,0.3052086,0.3880689,0.32008,0.2595855,0.469771,0.3812112,0.1626451,0.08505598,0.1507433,0.1344825,0.05264225
318.6441,0.1197335,0.102266,0.2243713,0.03558133,0.09723026,0.2285749,0.1105899,0.00147213,0.0447425,0.09653731,0.06659834,0.2211401,0.2481658,0.2909252,0.2013462,0.2508778,0.202858,0.1925452,0.2494008,0.2536181,0.22989,0.6371996,0.5920431,0.682863,0.2173016,0.2410455,1.447177,0.3215188,0.2333762,0.2466073,0.4026241,0.8933553,0.2125972,0.2335428,0.9462356,0.4407442,0.3967817,0.4129735,0.3278666,0.3234711,0.2841857,0.2822541,0.3856759,0.4382157,0.2915088,0.07906083,0.06124548,0.03506907,0.3022585,0.155922
319.4915,0.1199608,0.1394785,0.001968345,0.1026028,0.07411785,0.2947718,0.03162006,0.01262817,0.0152328,0.05355478,0.00602696,0.1486011,0.5826674,0.3644904,0.1874408,0.3578739,0.8475264,0.2370565,0.1619353,0.2259369,0.5466463,0.2308128,0.3673245,0.1943073,0.3318022,0.1821882,0.4107097,0.2338955,0.3029937,0.1659779,0.2642812,0.2161319,0.1889357,0.8294294,0.3786048,0.2929285,0.3086931,0.2933521,0.2061875,0.6237166,0.2371502,0.2146799,0.1824286,0.5164031,0.05138736,0.07980428,0.6541145,0.07773355,0.06955693,0.06706019
320.339,0.05690697,0.006555828,0.3798529,0.1610898,0.01273623,0.1069441,0.06954156,0.09903509,0.007219348,0.2111322,0.06185202,0.3773599,0.1150175,0.1358451,0.2425725,0.1160888,0.4342741,0.2659091,0.2006681,0.2382598,0.1491186,0.3992601,0.2336886,0.3514705,0.1193123,0.2942732,0.1591652,0.1725172,0.1654991,0.1754523,0.417996,0.1198535,0.2018346,0.2636282,0.1984077,0.7165878,0.2590473,0.4936279,0.1425458,0.8622219,0.3331725,0.1134121,0.1982814,0.1696874,0.08635474,0.1552272,0.03717187,0.407453,0.03998801,0.0009194566
321.1864,0.07608681,0.03527738,0.09386586,0.07918334,0.07375535,0.2432252,0.04446916,0.08189785,0.01934873,0.145963,0.128974,0.5473389,0.2274547,0.1031193,0.2194618,0.3698442,0.3057829,0.2369415,0.1683929,0.1869303,0.07893609,0.2188376,0.1561685,0.156743,0.1578907,0.1579934,0.2701071,0.2549237,0.4449226,0.1652005,0.3340642,0.1210575,0.07564814,0.207963,0.1822239,0.08188393,0.2207125,0.08221937,0.08747854,0.5428221,0.3831688,0.3374469,0.2993577,0.132206,0.03821331,0.5007851,0.1846402,0.375749,0.1747411,0.1112511
322.0339,0.1367703,1.022606e-96,0.1144711,9.694179e-97,0.1545199,0.09663997,0.2693786,0.4894994,0.01166194,0.1084549,0.5246893,0.5047191,0.1587186,0.1075959,0.8394571,0.1719241,0.2065648,0.4034786,0.5372143,0.3596688,0.1170855,0.05294966,0.04751348,0.2289606,0.1597043,0.1023239,0.05601899,0.1041355,0.2659948,0.2832197,0.3743282,0.1515907,0.2081361,0.1718102,0.1291883,0.08002334,0.1856991,0.6072682,0.2606364,0.2825475,0.2343,0.05346952,0.09617652,0.2631229,0.07530404,0.007466223,0.2011227,0.2706021,0.1152169,0.05436514
322.8814,0.2763776,0.005820281,0.3488906,0.5909328,0.06689736,0.2294781,0.04899006,0.007825913,0.0356747,0.4739294,0.6526155,0.1399918,0.5126595,0.4038437,0.09103725,0.2317395,0.2720901,0.3365248,0.03090362,0.2927422,0.07256202,0.6178835,0.5047083,0.08560098,0.6171351,0.1695203,0.04644395,0.1906855,0.1779771,0.1086859,0.3061974,0.1744672,0.2808913,0.03156261,0.2662045,0.6426311,0.09784044,0.0342486,0.452913,0.1550064,0.15949,0.03206558,0.06453405,0.2102494,0.06755084,0.1137909,0.03804433,0.1023131,0.2160891,0.1663298
323.7288,0.01705496,0.07253542,1.613179e-94,0.2208817,0.1350484,0.1375017,0.3053406,0.01032456,0.1034939,0.1455289,0.04665813,0.2145314,0.05726495,0.0269196,0.02262346,0.07717804,0.05315861,0.06071777,0.1435566,0.05129089,0.2095714,0.2535833,0.4139514,0.03859164,0.4511719,0.03706414,0.3869224,0.1712366,0.08377182,0.08043044,0.3736148,0.5842298,0.08668354,0.1957695,0.4148417,0.1001217,0.08531142,0.2721757,0.06733953,0.19056,0.1415123,0.02881593,0.09431729,0.03967381,0.1853699,0.09918267,0.3036785,0.009286598,0.01843393,0.04989123
324.5763,0.1741743,0.07561178,0.1078951,1.961694e-93,0.4066986,0.3056471,1.940498e-93,0.140047,0.07674353,0.2242176,0.1599748,0.02402225,0.01383929,0.2094144,0.05743021,0.4192315,0.05642097,0.3938974,0.09398731,0.01845453,0.1467647,0.05035813,0.2157068,0.2689698,0.1001302,0.1337545,0.01614485,0.177754,0.1831271,0.1118669,0.02602276,0.106484,0.09313416,0.1140751,0.08306703,0.1685455,0.1575936,0.7080072,0.162269,0.09520246,0.2581897,0.01874712,0.368188,0.03824673,0.1684974,0.1228644,0.03045586,0.02039138,0.1842135,0.09999769
325.4237,0.004803731,0.06101482,0.1990904,0.001476845,0.170549,0.182885,2.389657e-92,0.06073728,2.782338e-92,0.1269847,0.1311797,0.3613977,0.0448962,0.1956319,0.1582981,0.04517534,0.6820706,0.037594,0.08290343,0.01377192,0.1018492,0.1032531,0.0137571,0.03576633,0.06802378,0.1042115,0.08386361,0.1183254,0.6208118,0.1150428,0.03389281,0.1681267,0.2668649,0.2948315,0.06366282,0.2025262,0.5198602,0.2113354,0.3691909,0.05845605,0.1056609,0.2693189,0.008754269,0.01000701,0.01565007,0.1289871,0.08991842,0.1902538,0.03483635,0.1371855
326.2712,0.6136286,0.4276234,0.009366828,0.1068384,0.05102685,0.03494456,0.5940126,0.3654735,0.08593615,0.08403565,0.1430139,0.3340477,0.01507054,0.7089581,0.779434,0.01467565,0.5497886,0.09961487,0.02041921,0.08202289,0.2110136,0.1012152,0.09224474,0.00604481,0.1673449,0.1530242,0.005635241,0.101073,0.5634324,0.1438622,0.05327913,0.05801922,0.182526,0.2038904,0.2027805,0.1752254,0.3078892,0.3611258,0.2039208,0.04964916,0.1297413,0.1927172,0.2980635,0.2548459,0.2980611,0.01023636,0.073018,0.1398042,0.1269873,0.3620065
327.1186,0.006463096,0.05376729,0.001020601,0.09775022,0.07195202,0.1785165,0.3596045,0.1158299,0.00847856,0.162025,0.0745902,0.3709827,0.01355893,0.6104016,0.0521936,0.02568235,0.5052909,0.05507192,0.05478028,0.560264,0.1071249,0.008074827,0.1587705,0.1243107,0.1723327,0.03156319,0.01322442,0.2405702,0.5390417,0.005590671,0.4410287,0.03737161,0.02330321,0.01869739,0.1572004,0.1833798,0.2426923,0.184933,0.1283034,0.2258623,0.08090723,0.546323,0.01221532,0.2091053,0.1960783,0.1122926,0.2228513,0.1008668,0.2870772,0.02345317
327.9661,0.1522423,0.2316939,0.07886176,0.3846666,0.08530762,0.1838584,0.1798334,0.1186542,0.0863307,0.156909,0.02087409,0.1902127,0.01708079,0.07118564,0.002387764,0.1642472,0.04937547,0.1107732,0.07668042,0.05968167,0.1480178,0.07611798,0.01892295,0.1048114,0.1610973,0.00243675,0.04047925,0.1722524,0.1099877,0.05345059,0.06388625,0.0329067,0.27843,0.008153564,0.002318581,0.04450901,0.2622258,0.2982001,0.3526184,0.4404022,0.03983681,0.03551352,0.003414894,0.03046098,0.0001037973,0.05964678,0.2877278,0.000373124,0.03206213,0.1194016
328.8136,0.3918514,0.04798365,0.2328032,0.047909,0.03753253,0.3001994,0.1169843,0.6388958,0.2084915,0.03904165,0.02486748,0.3463186,0.0220319,0.0323805,0.08254194,0.2767298,0.01972969,0.001398832,0.06299811,0.02983302,0.1497549,0.08491745,0.1721382,0.001398916,0.001431024,0.00149132,0.3894681,0.02186438,0.0262518,0.2247028,0.1789982,0.2656321,0.07986194,0.1077861,0.07549519,0.03931339,0.1239371,0.05633457,0.154926,0.1823171,0.1758972,0.9764869,0.1390135,0.336725,0.287006,0.03376198,0.09834842,0.249129,0.1418518,0.3668148
329.661,0.05480509,0.1563199,0.1082849,0.1700423,0.05110829,0.2635603,0.1466087,0.008030072,0.01888052,0.04698861,0.2798883,0.05525819,0.1526188,0.04002299,0.5974209,0.08603556,0.5920622,0.0008436457,0.3483777,0.1266931,0.06203196,0.04353554,0.2004779,0.0755599,0.2568408,0.0008994257,0.02000009,0.3422706,0.03137337,0.7641663,0.3138703,0.2084465,0.1757264,0.4833787,0.009014677,0.06823444,0.179033,0.1613213,0.1334168,0.002727995,0.1465192,0.01367783,0.1893959,0.1426525,0.00256636,0.2174242,0.4352603,0.1387266,0.04488722,0.03728569
330.5085,0.07911584,0.04766337,0.1036336,0.5738984,0.07329271,0.0005184932,0.1961629,0.350461,0.7569011,0.2360559,0.1080273,0.02447649,0.06263712,0.000549767,0.05202778,0.2552276,0.08462921,0.0758546,0.1229693,0.1602205,0.6365441,0.2059401,0.0005053003,0.1795221,0.02366197,0.2245254,0.3200208,0.06571128,0.1142716,0.03866216,0.2752156,0.2182979,0.1478045,0.3098306,0.01211922,0.0625643,0.01415005,0.044479,0.2263614,0.2861044,0.08344836,0.01453347,0.1454323,0.05652173,0.4331926,0.1543444,0.134991,0.1427153,0.1026081,0.1413043
331.3559,0.04970277,0.01316003,0.5344404,0.9275854,0.1206468,0.2765668,0.1969761,0.07669964,0.3411556,0.05238733,3.687946e-84,0.05214816,0.3847406,0.02409114,0.3602938,0.04284958,0.3537132,0.3163567,0.4187494,0.1380563,0.09574374,0.1808825,0.0002959465,0.2827095,0.1045504,0.0463439,0.05413393,0.3536449,0.2840777,0.0532283,0.1807353,0.3261739,0.1360399,0.1552843,0.04006061,0.6252782,0.1628665,0.1601359,0.000298324,0.03721496,0.02137417,0.06027098,0.08044674,0.4746435,0.00389663,0.2366749,0.003472173,0.03392226,0.1413819,0.1627003
332.2034,0.1814187,8.56726e-83,0.01383624,0.03751705,8.505571e-83,0.1263394,0.3907992,0.2902815,0.4283599,0.02188623,0.07689915,0.1854034,0.1670252,0.07012842,0.3591351,0.07981237,0.006422502,0.06720289,0.09745959,1.038661,0.09389801,0.09920786,0.0006099898,0.1119335,0.06064436,0.1681244,0.3127029,0.08234308,0.1144376,0.03795797,0.2277697,0.08323026,0.09564323,0.03289927,0.2092233,0.008875962,0.1692516,0.1005994,0.01624483,0.06736449,0.10918,0.07470291,0.2237791,0.04180992,0.1387781,0.2155017,0.1245564,0.2330367,0.01562671,0.1942572
333.0508,0.04611292,0.01426877,0.2695047,0.2494796,0.09158393,2.412595e-81,0.4201522,0.198901,0.09588634,2.564379e-81,0.05992427,0.287422,0.005368818,0.01532622,0.01591994,0.0001096056,0.2215604,0.01595173,0.09368466,0.0002691852,0.01599599,0.1621161,0.03784156,0.200794,0.07689592,0.5527855,0.04725678,0.04151413,0.07893077,0.09068452,1.231669,0.08954565,0.1978431,0.8352456,0.01081476,0.436399,0.08818233,0.2011573,0.09621592,0.03973982,0.1569198,0.08372507,0.4879686,0.1229051,0.108672,0.2366928,0.01501943,0.1139788,0.1698378,0.1411286
333.8983,0.201338,0.1758866,6.105277e-80,0.7166498,0.1072258,0.3997503,0.1193686,0.3628991,0.1301403,0.03155,0.05780931,0.08571744,0.1158704,0.4539185,0.18772,0.008677417,0.2389921,0.04634437,0.1107493,0.2527217,0.1756009,0.01635905,0.007476405,0.04274102,0.08520132,0.1420382,0.02458263,0.03623105,0.562647,0.06400926,0.1400826,0.03551407,0.06128535,0.2145078,5.481105e-05,0.172854,0.07425625,0.003144995,0.05899235,0.1007125,0.560628,0.03401888,0.0973911,0.1207834,0.2108625,0.334958,0.02370947,0.4554522,0.05238283,0.1645701
334.7458,0.3063124,0.3566487,0.09563504,0.08282322,0.02477581,0.452041,0.6163348,0.03439454,0.05597528,0.00207883,0.1443099,0.07394991,0.2735766,0.1574235,3.117737e-05,0.05677275,0.2611076,0.09158583,0.195871,0.3589405,0.2769603,0.1027564,0.2809963,0.2150938,0.006593552,0.3190815,0.08329717,0.0015544,0.3799647,0.0006494855,0.4253507,0.3982508,0.02672271,0.0640762,0.1534027,0.04964878,0.08657021,0.04216198,0.2561398,0.2687853,0.007122361,0.3432371,0.1018834,0.1461755,0.0001258657,0.1045091,0.04888033,0.3689681,0.1882538,0.04559887
335.5932,0.3557247,0.04809987,0.01476209,0.0716573,0.05088447,0.06149109,0.3066964,0.1976312,0.3319307,0.08238341,0.06262647,0.3284118,0.2838512,0.4163388,0.07624445,0.05191066,0.1412464,0.1825154,0.1723969,0.06282804,0.05016544,0.2973177,0.36569,0.155872,0.119414,0.1669991,0.2714396,0.02486923,0.07712487,0.2362675,0.1297553,0.1630509,0.118928,0.2476852,0.1248459,0.1540888,0.1206514,0.2332965,0.4274618,0.07811905,0.6975802,0.3880816,0.2335198,0.1588015,0.0556222,0.3139381,0.1225141,0.3157453,0.1164047,0.1148937
336.4407,0.01439705,0.01771047,0.06777389,0.02971246,0.1069119,0.1729615,0.4301799,0.08536553,0.3634728,0.2447374,0.05059783,0.1961436,0.210527,0.1416418,0.0222487,9.906286e-06,0.04638375,0.1817392,0.02230058,0.0003032308,0.214501,0.04427899,0.2456369,0.08843613,0.07742971,0.4287508,0.07248724,0.245571,8.47538e-06,0.1544597,0.2365047,0.01316552,0.04466442,0.2032692,0.03636386,0.07492348,0.1161918,0.04793954,0.1040511,0.09229522,0.02931033,0.01939069,0.2107857,0.09596606,0.029051,0.1272569,0.1223905,0.04900823,0.1378087,0.09091701
337.2881,0.07508069,0.09593036,0.153731,0.08193942,0.05777793,0.02952482,0.01123067,0.1256122,0.06715969,0.160833,0.1467801,0.1235566,0.1335858,0.1461219,0.02704925,0.176395,0.09026209,0.04410477,0.05105046,0.004032099,0.2450574,0.1177305,0.02182848,0.1242805,0.02329863,0.1303762,0.01175112,0.05626267,0.08007488,0.04326283,0.1615285,0.1852078,0.2185884,4.426596e-06,0.02433869,0.06623427,0.07682126,0.02955274,0.153442,0.1891543,5.214504e-06,0.1662917,0.09215309,0.01054532,0.3358562,0.005045484,0.01779977,0.09841105,0.7046327,0.1338595
338.1356,0.4965943,0.3615934,0.07139532,0.03849054,0.0080164,0.1968342,0.08351732,4.600241e-73,1.212907,0.2379021,0.2899237,0.0876124,0.1228864,0.03102574,0.3586742,2.727455e-06,0.01173688,2.398882e-06,0.5079733,0.01786523,0.2980137,0.2684211,0.1744248,0.4429394,0.5457221,0.05714412,0.2369958,0.002595728,0.5975533,0.02558535,0.4462189,0.1343281,0.3811239,0.1888883,2.433466e-06,0.04754716,0.2287301,0.118634,0.0758204,0.03013168,0.2100129,0.08398133,0.166028,0.01203722,0.1234619,0.09856791,0.0290499,0.08597526,0.621398,0.05642983
338.9831,0.2971757,0.05543826,0.0991357,0.005857203,0.04080831,0.06860183,0.07763183,0.5546649,0.4876127,0.006306393,0.5661225,0.07298927,0.04883614,0.465771,0.04342227,0.1790891,0.2973373,0.03391292,0.01934624,0.0816716,1.255921e-06,0.1569541,0.01461802,1.231431e-06,0.002919255,0.007671416,0.1468165,0.007479841,0.01167119,0.06514537,0.02321289,0.3891223,0.2876038,0.2470523,0.6002559,1.224923e-06,0.1141234,0.2258742,1.250891e-06,0.2035453,0.09183217,0.03244925,0.08753237,0.2576181,0.09423764,0.3294224,0.3612169,0.01370321,0.04619528,0.8425362
339.8305,0.1231657,0.2048881,0.4935627,0.1185946,0.0758708,0.1093054,0.2481212,0.1544435,0.262458,0.03890445,0.2984029,0.6684537,0.225393,0.3424787,0.03513146,0.06948203,0.06146704,0.0608359,0.0306395,0.09039882,0.03472009,1.010877,0.1142265,0.150602,0.1096413,0.1017994,0.2170206,7.163979e-07,0.4456517,0.01894713,0.3221073,0.2833955,0.3027308,0.1751611,0.04518007,0.3887922,0.1764215,0.2303425,0.1410772,0.09773582,0.02422698,0.03406855,0.6514259,0.007452778,0.05008723,0.08485001,0.08597318,0.4025432,0.02286841,0.07634186
340.678,0.1014967,0.005106222,0.3711017,0.06118139,0.1675034,0.146139,0.07079086,0.3011046,0.07751464,0.6874258,0.001485883,0.364658,0.06828612,0.008715612,0.01039834,0.00371496,0.1123087,0.2915511,0.764826,0.06747196,0.5863837,0.1652433,0.3851642,0.0912046,0.02382999,0.08751507,0.3427984,0.09423434,0.3207342,2.932087e-07,0.2314229,0.08196455,0.6919517,0.047425,0.2445396,0.01328035,0.02340458,0.17493,0.07599802,0.1741773,0.3292853,0.0438112,0.1416252,0.09138424,0.1047436,0.03367213,0.13506,0.09795951,0.4463589,0.1038414
341.5254,0.1502397,0.07078096,0.2994675,0.07478323,0.02012539,0.005351196,0.03430772,0.3717001,0.1437835,0.0585603,0.2815457,0.1089291,0.03287894,0.01814818,1.593321e-07,0.1101797,0.05788615,0.008755651,0.01860077,0.1944175,0.01982776,0.0494977,0.07683172,0.1165995,0.02150145,0.2646911,0.1750049,0.6462712,0.4813727,0.0639699,0.5636712,0.6344703,0.1346401,0.0009129353,0.0558629,0.02826495,0.053461,0.1834518,0.5566295,0.03862021,0.08140799,0.05979721,0.2159171,0.2218742,0.2507744,0.2251913,0.02834184,0.3240998,0.2036684,1.530454
342.3729,0.07333688,0.05603603,0.1267338,0.04905957,0.3467,0.08003648,0.3361898,0.0105623,0.1551699,0.1526477,0.1171984,0.3388223,0.02305406,0.0127227,0.3218919,0.0430089,0.03540464,0.1315538,0.04565601,0.2979001,7.530252e-08,0.8393152,0.2132486,0.01963991,0.8739273,0.1818392,0.02993838,0.1893981,0.06289688,0.06960402,0.01586383,0.03570029,0.1374508,0.1902292,0.1998432,0.2056772,0.01832472,0.05483744,0.105873,0.008877831,0.1177411,7.404514e-08,0.1633815,0.1733109,0.03042754,0.03264561,0.1014139,0.07890561,0.03876627,0.02748172
343.2203,0.04498696,0.1313827,0.02014811,0.1571302,0.0695671,0.1641302,0.1462454,0.5655022,0.06859738,0.01420434,3.817783e-65,0.1053478,0.0901022,3.861619e-08,0.4028648,0.1912473,0.01518421,0.003442306,0.496272,0.03530737,0.1321987,0.1696765,0.1327412,0.449909,0.08068775,0.02740955,3.398618e-08,0.01341275,0.1852813,0.02405248,0.1477767,0.003116171,0.3453692,0.04266898,0.4226054,0.04986487,0.06837213,0.03717708,0.219276,0.05025859,0.1146887,0.1204874,0.06502471,0.01445421,0.2963941,0.1206825,0.1846254,0.0357273,0.3502849,0.07718185
344.0678,0.03778637,0.05668122,0.00720037,0.07979304,0.2347269,0.1549065,0.06328079,0.004547082,0.070804,0.1820888,0.00628343,0.03925979,0.7330029,0.07277859,0.05986724,0.3620015,0.4070908,0.005638937,0.0629146,0.02034185,0.0291382,0.1707117,0.1063906,0.07652461,0.07437207,0.04234706,0.1375132,0.1775581,0.02917099,0.1984605,0.01295812,0.1660076,0.4783872,0.1347708,0.02580601,0.01577675,0.04519745,0.06343227,0.2494985,0.4041494,0.1185288,0.450219,0.0261663,0.2090082,0.3249522,0.2588464,0.1178889,0.1731994,0.03893566,0.03231824
344.9153,0.1093282,1.214551e-62,0.07870001,0.0571118,0.4855861,0.1465429,0.1151751,0.1646401,0.08047447,0.2370127,0.2043526,0.03281686,0.2095583,0.009149671,0.07626264,0.1308029,0.1472576,0.07550224,0.03172846,0.1170325,0.002394365,0.3404137,0.3341903,0.155706,0.003483222,0.09741244,0.6005277,0.1569816,0.04193012,0.2867713,8.108327e-09,0.05104165,0.04986845,0.1417312,0.08678188,0.1818425,0.2904823,0.131787,0.3869446,0.1433405,0.07558232,0.1355795,0.2922663,0.0212784,0.02469446,0.001092739,0.110962,0.7623063,0.2665765,0.2808884
345.7627,0.05217448,0.1654747,0.2211121,0.3962643,0.03035424,0.08801053,0.1177878,0.1733631,0.09190817,0.03426374,0.06158985,3.527391e-09,0.02986237,0.3041825,0.09352848,0.02951335,0.5136545,0.1199719,0.2043897,0.08147339,0.1406029,0.08534804,0.01263362,0.03121799,0.2628224,0.1321565,0.0157925,0.01293127,0.3276283,0.1126064,0.08805058,0.06074193,0.03306333,0.1566981,0.01938843,0.125596,0.06824951,0.1537345,0.155824,0.01442784,0.1261188,0.003516479,0.02696143,0.01662064,0.2552406,0.08679886,0.0878215,0.1584875,0.002253934,0.002103621
346.6102,0.1721878,0.01463306,3.962e-60,0.07945344,0.1721005,0.3531314,0.101926,0.1933312,0.05865322,0.05826999,0.5058425,0.07290364,0.6679069,0.02784105,0.006761084,0.2347686,0.1321614,0.4731998,0.1606655,0.02914699,0.04477295,0.01101943,0.4640283,0.05273152,0.03557013,0.1243791,0.06387554,0.09225746,0.2362673,0.06488545,0.04044083,0.03799641,0.02616471,0.1412591,0.103872,0.04034447,0.2621159,0.08494319,0.0995078,0.3379321,0.2365888,0.404257,0.02552779,0.3524741,0.00822654,1.112164e-24,0.2522977,0.04674828,0.1718273,0.243926
347.4576,0.139354,0.3730332,0.3790791,0.202365,0.2854128,0.202104,0.02689653,0.08064377,0.08921691,0.1302943,0.005579945,7.034967e-10,0.01939414,0.2488946,7.295026e-10,0.09699263,0.4359574,0.132795,0.2701763,0.1046411,0.1353425,0.2188188,0.07678,0.01782119,0.04172265,0.01586225,0.08646067,0.05541882,0.132582,0.2450337,0.06223618,0.3924221,0.1537809,0.04966901,0.06140648,0.03371862,0.06802379,0.04513134,0.09480152,0.1767988,0.3790468,7.003358e-10,0.007563364,0.1313428,0.1060301,0.2492584,0.001512024,0.07839916,0.03162129,0.1783201
348.3051,0.1034029,0.0652843,0.1969315,0.2952964,0.105671,0.01893053,0.1469696,0.3009686,0.02194995,0.004042515,0.04877457,0.1218122,0.02407072,0.1779874,0.3669587,0.1951544,0.2065597,3.050685e-10,0.05850572,0.1738632,0.02592468,0.6543647,0.3674115,0.4310782,0.3443044,0.2308215,0.007454817,0.195428,2.967525e-10,0.04750717,0.5284672,0.03098941,0.1590217,0.2744467,0.6635176,0.2313849,0.09715141,0.05238445,0.02951775,0.420145,0.04198964,0.0595384,0.3514788,0.7724548,0.1218848,0.4291311,0.09231841,0.0560123,0.2247827,2.012035e-132
349.1525,0.2971159,1.554128e-56,0.2236076,0.1833436,0.06302885,0.05817956,0.06815524,0.05466612,0.05535521,0.03161,0.1066694,0.3756497,0.009126642,0.08121547,0.0885263,0.186865,0.5747028,0.135973,0.08722358,0.07992101,0.07931684,0.09643208,0.2501115,0.003399214,0.01077813,0.0271748,0.06555976,0.1738987,0.3582812,0.1019633,0.1648625,0.06740491,0.03868424,0.05325357,0.2844544,0.09027655,0.03325566,0.04703086,0.1642998,0.2340293,0.2039442,0.4541487,1.25914e-10,0.2221944,0.06561787,2.228523e-22,0.2704929,0.2767117,0.1327072,0.1023004
350,0.03359407,0.6534941,0.5646308,0.06240215,0.2795746,0.01120936,0.1770128,0.07469691,0.07273373,0.3185261,0.6640517,0.08077818,0.03353271,0.2288574,0.06510486,0.1599915,0.3842864,0.1318797,5.385784e-11,0.1547193,0.1092246,0.06242399,0.3878308,0.2102242,0.175278,0.1503192,0.03662737,0.04829558,0.04607982,0.3631339,0.03394259,0.4225749,0.2178305,0.003662778,0.7884382,0.05458147,0.02511237,0.02240832,0.2119523,0.3157754,0.0184808,0.2265833,0.07503795,0.02936574,0.06579133,0.6644486,0.004983808,0.144673,0.02910956,0.3996279
350.8475,0.02055396,0.08859398,0.1521973,0.3904811,0.03011371,0.03232046,0.01030688,0.1015325,0.06801642,0.01576704,0.08255129,0.2070417,0.06657744,0.1555458,0.1265975,0.003769297,0.05042639,0.2625087,0.01891774,0.1919611,0.7280885,0.06700445,0.07127762,0.02309753,0.2583157,0.01846675,0.05698766,0.111048,0.08279195,0.1040223,2.462772e-11,0.03898847,0.2546403,0.4707169,0.134606,0.06544883,0.1011126,0.1175167,2.366512e-11,0.06230732,0.6700051,0.02397821,0.03929707,0.002938738,0.1732206,0.009669096,0.0250868,0.2247844,0.0185758,0.1915026
351.6949,0.04401322,0.2738312,0.3235094,0.01458325,0.2216687,0.06176154,0.1602315,0.05324852,0.2178921,0.08033386,0.4707035,0.1153617,0.2060397,0.04876873,0.01182644,0.07016973,0.2912047,0.0597224,0.161682,0.5021427,0.1278898,0.1075291,0.03255699,0.4457247,0.006530432,0.03085521,0.2660789,0.01951882,0.1089605,0.1094894,0.5703013,0.03798229,0.07943331,0.6758605,0.1819912,0.08402254,0.2260244,0.0564379,0.2580851,0.1416484,0.8172581,0.05261149,0.03435115,0.05924462,0.005491227,0.002013255,0.09738265,0.02107525,0.1267984,0.8329811
352.5424,0.3438507,0.005636494,0.008918803,0.08902648,0.0706436,0.08924288,0.01532107,0.3117564,0.06226051,0.09214704,0.2824379,0.1087362,0.4890109,0.310428,0.01268741,0.3027796,0.1051898,0.02553196,0.03462998,0.1091515,0.2447382,0.2520266,0.02555007,0.284671,0.1304498,0.1042974,0.6726512,0.01113027,0.2639769,0.03041685,0.1594216,0.1840095,0.02291831,0.2432574,0.1600331,0.03988309,0.3345852,0.07592242,0.1502157,0.04567843,0.04686028,0.4426693,3.735796e-12,0.3675281,0.2791822,0.0569271,0.1263866,0.2462344,0.2249101,0.03447838
353.3898,0.06834376,0.4274743,0.0302987,0.2299917,0.148314,0.08787553,0.1557301,0.2831165,0.03777151,0.03789116,0.1633373,0.1252967,0.3832183,0.2250633,0.009201525,0.09619551,0.07402328,0.009157309,0.1758003,0.4183114,0.2121255,0.1880484,0.04624777,0.1117335,0.05621302,0.3311295,0.08142983,0.05881561,0.06859293,0.05081447,0.1703959,0.1300927,0.002722512,0.3377463,0.1877508,0.2515639,0.3613005,0.1354859,0.007247177,0.05878189,0.1706098,0.7629215,0.402122,0.1424583,0.2000413,0.06739993,0.1184475,0.5840941,0.1410139,1.123304e-141
354.2373,0.1358444,0.02501491,0.08346458,0.2044047,0.07685031,0.3146041,0.08880682,0.5955216,0.3546058,0.1661946,0.1336861,0.1535193,0.1717306,0.1338439,0.2637396,0.1565073,0.07856507,0.1617525,0.02627086,0.1083318,0.06340273,0.1008949,0.2285577,0.495231,0.3901455,6.553371e-13,0.02281719,0.1487626,0.07591243,0.07207031,0.06951245,0.1407109,0.1625725,0.2590748,0.5435015,0.04702114,0.1112712,0.1398931,0.6561294,0.009988038,0.2262037,0.1741883,0.2949417,0.1013241,0.1288278,0.7363569,0.1792361,0.2153435,0.277594,0.03832728
355.0847,0.05666577,0.1772436,0.07126326,0.1143886,0.02073432,1.816379e-48,0.1516095,0.05655784,0.4834094,0.05135713,0.3040348,0.02506025,0.02291854,0.4541956,0.03131934,0.1901473,0.2875264,0.05755463,0.140163,0.09135948,0.02224546,0.1171029,0.02194721,0.1233979,0.2337823,0.01493501,2.304704e-13,0.1180483,0.7276847,0.3007211,0.08916103,0.06972262,0.1140646,0.3097839,0.3801794,0.1108531,0.1364197,0.1014993,0.1727639,0.05042648,0.3665152,0.2901228,0.0007087102,0.2872227,2.209366e-17,0.02012297,0.003420261,0.035192,0.2519538,0.04092036
355.9322,0.2877079,0.08664362,0.8407499,0.05432877,0.1889235,0.8029974,0.5144314,2.052963e-47,0.1810978,0.09009436,0.3745935,0.001966293,0.2140045,0.6473835,0.1790071,1.039703e-13,0.02559596,0.355046,0.04196975,0.5775088,0.1188401,0.1051635,0.102906,0.4192776,0.9001616,0.17895,0.3421953,0.3111364,0.05893094,0.1196261,0.114546,0.2786187,0.1365567,0.1073079,0.6893652,0.3246732,0.02287518,0.6061031,0.0005598851,0.06891171,0.02187875,0.01624032,0.2846733,0.1449741,0.009665094,0.1721276,0.1057292,0.4672354,0.2131526,0.01908584
356.7797,0.3543288,0.03535674,0.4404757,0.2651329,0.06171797,0.323258,0.2327326,0.2212606,0.0573832,0.09696556,0.06815361,0.07844625,0.1182432,0.0306704,0.6897107,0.1273163,0.07568894,0.07351946,0.002434036,0.3100825,0.0823994,0.09167462,0.02252818,0.5304877,0.01145026,0.01865581,0.0505707,0.1098937,0.08024933,0.2678619,0.2347291,0.05095059,0.1436465,0.008580627,0.06303497,0.2379895,0.0338407,0.0251137,0.0020738,0.06972765,0.1156059,0.5259921,0.1038201,0.1240236,0.08175912,0.07995149,0.0212679,0.06650442,0.3119814,0.06930103
357.6271,0.1070312,0.02122543,0.5889438,0.04419764,0.1696069,0.09733746,0.1348922,0.05643191,0.1770615,3.455204e-45,0.2764442,0.01538084,0.1193082,0.2882815,0.1005183,0.04150745,0.2963628,0.01486588,0.1162232,0.04420756,0.1820562,0.3346324,0.07916533,0.03772411,0.03503413,0.1113949,0.1730243,0.4593317,0.7901824,0.1794755,0.3920098,0.07291466,0.01431878,0.08240983,0.001594165,0.3646174,0.2266867,0.1722171,0.03073067,0.1129527,0.1627494,0.3476026,0.01186579,0.002524072,0.009685598,0.02588352,0.003409995,0.01365835,0.5961204,0.31287
358.4746,7.59832e-55,0.2933537,0.4462482,3.428744e-44,0.2255916,0.05501849,0.1560844,0.06531813,0.1301884,0.002820261,0.09258718,0.09282467,0.03471323,0.09819843,0.1926861,0.215585,0.006836869,0.1875195,0.004839665,4.49411e-15,0.1337532,0.164574,0.1317366,0.2120221,0.6961241,0.2285243,0.2392251,0.01454415,0.4757164,0.1191856,0.1740763,0.1532635,1.300639e-14,0.1037174,0.1693153,0.1569126,0.2113061,0.04516105,0.116668,0.07777912,0.1485642,0.1735687,0.0495883,0.1317559,0.2287484,0.4588826,0.2308674,0.2198592,0.1474569,3.058128e-151
359.322,0.01933515,0.2181663,0.05124367,0.2746021,0.09119245,0.1378079,0.01444446,0.160483,0.07373859,0.05342106,0.2512855,0.1129818,0.03127295,0.0341612,0.4487491,0.07187271,0.06617294,0.01569417,0.09972394,1.622744e-15,0.1242214,0.04617093,0.07839547,0.203281,0.1065843,0.0204405,0.1094765,0.0124484,0.5933018,0.1237908,0.2424956,0.06436928,0.03408,0.02629776,0.05171131,0.04996938,0.2889999,0.213696,0.3744097,0.1985733,0.06453536,0.1896446,0.2516108,0.007752561,0.1698215,0.04400777,0.001780659,0.0597026,0.01280077,0.04572274
360.1695,0.0372529,0.1365009,0.2775189,0.1499841,0.2578724,0.1545156,0.6414512,4.059785e-42,0.06899724,0.02708185,0.004129708,0.09155762,0.0754919,0.08261076,0.1146889,0.07227365,0.08795261,0.0989952,0.1827219,0.3625285,0.1634015,0.04964886,0.04942634,0.1887108,0.04300777,0.08116788,0.275934,0.056492,0.04036016,0.2778401,0.1399823,0.2827037,0.1563708,0.283548,0.08699508,0.1133863,0.03384455,0.01037732,0.3269156,0.3405389,0.1166701,0.05833164,0.03589774,0.09729778,0.1211713,0.06511413,0.1519363,1.21747e-13,1.215881e-13,0.2477483
361.0169,0.1041272,0.00710393,0.1554754,0.2978905,0.04807366,0.05445762,0.06867276,0.1474803,0.2178803,0.3966446,0.3662305,0.3504919,0.1572445,0.4401202,0.127815,0.2223785,0.02610537,0.0563044,2.047054e-16,0.04203273,0.1887881,0.1792642,0.112067,0.02329383,0.1208073,0.05857131,0.1875161,2.43587e-16,0.1387067,0.01653662,0.1013366,4.64719e-13,0.0533719,0.04440213,0.03284448,0.09952678,0.05356544,0.05773832,0.0999959,0.05231616,0.6667915,0.04988524,0.03317261,0.09156949,0.1221795,0.1643511,0.06462126,0.04359856,0.08386843,0.4793893
361.8644,0.09031386,0.1792269,0.08373388,0.2860681,0.02920679,0.03428678,0.068824,0.1012054,0.06752494,0.04700777,4.664828e-40,0.002420002,0.2873054,0.06269747,0.1467238,0.01646361,0.1779959,0.1164363,0.5586704,0.09894265,0.05221118,0.1276562,0.005109319,0.01829452,0.09056377,0.05230656,0.3648241,0.2137516,0.09417275,0.1085598,0.1238145,0.4133613,0.1859253,0.2510716,0.2488369,0.6624226,0.04646817,0.2677387,0.08778432,0.04125074,0.1583659,0.0002591702,0.05382315,0.2167048,0.1173538,0.2215622,0.08513429,0.1615904,0.1016825,0.05793241
362.7119,0.1161175,0.2134837,4.692075e-39,0.7158391,0.356468,0.08298671,0.4862447,0.04214834,0.1503442,0.159831,0.4844879,0.04838419,0.1705065,0.5961939,0.007918184,0.05177295,0.1587424,0.04908951,2.408708e-17,0.06186964,0.2402999,0.08102876,0.1210619,0.4119889,0.007731478,2.656769e-17,0.1039068,0.1388748,0.1805405,0.01968023,0.2611709,0.01290896,0.1157233,0.002602593,0.02801953,0.2466924,0.09275815,0.1092206,0.07485082,0.1897639,0.1214328,0.008984143,0.0364113,0.0005574934,0.2070889,0.03729553,0.889148,0.4887275,0.1337922,0.02443288
363.5593,0.1062534,0.07639983,0.1539137,0.1703488,0.07737411,0.257013,0.4223175,0.06649335,0.08262048,0.2197279,0.003416637,0.07639482,0.1192631,0.04067131,0.01748936,0.129223,0.1240311,0.6020609,0.03720976,0.03893606,0.001470963,0.08599394,8.427297e-18,0.02065118,0.1171295,0.6226716,0.2845716,0.04997748,0.0417835,0.05993992,0.04220633,0.3189408,0.0355216,0.3361305,0.08459693,0.1720998,0.3197314,0.1126138,0.184376,0.3549722,0.5525136,0.1344161,0.1264498,0.1834601,0.2573672,0.1861974,0.2200823,0.08876657,0.04227523,0.1034259
364.4068,0.00572824,0.07221733,0.02277415,0.0333744,0.1358596,0.19531,0.1015568,0.08430411,0.07542888,0.4550452,0.02628601,0.006716008,0.108827,0.1595649,0.01769765,0.2232921,0.1019597,0.1567529,0.4929017,0.09056737,0.1842317,0.08014988,0.04601108,0.003936536,0.09968374,0.9822975,0.5317879,0.08869246,0.05528056,0.03458986,0.1126035,0.06131066,0.3299768,0.1182664,0.1882358,0.301002,0.02135953,0.5369526,0.1544928,0.0251684,0.03886142,0.2008825,0.08946584,0.3873797,0.05970825,0.05862396,0.1424204,0.3279476,0.2394242,0.00836793
365.2542,0.00410507,0.7711905,0.237485,0.01495343,0.05267253,0.3467012,0.09957432,0.0483483,0.2708332,0.004305357,0.2551493,0.1112439,0.02723786,0.1903508,0.1165121,1.024564e-18,0.2671538,0.3403056,0.2911667,8.615149e-19,0.07678063,0.01074576,0.07752886,0.1956916,0.1032089,0.1184958,0.1418352,0.5396718,0.1256787,0.07724949,0.3532001,0.09166499,0.3203109,0.5068,2.126546e-10,0.294811,0.2281846,0.0577203,0.04575633,0.2535985,0.04704814,0.2290879,0.3631161,0.0920371,0.2323008,0.02640081,0.2676276,0.04675247,0.9969799,1.765564e-164
366.1017,0.1268466,0.3051318,0.2216541,0.05607573,0.1943297,0.0618086,0.0552457,0.2735887,0.1243525,0.07228556,0.7642203,0.1716263,0.03338776,0.3489364,0.0847419,0.09951585,3.048828e-19,0.2904469,0.02092513,0.09661546,0.002420162,0.1166833,0.2865048,0.2973581,0.04089907,0.1129041,0.02175992,0.08517496,0.03505283,0.001637714,0.4055229,0.03621788,0.8605045,0.01733616,0.2944953,0.01722818,0.2288812,0.1436536,0.01161098,0.01176694,0.429211,0.04033337,0.7132109,0.0520595,0.3030766,0.3652279,0.02859546,0.1308993,0.09812244,0.1327923
366.9492,0.02936511,0.1627228,0.05444627,0.05477073,0.01718243,0.0662995,0.1061849,2.713557e-34,0.2777473,0.07033445,0.2995142,0.1923199,0.3585933,0.1084417,0.03110056,0.05177398,0.2869739,0.07439041,0.2071252,0.09244181,0.02072582,0.5502371,0.1727963,0.1720933,0.4362146,0.1475262,0.2485095,0.03687025,0.1781487,0.1248201,0.1457273,0.09622241,0.1953425,0.5967552,0.006062441,0.001525554,0.5361467,0.2415547,0.02566343,0.2119076,0.1489605,0.008382351,0.2135883,0.2185403,0.1387924,0.03757702,0.1106654,0.08124851,0.2022903,0.2153042
367.7966,0.06539988,0.007716144,0.01122982,0.02304075,0.3084543,0.01442321,0.1724744,0.1855297,0.03683365,0.09352508,0.07549667,0.1071543,0.4597329,0.07427381,0.2251336,0.06907367,0.08593452,0.1848374,0.7921466,0.04758237,0.06894751,0.1555325,0.159568,0.004777788,0.3617343,0.1587362,0.2115334,0.006465188,0.0133471,0.4594312,0.1980628,0.0520906,0.07412202,0.1218622,0.2509191,0.4407736,0.130138,0.05997411,0.1410409,0.06039115,0.04905666,0.07878992,0.1641147,0.04558366,0.06381518,0.4247197,0.1168689,0.0001890982,0.007119114,0.1404771
368.6441,0.07148574,0.1096148,0.07124218,0.4681734,0.09397058,0.1452682,0.04351786,0.04028989,0.4697586,0.06161735,0.08518454,0.6078176,0.310645,0.06650801,0.04417572,0.7196498,0.5697115,0.06801576,0.1753391,0.1396067,0.1909753,0.08914457,0.5554442,0.06669552,0.0007966525,0.08387123,0.01980563,0.02345148,0.1317074,0.09222316,0.2080396,0.1037729,0.06365807,0.349632,0.6959203,0.2610297,0.007683995,0.01665153,0.003343598,0.09434053,0.2361156,0.0128155,0.2845429,0.1791808,0.1653723,0.05219276,0.08263303,0.1278135,0.0427364,0.05488747
369.4915,0.01637128,0.01988197,0.08689833,0.2513941,0.1179929,0.008934597,0.07544764,0.1415069,0.1228395,0.1674556,0.0790079,0.1724824,0.4126986,0.209475,0.1952011,0.0412658,0.02867756,0.347486,0.09584183,0.03384347,0.2972627,0.07245195,0.009138945,0.5467031,0.07987866,0.1698974,0.3098962,0.09954325,0.07346604,0.07063913,0.1813139,6.055975e-08,0.2639971,0.00949641,0.412248,0.511505,0.2289168,0.1523389,0.02645922,0.02533965,5.873799e-08,0.07633413,0.01074018,0.0004853628,0.5798761,0.1456948,1.138639,6.036939e-08,0.1345997,0.1074503
370.339,0.200137,0.01539315,0.08785208,0.334425,0.3278356,0.01483602,0.2917522,0.02911653,0.07681162,0.1178824,0.03589254,0.1404394,0.1521679,0.01293251,0.1993402,0.0732236,0.2871886,0.08925491,0.02441476,0.2324016,0.04965153,0.06459557,0.05593681,0.2210148,0.04798248,0.1850027,0.1374529,0.4656274,0.783347,0.4844142,1.697382e-07,0.1982443,0.1486125,0.01501405,0.2713355,0.04715126,0.3241655,0.006522526,0.9773139,0.3578251,0.5255198,0.09374535,0.05733026,0.0834642,0.152037,0.4005097,0.04008174,0.04282748,0.003512669,0.1919668
371.1864,5.368701e-43,0.2351519,0.2694476,0.9281914,0.06090681,0.4150935,9.736244e-30,0.1319921,0.767282,0.01985482,0.05925933,0.2016755,1.126268,0.2852312,0.04126414,0.0212491,0.1831865,0.09131233,0.1193916,0.07417565,0.1539127,0.2113083,2.351041e-22,2.333059e-22,0.1578763,0.3142386,0.1069709,0.4019211,0.05231818,0.2126244,0.308696,0.01112598,0.1218374,0.2541246,0.06354006,0.37453,0.6770926,0.02966146,0.07710663,0.5303682,0.1847997,0.2095908,0.05423376,0.1368734,0.1550452,0.00991892,0.001766766,0.6728188,0.1816479,0.2037764
372.0339,0.201624,0.0772118,0.01568663,0.05024848,0.1375963,0.4099188,0.02992384,0.07511107,0.1337874,0.04675308,0.3411578,0.1476247,0.09836991,0.008667224,0.1040686,0.07066454,0.35344,0.07982607,0.3181309,0.131698,0.02825687,0.05339117,0.04212339,0.6071128,0.01308215,0.163841,0.08758576,0.2996687,0.09270341,0.1050123,0.05486417,0.2223384,0.2934032,0.3992864,0.04599221,0.1377235,0.4676704,0.09152029,0.03484212,0.06595502,0.1608175,0.04641415,0.03372714,0.005329346,0.6095343,0.1040315,0.2070308,0.01840952,0.02193306,0.03824984
372.8814,0.1292173,0.1582868,0.1833788,0.04292063,0.01570663,0.02849222,0.004270803,0.4132436,0.2685693,0.005896939,0.3122162,0.3613138,0.04538162,0.004283224,0.5726506,0.009825216,0.1392531,0.05054584,0.2939754,0.0599062,0.2420086,0.1445388,0.04932137,0.08213933,0.2024245,0.1325427,0.1346115,0.07752675,0.2806549,0.02582604,0.123467,0.0920355,0.08024796,0.07714329,0.07605334,2.695784e-06,0.2166846,0.1464178,0.01287306,0.5803424,0.2463061,0.2841141,0.1050613,0.3338025,0.008245752,0.1237931,0.2723145,0.1054515,0.422876,0.1732489
373.7288,0.1728064,0.2296553,0.006185327,0.7464232,0.4712028,0.1002003,0.08838272,0.2532125,0.06893733,0.009815317,0.2826205,0.04530058,0.09005431,0.1515635,0.6818554,0.1447311,0.03368727,0.303591,0.1517968,0.02675236,0.04801546,0.1006848,0.03707531,0.1016905,0.06291307,0.00643593,0.1451235,0.008653388,0.01677709,0.1819426,0.02426408,0.4261661,0.06637703,0.09747199,0.006171971,0.2399308,0.04607364,0.3487171,0.03286185,0.08055523,0.3292455,0.1695436,0.0379053,0.01058502,0.03504383,0.05749844,0.6120184,0.135866,0.2630046,0.3416191
374.5763,0.2298299,0.1787957,0.05352744,0.05093969,0.2474167,0.07148603,0.0442932,0.0669959,0.5378432,0.06498405,0.007776319,0.2032466,0.1835599,0.06147349,0.4642534,0.03989835,0.04615247,0.162148,0.1149058,0.133842,0.05728228,0.04180575,0.293584,0.04544629,1.562345e-24,0.1523015,0.5043858,0.2606306,0.09233184,0.04683422,0.01288917,0.1426861,0.3047349,0.4933345,0.6669584,0.06736998,0.189878,0.181893,0.1867461,0.07299093,0.2613141,0.1678846,0.1105599,0.1554806,0.00809378,0.2072662,0.1456246,0.06349282,0.05315193,0.4738402
375.4237,0.01589215,0.004277118,0.1638398,0.05591989,0.1486645,0.2520743,0.3181837,0.1124036,0.2089784,0.1753799,0.2055593,0.1549078,0.1284493,0.01474359,0.1129129,0.1124124,0.09521158,0.5640019,0.02329308,0.2365827,0.0935761,0.1603401,0.5260481,0.01334768,0.08281474,0.03599433,0.08683337,0.05709746,0.07110795,0.1964377,0.08635443,0.0778171,0.1681139,0.2740583,0.07017133,0.2263114,0.04885019,0.03172603,0.02668614,0.2814925,0.005292161,0.09933962,0.2214386,0.2250787,0.05026483,0.04878571,0.1032142,0.0007719782,0.05177864,0.05821087
376.2712,0.06976525,0.01581795,0.01820879,0.4320387,0.09294113,0.05784432,0.3524754,0.0724806,0.1738109,0.07438516,0.01813243,0.02707062,1.02425e-24,0.02299403,0.003252372,0.001214464,0.1690492,0.210574,0.215365,0.05089845,0.0002780558,0.1028817,0.1994804,0.01406271,0.2908166,0.01739039,0.5560112,0.05907246,0.05006167,0.03242503,0.09387289,0.1352707,0.1805195,0.208275,0.1374328,0.2206541,0.05467531,0.08894422,0.02137101,0.1277842,0.1449404,0.06915415,0.02877675,0.4493032,0.01310779,0.3576877,0.08448023,0.1063778,0.03979991,3.560978e-187
377.1186,0.1539326,0.2500525,0.007177115,0.1841771,0.209023,0.06979575,0.2458901,0.06396812,0.1976499,0.05789049,0.07077259,0.02389523,0.06217123,0.01307653,0.2044377,0.295451,0.4638595,0.01112345,0.2613005,0.113003,0.4409475,0.01559902,0.08680688,0.1486969,0.06161341,0.1370084,5.517331e-24,0.2449727,0.1539435,0.1523898,0.07893202,0.03803646,0.551005,0.2990347,0.1951955,0.7083296,0.04936718,0.1245607,0.1145165,0.008480059,0.0461347,0.2257579,0.505056,0.07503461,0.1056059,0.2463049,0.4351474,0.207541,0.02770246,0.05741219
377.9661,0.5265592,0.368561,0.07684332,0.8261975,0.07762304,0.07217031,0.04323784,0.4012289,0.2027218,0.008382172,0.1329474,0.2113629,0.1645849,0.07588953,0.1293101,0.2136805,0.3499078,0.04725539,0.0369991,0.1833583,0.1465501,0.151848,0.5142134,0.05852338,0.09253926,0.2369734,0.04874326,0.3442267,0.509287,0.6654316,0.09000213,0.0004464655,0.01484611,0.5609748,0.2512517,0.1138168,0.03134568,0.0004277956,0.1185812,0.2250662,0.09844111,0.3501552,0.1173346,0.2066618,0.04044808,0.2350081,0.3516802,0.09943563,0.3474094,0.2402409
378.8136,0.222671,0.1753378,0.07763379,0.006579905,0.4619432,1.77625e-22,0.3536902,0.0037205,0.3542918,0.04265653,0.6869683,0.02551547,0.03792086,0.1874085,0.04561198,0.02292457,0.1715364,0.1462882,0.2119565,0.008311777,0.09153425,0.01276075,0.07142158,0.06995751,0.05396583,0.1521048,1.868791e-22,0.2889817,0.3721829,0.2695672,0.06352961,0.06549029,0.5378049,0.09055453,0.05124959,0.2222025,0.0380983,0.4207577,0.3024653,0.05239504,0.1507612,0.05085428,0.2203602,0.06476248,0.008200789,0.1410934,0.3423674,0.1512455,0.1652867,1.277184e-192
379.661,0.2348533,0.05875946,0.1606697,0.1429176,0.1789615,0.2648711,0.2013339,0.1091116,0.6688857,0.4163759,0.05670739,0.1650367,0.09404299,0.08486075,0.06143188,0.3724044,0.1118431,0.1059851,0.5803725,0.0591155,0.09103513,0.1546193,0.0504266,0.02120067,0.4883494,1.065865e-21,0.10035,0.1640426,0.06837793,0.1653482,0.06358282,0.05502024,0.01044847,0.1220105,0.01628686,0.07534634,0.1713155,0.0715488,0.07603485,0.1479257,0.3009619,0.09643303,0.2861078,0.7684478,0.01187088,0.08128735,0.3464309,0.00668145,0.1413544,0.007027674
380.5085,0.1435368,0.03242204,0.01410946,0.02972165,0.2659952,0.2234656,5.726262e-21,0.1240425,0.2919398,0.02154565,0.4057626,0.07905597,0.1399364,5.241135e-21,0.3135212,0.0232905,0.2234792,0.1511431,0.06381275,0.2543447,0.06859592,0.004530424,0.05373846,0.2799202,0.01754746,0.09174108,0.01296404,0.03227498,0.05915222,0.3764658,0.04945073,0.1550574,0.1956108,0.116633,0.1713968,0.02752846,0.009481857,0.3799503,0.269406,0.1786952,0.01955278,0.01941168,0.07897928,0.1065293,0.03997092,0.04431227,0.09339352,0.04229914,0.2276008,0.009613445
381.3559,0.2352683,0.009504669,0.1785402,0.1261075,0.0336531,0.2198834,0.07242495,0.05851763,0.1294879,0.9422558,0.06654008,0.3324321,0.05678415,0.00774413,0.02197194,0.03054627,0.2582201,0.1888646,0.08835433,0.01772319,0.2171695,0.04853627,0.3250624,0.07412502,2.730472e-20,0.03032692,0.04752809,0.07171728,0.1821191,0.03898902,0.04699087,0.1625765,0.03322841,0.144914,0.3916095,0.7566945,0.1837902,0.1329575,0.1921153,0.2412667,0.181394,0.186029,0.06473022,0.1071321,0.1255802,0.194659,0.500638,0.03048096,0.02194391,0.1948391
382.2034,0.125436,0.268305,0.04591676,0.2323502,0.09547578,0.1148734,0.1117635,0.01288864,0.1984641,0.4193003,0.0896942,0.03793084,0.01739966,0.03692632,0.3057306,0.06500953,0.1285387,0.5512313,0.1776547,0.1256331,0.06435569,0.1161154,0.09686158,0.09853836,0.1162549,0.1147411,0.2213846,0.1859646,0.2979576,0.3317412,0.0464734,0.1297442,0.08431854,0.02526508,0.07017433,0.1237036,0.2281114,0.141714,0.1031903,0.093717,0.1176948,0.2323379,0.4960293,0.3832486,0.1494341,0.3444061,0.3103066,0.4120986,0.1155359,0.00613527
383.0508,0.05135026,0.03181738,0.5254951,0.0342998,6.597543e-19,0.1393481,0.06816526,0.1357885,0.08084804,0.02039946,0.08664467,7.371586e-19,0.06229945,0.6630239,0.5274535,0.2250186,0.2099558,0.2139037,0.07246789,7.569272e-19,0.9650878,0.0002131698,0.1021991,0.07138491,0.07863559,0.02573686,0.02896893,0.2630415,0.1414402,0.3654476,0.1491561,0.2978986,0.1504732,0.3268058,0.04115806,0.08608524,0.1567612,0.05830443,0.4040716,0.1197563,0.1781115,0.1789298,0.6247044,0.07283302,0.2498481,0.09495503,0.05922393,0.2105527,0.08967536,0.08326232
383.8983,0.522802,0.4821522,0.218506,0.3617076,0.1520495,0.1923324,0.05683122,0.1994096,0.01795195,0.2354074,0.0544158,0.4192551,0.1281709,0.07141635,0.04397595,0.08536118,0.2682791,0.2865679,0.122997,0.05887912,0.0138661,0.05360124,0.08585169,0.21751,0.1154203,0.570526,0.05534656,0.03051595,0.3310843,0.2472983,0.08155098,0.0411889,0.06003987,0.04249151,0.3490271,0.0691299,0.225528,0.1166374,0.3172513,0.0702651,0.07950442,0.4023904,0.04641987,0.1001637,0.3791356,0.05107904,0.0760662,0.1974418,0.1131998,0.1487831
384.7458,0.1539918,0.005977022,0.5663947,0.1000774,0.03558342,0.07794157,0.1346887,0.606748,0.05643173,0.2163895,1.601363e-17,0.003649333,0.05876712,0.193961,0.1769761,0.1812803,0.07430209,0.04831127,0.02816422,0.1411387,0.1198298,0.05001324,0.00361422,0.6584723,0.07073017,0.1531815,0.1917049,0.02575647,0.1036145,0.2351966,0.1569064,0.2444278,0.08975691,0.1839236,0.4618053,0.09611877,0.1354829,0.1945244,0.1017699,0.1849023,0.3304992,0.6691505,0.08937999,0.1406698,0.3840739,0.08528727,0.2564271,0.08694727,0.08850956,0.21327
385.5932,2.676239e-31,0.0359275,0.09129911,0.07685428,0.07165759,0.1346759,0.07306488,0.03751355,0.0178676,0.05127371,0.6937237,0.07669131,0.03681973,0.6237682,0.1304965,0.4473097,0.0362044,0.2468482,0.002676544,0.0431189,4.514005e-05,0.03924177,0.06657569,0.2108669,0.04531631,0.07868552,0.05180942,0.02164477,0.2739561,0.1616792,0.1190404,0.1601856,0.2309648,0.1328255,0.2011229,0.1157943,0.2232053,0.3378234,0.1261902,0.1195531,0.4935808,0.1203419,0.5246794,0.1610256,0.2769801,0.1041336,0.4861344,0.257764,0.1298034,0.1265976
386.4407,0.3106537,0.1042797,0.4415286,0.06582755,3.049903e-16,0.03613587,0.2869546,0.1615451,0.01210665,0.16529,0.1374792,0.05589765,0.2588031,0.2918546,0.4618133,0.4151872,0.3304696,0.5111292,0.1431888,0.08592992,0.02267419,0.3493205,0.0515768,0.01238185,0.2380393,0.1065539,0.07927154,5.929483e-33,0.3317367,0.2305701,0.2574403,0.5230766,0.1919884,0.4745427,0.164788,0.2949102,0.1621499,0.3389695,0.2560338,0.2209053,0.2032914,0.5141057,0.2458302,0.2856719,0.3418431,0.3074675,0.5195861,0.2237967,0.2548416,0.04152912
387.2881,0.006673842,0.9301396,0.1109724,0.02241115,0.1341367,0.01284491,0.03071791,0.1150972,0.17427,0.02447481,0.3192623,0.09931245,0.003231155,0.0363541,0.04847582,0.07774188,0.2660391,0.2170815,0.1064375,0.1342921,0.05860143,0.03901978,0.07445932,0.3942886,0.09217305,0.3633567,0.03370421,0.2428949,0.4260775,0.3160904,0.3783983,0.3881164,0.2931089,0.4055345,0.4179128,0.4261259,0.2616583,0.2917141,0.6016594,0.3352408,0.6018599,0.3066078,0.567177,0.2785795,0.3276576,0.252061,0.3131634,0.3294932,0.4243831,0.3765308
388.1356,0.1306269,0.1172175,0.008311743,0.01568722,0.04558255,6.079194e-15,0.06627928,0.1019378,0.177737,0.2041724,0.3919649,0.1316325,0.04953943,0.1078231,0.2951769,0.3626366,0.06027041,0.6317906,0.05205989,0.04272474,0.05359463,0.04483705,0.007555636,0.1070584,0.1824935,0.3671144,0.267108,0.2194881,0.4854397,1.038023,0.4666254,0.7037566,0.5438674,0.4214962,0.975209,0.5696301,0.6087337,0.5366299,0.6708255,0.5778711,0.5348886,0.8563045,0.4885954,0.5479405,0.4909862,0.3865055,0.5700797,0.6161136,0.5248341,0.1884509
388.9831,0.1571109,0.08704121,0.215374,0.009628969,0.1626309,0.02185471,0.2638598,0.1592865,0.2533996,0.2416928,0.296785,0.0593464,0.07763664,0.1425462,0.03811268,0.06484921,0.2861108,0.2348822,0.4320264,0.3145549,0.09954819,0.02507573,0.4072284,0.0198091,0.1248671,0.04335578,0.02057749,0.1266914,0.8744328,0.6992491,0.8857916,0.8638517,0.96038,0.7256509,0.8382073,1.187453,0.6344766,0.6324858,0.6840759,0.9475141,0.8999017,0.6717796,0.8816686,0.5807214,0.9187226,0.8042841,0.6700421,1.227822,0.7058083,0.01179904
389.8305,0.03075168,0.1440932,0.03152097,0.1259016,0.01340758,0.04376652,0.06798342,0.1905828,0.2869051,0.4856014,0.03150346,0.2272373,0.01630735,0.06001404,0.008682157,0.1207148,0.2460443,0.2914523,0.04569518,1.021512e-13,0.6037384,0.189045,0.008959996,0.2973753,0.1875127,0.367462,0.008595788,0.122867,1.098724,1.242714,0.9417682,1.045524,1.161775,1.100923,1.131798,0.8711859,0.9351972,0.9967712,1.053223,1.003649,0.9298825,0.9129384,1.423638,0.8434621,0.9305209,0.821706,1.693177,1.020612,1.197525,0.1467127
390.678,0.04085085,0.364685,0.1492324,0.07708366,0.02410704,0.06502282,0.008409466,0.539397,0.01966583,0.1452481,0.424447,0.07704007,0.6317085,0.2152596,0.0063121,0.1532952,0.192989,0.3089085,0.2659004,0.01883793,0.08362315,0.1480663,0.01390774,0.163562,0.2270596,0.05823152,0.1294789,0.2543767,1.457071,1.409558,1.517981,1.584851,1.479962,1.25251,1.159131,1.908768,1.290243,1.298156,1.321939,1.439208,1.714882,1.365239,1.342559,1.303685,1.358162,1.364943,1.794808,1.311461,1.396644,0.1936065
391.5254,0.04294828,0.01144975,0.08994818,0.3254423,0.1676234,0.1013333,0.1783517,0.1487063,0.05821382,0.2245523,0.246044,0.09183414,0.05160964,0.2725254,0.0117732,0.0200488,0.3909037,0.004887479,1.35602e-12,0.1367872,1.268046e-12,0.05536594,0.03873665,0.07830813,0.8856251,0.03957364,0.01890675,0.01726051,1.876539,1.866723,2.001762,1.821681,1.954138,1.847441,1.809682,1.567881,1.555772,1.741258,1.703118,1.850567,2.09429,1.646872,1.814874,1.605154,1.922026,1.683567,1.812884,1.937167,1.877093,0.166104
392.3729,0.1460571,0.03460221,0.1653471,0.0004689801,1.290053,0.06189517,0.1866942,0.07140238,0.09307673,0.108222,0.4056167,0.2257297,0.06703324,0.2321585,0.04046668,0.5043888,0.05249993,0.3808463,0.07394823,0.0745992,0.1060634,0.1787725,0.004129112,0.0188067,0.2386338,0.04915727,0.3666214,0.05472788,2.521663,2.481935,2.431029,2.328171,2.33324,2.225457,2.307505,2.687958,2.020563,2.374928,2.6808,2.551928,2.42427,2.952097,2.451806,2.213824,2.373473,2.052255,2.559672,2.407147,2.638234,0.0400535
393.2203,0.1665138,0.1848094,0.007462593,0.1225404,0.2295583,0.09742107,0.1554475,0.03789222,0.06310219,0.04514257,0.02542848,0.2863618,0.03334972,0.006358113,0.1361876,0.1469654,0.03527883,0.03474121,0.4012592,0.005076357,0.01421498,0.1901267,0.2467631,0.2829221,0.1524619,0.135124,0.3423111,0.02729272,3.296425,4.190973,2.970272,2.970681,2.979681,2.913601,2.60408,2.695589,2.803373,2.811484,2.845544,3.198198,2.877707,3.137597,2.967618,2.65115,3.006126,2.96516,3.198185,2.958899,2.984327,0.07792643
394.0678,0.002357218,0.1485484,0.1046337,0.08208642,0.003876458,0.00792437,0.07660591,0.02833437,0.349429,0.005219791,0.01675926,0.1584312,0.02070112,0.5306818,0.1619392,0.2916454,0.009372635,0.0963695,0.1093561,0.2512855,0.07731828,0.03061311,0.03732748,0.02503851,0.1477518,0.1921237,0.02390931,0.04700438,3.634126,3.756182,3.763378,3.706067,3.954513,3.855125,3.341013,3.654241,3.260621,3.580431,3.527676,3.873586,3.53015,3.861449,3.911769,3.339446,3.647495,3.227344,3.727453,3.875397,3.92985,0.1379945
394.9153,0.1544306,0.1512116,0.3613721,0.0651456,0.01518661,0.1275109,2.194734e-10,0.1918347,0.05038049,0.03460184,0.03643323,0.106854,0.3274279,0.06584304,0.04798225,0.1298531,0.27048,5.001638e-05,0.02671165,0.0774099,0.2094462,1.081363,0.649934,0.02890847,0.3791098,0.3372495,0.05856472,0.02394639,4.564092,4.546625,4.47426,4.553973,4.610798,4.438527,3.922092,3.998713,3.885227,4.36403,4.261097,4.600221,4.331562,4.60641,4.590912,3.931651,4.40657,4.296667,4.677653,4.776798,4.386874,0.05956731
395.7627,0.009330445,0.2509483,0.09895295,0.07953809,0.09952028,0.0213073,0.06963005,0.01881127,0.0420201,0.02246356,0.2507297,0.003897757,0.3838652,0.1241993,0.1993963,0.06065733,0.1315753,0.355252,0.3869259,0.03054557,0.2732578,0.08455939,0.03104364,0.2092784,0.2082313,0.03786982,0.3220716,0.1237736,5.15067,5.344899,5.623308,5.23818,5.232353,5.01875,4.60643,4.71217,4.564565,5.493763,5.167645,5.622983,5.069429,4.903174,5.066038,4.809984,5.169648,4.704345,5.222097,5.516573,5.14214,0.01182774
396.6102,0.602416,0.1327988,0.1709065,0.03703393,0.1085788,0.1951815,0.1392424,0.2835072,0.02100251,0.1031896,0.537476,0.0314219,0.05355236,0.0221123,0.07749082,0.04195656,0.436892,0.06168325,0.73485,0.06582917,0.6728459,0.1062388,5.407142e-05,0.1124105,0.08308939,0.1201185,0.02708401,0.0659649,5.894002,6.092734,6.160603,6.031102,6.056694,6.254658,5.50528,5.407228,5.489301,5.623257,5.701492,6.06456,5.790938,5.556206,5.802967,5.757958,5.923229,5.10076,6.301334,6.055327,6.004728,0.02413553
397.4576,0.1026782,0.1390195,0.2986364,0.1716629,0.2381726,0.1476262,0.05343585,0.0483753,0.1685019,0.1802044,0.09385087,0.5976792,0.01717958,0.291308,0.2274685,0.1397812,0.4272719,0.07236675,0.2008638,0.1245049,0.005357953,0.8406951,0.02920704,0.1373781,0.03152872,0.4636789,0.08985935,0.0475968,6.6473,7.272829,6.625716,6.745705,6.801844,6.554025,6.363959,6.079815,5.698762,6.265382,6.417007,7.066893,6.511769,6.013666,6.416713,5.806916,6.533901,5.699375,6.603708,6.698636,6.540512,0.001336345
398.3051,0.1169845,0.4583044,0.1027992,0.480358,0.1252383,0.08800362,0.0005265599,0.242602,0.232767,0.2235861,0.2089664,0.05331446,0.06556402,0.02046313,0.02732183,0.1081937,0.2553997,0.02824505,0.1691544,1.991257e-08,0.03658487,0.0499696,0.5074208,0.03750439,0.1461616,0.1205046,0.05493718,0.1557845,7.078162,7.291661,7.32072,7.117741,7.437295,6.835638,6.227954,6.270676,6.121314,6.865478,6.851252,7.171828,6.814951,6.625163,6.857186,6.191558,7.325219,6.071194,7.102813,6.92475,7.075106,0.1715925
399.1525,0.001739072,0.1042946,0.6429289,0.06504571,0.07611034,0.1028264,0.009980635,0.1385568,0.244761,0.2453349,5.339843e-08,0.03931227,0.2096269,0.4944373,0.105708,0.09213042,0.05297,0.04966521,0.2676437,0.2741205,0.02312982,0.4384607,0.05242025,0.3550983,0.1423399,0.02544535,0.338918,0.1276225,7.293849,7.587975,7.551285,7.425733,7.32544,7.079242,6.5981,6.662845,6.802334,6.965939,7.193426,7.790063,7.168419,6.764685,7.271927,6.500912,7.526515,6.433891,7.555345,7.229667,7.615299,0.01214656
400,0.05334826,0.03075347,0.2690454,0.00478768,0.07790722,0.08408439,0.002376392,0.09969604,0.08058784,0.004297699,0.09029916,0.06066711,0.123772,0.1454276,0.2806415,0.2988441,0.06956811,0.07539068,0.07713502,0.2325192,1.391541e-07,0.2126055,0.2630619,0.2580328,0.5856171,0.3951585,0.07504791,0.5004481,7.353174,8.033989,7.437317,7.769305,7.43067,7.096256,7.06314,6.970526,6.59972,7.135342,7.104243,7.820497,7.217296,6.980826,7.423685,6.521554,7.371427,6.535346,7.438324,7.365168,7.335998,0.2528936
400.8475,0.06651459,0.2315594,0.07461794,0.1284137,0.1625094,0.2104724,0.05077452,0.02094286,0.2075578,0.2713066,0.09211589,0.495447,0.1015991,0.06567715,4.220294e-07,0.01538576,0.02433896,0.4105968,0.1402181,0.2138693,0.06936188,0.138251,0.3892343,0.1197208,0.2717877,0.02475589,0.2434133,0.2468331,7.315815,7.527907,7.459291,7.399805,7.357082,7.055677,6.474655,6.507453,7.035806,7.592572,7.38638,7.514899,7.087449,7.137288,7.186389,6.493073,7.57457,6.394143,7.521381,7.701368,7.251937,0.2388101
401.6949,0.07890797,0.02344837,0.07804096,0.06956752,0.04036743,0.1027695,0.1398038,0.02738446,0.2542763,0.05899027,0.2992899,0.2587595,0.07706561,0.3837247,0.04459831,0.03391319,0.04772094,1.069333e-06,0.07587439,0.002079535,0.03045489,0.05050519,0.1000199,0.1937272,0.04461756,0.01963904,0.1080152,0.01807577,7.151782,7.317059,7.182706,6.984005,7.761646,6.766354,6.164373,6.269237,6.367465,6.722838,6.784944,7.37,6.859546,6.493883,7.278115,6.236555,7.122028,6.027863,7.250085,7.61891,7.090691,0.04584159
402.5424,0.02622251,0.1371295,0.1839407,0.001510293,0.06651099,0.2974959,0.02990545,0.2911862,0.136401,0.1251778,0.06367221,0.09818847,0.1094117,0.07192806,0.001344942,0.06291493,0.2266478,0.1005737,0.6040645,0.09694607,0.1929199,0.03984752,0.0009944017,3.070009e-06,0.02932481,0.1694788,0.2158679,0.1117162,6.471602,6.756715,7.086098,6.638516,6.599122,6.216385,5.921487,5.809835,5.642491,6.432211,6.356517,6.803049,6.44163,6.023553,6.412029,5.790645,6.5647,6.255035,6.540557,6.450628,6.623786,0.0507335
403.3898,0.4023192,6.526468e-06,0.003454859,0.2023836,0.03330316,0.2534976,0.06701121,0.1493454,0.5204281,0.03175006,0.03024667,0.2065757,0.1539828,0.07631545,0.2033591,0.309729,0.1368285,0.147901,0.4466774,0.06285771,0.1694461,0.08343312,0.1831089,0.1426994,0.05776735,0.323559,0.0063972,0.1373237,5.896428,6.341219,6.082288,5.861633,5.91074,5.959325,5.276019,5.361775,5.271181,5.711289,5.956473,6.378397,5.769478,5.668157,5.794813,5.353254,6.141977,5.165005,5.911068,5.854473,5.90627,0.02763444
404.2373,0.213908,0.1508477,0.1858465,0.2052177,0.1832678,0.2084301,0.39649,0.2564118,0.03819815,0.2808654,0.1987795,0.06346945,0.5981227,0.07244091,0.1864125,0.1346666,0.1175096,0.1351456,0.02991855,1.81851e-05,0.5271637,0.2084435,0.2542669,0.07403589,0.02269871,0.04066316,0.2216953,0.3136827,5.109501,5.930655,5.602667,5.276717,5.183739,4.959119,5.213053,4.651353,4.502606,5.078758,4.973255,5.516013,5.422047,4.943678,5.221329,4.55269,5.19601,4.67101,5.194256,5.140631,5.467175,0.1463015
405.0847,0.08920681,0.01509939,0.2283121,0.02641623,0.2896346,0.02804301,0.1137674,0.2296386,0.06942211,0.002283627,0.08790012,0.08960449,0.4029657,0.004844084,0.02867552,0.3793029,0.4229547,0.1833586,0.03083801,0.05844905,0.03636515,0.1115935,0.06277554,0.1020286,0.0888948,0.06311409,0.01789869,0.2105169,4.637592,4.581972,4.531529,4.434177,4.530693,4.310248,4.132252,3.940924,3.834934,4.257871,4.594935,4.754798,4.29457,4.180334,4.336306,4.147198,4.535167,3.988421,4.482867,4.424157,4.564058,0.06894698
405.9322,0.1737158,0.04004974,0.3642831,0.18062,8.583038e-05,0.08301291,0.6311092,0.03396666,0.03865697,0.1329083,0.007549894,0.02606893,0.2560767,0.185413,0.1539418,0.113029,0.2428769,0.1032676,0.2877108,0.1161895,0.04250478,0.3252024,0.2589254,0.02546576,0.08620808,0.0001015039,9.94622e-05,0.4492699,4.097572,3.794588,3.68245,3.780886,3.832913,3.700126,3.712261,3.42231,3.252612,3.788389,3.529972,3.846037,3.835162,3.424644,3.599718,3.342334,3.846391,3.274993,4.136055,3.759266,3.623462,0.1190984
406.7797,0.0551521,0.2548901,0.1151184,0.6078173,0.4577939,0.002019191,0.09492177,0.1447263,0.1109217,0.03775987,0.0524503,0.1604443,0.4715018,0.07523299,0.1019164,0.2897985,0.179664,0.1157509,0.001690167,0.06774494,0.1943238,0.00777412,0.215827,0.01587693,0.1803367,0.1448499,0.03960154,0.06184376,3.14677,3.345397,3.035144,2.982646,3.160174,2.900757,2.743779,3.301233,2.559883,2.964827,2.902144,3.173229,2.866622,2.926978,2.977397,2.722012,2.986206,2.650827,3.68908,2.957339,3.154157,0.0720278
407.6271,0.05521707,0.2807767,0.09213657,0.09854732,0.4416696,0.187829,0.1578316,0.3139557,0.1133154,0.2067889,0.000441608,0.3598959,0.120357,0.0004436638,0.2269236,0.4605672,0.05314194,0.1086543,0.0004387752,0.3141899,0.05528945,0.04858374,0.04939251,0.1001617,0.05809624,0.02105948,0.1027022,0.08121332,2.470013,2.428163,2.554505,2.4502,2.825438,2.56565,2.369899,2.070869,2.105634,2.592755,2.698456,2.470162,2.234224,2.341426,2.480546,2.08326,2.58331,1.994806,2.324803,2.557558,2.335427,0.07498717
408.4746,0.05123769,0.02048379,0.1589178,0.009300292,0.3721088,0.01304099,0.3646781,0.05526081,0.04956785,0.220344,0.05684329,0.24859,0.1375331,0.7804753,0.1160204,1.36741,0.1433873,0.09764767,0.08265911,0.1129437,0.3980504,0.009753032,0.1295321,0.1295812,0.1905065,0.01730877,0.05247063,0.1667562,1.874878,1.888872,1.821017,1.815433,1.83143,1.684293,1.657142,1.573006,1.595507,1.749638,1.69716,1.966358,1.713864,1.701609,1.753477,1.549843,1.787381,1.561878,2.466309,1.785772,1.869203,0.05385353
409.322,0.1005904,0.001783482,0.01906502,0.8653554,0.0223514,0.0307662,0.176091,0.03166457,0.2543958,0.06146594,0.01298694,0.04435487,0.0131724,0.01275972,0.3222482,0.1273521,0.1728128,0.1486228,0.3583111,0.046832,0.1882431,0.2673318,0.2009186,0.07704723,0.1529429,0.02241412,0.1555052,0.1887923,1.29076,1.410125,1.386244,1.421988,1.393084,1.302869,1.279784,1.223282,1.1296,1.641877,1.307651,1.530781,1.425162,1.40176,1.273808,1.156941,1.404989,1.198625,1.342614,1.353858,1.344788,0.08098444
410.1695,0.1181645,0.2888276,0.03066192,0.2263703,0.04368587,0.1752119,0.09363433,0.2009839,0.2406095,0.3639298,0.05319262,0.1879782,0.04865945,0.1419565,0.08600409,0.1820144,0.0387277,0.08171704,0.3954786,0.09429961,0.6875464,0.3441695,0.06621712,0.03552507,0.06117217,0.1493906,0.08963171,0.1528693,1.254982,1.00689,0.9400136,0.9720732,1.071181,1.090721,1.068862,1.18821,1.011678,0.8910251,1.141299,1.21867,0.9397262,0.8647381,1.063624,0.8919308,1.034214,1.253429,0.9437008,1.351629,1.01678,0.004094403
411.0169,0.1239627,0.04313534,0.03261597,0.01335878,0.4260424,0.1226713,0.4024321,0.1115049,0.368053,0.4208146,0.2813991,0.04043566,0.05911992,0.08313758,0.2850758,0.06146447,0.006781909,0.05441509,0.2298196,0.1679216,0.01889399,0.03053665,0.2405232,0.05873695,0.2399006,0.1473002,0.09082908,0.1708128,0.8816711,1.086206,0.8228463,0.7864931,0.9622275,0.8382434,0.702318,0.7302491,0.5944002,0.7611467,0.9565601,0.6749131,0.704928,0.603351,0.6392585,0.9617495,0.8094825,0.6257635,0.7221325,0.7186041,0.8040299,0.03805959
411.8644,0.05765837,0.1189878,0.0255676,0.1714864,0.126425,0.0141318,0.3241292,0.07253348,0.1255796,0.1533203,0.1212676,0.418954,0.06751475,0.2229744,0.3715905,0.1896898,0.1302444,0.2039314,0.2455033,0.04885228,0.03663784,0.1986269,0.2065021,0.04917715,0.5113742,0.1885412,0.05285183,0.140438,0.535335,0.5432383,0.6724392,0.4406176,0.4501649,0.5676929,0.4538919,0.5730323,0.4194217,0.7638253,1.023074,0.6983529,0.8211579,0.4947969,0.4770277,0.4887818,0.5040341,0.3976326,0.4462724,0.6223756,0.5324841,0.003655395
412.7119,0.003139071,0.1701305,0.02525648,0.1594207,0.1763314,0.2264234,0.4678933,0.1347556,0.07253279,0.1858322,0.486334,0.2705018,0.4133875,0.08299565,0.1894899,0.4517208,0.08497609,0.09984132,0.06410513,0.06962101,0.2793486,0.0526016,0.3672714,0.2352343,0.06442064,0.2617104,0.2413963,0.2342825,0.4088601,1.003512,0.5183993,0.330723,0.2955981,0.3550837,0.3116423,0.5128046,0.2853128,0.3328802,0.2814523,0.3278499,0.3863293,0.5937551,0.2989057,0.2661901,0.4290995,0.4609387,0.8883972,0.7156308,0.5129857,0.1455955
413.5593,0.02264296,0.07991993,0.2744974,0.176152,0.1409166,0.1745967,0.2417431,0.3563115,0.2805474,0.2404514,0.204717,0.04959256,0.05651893,0.4584719,0.3159371,0.1475267,0.05447362,0.2363888,0.3394334,0.1836037,0.09545576,0.07763086,0.1082285,0.1612822,0.0465846,0.102151,0.2266541,0.2488168,0.2305998,0.3312703,0.1916166,0.1963332,0.5215869,0.3351523,0.2482313,0.3494661,0.2492802,0.5603629,0.3585891,0.3272101,0.4513932,0.1951464,0.3105748,0.2121956,0.5044173,0.1983916,0.2622429,0.9713777,0.2662934,0.06172883
414.4068,0.119257,0.1423956,0.1165716,0.1188347,0.6324295,0.2960506,0.08341121,0.1492014,0.5137815,0.1720631,0.9870138,0.1065666,0.3400917,0.5669591,0.4081765,0.4104281,1.05111,0.3337292,0.08559558,0.1687474,0.4052983,0.3426289,0.09118424,0.3220626,0.09622739,0.1268089,0.1624146,0.04156568,0.2143429,0.1773456,0.5830871,0.3113633,0.1837387,0.3863498,0.2504757,0.1445783,0.1788531,0.1293617,0.2016434,0.1195531,0.5739772,0.1447127,0.224987,0.1073833,0.1651662,0.5702568,0.3001828,0.499022,0.1387009,0.07843675
415.2542,0.2368862,0.2165536,0.2626171,0.1214463,0.2074721,0.5980456,0.1733782,0.2815443,0.6593314,0.2088614,0.1834134,0.1814347,0.1403253,0.3155908,0.1624616,0.3818806,0.1461448,0.4077312,0.1574213,0.2305768,0.6524366,0.2596228,0.2151167,0.1681335,0.1718171,0.399249,0.138165,0.1158904,0.117405,0.301969,0.1299537,0.1295109,0.1527809,0.3205515,0.2419633,0.2009644,0.09885943,0.630027,0.2220017,0.4963705,0.09107488,0.151322,0.3402063,0.1325575,0.1017413,0.2066983,0.1827725,0.1219388,0.09816514,0.4858938
416.1017,0.2050186,0.2544479,0.3377626,0.3366278,0.2686099,0.3526331,0.4993028,0.251111,0.3620745,0.771162,0.3620322,0.4137292,0.2408224,0.2300642,0.7749359,0.7473411,0.3678813,0.214115,0.2857101,0.7120148,0.4873182,0.8924879,1.095884,1.062135,0.9084347,0.253657,0.3387767,0.154729,0.1630115,0.2764208,0.1119504,0.05032483,0.2360859,0.2852686,0.03856411,0.2279943,0.09486252,0.1776183,0.108057,0.534123,0.1827752,0.393613,0.5345222,0.2269217,0.4732872,0.1486464,0.3891748,0.2573751,0.1043335,0.01929368
416.9492,0.3667513,0.3826001,0.4121019,0.3102684,0.4857575,0.5928347,0.4841529,0.3428927,0.6174885,0.3583443,0.5105522,0.3421538,0.6007048,0.3820778,0.4091318,0.6694946,0.4932413,0.7455888,0.3470908,0.3632412,0.4703018,0.3472755,0.3764759,0.5162933,0.4881911,0.3866637,0.9866319,0.04957553,0.07541894,0.2028052,0.08986918,0.2718836,0.2717413,0.02876093,0.1835819,0.153905,0.08796165,0.1212317,0.03710202,0.474078,0.04549728,0.2518661,0.07537698,0.02466491,0.05857923,0.5272471,0.1414314,0.2628546,0.3639371,0.02805921
417.7966,0.2398953,0.5587256,0.58417,0.6051756,0.4822734,0.6467468,0.922462,0.7059107,0.6871174,0.6189292,0.5002606,0.7915407,0.6094012,0.5025894,0.6223905,0.8818694,0.5750432,0.6932625,0.6239888,0.5399934,0.6396956,0.5855891,0.8219103,0.7427548,0.5611464,0.6892186,0.9818429,0.06360777,0.07862218,0.1222393,0.3460145,0.06293305,0.1896076,0.1545842,0.09215866,0.1238586,0.04665388,0.3823281,0.1550465,0.01347021,0.1045448,0.01212872,0.01774379,0.01156394,0.2526188,0.1015631,0.267321,0.3596997,0.09375785,0.3635452
418.6441,0.0128601,0.8624812,0.8238456,0.9555454,0.714654,0.8135815,0.8226922,0.7316472,1.016196,0.822718,1.525439,1.24835,1.184956,1.187119,1.005411,0.9069475,0.8865603,1.067176,0.7499235,0.8421779,0.7349653,0.8499573,0.8175289,0.8385455,0.7557941,0.949656,1.013504,0.3264019,0.08481284,0.07659774,0.07450321,0.08238969,0.07075544,1.077366,0.1824964,0.2924268,0.4731685,0.2352542,0.09864386,0.06598829,0.4226319,0.03231582,0.063515,0.06837942,0.7453504,0.04514589,0.1568324,0.2532337,0.03876927,0.09298101
419.4915,0.2666393,1.101476,1.163968,1.055047,1.096673,1.286264,1.222288,1.251274,1.418968,1.258831,1.293728,1.415787,1.242371,1.08536,1.305139,1.232845,1.172639,1.399828,1.119749,1.565295,1.017434,1.23203,1.099069,1.31371,1.549889,1.246383,1.294336,0.03445703,0.192231,0.04356741,0.1077437,0.4863987,0.003720965,0.06109054,0.003265369,0.1014719,0.09777012,0.09071479,0.1503073,0.08417199,0.09872166,0.01575249,0.05943277,0.1533374,0.02821481,0.02115157,0.2696357,0.07051429,0.1241678,0.9070573
420.339,0.2064434,1.427141,2.093688,2.004221,1.782181,1.889193,1.827781,1.597421,1.855118,1.723509,1.574124,1.765928,1.844768,1.687662,1.635066,1.625933,1.789582,1.643674,1.54558,1.989179,1.460284,2.050909,1.496904,1.73509,1.800573,1.80621,1.653243,0.06603733,0.2502006,0.1063535,0.05188178,0.4963161,0.2736386,0.1308232,0.3083784,0.1479044,0.09437013,0.1275639,0.03995658,0.01938969,0.1495335,0.03966745,0.2167935,0.1074817,0.09211643,0.1840243,0.1734657,0.1552106,0.08540263,0.0321891
421.1864,0.05342557,2.183679,2.171617,2.099258,2.19256,2.31155,2.62001,2.076606,2.477969,2.347057,2.539568,2.294416,2.576493,2.116798,2.150385,2.161419,2.018699,2.057527,2.084166,2.490713,2.342813,2.215059,2.013051,2.418114,2.232234,2.357156,2.653236,0.02518319,0.04780503,0.09586424,0.06751411,0.00092885,0.03779032,0.1598977,0.08810591,1.397594,0.4620042,0.1448125,0.05680186,0.1917202,0.2366857,0.2682044,0.07774716,0.003021872,0.1162754,0.2394067,0.3638258,0.2636315,0.2201152,0.1316613
422.0339,0.007498581,2.646041,2.990736,2.963262,2.644761,2.979482,3.203555,2.598444,3.069339,3.200117,3.046705,2.903911,3.187823,2.917867,2.897969,2.822351,2.58771,2.923105,2.76986,3.349755,3.135219,2.943738,2.652816,3.05085,3.038853,3.082523,3.381241,0.8312782,0.08454398,0.003892156,0.1266672,0.335531,0.1772257,0.1631842,0.005785722,0.02791016,0.403896,0.5040637,0.02009657,0.05528488,0.5983445,0.1012906,0.3945824,0.2731777,0.04636936,0.04388463,0.1266492,0.3219979,0.03187231,0.1077773
422.8814,1.450349e-09,3.437704,3.709745,3.585842,3.481567,3.707451,3.96194,3.626471,3.928231,3.991266,3.736416,3.774595,3.996242,3.914302,4.427722,3.64451,3.368121,3.580899,3.696964,3.9046,3.426143,3.921182,3.475956,4.213825,3.846613,4.005103,3.880605,0.2758565,0.03343032,0.2400604,0.1812775,0.05592805,0.09509715,0.09456894,0.01610207,0.1190084,0.07775578,0.0303855,0.06987127,0.1351571,0.1481674,0.1962732,0.633816,0.05175255,0.1422388,0.5654605,0.03595147,0.06397272,0.01745115,0.02635649
423.7288,0.01300999,4.340199,4.588572,4.618137,4.616802,4.666716,5.043422,4.393128,4.905042,4.933171,4.596038,4.739059,5.317872,4.514833,4.81127,4.648306,4.205127,4.831161,4.457787,4.896209,4.751485,4.803198,4.322724,4.978291,4.471611,5.00815,4.869002,0.1824249,0.1007721,0.3853742,0.03074669,0.03289492,0.1975259,0.2030327,0.02484596,0.07561556,0.1602014,0.1782894,0.1732925,0.002173115,0.2308702,0.08123937,0.07247766,0.3128299,0.3038843,0.3234852,0.08408163,0.004978858,0.1577807,0.02704108
424.5763,0.1140495,5.263389,5.646438,5.691266,5.309895,6.018754,6.48087,5.129434,5.958027,6.429519,5.536038,5.936826,6.596462,5.617934,6.298632,5.762403,5.191639,5.41013,5.780123,5.907286,5.287479,5.974634,5.33011,6.155632,5.617391,6.387172,5.96096,0.005990407,0.03462738,0.03816906,0.05647837,0.1742116,0.3365749,0.1359872,0.04919518,0.08971231,0.04842238,0.002746701,0.05582606,0.02778228,0.001359357,0.01126872,0.1193835,0.07185891,0.06027858,0.02255762,0.1023379,0.01533733,0.04721278,0.02823006
425.4237,0.1447954,6.12365,6.795457,6.289269,6.074683,6.845017,7.103619,6.16979,7.128703,7.184648,6.515729,7.056437,7.565652,6.537959,6.937608,6.756044,6.195704,6.455702,6.485713,6.962957,6.010357,6.929925,6.215879,7.337233,6.416332,7.337331,7.098137,0.05298554,0.04268857,0.1729904,0.0035595,0.1331823,0.4896421,0.3669625,0.1173988,0.0458504,0.3598696,0.03394112,0.1098656,0.08861233,0.002674259,0.01419792,0.2111301,0.03582844,0.03131731,0.07496236,0.3381785,0.02270595,0.2301128,0.1621398
426.2712,0.05913107,7.039721,7.622696,7.15543,7.234762,7.901946,8.242422,7.022528,8.183225,8.229435,7.731591,8.094298,8.266961,7.537166,8.007183,7.56483,7.158627,7.543193,7.606671,8.179114,7.267132,8.322615,7.322325,8.275092,7.438088,8.285571,8.650445,0.01018475,0.07496123,0.6663234,0.07537947,0.06273077,0.237081,0.1667245,0.02193,0.01505331,0.09496378,0.01846584,0.2232882,0.007610825,0.1131399,0.1451586,0.02334184,0.0476688,0.2278847,0.1568748,0.1578786,0.05011932,0.1331714,0.09568443
427.1186,0.109597,8.107204,8.445696,8.004939,8.046205,8.607403,9.231179,8.046658,9.561244,9.210955,8.329714,8.80909,9.198636,8.410729,8.967387,8.910154,7.795991,8.4253,8.296413,9.036936,7.98734,8.988867,8.108423,9.484741,8.32082,9.3863,9.103234,0.02152033,0.04241465,0.05163552,0.04557583,0.1000975,0.1938933,0.3736184,0.1917313,0.1395852,0.3519461,0.02246107,0.3528943,0.1354785,0.07095451,0.2596858,0.384809,0.07941739,0.2018957,0.3588463,0.452704,0.2895077,0.2987187,0.4099016
427.9661,0.01823373,8.535067,9.320815,8.645794,8.514763,9.390701,10.06892,8.914771,9.878738,9.949246,9.195522,9.62034,10.06078,9.390531,9.883265,9.172846,8.624959,9.217429,9.045269,9.773188,8.589224,9.742875,8.885818,10.02084,9.295864,10.0667,9.897342,0.0517627,0.1554665,0.08489411,0.006082909,0.5431,0.229396,0.3217695,0.1968123,0.338112,0.03437692,0.326018,0.1340981,0.1090947,0.01422662,0.003851376,0.2615257,0.06218899,0.13885,0.006258345,0.08824193,0.04770761,0.1350225,0.003892238
428.8136,0.005544835,8.987529,9.751376,9.209514,10.15495,9.907521,10.70112,9.043823,10.34538,11.04795,9.588223,10.59458,10.72868,9.840849,10.04995,9.854577,9.187869,9.484115,9.751693,10.36088,9.196792,10.31174,9.213235,10.76554,9.493528,10.7642,10.42012,0.0602083,0.209652,0.07151887,0.3600984,0.3718453,0.0611158,0.1226591,0.06758195,0.03900939,0.1018151,0.1604725,0.1080278,0.02202104,0.03496304,0.03714634,0.1885496,0.3512962,0.2038896,0.01504934,0.1772219,0.7604238,0.06956583,0.3197214
429.661,0.1859892,9.365111,9.999001,9.741145,9.21034,10.51498,10.88175,9.378698,10.98329,10.88365,9.886042,10.3128,10.86092,9.918461,10.31473,10.06833,9.270197,9.785402,10.02719,10.68605,9.55004,10.48769,9.524455,11.26155,10.15898,10.94074,10.85372,0.06032144,0.2127611,0.02706725,0.1329889,0.477059,0.05634798,0.4013488,0.05042454,0.2746841,0.05612202,0.06425705,0.03230921,0.1742787,0.5021999,0.06938361,0.0641843,0.469307,0.4543835,0.07312899,0.2590689,0.04877637,0.08461128,0.3323453
430.5085,0.3019291,9.382278,9.944327,10.51798,9.295656,10.25091,10.94594,9.348448,10.72084,10.75343,10.03112,10.34477,10.97096,9.941448,10.35624,9.989639,9.514999,9.914514,9.812954,10.79534,9.161588,10.64092,9.547703,11.13499,9.792905,11.15919,10.76182,0.2249656,0.1872787,0.4733061,0.3329407,0.152768,0.0777415,0.305205,0.1047055,0.1315171,0.1357135,0.1860281,0.5574536,0.2833639,0.3089595,0.08490731,0.3757796,0.1559487,0.1436937,5.254507e-08,0.3638417,0.01528152,0.1632793,0.265605
431.3559,0.6349213,8.924593,9.689989,9.137024,8.958506,9.822235,10.58388,9.104066,10.50125,10.6388,9.574088,10.10352,10.68495,9.754676,10.10042,10.00791,9.142461,9.559272,9.67925,10.3711,8.987956,11.23547,9.328466,10.64211,9.905201,10.72101,10.54627,0.3921318,0.2247652,0.1775566,0.2323738,0.302162,0.8819941,0.3443868,0.2857057,0.2824312,0.2445444,0.212686,0.2294013,0.2342543,0.1872369,0.7282282,0.2125593,0.2466009,0.04845546,0.8090992,0.1848929,0.2198739,0.05188822,0.7936891
432.2034,0.4374316,8.512614,10.19615,8.52298,8.468864,9.692234,9.990913,8.437058,9.7049,10.03127,9.139588,9.755528,10.30168,9.378749,9.646437,9.670277,8.729774,9.212558,9.264276,10.04214,8.67791,10.2381,9.208899,10.35958,9.300144,11.15736,10.11511,0.4366651,0.3994655,0.6780381,0.4858944,0.5307498,0.5019421,0.3446759,0.4289944,0.3567253,0.4109305,0.3841299,0.4019326,0.5180976,0.6523691,0.5343172,0.703485,0.5642762,0.594091,0.04487209,0.1045861,0.1117739,0.04074991,0.006288178
433.0508,0.6181704,7.917159,8.772311,7.768908,7.814241,8.572568,9.245171,7.747137,8.871067,8.975175,8.601807,9.617931,9.777267,9.035261,9.259098,9.148569,8.359628,8.815039,8.891432,9.630892,8.318046,9.875908,8.739484,9.729961,8.934903,9.824083,9.829038,1.006318,0.7631706,0.9233842,0.9109974,0.8134423,0.8423963,0.7043749,0.7407455,0.9920407,1.308797,0.8067765,0.775023,0.8530986,0.8235046,0.85789,0.8596785,0.8250269,0.5638868,0.1258836,0.2301444,0.4088224,0.4849202,0.05558029
433.8983,0.1603678,7.505274,7.481956,6.93947,6.851823,7.500899,7.970796,7.058864,7.981905,8.215674,7.276636,8.957118,9.626507,8.814234,9.012594,8.970754,8.185968,9.231106,8.700253,9.192692,8.122847,9.258547,8.570496,9.385924,8.892818,9.54486,9.188008,1.751725,1.37961,1.796438,2.432009,1.988797,1.944515,1.428048,1.419014,1.431164,1.587317,1.433225,1.443323,1.355587,1.836251,1.605812,1.347419,1.724191,0.07781041,0.5030904,0.08065259,0.4104253,0.02259795,0.5832869
434.7458,0.05724451,5.982809,7.01023,6.180345,5.967489,6.639426,7.578788,6.315545,6.928348,6.98602,6.608286,8.933954,9.231742,8.800149,8.925765,8.99125,8.234155,8.798416,8.817939,9.019263,8.224697,9.221791,8.342654,9.260023,8.539071,9.567137,9.024918,2.715861,2.203732,2.154927,2.510621,2.680088,2.777201,2.222367,2.453839,2.312207,2.85623,2.540646,2.487714,2.295037,2.710422,2.398129,2.312074,2.287082,0.1646056,0.02986701,0.1655318,0.2756096,0.0511221,0.1501656
435.5932,0.05998709,5.232849,5.8107,5.222996,5.526304,5.48122,5.82317,5.323795,5.862684,5.848657,5.28168,9.382801,9.374432,9.307126,9.24327,9.530687,8.683345,9.036692,8.813025,9.251853,8.600455,9.476759,8.722177,9.708701,8.916748,9.701401,9.313822,4.325245,3.680517,3.61109,4.46825,4.084086,4.723868,3.771864,3.662271,3.583148,4.762412,3.86303,3.740306,3.474578,4.14035,3.976578,3.628891,4.090463,0.009109286,0.08290077,0.1677285,0.002870543,0.01544455,0.3131965
436.4407,0.09328008,4.505854,4.368663,4.313496,4.080413,4.62039,5.136978,4.035756,5.092345,5.091626,4.471499,9.893722,9.933118,10.14052,10.03314,10.32702,9.608998,9.602368,9.725986,9.647068,9.430322,9.900908,9.399289,10.15981,9.647935,10.40436,9.71987,6.21897,5.410835,5.03642,5.800111,6.018675,5.923854,5.075636,5.503718,5.216748,6.096128,5.74241,5.642691,5.116908,6.010876,5.287788,5.07664,5.213413,0.01884006,6.530401e-05,0.04823635,0.05094854,0.08325708,0.2502884
437.2881,0.161931,3.322685,3.592416,3.339319,3.251575,3.868783,3.855562,3.240855,3.79709,3.96579,3.607016,11.16301,10.66803,11.15248,11.16776,11.5281,10.58158,10.57634,10.20975,11.24228,10.35119,10.88551,10.32764,10.82486,10.795,11.26251,10.50061,8.648268,6.859932,7.086579,7.58517,8.137973,8.046314,6.783275,7.11327,7.128263,8.076362,7.635771,7.499346,6.729376,7.902334,7.63825,6.693883,7.097088,0.1876349,0.136549,0.1498303,0.1004336,0.3351232,0.108455
438.1356,0.03924072,2.720492,2.738496,2.654643,3.243723,2.822074,2.989909,2.769139,3.244683,2.981038,2.735123,11.69286,11.7915,12.57982,11.99277,13.12977,11.66421,11.62681,11.23177,11.24852,11.41149,11.97161,12.0361,11.68907,11.9237,12.26106,11.30938,10.2878,8.556494,8.180679,9.236146,9.825185,10.17852,8.438583,8.831399,8.655791,10.07088,9.303678,8.913176,8.759581,9.846192,8.917767,8.394029,8.687829,0.1806666,0.01955989,0.01707764,0.2571822,0.06058741,0.03914399
438.9831,0.1689371,2.050957,2.143251,2.029565,2.000747,2.256636,2.505331,2.033855,2.439994,2.531691,2.336638,12.43808,12.29412,13.06917,13.11,13.52512,12.58062,12.15701,11.71433,11.91202,12.83288,12.41593,12.04327,12.54913,12.35348,12.91732,12.1428,11.43967,9.836885,9.436386,11.24843,11.25045,11.14647,9.59133,10.49182,9.922738,11.34712,10.74346,10.63617,9.552817,11.24906,10.11309,9.601438,9.917465,4.651835e-13,0.05603902,0.03670208,0.03959186,0.08302485,0.4547219
439.8305,0.0009261842,1.766387,1.82163,1.634283,1.680279,1.851089,2.204196,1.930663,1.994907,1.890724,1.78875,12.53246,12.20483,13.38327,12.7857,13.98884,12.7546,12.18569,12.77604,11.97255,12.28992,13.00859,12.39099,12.39448,12.42397,13.11647,12.48033,12.07059,10.2342,9.901345,11.26203,12.54775,11.86938,10.16058,10.68467,10.67354,12.06594,11.26594,11.01953,10.10588,11.93654,10.59712,10.12795,10.57737,0.08819456,0.06106715,0.09530854,0.04976008,0.00633219,0.01016088
440.678,0.0637882,1.842718,1.637348,1.660932,1.414939,1.606174,1.712621,1.7169,1.749682,1.758727,1.504495,11.9194,11.69301,12.80112,12.63793,13.19431,12.25017,12.02724,11.42701,11.65977,11.85698,12.22418,11.73351,12.48664,11.928,12.55706,11.87648,11.83392,10.06844,9.68603,10.99863,11.68168,11.56322,9.888299,10.43611,10.24508,11.80822,11.06405,10.54828,9.873665,11.6267,10.4037,9.920551,10.35901,0.1204825,0.3332746,0.06742466,0.1237482,0.05198602,0.1712883
441.5254,0.1335053,1.562921,1.808743,1.51551,1.404784,1.563245,1.593255,1.759177,1.651523,1.723885,1.609731,10.95715,11.27397,11.72855,11.21344,12.05472,11.47707,10.92842,11.27677,10.36426,10.86905,11.05834,10.69976,10.95575,10.99984,11.60873,10.46454,10.73153,9.357308,8.75179,9.9674,10.64836,10.22533,8.917957,9.418864,9.281966,10.57501,9.978235,9.40137,8.922581,10.71621,9.300951,8.866648,9.485827,0.2382064,0.3038758,0.1166719,0.1813016,0.4864312,0.06390966
442.3729,0.03135444,1.574978,1.70489,1.778572,1.517464,1.725816,1.917429,1.707011,1.902008,1.78213,1.674973,9.77281,9.342059,10.12651,9.95417,10.65696,9.643859,9.265079,9.015931,9.181828,9.35187,9.558638,9.444542,9.46222,9.736574,10.65831,9.397586,9.297212,7.471275,7.454463,8.128692,8.762555,8.536515,7.546098,7.934875,7.970012,8.81346,8.498841,7.810434,7.503024,9.056431,8.211791,7.363486,7.73844,0.277726,0.08632275,0.1506282,0.07261829,0.1361594,0.08762206
443.2203,0.1390861,1.88238,2.087524,2.014286,1.89856,2.249233,2.202502,1.971355,2.157832,2.319616,2.026842,8.150937,8.295157,8.525455,8.32008,8.844087,8.11832,8.037716,7.933214,8.594798,8.046471,8.133015,8.036437,8.161488,8.104296,8.852968,8.108569,6.851604,6.007288,5.633987,6.624829,6.725758,6.577217,5.718711,6.115927,5.876693,6.73341,6.727113,6.138317,5.729472,6.957231,6.710567,5.690049,5.997589,0.06634476,0.04400494,0.1051504,0.2387282,6.52668e-14,0.4212138
444.0678,0.1714647,2.603021,2.648177,2.459824,2.441051,2.65017,2.883766,2.869024,2.88582,2.855063,2.621788,7.024578,7.026258,7.219001,7.02687,7.730983,6.973045,6.88467,6.643883,6.881477,6.644109,6.99926,6.703716,7.082647,6.923565,7.308015,6.817608,4.945429,4.40441,4.174345,4.62183,4.850491,4.710625,4.210561,4.701099,4.320168,4.975739,4.614061,4.378356,4.140519,4.913322,4.328343,4.029258,4.462826,0.1126358,0.9721655,0.251072,0.0562096,0.3058449,0.1421884
444.9153,0.2361859,3.644673,3.540064,3.16448,3.15345,4.088076,3.823885,3.182335,3.627777,4.060461,3.619733,6.627601,6.395088,6.394708,6.377405,6.489275,5.989444,6.063236,5.93879,6.772786,5.961936,6.90682,6.545463,6.474526,6.093245,6.742255,6.354981,3.371821,2.921064,2.881112,2.957955,3.458493,3.445907,2.680868,3.312289,2.812171,3.135313,3.49278,2.887714,2.631639,3.129168,2.791829,2.635583,2.800871,0.07549306,0.05403343,0.3869019,0.06109003,0.1322988,0.122557
445.7627,0.06131235,4.047012,4.291527,4.319873,4.077163,4.482347,4.890132,4.269281,4.616949,5.120529,4.450231,6.238196,6.440256,6.442411,6.292908,6.201162,6.054325,5.905827,5.963839,6.306907,5.674808,6.241101,5.963172,6.381258,5.95044,7.01317,6.544316,2.39615,1.700122,1.725453,1.941795,1.919954,2.135873,2.012097,1.908321,1.668551,2.049652,1.820674,1.904472,1.674356,1.882363,1.681318,2.07054,1.878437,0.2389325,0.01924,0.0865412,0.03802013,0.01863723,0.002115376
446.6102,0.08182104,5.220166,5.448632,5.106217,4.986646,5.392452,5.840225,5.14269,5.714913,5.909652,5.670031,6.434588,6.818657,6.332657,6.552163,6.419385,6.25962,6.278553,6.081758,6.923921,5.758399,6.5686,6.2751,6.704776,6.272923,6.812666,6.589902,1.101536,0.964411,0.9262677,1.031458,1.050088,1.082318,0.9233258,1.11754,1.194358,1.089402,1.486892,1.086396,0.907163,1.206632,0.9619816,0.9897442,1.487109,0.3515118,0.3275631,1.446365,0.004388411,0.06140743,0.1500575
447.4576,0.112109,5.84352,6.552885,6.09087,5.991324,6.465158,7.432733,5.946362,6.927777,6.870527,6.274598,7.090816,7.575662,6.912239,6.970398,6.958139,6.308649,6.85882,6.851743,7.509827,6.36161,7.358894,6.463803,7.328597,6.627985,7.698386,7.188859,0.7068857,0.9360704,0.8543681,0.6561231,0.6714516,0.5563121,0.8956757,0.4915354,1.021569,0.973362,1.067123,0.8610154,0.4568766,0.543541,0.5961164,0.7180034,0.5433493,0.01500075,0.000575477,0.2552707,0.009674399,0.2665652,0.1263413
448.3051,0.6313445,6.744276,7.725723,6.832645,6.831966,7.754435,7.895083,7.211472,7.810402,7.920946,7.202883,7.882457,8.213241,7.437309,7.941916,7.804587,6.975868,7.22657,7.390487,7.919918,6.895018,7.818209,7.052598,8.049364,7.245592,8.416914,8.009608,0.5934496,0.2265213,0.5588682,0.3634091,0.5864944,0.3435273,0.5554436,0.2559472,0.2488615,0.4903484,0.2692999,0.6419372,0.2995207,0.3231993,0.2861565,0.5510109,0.3740337,0.0249145,0.09857615,0.06903229,0.9381227,0.2510226,2.804067e-64
449.1525,0.2236511,7.505031,8.185224,7.649491,7.578165,8.471843,9.128197,7.651462,8.662456,8.95266,8.221558,8.662733,9.256543,8.248389,8.458309,8.318248,7.677741,7.977042,7.940485,8.633502,7.706796,8.497391,7.691119,8.798839,7.969026,8.892451,9.543671,0.2742283,0.1105407,0.123766,0.1319838,0.1133248,0.35702,0.4336708,0.1601516,0.4095061,0.6073045,0.190102,0.1585376,0.1184271,0.5373007,0.1919795,0.2450199,0.2431913,0.06877989,0.2904618,0.1688863,0.0721964,0.07889366,0.1593132
450,0.172057,8.365659,8.810417,8.453619,8.236062,9.366229,9.772872,8.186062,9.447635,9.595362,9.341822,9.172095,9.643438,9.301056,9.087452,9.286763,8.105778,8.489773,8.679697,9.40267,8.077939,9.084822,8.44228,9.486229,8.50338,9.706916,9.289911,0.4896662,0.08846,0.09454677,0.05986829,0.4090495,0.579067,0.2481726,0.2330512,0.1840479,0.04804694,0.3280313,0.08469779,0.3937271,0.05545919,0.399815,0.1841885,0.1624227,0.1147584,0.4176249,0.2536496,0.09028447,0.3525448,0.06482689
450.8475,0.2570312,8.696617,9.356821,8.751947,8.626262,9.526794,10.2795,9.089131,9.9818,10.80931,9.231642,9.752117,10.45177,9.442241,9.532601,9.510956,8.794704,9.328743,8.900263,9.830419,8.447611,9.692616,8.622291,10.02058,8.992394,10.07632,9.750456,0.1283989,0.03205809,0.1458153,0.2395211,0.2962914,0.3349489,0.06266732,0.107005,0.1265539,0.04572277,0.0681411,0.1451781,0.01454327,0.08704949,0.2866749,0.08361881,0.5431045,0.07565218,0.1641134,0.5866355,0.356489,0.2721144,0.276924
451.6949,0.5989035,9.399749,9.778535,9.358381,9.098837,9.932287,10.87525,9.339548,10.42337,10.68583,10.22113,10.44794,10.7181,9.653083,9.967342,9.830238,8.98523,9.251798,9.262798,10.31076,8.688353,10.06423,8.888639,10.37161,9.419605,10.29235,10.1299,0.02352913,0.05085495,0.2974805,0.005564938,0.4777771,0.08039241,0.1453606,0.07533254,0.1184593,0.3704911,0.2031698,0.01883922,0.009570956,0.3963836,0.2154762,0.1021634,0.04882978,0.08193823,0.1823978,0.1762996,0.2370259,0.144842,0.02960887
452.5424,0.5404821,9.601752,10.19008,9.66355,9.462464,10.38067,10.96897,9.66376,10.86993,11.20745,10.08792,10.70258,11.0199,10.30512,10.32213,10.28238,9.302123,9.547881,9.445676,10.2815,8.879798,10.20263,9.352996,10.8266,9.492566,10.76337,10.34311,0.0202466,0.0933767,0.06035705,0.5344287,0.3380269,0.1269319,0.001616336,0.05650843,0.1706268,0.2192192,0.3980087,0.001708304,0.04413635,0.004020923,0.05877606,0.6317783,0.2961809,0.1416378,0.5087381,0.05010485,0.5023413,0.02632098,0.3818346
453.3898,0.783275,9.899443,10.55244,9.889924,9.810497,10.711,11.73205,10.24295,11.42522,11.3965,10.52362,10.89974,11.45639,10.39581,10.7909,10.69681,9.746876,9.701001,9.815842,10.56771,9.070915,10.84614,9.425399,10.74547,9.74105,10.83815,11.03655,0.201797,0.1103833,0.3083909,0.5055972,0.0005619615,0.03421937,0.04146633,0.07411446,0.2205941,0.06800571,0.0005313304,0.2974809,0.0006833213,0.07315169,0.09157832,0.144454,0.0714138,0.007690862,0.5003034,0.2181309,2.9635e-09,0.02945355,0.4534032
454.2373,0.8196115,10.43114,11.48665,10.35048,10.31773,11.21873,11.8219,10.94791,11.94812,11.91399,11.00735,11.52817,12.05073,11.03667,11.27073,11.31167,10.10281,10.10547,10.7224,11.096,9.485548,10.82142,9.588736,11.05593,9.920544,11.24398,10.94373,0.03555843,0.4176628,0.2229606,0.03672628,0.05087663,0.1605356,0.01695983,0.08253381,0.04064814,0.2260915,1.026258,0.02412471,0.02959862,0.06018181,0.2109844,0.03479104,0.1737259,0.3943452,0.4097727,0.09910002,0.03698753,0.09897729,0.05567171
455.0847,1.095378,11.09908,11.58443,11.05576,10.76013,11.90294,12.50391,10.99369,12.79175,13.12173,11.65994,12.35365,12.69369,11.46867,11.84994,12.06799,10.96898,10.37697,10.47787,11.2696,9.764972,11.41435,10.12132,11.4752,10.55607,11.53925,11.79945,0.09359356,0.265972,0.06765076,0.09639939,0.07042618,0.1107826,0.1080192,3.446923e-05,0.3006367,0.1171038,0.1875351,0.01330388,0.06095002,0.0332466,0.0952592,0.06639506,0.01954321,0.008512412,0.1805524,0.1532571,0.1263795,0.1276631,0.1778246
455.9322,1.343342,11.68185,12.75506,11.67718,11.46389,12.58837,13.19187,11.67918,13.35864,13.55867,12.40713,13.25935,13.48081,12.18797,12.62349,12.64239,11.42545,10.69778,10.73294,11.88581,10.01316,11.47174,10.56503,11.90511,10.70156,11.95314,11.83912,0.2133624,0.02811799,0.08750971,0.06594173,0.03921079,0.1176653,0.01481885,0.02036773,0.03358208,0.04901609,0.3593857,8.041142e-06,0.04782822,0.2869851,0.08432345,0.2070962,0.02958779,0.1719515,0.01829256,0.2229524,0.05223693,0.1055549,1.175813e-46
456.7797,1.754958,12.42674,13.19418,12.42308,12.21366,13.55402,14.05464,12.772,14.12497,14.2603,13.56829,14.08591,14.59693,13.0331,13.94392,13.37554,12.17505,11.10703,11.16846,12.51712,10.66798,12.08733,10.94981,12.39252,11.20453,12.46644,12.3496,0.2807651,1.710418e-06,0.6610343,0.01177466,0.2213529,0.1112382,0.03912338,0.1515392,0.02295001,0.07593109,0.2117583,0.671941,0.03909435,0.1205191,0.001029825,0.1892996,0.4020274,0.4100314,0.1511944,0.01334532,6.62621e-08,0.3551923,0.06287951
457.6271,2.288463,13.27928,14.11044,13.54688,13.19689,14.49795,14.93181,13.41093,15.49822,15.36778,14.11716,14.91668,15.52777,13.99856,14.45918,14.38085,13.18591,11.69414,11.75649,12.7048,10.96965,12.98571,11.15502,13.12407,11.6186,12.9848,12.83701,0.0893722,0.05873965,0.2102581,0.2684243,0.1078142,5.09992e-07,0.2397706,0.006610928,0.06841132,0.1941059,0.04247302,0.3924561,0.05902072,0.2157073,0.1146955,0.2423894,0.0858798,0.1636488,0.07025877,0.2210344,0.03147822,0.04289013,0.005844898
458.4746,2.870194,15.00596,15.18258,14.31442,13.90019,15.5618,15.80421,14.36115,16.15972,16.22206,14.83691,15.75311,16.36194,15.11067,15.28967,15.21895,13.79049,11.88482,12.02701,13.1298,11.14787,12.99485,11.48387,13.40771,12.07658,13.50287,13.32613,0.001681672,0.1175618,0.02835088,0.1564822,0.03006842,0.1897141,0.2772522,0.02822953,0.293552,0.1706974,0.3804293,0.05896161,0.1071177,0.04446217,0.05565141,0.02768455,0.07173543,0.07205231,0.131406,0.1060787,0.6870036,0.01582642,0.0513195
459.322,3.13349,14.96064,15.75795,14.77396,15.50672,16.28048,16.6155,15.2605,16.9818,16.98335,15.55906,16.5769,17.2932,15.42917,16.07785,16.51827,14.58777,12.27348,12.14545,13.62221,11.31697,13.03755,11.71946,13.40914,12.25872,13.58185,13.32765,0.02526807,0.2351472,0.6448998,0.001748254,0.1893006,6.026273e-07,0.01701254,0.2508048,0.06131186,0.2365137,0.05323228,0.09361541,0.05376771,0.06796624,0.4795775,0.177604,0.01335119,0.05272889,0.03096604,0.07955927,0.308647,0.008413209,0.3476045
460.1695,3.74826,15.4291,16.55769,15.3178,15.27342,16.75049,17.02992,15.78855,17.63235,17.66866,16.34832,17.06533,18.04547,16.80838,17.3558,16.6898,15.13697,12.00838,12.13084,13.34622,11.21163,12.88853,12.07391,13.42921,12.38893,13.65781,13.78984,0.564923,0.310296,0.0815794,0.32242,0.1873693,1.187865e-06,0.2237552,0.3269798,0.2864403,0.06951343,0.1257111,0.1104598,0.05693885,0.3268305,0.1434967,0.05575363,0.02779217,0.06875294,0.1593521,1.188497e-06,0.04046401,0.02410825,0.07309581
461.0169,4.40125,15.78959,16.57281,15.66362,15.39921,17.05218,17.50578,16.2423,18.28193,18.09855,16.76216,17.32938,18.1276,16.55543,17.44238,17.5544,15.48775,11.62388,12.10592,12.7367,10.95493,12.47618,11.25164,13.37645,12.06352,13.25173,12.93758,0.02613719,0.2010748,0.2008991,0.3012579,0.04226115,0.02504913,0.3641895,0.2289816,0.0574631,0.1687925,0.1393644,0.06541744,0.07839861,0.06599226,0.001689129,0.1108127,0.2520945,0.4041105,0.5147614,0.1486676,0.0264998,0.1235417,0.1456021
461.8644,5.19845,15.96301,16.88393,15.77881,15.67186,17.04042,17.57394,16.59707,18.44361,18.59718,16.87639,17.56186,18.22991,16.67191,17.2399,17.28757,15.62013,11.09559,11.25296,12.06076,10.32936,11.91578,10.67362,12.27217,11.02708,12.68363,12.08832,0.1988956,0.3141621,0.253907,0.09203742,0.03977266,0.2074163,0.06809871,0.06043133,0.1027864,1.061251,0.05602163,0.4396711,0.02604153,0.03052391,0.1719817,0.5519918,0.2245071,0.3810759,0.05727652,0.05787906,0.01036475,0.249312,0.5201379
462.7119,6.067839,16.05107,16.56636,15.79639,15.55813,16.94299,17.22853,16.50309,18.80622,17.93972,16.94032,17.5394,18.1432,16.4783,17.02089,17.35088,15.58144,10.18853,10.2195,11.12463,9.59579,11.03444,9.840579,11.58347,10.17256,11.50076,11.25128,0.2957427,0.3988595,0.0464865,8.786452e-06,0.2867503,0.4853252,0.1025267,0.1717816,0.06439688,0.4852603,0.1691182,0.3430952,0.1927596,0.04355186,0.01797154,0.2186785,7.700025e-06,0.06622274,0.1757557,0.3599473,0.08451213,0.006501262,0.02421125
463.5593,6.775075,15.9781,16.24405,15.4695,16.16244,16.68256,16.83446,16.38638,17.85417,17.75698,16.69377,17.3007,18.06887,16.07061,16.8333,17.13281,15.28896,9.282375,9.173701,9.986882,8.766657,9.799575,8.794385,10.42572,9.327677,10.28074,10.02388,4.900695e-13,0.02578194,0.3017518,0.09355292,0.04106183,1.659151e-05,0.2752873,0.3719704,0.05038824,0.1343874,0.08673356,0.02144932,0.007232532,0.7450504,0.03299161,0.02190428,0.04901628,0.8182836,0.2729531,0.2863788,0.0669808,0.228128,0.09382954
464.4068,7.283591,15.60648,15.8021,15.14397,14.90377,16.28003,16.19931,16.34842,17.3452,17.11957,16.04165,16.8223,17.4459,15.56508,16.30425,16.83349,14.85718,8.389374,8.211123,8.679873,7.765765,8.913345,7.916798,8.913002,8.07865,9.914698,8.934847,0.2233466,0.1111196,0.05823284,0.9670735,0.004573598,0.01520193,0.1025481,0.08960536,0.01012581,0.6633125,0.1397669,0.1668537,0.004774296,0.02097535,0.2490555,0.1545146,0.01127298,0.01417264,0.5868924,0.3508132,0.2068597,0.1154197,0.270843
465.2542,7.986433,15.00899,15.29496,14.82164,14.35732,15.71269,15.62786,15.91215,16.8508,16.85977,15.62408,16.31266,17.61521,15.0413,15.73344,16.53965,14.66309,6.80571,6.832157,7.671169,6.319113,7.240866,6.510873,7.999161,6.958613,7.76475,7.856524,0.2142714,0.2815783,0.04978961,0.1370421,0.1483501,0.09999028,0.02577774,0.2166506,0.4632612,0.005369149,0.07604557,0.2912965,0.1180912,0.05398966,0.2278016,0.05615086,0.1066709,5.636261e-05,0.004617001,0.0989066,0.05206416,0.1249231,0.4915027
466.1017,8.631599,14.90899,14.71709,14.15666,13.85761,15.24497,15.03384,16.24657,16.2953,16.15023,15.03979,15.83041,16.33346,14.59804,15.18047,15.89571,13.96933,5.613213,5.780942,6.269847,5.605042,6.040092,5.581781,6.210178,5.705103,6.409808,6.296996,4.405547e-16,0.04071347,0.4283562,0.06465266,0.1537359,0.06708455,0.01582672,0.006017878,0.160982,0.1272349,0.05229875,0.3683419,0.4527473,0.1179432,0.4983506,0.08071401,9.033904e-05,0.007595933,0.1709646,0.01932852,0.05182745,0.0404344,0.115593
466.9492,9.139357,14.06632,14.35157,13.98294,13.33205,14.7731,14.2308,15.06668,15.79344,15.35369,14.42322,15.0536,15.76449,13.9163,14.75873,15.71945,13.68393,4.547919,4.576051,4.950373,4.307267,4.785335,4.369326,5.127778,4.838466,5.183313,5.2957,0.2005316,0.2227383,0.03836098,0.4641508,0.9248796,0.001274514,0.1630615,0.04043645,0.1849585,0.01043094,0.4983648,0.05646044,0.04277052,0.05251155,0.1020513,0.02994181,0.2351663,0.1346589,0.3915177,0.3444733,0.02345696,0.005524649,0.3075532
467.7966,9.560919,13.59024,13.72054,13.15393,12.84807,14.01988,13.61767,14.61592,15.05447,14.76234,13.89175,14.75414,15.15534,13.50733,14.27375,14.89624,13.50557,3.532428,3.57513,3.777502,3.279033,4.169372,3.428045,3.862342,4.036291,3.907389,3.809696,0.1470998,0.2506748,0.101107,0.04685333,0.1026898,0.2230181,0.1228608,0.1100043,0.03254355,0.0509446,0.03201363,0.107156,0.07949129,0.02174232,0.0249906,0.5028298,0.1509269,0.2275926,0.2145327,0.06210855,0.0003188868,0.17944,0.2505125
468.6441,10.50035,13.56197,13.02819,12.64234,12.65527,13.73025,13.05619,14.45017,14.66016,14.18275,13.44566,14.03803,14.52101,12.79076,13.68112,14.60435,12.34499,3.190534,2.717627,2.893838,2.918889,2.820259,2.624633,2.928701,2.72344,2.965494,2.895911,0.006842355,0.4636135,0.2965908,0.01503895,0.1234254,0.0005592122,0.02195177,0.08156951,0.07225184,0.7075835,0.06115389,0.0005351796,0.04340847,0.1927525,0.005490276,0.4344895,0.1543742,0.01612743,0.1488511,0.0283885,0.1960565,0.06842239,0.1673998
469.4915,10.41717,12.9546,12.681,12.17843,11.82093,12.95672,12.41104,13.92517,13.8996,13.5938,12.83699,13.47807,13.83819,12.32693,13.04757,14.10284,12.0308,2.083189,2.199674,2.264358,1.966699,2.157151,1.908056,2.247329,2.036326,2.217271,2.146278,0.1452337,0.193359,0.297035,0.07122219,0.1599745,0.03101793,0.05760404,0.09097302,0.08673346,0.09969168,0.1129409,0.3597668,0.03066168,0.2040997,0.1201723,0.1147691,0.0008383261,0.0283405,0.03349161,0.06292171,0.04792996,0.3733308,0.2638614
470.339,10.01957,12.85373,11.92169,11.70809,11.42436,12.49216,11.72176,13.21685,13.66471,12.95702,12.48008,12.81941,13.46526,11.76289,12.39135,13.42685,11.41883,1.376472,1.648486,1.554574,1.381911,1.623801,1.417053,1.650666,1.404009,1.961231,1.609659,0.162901,0.3244438,0.1815275,0.1635911,0.03345474,0.1812006,0.305534,0.08165313,0.159092,0.0244611,0.7497889,0.1337352,0.3428275,0.01695251,0.2197364,0.05411589,0.2598006,0.02173717,0.3833013,0.08639768,0.3419857,0.02887909,0.3231336
471.1864,10.1784,11.57837,11.45296,11.09564,11.11677,12.03979,11.37826,12.7727,12.78293,12.50159,11.8761,12.8764,12.69025,11.1795,12.06872,12.92574,10.8463,1.022179,1.004405,1.039809,1.111418,1.053312,1.078291,1.17521,1.146789,1.118556,1.214001,0.07184595,0.08339381,0.09941919,0.03628096,0.1672423,0.01686574,0.002525516,0.06855279,0.2376202,0.01852368,0.03969944,0.05481595,0.2023643,0.3179316,0.2489734,0.03961775,0.01760164,0.04962722,0.351651,0.06108899,0.1015379,0.2841185,0.1583369
472.0339,9.8988,11.41286,10.84641,10.67397,10.22796,11.39216,10.57905,12.65761,12.2896,11.8276,11.11902,11.93574,12.20561,10.86482,11.4787,12.78805,10.71306,0.6834574,0.7350243,0.924135,0.6148794,0.7317369,0.8041667,0.8749162,0.6587788,0.7455666,0.8776028,0.1845849,0.02343106,0.04282173,0.02127739,0.1541883,0.1336734,0.06550222,0.09898697,0.1220846,0.003758352,0.1183213,0.3966409,0.02349583,0.0704016,0.02373098,0.1899958,0.08359247,0.4088635,0.3096413,0.1162907,0.1483506,0.1169987,0.4113821
472.8814,9.461581,10.36643,10.38559,9.854863,9.598236,10.55793,10.29032,11.48112,11.36141,11.25045,10.49833,10.92718,11.41294,10.10989,10.63363,11.8752,9.786862,0.7017182,0.4949614,0.7104389,0.5697952,0.5078025,0.42854,0.4875559,0.4295625,0.6261488,0.5555409,0.09578017,0.07496358,0.1699698,0.02173816,0.006945976,0.1491186,0.8183453,0.1133692,0.4735206,0.1639439,0.07086282,0.01761897,0.2272999,0.07971562,0.01836577,0.2381003,0.1708073,0.4048018,0.02948787,0.296592,0.1107383,0.1226837,0.189026
473.7288,9.055506,9.663532,9.436994,9.693777,9.231553,9.803788,9.822668,10.60581,10.60227,10.63316,10.209,10.30285,10.52479,9.286871,10.00668,10.64715,9.240957,0.3331679,0.5412781,0.3950055,0.4925439,0.9101413,0.9750221,0.3130744,0.3698152,0.3820609,0.4669585,0.1326581,0.3875144,0.09041104,0.03214985,0.09946992,0.09944538,0.04946673,0.911076,0.02728325,0.4634604,0.05611115,0.1157852,0.1932703,0.1050272,0.1771114,0.01483792,0.04322106,0.2095096,0.1092815,0.05834658,0.08998361,0.1286686,0.1215636
474.5763,8.084191,8.954786,8.899799,8.555183,8.72267,9.205143,8.552503,9.841129,10.26748,9.90698,8.986191,9.640359,9.6756,8.537339,9.261612,10.11907,8.583909,0.2105768,0.4959125,0.5033429,0.2827665,0.2021659,0.3545675,0.2313504,0.2522775,0.3847536,0.3164499,0.08545656,0.02334333,0.2455953,0.4925335,0.3880901,0.1064695,0.05233078,0.4194487,0.0777999,0.1128808,0.3371352,0.1371016,0.1477219,0.02491896,0.1234022,0.04486906,0.04520793,0.07167177,0.01855784,0.1312648,0.2823455,0.05324131,0.32025
475.4237,7.52624,8.286836,8.260223,7.77117,7.501218,8.308191,7.679017,9.041685,8.948793,8.761387,8.290972,8.751359,8.791592,7.831287,8.25877,9.039384,7.844773,0.3064316,0.2397503,0.3933937,0.1596864,0.4613581,0.1169666,0.3881883,0.1480361,0.213528,0.9708265,0.02324817,0.2657158,0.1247382,0.04058991,0.1502583,0.2893005,0.6733538,0.0300385,0.1030347,0.02313686,0.1730388,0.02564244,0.2608709,0.1221442,0.1258208,0.02939526,0.2625502,0.1881461,0.2705555,0.03148877,0.1371934,0.03801968,0.09975838
476.2712,7.204367,7.487898,7.673072,7.082266,7.004505,7.451183,6.878904,8.148501,8.055434,7.783054,7.652339,7.684418,7.931908,7.12626,7.485659,8.125569,6.871845,0.1456318,0.2735343,1.369088,0.223552,0.1640486,0.211629,0.09847473,0.2927828,0.5283566,0.1367521,0.1475624,0.1032018,0.2367821,0.2382068,0.2234949,0.05638459,0.2370236,0.1349945,0.06578229,0.546051,0.1667682,0.2260098,0.1463811,0.0926392,0.06663545,0.1388145,0.1131413,0.330501,0.157354,0.4676711,0.05029083,0.05822887,0.0605542
477.1186,6.044267,6.665866,6.440993,6.196674,6.051257,6.632928,6.393587,7.212827,7.255854,7.065534,6.571237,6.82879,7.059111,6.421824,6.636883,7.538221,6.068113,0.122298,0.133326,0.1013746,0.05444968,0.09802457,0.1273984,0.1296899,0.08098479,0.4603016,0.1495373,0.005832597,0.340094,0.1080051,0.1471405,0.2923164,0.2296961,0.09680514,0.08320251,0.1041511,0.06938669,0.145172,0.1210141,0.1619978,0.177866,0.09995498,0.1121467,0.365756,0.2579596,0.5306773,0.1274472,0.2654759,0.0776555,0.055159
477.9661,5.524338,5.712834,5.753456,5.411934,5.308512,5.749561,5.523168,6.327943,6.324629,6.134881,5.746325,6.102024,6.267069,5.434224,5.768736,6.253113,5.333794,0.4772191,0.2473434,0.5989678,0.09420052,0.02545965,0.1121339,0.0706323,0.04185087,0.2932103,0.03803066,0.01356261,0.1213668,0.1244263,0.1132855,0.1096203,0.3622989,0.1101713,0.198552,0.3930864,0.2260938,0.224863,0.6448986,0.1043109,0.2653835,0.3749227,0.1544762,0.3503401,0.1586886,0.540414,0.0911879,0.2074254,0.3915862,0.1175657
478.8136,4.673144,5.070047,4.773893,4.676933,5.221792,5.106666,4.904871,5.666702,5.421731,5.274076,5.092794,5.67916,5.559459,4.874547,5.064496,5.429689,4.697773,0.1725491,0.09181884,0.1864319,0.1112897,0.09006888,0.01338771,0.227638,0.09484553,0.9556835,0.1901039,0.01939528,0.937055,0.2966969,0.1681101,0.2723684,0.3072406,0.3564263,0.5762474,0.2851978,0.3372127,0.2159231,0.3780921,0.3593074,0.258626,0.2272671,0.2285975,0.5083863,0.6272862,0.1640224,0.1684777,0.1759056,0.1590395,0.008309963
479.661,3.872731,4.27359,4.161919,4.240009,4.109361,4.324558,4.477418,4.957296,4.838474,4.902813,4.26031,4.447203,4.743929,4.021652,4.438461,4.70872,4.014616,0.2490773,0.007630295,0.08652616,0.02179276,0.1154295,0.9039309,0.0935521,0.009691081,0.04944286,0.2206871,0.3864718,0.209361,0.5595315,0.2972264,0.2310354,0.3292278,0.291487,0.3430894,0.201395,0.1613307,0.3982819,0.4592371,0.249019,0.3123001,0.6341595,0.2506296,0.1997618,0.287793,0.1836881,0.204863,0.2647936,0.2397979,0.08094684
480.5085,3.549772,3.535299,3.438872,3.598326,3.270674,3.822981,3.320454,3.984592,3.868587,3.723504,3.61222,4.020526,3.899554,3.370496,3.700978,4.00173,3.286448,0.08719801,0.1692767,0.09087481,0.1249367,0.07097233,0.2369165,0.02894127,0.04427116,0.1297394,0.269795,0.05130981,0.7631758,0.2695103,0.4047748,1.392703,0.272985,0.3922868,0.6397231,0.2618139,0.2736211,0.4251981,0.2523239,0.5312179,0.4240854,0.2718769,0.2741475,0.2372435,0.5605419,0.4795924,0.3155161,0.3506498,0.3069888,0.3799525
481.3559,2.850644,3.03989,3.374832,2.796563,2.804353,3.14816,2.806361,3.342244,3.223823,3.623679,3.090903,3.458374,3.171496,2.797049,3.433742,3.191971,3.010906,0.1462889,0.02297453,0.5177213,0.09577877,0.1187328,0.1258744,0.03287257,0.03671238,0.1637816,0.4686192,0.03165998,0.489959,0.41049,0.465399,1.028979,0.3680712,0.3862514,0.6222621,0.3251856,0.4647883,0.5171012,0.3667972,0.4836144,0.4057529,0.3953863,0.6010385,0.6224326,0.3783263,0.3341973,0.524154,0.3814358,0.4177748,0.4132796
482.2034,2.345201,2.437403,2.330097,2.307771,2.213113,2.477696,2.247072,2.718489,2.625129,2.638695,2.621102,2.516572,2.576708,2.265807,2.591405,2.77172,2.446379,0.01716776,0.05572364,0.09655607,0.1841799,0.2216867,0.1713934,0.1598827,0.1472589,0.0119286,0.07082251,0.2771199,0.7916645,0.5482151,0.5361197,0.635047,0.6075744,0.7012469,0.713186,0.5357183,0.4338906,0.55391,0.6302031,0.7662801,0.5429642,0.6102952,0.5289157,0.5118511,0.9671371,0.6086202,0.7920486,0.7413385,0.5348227,0.03463832
483.0508,2.173097,1.94383,2.012695,1.815865,1.851886,2.302725,1.833517,2.133172,2.27563,2.029805,2.117463,2.237397,2.085376,1.97692,2.16235,2.585702,1.800368,0.2501705,0.003808879,0.007864685,0.08541599,0.4516622,0.01739551,0.2839012,0.5806724,0.01813847,0.2832742,0.06419016,0.714992,0.7305693,0.7004812,0.7463591,0.8663826,0.8640296,0.9783005,0.7479284,0.8289926,0.6792211,0.75146,0.6940195,0.6761699,0.6509248,0.7052992,0.6178401,0.7449908,0.6447268,0.8937916,0.6832369,0.7018605,0.08430007
483.8983,1.866401,1.540696,1.765426,1.815799,1.587924,1.826825,1.469554,1.755289,1.975241,1.593158,1.589847,1.786541,1.686344,1.497194,1.663679,1.796924,1.689704,0.5272423,0.02614249,0.0800247,0.3711307,0.02553894,0.222678,0.1404252,0.3159926,0.121165,0.1337892,0.04784038,1.045637,0.9417034,1.054006,1.057727,0.923411,0.8635928,1.03157,0.8477944,1.376008,1.318723,0.8933338,1.373892,1.319818,1.290076,1.151458,0.8952581,0.9328855,0.8728227,0.9112671,1.522391,1.407012,0.5182306
484.7458,1.13857,1.462994,1.532244,1.479471,1.141821,1.201755,1.149391,1.348402,1.31526,1.351446,1.216154,1.622358,1.289613,1.133502,1.286705,1.488003,1.160171,0.3280329,0.1143193,0.1634047,0.3193229,0.1081866,5.417305e-05,0.01366928,0.128563,0.1097282,0.1534521,5.948257e-48,1.378234,1.241909,1.339289,1.517852,1.187521,1.149585,1.278091,1.43787,1.239555,1.124793,1.258249,1.26342,1.218948,1.115501,1.708873,1.309824,1.229932,1.099959,1.284225,1.257335,1.29347,0.10617
485.5932,0.9159965,1.368457,1.114666,1.169953,0.9794602,1.366306,1.118839,1.017883,1.51327,1.120984,0.9439486,1.048701,1.005139,1.000062,1.168606,1.072677,0.893029,0.0673468,0.05390048,0.2101143,0.1657432,0.06070558,0.2204244,0.06923642,0.1171724,0.1315175,0.1039864,0.2612276,1.817726,1.575695,1.570366,1.581904,1.91076,1.510587,1.562456,1.677353,1.557419,1.47298,1.844164,1.701291,1.554094,1.580213,1.716911,1.659121,1.523731,1.504209,1.615569,1.571222,1.603783,0.0710028
486.4407,0.6514359,0.7012572,0.7196074,0.8359962,1.277733,1.167532,0.714373,1.000045,1.087396,0.9026296,0.9187191,0.8736566,0.8093403,0.6614113,0.7061908,0.8234571,0.9107623,0.1845948,0.1016772,0.3644585,0.03590529,0.02599552,0.2337174,0.3093637,0.2004032,0.01398838,0.09870815,0.2468452,1.946182,2.221386,2.110076,2.002043,2.001286,2.102596,1.865303,1.769067,1.776175,2.130995,1.907541,1.994133,1.896619,1.945677,1.932738,1.934837,2.161484,1.80487,1.972871,2.113722,2.254915,0.3578342
487.2881,0.5952445,0.5992255,0.5796481,0.726122,0.4833662,0.5939578,0.6188833,0.8660084,0.7444399,0.6478735,0.5258148,0.6485667,0.567748,0.8450683,0.7752442,0.6640557,0.7409101,0.1574555,0.07634972,0.2483954,0.07785226,0.02872143,0.05885457,0.108452,0.2236035,0.1152816,0.09490747,0.4828926,2.555259,2.542623,2.5132,2.481949,2.457983,2.59464,2.167666,2.21936,2.21838,2.546089,2.77262,2.584414,2.405173,2.472038,2.473904,2.215142,2.464918,2.130351,2.543165,2.670874,2.474808,0.02896084
488.1356,0.6774433,0.4422514,0.3952511,0.3686422,0.3833785,0.6779521,0.6333319,0.4154477,0.5771376,0.5606928,0.794782,0.4759813,0.676864,0.9563195,0.5077107,0.421388,0.3701239,0.4396241,0.2078381,0.04396945,0.03743861,0.1478344,0.1886404,0.1390023,0.2665779,0.2990288,0.8208444,0.2579517,3.232279,3.231905,3.031743,3.009048,3.119788,3.42776,2.783069,2.79411,2.666704,2.995888,3.034991,3.170052,3.037407,3.057051,2.956071,3.186159,3.435858,2.695255,3.088811,3.023476,2.997016,0.1950426
488.9831,0.3222485,0.4922963,0.4372903,0.4679274,0.5159396,0.2914758,0.2940676,0.4700177,0.8078881,0.2892618,0.2811217,0.3813958,0.7772661,0.3797641,0.3470959,0.3736687,0.4208944,0.01263898,0.05712627,0.1841613,0.1050252,0.6434339,0.04420075,0.05668193,0.01580082,0.03384033,0.2973889,1.103726,4.021017,4.097452,3.754023,3.698176,3.924799,3.536425,3.293583,3.333771,3.195323,3.649635,3.61023,3.966354,3.825148,3.452113,3.64003,3.400858,4.160018,3.208956,3.771691,4.193064,3.730879,0.2461053
489.8305,0.5806377,0.1957765,0.2398281,0.413532,0.5668619,0.2600071,0.5783488,0.2315163,0.2291566,0.2978473,0.4272742,0.242207,0.3989167,0.2219382,0.3639949,0.271928,0.463231,0.2435659,0.09695927,0.2601615,0.03012755,0.03243649,0.2237731,0.1806991,0.02004108,2.442437e-07,0.1435657,0.1461038,4.50134,5.028827,4.730623,4.897701,4.441439,4.284353,3.914495,4.185664,3.853809,4.24097,4.380691,4.933748,4.284382,4.274578,4.366683,3.938878,4.533967,3.885216,4.522827,4.488826,4.733721,0.2471727
490.678,0.1574569,0.6954061,0.504505,0.435564,0.1959604,0.3364805,0.1743407,0.3550597,0.2147167,0.3416563,0.2401701,0.1723867,0.5485329,0.21487,0.5754692,0.5027324,0.1303044,0.008350503,0.233002,0.2553335,0.07847595,0.007975466,0.1572477,0.1408317,0.396339,0.2970813,0.1421638,0.2850977,5.166985,5.433077,5.424067,5.753129,5.400781,5.093187,4.739754,4.821493,4.689512,5.118245,5.23255,5.453933,5.169066,4.905867,5.218737,4.678622,5.317342,4.945115,5.422255,5.386151,5.469159,0.1447541
491.5254,0.2219151,0.7723093,0.3848792,0.2088514,0.1850407,0.334756,0.1516517,0.3485146,0.2423128,0.3980337,0.09656544,0.3240306,0.1704439,0.45294,0.2845209,0.3169865,0.3397407,0.02176325,0.1574709,0.05150341,0.03965354,0.01691377,0.2070073,0.2462836,0.2691173,0.06010912,0.3697502,0.04245988,6.460111,6.263506,6.207293,6.168203,6.365786,6.078659,6.392299,5.624931,5.679562,6.186362,6.146495,6.617294,6.050488,5.854241,6.272276,5.704223,6.466198,5.497567,6.588704,6.718874,6.94657,0.1933342
492.3729,0.06098898,0.07885675,0.2490879,0.3937056,0.2079611,0.44531,0.5258729,0.1312804,0.1170363,0.4110343,0.07032389,0.07410791,0.2178909,0.2740508,0.06627054,0.1296783,0.1948863,9.212854e-09,0.2882915,0.02132956,8.652381e-09,0.4383139,8.907782e-09,0.1490995,0.1142182,0.2781151,0.2846054,0.07523328,7.360565,7.234893,7.401525,7.155892,7.120355,7.05487,6.527998,6.629317,6.526653,7.050764,7.217243,7.864315,7.27208,6.921918,7.295134,6.719018,7.346329,6.529782,7.393192,7.594272,8.280956,0.5022687
493.2203,0.1053132,0.04416088,0.1561536,0.7670274,0.4471965,0.7023313,0.2448979,0.09221109,0.2014956,0.10363,0.09712325,0.08958398,0.05700236,0.2271796,0.0446778,0.1592734,0.1618623,0.1895779,0.02434521,0.3424812,0.2836131,0.4150883,0.2177142,0.2155557,0.1928389,0.3042434,0.4228011,0.002406226,8.101447,8.217904,8.008413,7.993823,8.010919,8.346539,7.664751,7.839457,7.678903,8.57326,8.434022,9.048371,8.642008,8.13417,8.686197,7.779052,8.995895,7.528755,8.94387,9.047359,8.769636,0.7737447
494.0678,0.4563243,0.1610976,0.1636451,0.1211796,0.1138337,0.2006819,0.3606021,0.2056805,0.2392598,0.1450872,0.3385519,0.1989821,0.1624343,0.3930477,0.05976292,0.4074273,0.130614,0.1331061,0.1759933,0.02898478,0.2593334,0.05828347,0.3870157,1.081001e-09,0.1005781,0.2646293,0.03623379,0.05209094,9.171813,9.759308,9.02202,8.886386,9.156489,9.814546,9.095387,9.31394,9.14545,9.81619,9.859619,10.43679,9.724666,9.434988,9.941757,9.293874,10.11029,8.997689,10.16279,10.23345,10.00244,1.224098
494.9153,0.1154069,0.5963869,0.1447845,0.02639025,0.1192726,0.1553362,0.1812889,0.1462068,0.2190146,0.1437732,0.1914939,0.3511085,0.07580788,0.3814665,0.03054037,0.05036848,0.1680215,0.1194213,0.1305088,0.1291045,0.08972515,0.0012855,0.4965272,0.1001714,0.2102866,0.07934637,0.187349,0.2370079,9.792559,10.16729,9.807354,9.696295,9.839019,11.40915,10.68153,11.07768,10.73875,11.61385,11.49308,12.25737,11.63251,11.25369,11.81233,11.21942,12.59289,10.36443,11.88312,12.09795,11.93109,2.474099
495.7627,0.2712539,0.01902227,0.1659332,0.4991346,0.1912093,0.2401771,0.1934887,0.1828602,0.2507958,0.07536048,0.03752941,0.3150117,0.04553224,0.2801662,0.01634529,0.0954899,0.2296695,0.5334117,0.271542,0.0506462,0.1581444,0.07777571,0.07844957,0.005011047,0.1288817,0.1178667,0.03413276,0.260795,10.46303,10.84816,10.69213,10.5444,10.65613,13.23504,12.44098,12.67734,12.88631,13.44451,13.26106,14.59077,13.81328,13.18941,13.85087,12.85763,14.41053,12.4435,13.63203,14.11798,13.55705,3.111566
496.6102,0.5982246,0.4772542,0.1421814,0.1407747,0.008331752,0.1842485,0.2210118,0.04522497,0.3262745,0.08480938,0.01230534,0.6270442,0.2546595,0.07131916,0.08534074,0.1058795,0.118128,0.4591983,0.4492396,0.06900412,0.07491758,0.07874877,0.03572089,0.1143171,2.670716e-11,0.1197403,2.92739e-11,0.03503609,11.21413,11.91467,11.40227,11.36928,11.51837,15.30811,14.72324,15.01512,14.53379,15.68791,15.31529,16.62335,15.32602,14.97343,15.81766,14.98104,16.08199,14.05046,15.63288,16.40249,15.59224,4.574549
497.4576,0.3947675,0.0826411,0.1206387,0.1274087,0.4583079,0.01899155,0.2736256,0.0583006,0.04467268,0.191771,0.2623893,0.0311299,0.02066397,0.2934407,0.01239056,0.07019719,0.5975842,0.3020479,0.4090489,0.1257391,0.03365713,0.09108434,0.1290828,0.01230814,0.1798196,0.5294691,0.03679814,0.01572506,12.92534,12.25309,12.05619,12.07855,12.02794,17.61162,16.43985,16.81403,17.23111,17.87094,17.35061,18.93404,17.13267,17.05794,17.95725,17.0622,18.27547,16.11637,17.69213,18.80765,17.55817,5.949263
498.3051,0.06922457,0.2953046,0.1011335,0.3663318,0.2688242,0.003075794,0.167104,0.003354119,0.06430721,0.2131379,0.02633971,0.1746607,0.302563,0.1837577,0.02190516,0.1493445,0.6469943,0.08403421,0.2106288,0.03548338,0.06567803,0.3833011,0.03121827,0.005960277,0.04286755,0.1004047,0.1256451,0.1631101,12.17997,12.71889,12.45839,12.52997,12.47091,19.43481,18.18807,18.593,18.43706,19.99972,19.26199,20.77638,18.85474,18.89548,19.88596,18.94061,20.12163,17.81497,19.33397,20.72492,19.44308,7.588144
499.1525,0.08414558,0.07584934,0.1753113,0.04584089,0.003759028,0.6738115,0.06754387,0.2200129,0.1434367,0.01334847,0.04949644,0.1970793,0.04718965,0.2823955,0.2663574,0.2568019,0.09923719,0.2739424,0.07961945,6.15297e-13,0.0766128,0.148918,0.06293717,0.0278329,0.1172157,0.1357748,0.1488967,0.07126213,12.72749,12.93248,12.83166,12.68065,12.66665,20.23615,19.39577,20.10079,19.81024,20.83425,20.21408,22.81822,20.13948,20.04551,20.95667,20.14966,21.48184,18.81772,20.49394,22.49434,20.54369,8.088208
500,0.04686603,0.05783575,0.1699342,0.02072252,0.05457256,0.07874691,0.2869012,0.05168069,0.6024347,0.001174404,0.02494635,0.05839774,0.2350253,0.2058931,0.02971522,0.4965282,0.2347744,0.1347774,0.210395,0.07584041,0.0898323,0.2207245,0.1009187,0.05507953,0.01994135,0.683658,0.0385803,0.3144362,12.54133,13.16354,12.79453,12.74921,12.94814,20.69617,19.84688,20.13367,20.00486,21.35529,20.55584,22.62235,21.04538,20.3068,21.66318,20.61918,21.78888,19.13658,20.86893,22.796,20.93145,8.446865
500.8475,0.274297,0.3438939,0.02385559,0.1689578,0.06451033,0.9370578,0.5813289,0.02851446,0.04034654,0.3074626,0.1655342,0.02061045,0.08099114,0.1212395,0.28614,0.02629568,0.223835,0.2285546,0.01069831,0.1007021,0.09280065,0.1520925,3.63142e-14,0.02367475,0.1255401,0.07039938,0.03593585,0.06433099,12.46421,12.92981,13.0205,12.84454,12.8121,20.25858,19.51472,19.99014,19.70579,21.23584,21.40579,22.17016,20.01468,19.97345,21.03415,20.38237,21.39114,19.30518,20.82339,21.89554,20.40713,8.276976
501.6949,0.0276552,0.03525632,0.005177706,0.002466456,0.02682513,0.6303773,0.1997087,0.5245836,0.1203692,0.02292944,0.4194992,0.09838418,0.1455587,0.06265618,0.1224711,0.02129673,0.01823473,0.01983496,0.7164312,0.08455975,0.1719102,0.9368379,0.06985283,0.001416515,0.1682562,0.2108162,0.02614683,0.00117377,12.18404,12.65619,12.38137,12.30443,12.38205,19.22465,18.37188,18.50076,18.42094,19.55616,19.08025,21.0898,18.81994,18.85985,19.69893,18.95768,20.07425,17.75234,19.31573,20.52444,19.25744,7.684282
502.5424,0.1589672,0.331521,0.1835061,0.1111639,0.04424655,0.4808245,0.1000508,0.03188671,0.1700828,0.09307411,0.01903325,0.009348193,0.06263377,0.1875251,0.01344247,0.062606,0.1118925,0.112873,0.2887417,0.02901543,0.01773655,0.1678058,0.2520677,0.4125941,0.03246812,0.05266041,0.06046611,0.3842843,11.9658,12.29497,12.11981,11.86821,12.05436,17.52368,16.80351,16.73634,16.70398,17.91342,17.40163,18.82231,17.14547,17.05001,18.02102,17.11574,18.23719,16.00488,17.67273,18.62362,17.5225,5.880882
503.3898,0.0431419,0.002510215,0.288648,0.3790838,0.09724627,0.08351189,0.2756846,0.3525465,0.05648326,0.03092149,0.1777794,0.2174546,0.05259043,0.383626,0.002229238,0.03722361,0.5423562,0.16256,0.1460654,0.2614,0.05424968,0.02894837,0.1449099,0.75655,0.4721443,0.06169766,0.135477,0.2874678,11.2557,11.62671,11.36886,11.21782,11.35592,15.28905,14.44725,14.75495,14.56059,15.67706,15.24237,16.75061,15.25128,15.25143,15.79663,15.05246,16.08734,14.24239,16.0142,16.34133,15.63025,4.825289
504.2373,0.03340681,0.1060297,0.05518767,0.01516818,0.1291325,0.005331124,0.188162,0.00690708,0.05989538,0.1516222,0.1444894,0.0623947,0.08302558,0.3160019,0.2719483,0.08684643,0.2429479,0.1464937,0.06304164,0.03934514,0.4092274,0.05006051,0.165821,0.1262362,0.02690355,0.01931811,0.4843779,0.09380841,10.54676,11.21739,10.79159,10.52657,10.61384,13.23461,12.62716,12.70513,12.57362,13.7814,13.46503,14.45155,13.48738,12.97223,13.67186,12.78614,13.95058,12.48989,13.73043,14.12537,13.49584,3.207615
505.0847,0.1601811,0.1036814,0.02801013,0.8380141,0.6544948,0.01594281,0.01473945,0.003127842,0.04904697,0.08311171,0.2208348,0.2999343,0.0583655,0.07829607,0.1914481,0.07845025,0.1348942,0.3548168,0.2701049,0.1191006,0.09193595,0.108213,0.1632798,0.2999456,0.03526336,0.1704036,0.0003885291,0.008261059,9.633094,10.03997,9.793157,9.907525,10.34053,11.34539,10.64095,10.83674,10.59996,11.52953,11.51795,12.25737,11.69396,11.22599,11.88768,11.08688,12.22011,10.40641,11.86549,12.96012,11.70658,2.053281
505.9322,0.3569956,0.06279946,1.997485e-05,0.1754348,0.08632907,0.01639371,0.1551596,0.006120497,0.1493644,0.03062315,0.0660893,0.1266054,0.08445218,0.1140013,0.2192514,0.1919714,0.311787,0.06626019,0.1656513,0.1773051,0.1583217,0.3949592,0.1317246,0.2152525,0.1562145,0.1057692,0.07434326,0.01650592,9.212453,9.115886,8.922434,8.860768,8.951368,9.753982,9.276913,9.210611,9.020612,9.858061,10.0011,10.44465,9.788156,9.442429,9.941473,9.549275,10.14355,8.960651,10.24864,10.30474,10.11799,1.453337
506.7797,0.002063978,0.454184,0.3123636,0.04532372,0.04065233,0.1409607,0.001495373,0.1587066,0.2830957,0.3813779,0.1479472,0.1467448,0.06160607,0.232362,0.1524003,0.001352233,0.1789905,0.07435161,0.5974903,0.1718997,0.04475837,0.4823313,0.2695925,0.3856818,0.5029711,0.01095028,0.1206161,0.3201758,7.946433,8.15459,8.016296,8.163008,8.033904,8.366973,7.883801,8.160085,7.585946,8.696221,8.560536,8.938149,8.307115,8.390819,8.85302,8.119679,8.876513,7.482498,8.645901,8.657221,8.910032,0.6752116
507.6271,0.01842297,0.1880216,0.1622092,0.2523937,0.01649447,0.03057025,0.2432102,0.08277309,0.004538538,0.2366468,0.1272099,0.5251919,0.1335873,0.4936207,5.825074e-06,0.05161641,0.2030329,0.3189539,0.06028275,0.4780553,0.4855091,0.1744117,0.7028421,0.1424143,0.112687,0.1498482,2.544753e-19,0.2051467,7.099191,7.508387,7.057423,7.0011,7.105439,7.002708,6.523535,6.612626,6.427685,7.643671,7.508566,7.851891,7.108842,7.164849,7.448632,6.796006,7.608776,6.36726,7.447406,7.447093,7.472407,0.3501955
508.4746,0.01461674,0.1310681,0.1969979,0.01611235,0.04509056,0.1322268,0.09284725,0.07687083,0.02708342,0.2392943,0.06029461,0.1418051,0.07692558,0.09120976,0.1328482,0.3590514,0.0732455,0.06099048,0.02226054,0.01555433,0.1514053,0.4104071,0.02059149,0.06857187,0.3116844,0.3119933,0.1334481,0.6899565,6.30793,6.685755,6.161047,6.198573,6.357275,6.0262,5.523827,5.875954,5.4587,6.358597,6.025712,6.525871,6.16803,5.8693,6.167402,5.619552,6.619405,5.438164,6.516929,6.352035,6.250889,0.1988
509.322,0.03476122,0.1813816,0.7902657,0.07963135,0.008135219,0.08921885,0.1714007,0.1079237,0.1537553,0.1180435,0.6291207,0.1723895,0.2633276,0.1258181,0.1560004,0.00687959,0.01613525,8.657527e-21,0.5171098,0.01096711,0.1136829,0.1543069,0.009568977,0.0612368,0.586776,0.184117,0.5538248,0.07667503,5.24704,5.366683,5.411824,5.334709,5.268022,5.123527,4.8467,4.77425,4.707359,5.243475,5.104454,5.657293,5.245335,4.912995,5.229738,4.783365,5.533417,4.826447,5.457642,5.306029,5.383505,0.6004573
510.1695,0.03975682,0.1735355,0.3437467,0.3078203,0.2058856,0.1146941,0.1498237,0.1049337,0.1630791,0.1315773,0.06804594,0.062117,0.02697934,0.1859109,0.117171,0.03751711,0.08167872,0.1173628,0.2993932,0.3820849,0.2764764,0.1580925,0.06813675,0.02440022,0.07556245,0.07863008,0.06108512,0.005366821,4.427377,4.66863,4.652895,4.529778,4.445403,4.37302,3.939269,4.249046,3.923775,4.431142,4.349983,4.673088,4.302459,4.110006,4.899431,4.044491,4.491336,3.876819,4.5807,4.522152,4.972013,0.3085133
511.0169,0.01367117,0.03197532,0.1871383,0.7439594,0.3660953,0.05713393,0.3590228,0.09601469,0.1355293,0.01165724,0.05722206,0.1563874,0.004831712,0.3354413,0.06799608,0.09165192,0.1464359,0.2952511,0.2048742,0.4326533,0.1219631,0.06589787,0.1402619,0.1550714,0.3183978,0.05933698,0.7861148,0.04571618,3.780985,3.880569,3.71222,3.863677,3.702088,3.66923,3.481176,3.388806,3.472076,3.610275,3.557804,4.034941,3.592936,3.407082,3.646351,3.312993,3.793564,3.344491,3.800994,3.707535,4.14196,0.1129562
511.8644,0.2730491,1.851681e-07,0.00338597,0.06848329,0.2451379,1.868662e-07,0.211218,0.264074,0.3341217,0.26945,0.06810443,0.2010367,0.0938493,0.08670454,0.1180805,0.08477389,0.4024708,0.186989,0.2234964,0.08679419,0.03843726,0.2243138,0.400327,0.1193159,0.04076631,0.06327253,0.029436,0.0548606,2.990693,3.458609,3.43103,3.154128,3.360824,2.915261,2.711597,2.717436,2.839879,3.372187,3.029769,3.195961,3.105647,2.812114,3.092495,2.728702,3.3773,2.743485,3.09577,3.145411,3.101383,0.06728366
512.7119,0.005719652,8.911151e-08,0.1215364,0.444435,0.1466304,0.04479408,0.03045946,0.1986797,0.03140344,0.1083513,0.06505777,0.06121725,0.3112072,0.1120331,0.03839414,0.2650661,0.056689,0.03041387,0.06456721,0.1675933,0.03306109,0.2278784,0.3061711,0.1121243,0.2083857,0.08156868,0.4922822,0.1018402,2.469461,2.97371,2.635994,2.63384,2.615491,2.342538,2.206917,2.242798,2.219229,2.357819,2.704279,3.298553,2.703698,2.254192,2.46411,2.595025,2.906466,2.117686,2.552787,2.425989,2.491597,0.1038037
513.5593,0.0007107632,4.226064e-08,0.2908456,0.04962474,0.2044518,0.1300213,0.1376003,0.5269575,0.006198705,0.04271427,0.1797286,0.09348667,0.01887952,0.08661367,0.5294185,0.04052711,0.4202648,0.2656906,0.2008545,0.1059081,0.1388155,1.523789e-24,0.04568866,0.02243893,0.5707694,0.05242604,0.07874811,0.4270951,1.961169,1.992735,1.993546,2.003589,2.017621,2.301698,2.091649,1.82857,1.687722,2.065346,1.932508,2.05538,1.964429,2.056026,2.318369,1.750896,1.934868,2.398139,2.251824,1.945438,1.989753,0.05003636
514.4068,0.3088343,0.4656868,0.02509357,0.02907783,0.05492331,0.1111685,0.4659372,0.699905,0.2203807,0.6668622,0.02273556,0.2225916,0.03674175,0.2116056,0.09886629,0.02651042,0.1084279,0.1782758,0.02732748,0.1754758,0.08622982,2.444525e-25,0.09273863,0.6364718,0.3958282,0.4087527,0.0880479,0.08961236,1.535151,1.816017,1.583224,2.034319,1.712294,1.493349,1.467019,1.477132,1.372429,1.570574,1.566805,1.586845,1.579535,1.780706,1.702638,1.694798,1.651172,1.422975,1.671929,1.640883,1.542788,0.4358321
515.2542,0.51757,0.1512484,0.1026171,0.04656795,0.2536712,0.488708,8.527614e-09,0.4955603,0.01304833,0.4840757,0.01753599,0.04119637,0.03972426,0.1548383,0.2530049,0.2818072,8.459083e-09,0.1183995,0.1509983,0.06821115,0.1820471,0.1684496,0.4837683,0.2627887,0.3526318,0.272767,0.4889503,0.1249211,1.317569,1.439234,1.544941,1.211421,1.273835,1.257768,1.099078,1.080425,1.140306,1.124793,1.437473,1.347033,1.606223,1.11746,1.198798,1.208748,1.197234,1.156452,1.368466,1.472794,1.276297,0.1765891
516.1017,0.04638423,0.2090499,0.1385806,0.2611106,0.08642446,0.1750617,0.1936207,0.3096554,0.08995069,0.03679649,0.4141457,0.05224937,0.2635749,0.03962686,0.1278507,0.05757981,0.3383564,0.0278396,0.2062924,0.0697215,0.4968898,0.1803352,0.08264705,5.981739e-27,0.02754428,0.03374845,0.004993046,0.4186339,0.8985635,0.9452463,0.982579,1.004417,1.054527,1.048361,0.8496607,0.807449,0.7798265,0.8677874,0.9300478,0.9276013,1.000491,1.556979,0.8811409,0.7941272,0.9095981,0.7766164,1.1233,0.9501714,1.148659,0.02469023
516.9492,0.2969264,0.02446495,0.2044841,0.2954726,0.2130153,0.1740846,0.1687596,0.3218867,0.4583923,0.1470984,0.1475543,0.1224653,0.04664001,0.1846132,0.0435821,0.1028852,1.716999e-09,0.3431893,0.2888092,0.1027086,0.4209533,0.1491572,0.03123545,0.1764167,0.2370818,0.1396375,0.282325,0.1000919,0.6722771,0.822726,0.7410221,0.7799412,0.7930934,0.7360779,0.6081266,1.067875,1.130801,1.069628,0.7172288,0.8269019,0.6554103,0.937483,0.671162,0.6078588,0.8935938,0.6147528,0.7768215,0.741611,0.7072347,0.008310681
517.7966,0.0805028,0.3429132,0.2736955,0.6577299,0.276263,0.4277411,0.04396229,0.2243037,0.05268631,0.1355477,0.1155829,0.2827078,0.1408737,0.06702636,0.0289457,8.938377e-10,0.1302089,0.1510108,0.1599437,0.2755143,0.2645757,0.04198169,1.091058e-28,0.06881657,0.1118524,0.6791857,0.1899471,0.004096188,0.6148925,0.5702144,0.7346956,0.6108595,0.5024723,0.5763132,0.5304743,0.6271281,0.5181384,0.7771287,0.5865946,0.7033471,0.9518082,0.4627234,0.672246,0.742521,0.6293974,0.5138152,0.583331,0.6097198,0.5100237,0.06559452
518.6441,0.04032381,0.04871952,0.2857524,0.01995946,0.320582,0.2944656,0.1347847,3.889218e-10,0.02943665,0.2280824,0.1258324,0.07465329,0.4173033,0.05365755,0.694386,0.3767947,0.1959162,0.02106571,0.05555168,0.1574042,1.472662e-29,0.1181032,0.03866193,0.04571317,0.2828574,0.02902626,0.01733403,0.07478216,0.5605104,0.4121815,0.7033191,0.413149,0.4249303,0.5219947,0.3704354,0.3629333,0.3725206,0.3980352,0.4504058,0.3817899,0.3807814,0.5097344,0.465345,0.4335003,0.3893603,0.6646286,0.7665178,0.4770156,0.5920726,0.1184343
519.4915,0.6523659,0.1032233,0.01584874,0.0450195,0.0483707,0.2869074,0.1878813,0.03133575,0.06771073,0.03693858,0.1139493,0.02966271,0.1001392,0.01001821,0.2436302,0.206025,0.01488351,0.1013351,0.05464364,0.04954252,0.09053265,0.1240621,0.2646871,0.04156395,0.02631379,0.1807086,0.1107365,0.02183272,0.3157568,0.4348802,0.4021258,0.2689467,0.4146285,0.3371634,0.361988,0.2864912,0.3240814,0.3185765,0.5157347,0.2808639,0.3303209,0.3446488,0.5138005,0.8300977,0.2623826,0.2267317,0.3861234,0.2831284,0.6858922,5.736962e-09
520.339,0.08685092,0.02305766,1.104736,0.106024,0.1447408,0.5649083,0.1700911,0.3110502,0.573817,0.07971412,0.18427,0.2087345,0.1513601,6.082482e-11,0.04641108,0.3566974,0.2961289,0.1161505,0.03068776,0.2127738,0.0250443,0.1839203,2.685881e-31,0.1884771,0.1148938,0.01805394,0.3878551,0.2078173,0.3436043,0.4788177,0.2551457,0.1851731,0.3069881,0.1943974,0.1760218,0.3096442,0.2230434,0.2875747,0.2781886,0.3721995,0.1934552,0.3240885,0.2352622,0.1685471,0.547623,0.2902271,0.1929097,0.3843284,0.1956151,0.08513611
521.1864,0.1543188,2.651638e-11,0.01302001,0.07161077,0.4592852,0.05982828,0.1937059,0.3528031,0.05610432,0.02687204,0.1991824,0.08180887,0.04094953,0.05948464,0.234912,0.04044595,0.185574,3.541376e-32,0.2469217,0.1101784,0.0498561,0.01508912,0.4808097,0.3682868,0.04960653,0.2617946,0.07206856,0.03518175,0.1793421,0.1614773,0.1470672,0.3086142,0.2087376,0.2896032,0.7803779,0.2647642,0.1571362,0.327941,0.2266205,0.2983993,0.1414363,0.4434468,0.3253456,0.4065952,0.2238756,0.3087522,0.1923726,0.2388582,0.1522455,0.2017283
522.0339,0.09855655,0.01216277,0.183278,0.1852136,0.1631973,0.07991097,0.06607906,0.1385103,0.009684442,0.03695632,0.4588495,0.1234821,0.2525294,0.04597556,0.1459827,0.1839065,0.02333001,0.01431747,0.3999877,0.03290874,0.07416547,0.2056222,0.121971,0.1480531,0.2021711,0.1781352,0.02034125,0.01467501,0.2454394,0.1381343,0.4503541,0.1803842,0.143982,0.08512181,0.4724739,0.1688477,0.2195948,0.210999,0.1136789,0.2163918,0.1621138,0.2651967,0.0989412,0.4147973,0.139322,0.3316273,0.4171153,1.037478,0.154166,0.05255313
522.8814,0.04843195,0.0182526,0.1599757,0.07532176,0.2253676,0.257004,0.6469447,0.05046497,0.1779592,0.03379694,0.151518,0.07657842,0.02640492,0.5067716,0.7088161,0.03339037,4.076849e-12,0.09278378,0.008161708,0.230497,0.263489,0.007686166,0.02449549,0.03133856,0.27584,0.1130253,0.00535375,0.1837809,0.5845973,0.1237374,0.08218405,0.2584109,0.5576677,0.05843407,0.4639035,0.1626938,0.1447949,0.2827986,0.05826673,0.3512013,0.05852771,0.5167086,0.1720529,0.5558474,0.06038251,0.06899735,0.1168471,0.08309937,0.08609443,0.02377186
523.7288,0.219494,0.317166,0.09308206,0.05310822,0.1374103,0.003211612,0.2110153,0.2304929,0.07127133,0.2231333,0.06767784,0.2501779,0.2811174,0.2350291,0.07751655,0.05425918,0.2427687,0.05782211,0.654393,0.06704558,0.0156758,0.06220891,0.5336159,0.1506862,0.544522,0.1671085,0.118755,0.006519722,0.1852576,0.3016295,0.2139122,0.1396003,0.2690403,0.04013632,0.1761697,0.05800581,0.2293681,0.08739572,0.1819454,0.09626105,0.08961053,0.441994,0.1686653,0.1718577,0.08011635,0.0349886,0.06891155,0.2374126,0.09827189,2.188006e-13
524.5763,0.1743396,0.002409704,0.5835873,0.1291701,0.1142977,0.03121613,0.1162922,0.09573893,0.1688115,0.03363232,0.04910566,0.04839042,0.3415232,0.488064,0.05495289,0.08684722,0.1651634,0.4743662,0.1855663,0.1025871,0.04126549,0.18448,0.01941282,0.07205716,0.4333248,0.07634218,0.004551438,0.09111312,0.1320379,0.1863427,0.1824229,0.1340218,0.5519923,0.5717785,0.09955565,0.1232554,0.03666624,0.1570192,0.1666612,0.05430384,0.07162508,0.1246311,0.2798188,0.1409417,0.368949,0.02519406,0.04560248,0.1528027,0.4091938,0.003826051
525.4237,0.07830624,0.1248537,0.4612042,0.3652824,0.318084,0.1808621,0.1446428,0.1068305,0.4674418,0.01204845,0.50219,0.1899809,0.02915661,0.009497847,0.3513615,0.1051008,0.1757982,0.007883373,0.04309641,0.1590759,0.1993603,0.008290035,0.03125873,0.01356525,0.1178079,0.5056763,0.01522314,0.05657781,0.3200646,0.1053569,0.02878896,0.4911897,0.06731294,0.1245606,0.2105046,0.4116037,0.1164487,0.3754141,0.0197358,0.03572182,0.2078864,0.07567815,0.1304665,0.09483385,0.01724532,0.5615215,0.05737931,0.05988749,0.07467418,0.1677372
526.2712,0.05095123,0.02504992,0.2633521,0.2573858,0.104337,0.0471318,0.4255764,0.078057,0.07509144,0.2124181,0.2057115,0.08964255,0.07713817,0.07744842,0.0006056264,0.4406882,0.05874497,0.02932073,0.06905614,0.3960486,0.2473226,0.2142094,8.041044e-38,0.1298234,0.2729792,0.01702881,0.1071864,0.04581515,0.1651893,0.119349,0.1713948,0.1669481,0.06628225,0.02338095,0.219451,0.0453396,0.2203178,0.2306514,0.309847,0.09720042,0.07955556,0.05638565,0.3458766,0.02107736,0.1869117,0.2059502,0.1971137,0.2494894,0.0670936,0.0478839
527.1186,0.2690847,0.07729808,0.3200141,0.09186884,0.1423097,0.09513174,0.03393308,0.1172003,0.1547928,0.2121081,0.1592249,0.03920461,0.1733798,0.1603875,0.6888008,0.3077133,0.1163317,0.0485447,0.03044323,0.2730635,0.3676619,0.2113707,0.01246862,0.5557822,0.04726331,0.3646017,0.3191022,0.5846241,0.02051887,0.08925433,0.2748261,0.5960734,0.01660059,0.07407498,0.3316154,0.02803884,0.01382102,0.1205341,0.1775601,0.394824,0.03150365,0.08457552,0.473193,0.1183281,0.1765373,0.006026722,0.05261751,0.4300072,0.01056573,0.03633886
527.9661,0.07779265,0.2305546,0.102855,0.4565942,0.2009103,0.07408637,0.1391061,0.0586495,0.01435533,0.2826633,0.0198883,0.0914487,0.1246778,0.1430516,0.1554096,0.01784169,0.04913768,0.1638183,0.03644501,0.1014286,0.02517323,0.03036935,0.08614888,0.02215071,0.284289,0.1172741,0.07863611,0.1407547,0.1264013,0.06176416,0.1000909,0.06747029,0.1056891,0.1408345,0.01881918,0.1246388,0.030066,0.1628524,0.04737123,0.2453034,0.664789,0.05347633,0.1176082,0.1364034,0.3216198,0.1315268,0.1144938,0.02556615,0.009686718,0.3922127
528.8136,0.009693077,0.1968113,0.2322316,0.2007703,0.01686306,0.006182635,0.04268787,0.01346135,0.2895879,0.1822458,0.02498899,0.3646547,0.008016683,0.3565022,0.1592032,0.3202215,0.09782246,0.0580537,0.05914634,0.007862648,0.1395968,9.309608e-41,0.0306145,0.112694,0.00813388,0.2229224,0.2436774,0.2083021,0.03331331,0.09643051,0.1199544,0.1015275,0.03737395,0.3603701,0.3783301,0.02579104,0.002300156,0.1307754,0.1142137,0.0168001,0.047458,0.05962064,0.3264284,0.002338781,0.343746,0.1153833,0.2082525,0.2610442,0.3106466,0.06034897
529.661,0.1946456,0.3117178,1.771243e-15,0.09672754,0.08827008,0.02037021,0.1478152,0.1971576,0.1168873,0.01278561,1.83759e-15,0.01649101,0.1423472,0.1189024,0.3489611,0.1136122,0.0213954,0.01711193,0.2928872,0.02196064,0.8328098,0.04298413,0.04239683,0.1068047,0.03476416,0.114068,0.1282616,0.3511282,0.122091,0.5745077,0.02688597,0.08880813,0.01376036,0.07379958,0.09415077,0.01711439,0.3809612,0.1511323,0.100899,0.05294398,0.1660807,0.01977589,0.001567471,0.005339329,0.05822501,0.3999446,0.3555143,0.03505822,0.2647528,2.34341e-05
530.5085,0.3638473,0.09222475,0.5139397,0.0601995,0.1219124,0.08017035,0.1555518,0.144112,0.1458438,0.2819835,0.09363244,0.1284888,0.04942309,0.109762,0.02328424,0.3744535,0.2670455,0.4221523,7.721231e-43,0.008686395,0.04059304,0.2101618,0.1306207,0.2151662,0.02176722,0.3234821,0.4192755,0.07949037,0.04515331,0.1269681,0.4703084,0.03771872,0.07227166,0.2500731,0.001491548,0.2321355,0.0008244814,0.1116823,0.1627639,0.2956666,0.0009178607,0.3086156,0.1899815,0.5887743,0.03543651,0.1447556,0.1412389,0.06387943,0.2212355,0.07495214
531.3559,0.5267895,0.01617208,0.01806885,0.2078103,0.3286392,0.2020644,2.106512e-16,0.02919216,0.02945231,0.00821771,0.3919027,0.3872028,0.06986764,0.1616714,0.02260677,0.1098813,0.5080672,0.1567631,6.973222e-44,0.08747821,6.520822e-44,0.8884742,0.1633424,0.2594199,0.2670116,0.0155645,0.1066068,0.02379759,0.1525911,0.01775126,0.3315145,0.0372139,0.4729167,0.08137895,0.4776243,0.0008926079,0.07922819,0.1639092,0.2870213,0.06257601,0.3301689,0.05714568,0.002550068,0.6209479,0.02536037,0.3057497,0.08309005,0.08673035,0.1118097,0.08535267
532.2034,0.4289811,0.01911629,0.3740334,0.6828064,0.08870172,0.1112983,0.09999238,0.1808981,0.2973191,0.02578747,0.4811197,0.01912118,0.1105389,0.1373647,0.08474382,0.08750706,0.1193618,0.0356211,0.2252385,0.1355246,0.3072272,0.02843961,0.326885,0.1748155,0.1682934,0.2846054,0.1543096,0.07874071,0.05960779,0.03029555,0.3319954,0.1510478,0.07831878,0.3877889,0.0027038,0.2853002,0.03826911,0.2155332,0.101148,0.5783924,0.3884099,0.114961,0.1476288,0.03803011,0.1439436,0.01780556,0.1007358,0.1564223,0.2060543,8.009135e-25
533.0508,0.3006357,0.4759203,0.02100318,0.2039999,0.09915216,0.09548543,0.0535297,0.06125093,0.03442689,0.1685959,0.03603821,0.04872898,2.828391e-17,0.4810534,0.2510542,0.2485265,0.4407245,0.2074004,0.03142295,0.3158165,0.03405124,0.1007924,0.1222109,0.1472651,0.09250673,0.1889403,0.1241663,0.04020669,0.3244014,0.08061512,0.009288465,0.0001819436,0.1812045,0.1558327,0.1975896,0.1458638,0.4256401,0.09681824,0.1984674,0.05805622,0.3392401,0.01371025,0.191586,0.1113121,0.1896118,0.1196728,0.0009380198,0.05206397,0.02134095,0.4566504
533.8983,0.176902,0.3838506,0.3717637,0.1084412,8.051193e-18,0.1038734,0.05785249,0.08463247,4.117878e-05,0.2020792,0.07592137,0.1592309,0.203913,0.1978032,0.02053662,0.06280891,0.1539323,0.1018637,0.06859846,0.104908,0.2171209,0.1097669,0.368496,0.02832714,0.0572291,0.1709794,0.1684712,0.07621463,0.09897588,0.09808881,0.1208986,0.06392874,0.008673567,0.4738016,0.145874,0.04466895,0.1574706,0.04001052,0.1761892,0.07560157,0.05994935,0.07344137,0.105982,0.08985662,0.01061276,0.2074284,0.2603074,0.03605991,0.2198836,0.05690567
534.7458,0.2907026,0.06266072,0.2090605,0.007673,0.02184001,0.1997042,0.04721698,0.1522867,0.09276675,0.05414473,0.09121436,0.2779645,0.008514278,2.732277e-18,0.06694712,0.03350554,0.1835523,0.01315799,0.2187629,0.06472679,0.04126379,0.1306278,0.1438385,0.230526,0.09072518,0.002435664,0.1378276,0.06870871,0.1258316,0.4673305,0.0385955,0.03524659,0.1010536,0.6042456,0.1554522,5.040253e-05,0.02918906,0.01308337,0.008667451,0.1412444,0.2115541,0.07579758,0.1759985,0.1828585,0.005556954,0.09285134,0.2226081,0.3434127,0.02534774,0.1075779
535.5932,0.3305573,0.2037409,0.213137,0.1312588,0.1499032,0.1041866,0.1800009,0.1716164,0.3083571,0.2143016,0.2206947,8.177901e-05,0.08328639,0.2843685,0.1020302,0.3210837,0.1646211,0.4591039,0.2107168,0.0990568,2.546215e-49,0.3195159,0.04450842,0.05941331,0.2918568,0.2536036,0.1169768,0.2069126,0.09961677,0.1139282,0.009306818,0.2038124,0.0815291,0.06505587,0.005964029,0.05090421,0.05659121,0.1243007,0.05180305,0.1332762,0.4889652,0.003635187,3.018075e-05,0.08532831,0.01801549,0.1155602,0.007621764,0.5134963,0.2840299,0.1141906
536.4407,0.07458907,0.09628519,2.88141e-19,0.2944766,0.1612206,0.0586961,0.04029994,0.2027444,0.01878622,0.0004634722,0.3071383,0.2403944,0.2873987,0.07589801,0.08172692,0.2090378,0.4409727,0.3355371,0.1641432,0.1018719,0.1882409,0.311633,0.01801439,0.2249713,0.07091496,0.4758568,0.1505375,0.1841852,0.1218776,0.1298724,0.1453622,0.2056023,0.005290993,0.001002239,0.002902693,0.01882166,0.2649517,0.02467576,0.07225674,0.1104585,0.01630412,0.007978603,0.1416539,0.03319906,0.3558264,0.1856381,0.08861282,0.1533821,0.03822612,0.01607336
537.2881,0.004394843,0.1304376,0.07049299,0.1260711,0.1933342,9.410655e-20,0.1974408,0.06572658,0.02309589,0.2277307,0.1625696,0.2340269,0.01074754,0.1306686,0.2245649,0.1575424,0.1553974,0.1051387,0.058932,0.1671804,0.1299528,0.01023341,0.03419961,0.1222411,0.4942549,0.01709192,1.67278e-51,0.4199486,0.02320638,0.002854183,0.09193436,0.09952569,0.01221691,0.2739887,0.004972235,0.1434693,0.2495163,0.1684258,0.2755639,0.02750978,0.1425435,0.178897,0.1690904,0.7299069,0.3478914,0.09397975,0.01637869,0.364556,0.6278206,0.1582706
538.1356,0.4177277,0.4464123,0.5197343,0.06779325,0.1739529,0.01269186,0.03046785,0.1957149,0.03284641,0.3886833,0.05959655,0.08853199,0.1018923,0.2020967,0.08774924,0.168611,0.01144161,0.1800571,0.1313867,0.1074396,0.08295522,0.1423641,0.2948863,0.02913636,0.01029267,0.1866347,0.2744154,0.03559349,0.1065583,0.03738035,0.09355534,0.0838845,0.1538653,0.2848781,0.09870991,0.01312667,0.1723725,0.2781196,5.9349e-05,4.671981e-06,0.05136406,0.02534,0.0798129,0.3996284,0.09475385,0.05549633,0.0006819386,0.2645165,0.2226033,0.04726122
538.9831,0.1990141,8.832884e-21,0.1641473,8.37344e-21,0.2251053,0.0007554383,0.08856633,0.2790801,0.09116944,0.1093025,0.005366874,0.09858649,9.560897e-21,0.005615236,0.103251,0.1876945,0.07352677,0.01288185,0.07090433,0.1036615,0.1735546,0.0222131,0.1311489,0.03461828,0.03615019,0.3244864,0.05628419,0.07253924,0.1484587,0.2135382,0.3558519,0.005316014,0.5649367,0.1923537,0.0297908,0.07789796,0.03512061,0.08217488,0.2375966,0.03547068,0.2587083,0.07360405,0.005525619,0.0003585296,0.1217114,0.2579332,0.5210822,0.09904945,0.09540644,0.08001364
539.8305,2.458187e-21,0.04174106,0.128805,0.07108681,0.1127964,0.2387413,0.1598193,0.2409109,0.4138112,0.2046508,0.06656001,0.0437197,0.004316022,0.10215,0.4897894,0.1637651,0.03354717,0.1351303,0.02983584,0.05218203,0.1907765,0.2084567,0.2120251,0.06544072,0.6218595,0.0419619,0.03709624,0.05550505,0.1914509,0.1068595,0.2594959,0.2295457,0.1047219,0.3888134,0.08738203,0.02355337,0.6322268,0.04776139,0.02094416,0.05293546,0.1494997,0.222985,0.2580031,0.07964369,0.689672,0.007148341,0.2483843,0.2216122,0.2319481,0.187993
540.678,0.2338018,0.0592521,0.03326561,0.002872381,0.1808654,0.04693855,0.3812147,0.07177366,0.4196819,0.02599768,0.01859058,0.1542608,0.004685408,0.0918561,0.1117586,0.285881,0.2928347,0.01942922,0.2065289,0.004384032,0.3595233,0.2428973,0.5021108,0.03648154,0.1629337,0.4395398,0.3176348,0.05444331,0.2190324,0.1503764,0.5644867,0.009059507,0.03042781,0.02527008,5.188467e-07,0.4201634,0.1439104,0.08424893,0.07450257,0.1266266,0.1277926,0.6108308,0.04969245,0.2142856,0.03812032,0.4065876,0.6983271,0.05797717,0.09558632,0.205164
541.5254,0.2596897,0.2683289,0.2335578,0.1290337,0.6105291,2.328078e-22,0.06641896,0.07445674,0.4701365,0.08746719,0.127298,0.01053054,0.006917435,0.2297926,0.03462625,0.1538113,0.04815736,0.169026,2.184027e-57,0.002928725,0.3458531,2.341129e-57,0.02183626,0.0893464,0.1771949,0.04861948,0.06740871,0.01591707,0.3649001,0.1431147,0.07969318,0.09785697,0.1505354,0.09703383,0.01288464,2.575824e-07,0.03766743,0.01311479,0.06979824,0.0002502331,0.3015426,0.1417922,0.3054795,0.1434762,0.2025466,2.497573e-07,0.2415118,0.2852272,2.865733e-07,0.1101619
542.3729,0.2877056,0.1759274,0.3876206,0.09945378,0.2205836,0.1448995,0.1340432,0.02639627,0.0684259,0.1501824,0.2712737,0.3187699,0.1124278,0.06079134,0.108448,7.301371e-23,0.009391894,0.2985867,0.02673428,0.5572433,0.3771789,0.08422724,0.3517527,0.3047986,0.1119499,0.1346301,0.01053496,1.663874e-252,0.5782987,0.01036584,0.00508812,0.07321028,0.06399224,0.04907029,0.2954564,0.1365119,0.1995864,0.0186481,0.4710255,0.06180927,0.2026619,0.02401973,0.01379568,0.03352325,0.07023713,0.1443346,0.3951289,0.4984659,0.119043,0.003959228
543.2203,0.05867784,0.09995374,0.03042107,0.2432478,0.08757826,0.02112365,0.1375012,0.1974457,0.08785996,0.005090162,0.02539432,0.03449183,0.1651909,0.07561676,0.0003887675,0.1069276,0.2974746,0.002773647,0.006245242,0.1051452,0.002432862,0.01380394,0.009320821,0.2354168,0.1823284,0.08119519,0.04573154,0.1445323,0.2673245,0.5367781,0.01586884,0.3578325,0.05126856,0.1846376,0.1507303,0.05304126,0.009308989,0.1350576,0.538745,0.1106849,0.9927407,0.0599027,0.1728136,0.04720294,0.2979862,0.1373357,0.06413602,0.7609541,0.07183801,0.1394802
544.0678,4.881034e-24,0.1062096,0.3543656,0.5549421,0.01111236,0.04642809,0.1860761,0.1281812,0.1256156,0.02791974,0.075302,0.1292588,0.9016777,0.2699736,0.05591539,0.195659,0.006398512,0.4350344,0.1144365,0.6957976,0.1339903,0.02257094,0.0265651,0.5125227,0.07632079,0.0272127,0.01659289,0.7571444,0.2166055,0.07594188,0.01537867,0.2523403,0.173562,0.2114475,0.03703668,0.05839701,0.4903009,0.002930307,0.5103485,0.7402805,0.1446605,0.2105829,0.07904882,0.06420319,0.06181569,0.2358005,0.2725347,0.3837721,0.3383676,0.07153349
544.9153,0.09963626,0.1696118,0.02656526,0.0493741,0.1367258,1.469341e-24,0.28566,0.173367,0.1217068,0.006500713,0.02964614,0.3955808,0.1298292,0.07361291,0.1936765,0.1315433,1.354058e-24,0.4653934,0.01077351,0.3554411,0.05466917,0.0264498,0.03045872,0.03191309,0.1198245,0.0236077,0.06596917,0.2706067,0.0905349,0.2637408,0.1636347,0.1165788,0.07167582,0.07115796,0.06966993,0.04749927,0.009161428,0.2226934,0.1147325,0.8212138,0.05958256,1.344973e-08,0.04506444,0.1478403,0.07697928,0.2827092,0.02783044,0.1273902,0.002123945,0.1002619
545.7627,0.3191592,0.04964597,0.6616518,0.3577341,0.03575364,0.009797932,0.2355618,0.5164897,0.2966268,0.08762472,0.1956611,0.2309298,0.3903148,0.0001350197,0.3060901,0.0003304613,0.1415669,0.1020254,0.1634363,1.648336e-63,0.366765,0.1935201,0.1091617,0.05821722,0.4128443,0.1240527,0.05417983,0.007214241,0.4231572,0.08909274,0.1860495,0.01196605,0.2267897,0.1156141,0.2148698,0.3043755,0.009789467,0.2246002,0.02824913,0.1601715,0.6849586,0.1196427,0.2040169,0.04060825,0.08643999,0.1580512,0.1919048,0.02956121,0.03084915,0.1830765
546.6102,0.002635679,0.230031,0.05307805,0.07736777,0.3727212,0.03245383,9.93143e-26,0.06803811,0.2186826,0.003844357,0.2192045,1.112954e-25,0.009096601,0.006783321,1.075922,0.2187267,0.1948214,0.1461998,0.03751192,0.03477727,0.2578193,0.1262968,0.05086734,0.0407599,0.01247708,0.01233235,0.06220796,0.04560296,2.956024e-09,0.1024635,0.04040174,0.8039722,0.004484922,0.08080581,0.09583161,0.03211356,0.03261664,0.1769886,0.2226708,0.3083262,0.01451675,0.008474806,0.005394284,0.1949627,0.2170471,0.1662719,0.04931364,0.0386596,1.017589,0.003608443
547.4576,0.06511432,0.2626206,0.3982063,0.1126056,0.1774156,0.05504278,0.173118,0.287372,0.3491417,2.952423e-26,0.02595373,0.07450021,0.204756,0.1674871,0.02049217,0.5443249,0.002914569,0.09872808,0.1256102,0.07347492,0.5994619,0.1506196,0.2294955,0.3818572,0.04617005,0.06459652,0.1970931,0.009528362,0.04943929,0.04983958,0.0930808,0.5827577,0.2004367,0.3789426,0.6288051,0.2137705,0.1680476,0.03493431,0.3493056,0.02989148,0.001082859,0.2038792,0.0882189,1.167522e-09,0.251694,0.03565587,0.4558298,0.02760138,0.05315586,0.2884845
548.3051,0.001006776,0.006023686,0.1049572,0.3844393,0.01292263,0.02601885,0.5479935,0.4144044,0.05436929,0.02699613,0.04951118,0.3731068,0.06949373,0.04067332,0.102192,0.3573422,0.5179013,2.170254e-67,0.1555055,0.000247089,0.02020431,0.4748481,0.3555621,0.2450421,0.1496516,0.03308177,0.09741075,0.002575799,0.1260323,0.05054848,0.1767537,0.002720769,5.809263e-10,0.002539544,0.2078425,0.1893546,0.07820697,1.028056,0.01752078,0.07277831,0.01839477,0.1571335,0.005817909,0.1679412,0.03513381,0.1095775,0.04327871,0.002849698,0.7802071,0.1741818
549.1525,0.2851396,0.06178692,0.05202979,0.04365996,0.154635,0.05833211,0.02139621,0.4785675,2.034519e-27,0.9941486,0.06116452,0.04221223,0.09732695,0.07094846,0.01656698,0.2576507,0.07978058,0.09518524,0.4422192,0.4087483,0.1894612,0.1861321,0.07632324,0.1265325,0.1572405,0.1190291,0.3225292,0.09362603,0.1790399,0.001373374,0.5919467,0.09677521,0.08523242,0.003671751,0.552073,0.1359188,0.1496298,0.009472654,0.1931405,2.557881e-10,0.1538908,0.1642271,0.1805107,0.3064518,0.08493463,0.1910128,0.4961277,0.1401673,0.03155502,0.2648922
550,0.05636968,0.111324,0.5267852,0.1786377,0.004057625,0.7678443,0.2875784,0.04667869,0.04663585,0.2406851,0.5459785,0.172851,0.2008461,0.05439214,0.042137,0.02013938,0.2211237,0.05109289,0.07046422,0.1114686,0.05329692,0.2111504,0.1024315,0.1639538,0.04040453,0.3755671,0.02915147,0.1899545,0.04151129,0.1792006,0.1843958,0.7485278,0.1120459,0.1569061,0.08550669,0.0472831,0.0827357,0.04956394,0.2348707,0.01878731,0.05214044,0.2272995,0.03203117,0.2646966,0.1736048,0.006650977,0.07998657,0.2980432,0.2461906,0.261891
550.8475,0.304433,0.03186977,0.4611013,0.01769743,0.5101865,0.4104096,0.1621875,0.07816546,0.2818843,0.03800401,0.03977579,0.04197091,0.01315062,0.456777,0.1159196,0.36659,0.1550362,0.2718937,0.1665987,0.542176,0.1003595,0.008976289,0.03522934,0.7727178,0.01747359,0.185111,0.08214369,0.680413,0.09192367,0.3045556,0.387761,0.1132385,0.06011028,0.03368051,0.5889365,0.1291344,0.2197475,0.2684511,0.1025971,0.0715632,0.0627022,0.02241427,0.0833778,0.4679078,0.1394715,0.002054956,0.2295222,0.224137,0.1987109,0.2914992
551.6949,0.1104081,0.3337462,0.03188699,0.01691336,0.04089527,0.4747558,0.1128588,0.02624554,0.444463,0.01240196,0.04845253,0.0706881,3.106467e-29,0.170626,0.580053,0.07753913,0.2082447,0.2363865,0.007590452,0.02681958,0.1985018,0.1656578,0.07239112,0.2307614,0.143827,0.3205261,0.07493377,0.1619643,0.06020829,0.05221481,1.831105e-11,0.10629,0.3312648,0.07642694,0.05509956,0.08089525,0.1246589,0.2834491,0.5252608,0.03269221,0.06016972,0.05540845,0.1150184,0.1498096,0.1362774,0.07953731,0.08337322,0.01536533,0.1853648,0.3346376
552.5424,0.2059949,0.08362127,0.003840755,0.1134233,0.08318765,0.1422286,0.04299907,7.632225e-30,0.01758843,0.08367714,0.6906,0.1321068,0.0413981,6.612199e-30,0.08666569,0.09551048,0.3732868,0.008657531,0.1814757,1.036352,0.1045772,0.5067288,0.113953,0.2610395,0.03927824,0.05399073,0.4451298,0.227601,0.006569517,0.3261156,0.1321332,0.1450141,0.1409035,0.02504004,0.1184158,0.04392527,0.1323612,0.2481115,0.1483522,0.2933354,0.02748626,0.3956829,0.003927369,0.1008459,0.04565258,0.01611069,0.3175548,0.04723583,0.08410015,0.1417654
553.3898,0.1476794,0.1629928,0.1927843,0.1044676,0.1958241,0.06569896,0.0992719,0.1557178,0.09295912,0.1629332,0.06487747,0.09965709,0.143374,0.3085673,0.03124175,0.2504563,0.2224994,0.1996097,0.06572304,2.230963e-75,0.3966428,0.2902075,0.05139039,2.287799e-75,0.1239861,0.07385776,0.1485218,0.01788261,0.1644314,0.1072396,0.2908134,0.1883997,0.03192396,0.1983472,0.2866268,0.1374878,0.3661757,0.1792552,0.337113,0.1589518,0.003709893,0.09811496,0.0101738,0.2055861,0.0969742,0.167161,0.1194506,0.2133285,1.058987,0.190466
554.2373,0.3052545,0.3531603,0.105571,0.06625499,0.5127887,0.3100129,0.1141866,4.265252e-31,0.04901062,0.1188056,0.05304393,0.02141109,0.1398282,3.695213e-31,0.1263464,0.004197997,0.03381458,0.1036975,0.06851708,0.04063507,0.1021675,0.08154762,0.007033885,0.3102223,0.2979604,0.2224792,9.369764e-77,0.03969089,0.1266213,0.07399656,0.3387389,0.3350527,0.07840722,0.1469999,0.0645834,0.441362,0.22129,0.1745093,0.06084951,0.1529086,0.09621232,0.678598,0.3670467,1.02774e-12,0.1547846,0.04258652,1.172907e-12,0.1596903,0.1177422,0.03396202
555.0847,0.0581962,0.1673356,0.399179,0.2906712,0.2256196,0.06653346,0.1347079,0.238604,0.0282918,0.09913244,0.006646827,0.003997371,0.001954899,0.1324429,0.0832411,0.04962492,0.03170756,0.06999393,0.113115,0.5811397,0.06367971,0.03185595,0.1483649,0.004000274,0.03366667,0.007940233,3.785678e-78,0.03486366,0.0160482,0.01939083,0.1932142,0.07674415,0.2339689,0.7590375,0.2251805,0.15957,0.04061928,0.1661589,0.06778454,0.003109005,0.06112444,0.02709918,0.06757144,0.4679461,0.1419332,0.1248118,0.1496977,0.06137773,0.04511088,0.4273693
555.9322,0.4087138,0.08758807,0.1170576,0.1131339,0.2380387,0.08134147,0.1582138,0.3799688,0.140594,0.1260746,0.02206682,0.006658207,0.001208911,0.1519359,0.3692607,0.1534385,0.3417011,0.003968862,0.005475006,0.2816462,1.270114e-79,0.1405447,1.307606e-79,0.5589403,0.02968407,0.06615562,0.2929064,0.1223624,0.1400885,0.2400296,0.1961086,0.1959239,0.07186823,1.650991e-13,0.08958303,0.08289649,4.826992e-05,0.002643644,0.03812946,0.06621068,0.4408324,0.06138237,0.1990553,0.09980798,0.04104887,0.1364579,0.03440353,0.1321933,0.05032494,0.0284316
556.7797,0.04326489,0.1687848,0.08412869,0.1734983,0.05120134,0.344131,0.188213,0.04758515,0.2181432,0.139911,0.01802184,4.819562e-33,0.09294404,0.1834329,0.1866266,0.2691307,0.1524662,1.096497,0.1048557,0.1054186,0.2793976,0.0637505,0.08250743,0.1033506,0.1509492,0.06227984,0.162616,0.1174251,0.09179702,0.943368,0.02026442,0.1462358,0.1847479,0.02204336,0.3339098,0.2361096,0.09301628,0.2842742,0.2300224,0.02225284,0.3212317,0.195193,0.1038223,0.210453,0.2061059,0.5371947,0.01956734,1.05357,0.182803,0.02300003
557.6271,0.006042209,0.1410338,0.09993544,0.08690682,0.2644969,0.04737498,0.3740051,0.0956004,0.0155686,0.01190241,0.16198,0.6480531,0.3651323,0.009705606,0.08272327,0.06517346,0.2630638,0.4554351,0.02083032,0.03958961,0.03598065,0.1708621,0.09305271,0.02267602,0.2517633,0.6836612,0.05300459,0.3592478,2.407621e-14,0.2688,0.1894203,0.0616398,0.2215052,0.686666,0.1447631,0.04888238,0.1766033,0.1701026,0.1962283,0.08295261,0.2818027,0.1067476,0.02374068,0.004930815,0.09761437,0.454373,0.01732141,0.2449785,0.05107817,0.4746055
558.4746,0.04307405,0.06664825,0.1762966,0.3089453,0.4608145,0.4570687,0.09457647,0.3107051,0.003460223,0.2126485,0.09732117,0.2046125,0.002120203,0.002528794,0.03486876,0.2181347,0.1220427,0.2396613,0.3079526,0.07910692,0.4206036,0.0632076,0.03688836,0.246646,0.3131954,0.0368502,0.2087621,6.547238e-296,0.2670742,0.08326514,0.1301226,0.239751,0.2767285,0.07284496,0.1887873,0.3215247,0.4760699,0.3347013,0.185925,0.1847167,0.1546395,0.2392672,0.07321081,0.03730801,0.8563715,0.07540528,0.1418605,0.1917966,0.1202508,0.01793488
559.322,0.01169356,0.09443264,0.3080516,0.07379491,0.2034577,0.08035982,0.2635462,0.07015158,5.198028e-35,0.04863448,0.5232184,0.09602409,0.1188858,0.07610783,0.4755466,0.1447475,0.4727479,0.03431732,0.1261106,0.1234038,0.002854041,0.09029926,0.1023622,0.01246425,0.3106073,0.1037176,0.05789462,0.001876879,0.1145903,0.1120655,0.3832866,0.01681746,0.05066878,0.06722545,0.05303337,0.1799815,0.1114444,0.06598756,0.6507272,0.02094775,0.01406332,2.976531e-15,0.1025057,0.1011402,0.04630102,0.1049035,0.3822841,0.07057063,0.2488767,0.08464727
560.1695,0.2503728,0.00354815,9.797121e-36,0.2017941,0.2077728,0.3478595,0.06641786,0.03162007,0.01695351,0.1702145,0.0356488,0.2549621,0.1566737,0.08080451,0.08099076,0.1897302,0.04292269,0.006371912,0.3938402,0.1021875,7.698304e-87,0.08881597,0.0380874,0.2560806,0.1112373,0.2652291,0.3833298,0.2163286,1.133461e-15,0.084356,0.02767361,0.01345329,0.1570921,0.03034513,0.1227864,0.2587417,0.465303,0.8218414,0.01957892,0.0643286,0.2590993,0.09032186,0.003637844,0.01236823,0.3835473,0.02357652,1.152451e-15,0.2345809,0.04514057,0.03258693
561.0169,0.1111327,0.07543941,0.05844512,0.1469871,0.04103941,0.1788923,0.01197498,0.183371,0.5981183,0.2225263,0.06891227,0.008790233,0.07969231,0.02538771,0.1133917,0.1365673,0.2157504,0.05839642,0.2752454,0.004851305,0.1874184,0.2656438,0.2693132,3.022019e-88,0.15919,0.1380733,0.1283445,0.07721777,0.08743609,0.01013447,0.8777027,0.04101484,0.1419099,0.01174433,0.009109964,0.1839932,0.07551782,0.1375188,0.1661113,0.06135709,0.0454334,0.03015759,0.09815108,0.05088183,3.999734e-16,0.2202867,0.1911655,0.1782453,0.2527301,0.651213
561.8644,0.1365336,0.02874345,0.2981783,0.02983396,0.09080263,0.3697265,0.2228237,0.08587797,0.03690482,0.2111977,4.363005e-37,0.03002239,0.2377857,0.01612919,0.08551024,0.2880195,0.2273544,0.821127,0.6384032,0.09605626,0.05099101,0.08357362,0.02092677,0.2865642,0.2782569,0.2613285,0.4853681,0.2339302,0.08004606,0.03438867,0.1641136,0.08579678,0.196797,0.02848397,0.04884489,0.06829914,0.1283341,0.06152077,0.08423592,0.00675225,0.07455453,0.04329137,0.1833227,0.2020503,0.1845777,0.0004697192,0.124635,0.06964492,0.08009346,0.1308902
562.7119,0.04361513,0.1655653,0.05192539,0.04915696,0.146572,0.1623667,0.01507553,0.1415488,0.1272037,0.2228975,0.1483172,0.09645295,0.1591054,0.02556177,0.1909114,0.1194501,0.03799913,0.1273335,0.178572,0.1933458,0.1599345,0.005886522,0.1705065,3.027142e-91,0.3274116,0.2382615,0.02355339,0.006073967,0.04929132,0.1654567,0.1409406,0.3005208,0.009968283,0.04941836,0.09221042,0.004613743,0.0165061,0.06173606,0.01748043,0.003337206,0.02171872,0.1938837,0.4218147,0.591647,0.4517714,0.3654232,0.2320582,0.09245268,0.06575376,0.19596
563.5593,0.07712712,1.751254e-38,0.4195272,0.5295705,0.5554464,0.0844499,0.09826427,0.1348087,0.0138639,0.03086229,0.1330027,0.03416114,0.1845924,0.09392544,1.771753e-38,0.01357559,0.006557143,0.6897559,0.05828784,0.07716233,0.008143574,0.004999081,0.1526862,0.4501169,0.2713019,0.1744259,0.1251816,0.1136947,0.01604234,0.1687433,0.1542186,0.01685145,0.09800971,0.136651,0.1930608,0.1815991,1.375054e-17,0.3098699,0.1142232,0.1233388,0.1488696,0.2274225,0.00245472,0.3773855,0.01149597,0.09111494,0.4957999,0.4033538,0.1151603,0.1271755
564.4068,0.0200108,0.0778849,0.1761146,0.2911254,0.03943234,0.1175668,0.1949378,0.9547348,0.2025166,0.09217657,0.03614761,0.1190061,0.01415884,0.2157958,0.06902285,0.2249239,0.08435809,0.2073721,0.1175843,0.07686372,0.03481035,0.009573415,0.06843772,0.03609209,0.2745072,0.008542796,0.0955928,0.743001,0.1331546,0.03833945,0.05337432,0.07924839,0.00565558,0.1714877,0.1779824,0.3926044,0.0436409,0.3312406,5.039513e-18,0.1488945,0.1513633,0.169805,5.137848e-18,0.2091833,0.0474335,0.637008,0.08073651,0.2955177,0.1394453,0.4957423
565.2542,6.179874e-40,0.4958711,0.03571115,0.1844931,0.5905233,0.1363509,0.1645897,0.04939793,0.2598512,0.1879861,0.01050165,0.01790966,0.04885993,0.3759052,0.2401242,0.3587787,0.166627,0.07194563,0.2205405,0.0009384014,0.09260566,0.07241107,0.04047188,0.2017875,0.0505345,0.8152619,0.3408985,1.204601e-311,0.2000012,1.754099e-18,0.07243377,0.01479857,0.1927993,0.07677884,0.0006158858,0.05026347,0.04713621,0.1145719,0.04025592,0.05865888,0.1811407,0.1551142,1.674287e-18,0.02433308,0.007076937,0.1022155,0.3112691,0.05492025,0.3585268,0.02838849
566.1017,0.07457351,0.08985237,0.07256106,0.3373234,0.005379779,0.218232,0.07663165,0.04573506,0.2931783,0.247357,0.09263367,0.04650891,0.06223058,0.06627372,0.1129906,0.1314997,0.20332,0.5761272,0.03453065,0.1394031,0.1627296,0.1145139,0.4158324,0.1422985,0.1789218,0.009688057,0.1588841,0.01543983,0.1755314,5.632968e-19,0.2515971,0.03127006,0.04563671,0.04469613,0.230141,0.4690966,0.2187736,0.1340081,0.08374946,0.3844963,0.02976009,0.118321,0.1290065,0.01347203,0.1583251,0.3761619,0.1177209,0.7731204,0.3433083,0.05323057
566.9492,0.3216488,0.08811097,0.01764354,0.1638882,0.05622065,0.04938183,0.1853919,0.3683008,0.2685827,0.7110767,0.21055,0.2582418,0.006250268,0.2873426,0.258862,0.4097389,0.2444077,0.2238664,0.1736799,0.04742518,0.04774878,0.1120218,0.1686783,0.01160279,0.02568132,0.0875466,0.106531,0.01903315,0.04731202,0.2036836,0.3310503,0.2613715,0.01211092,0.2847081,0.2050349,0.01788945,0.05232937,0.02545759,0.07801306,0.1450058,0.01129698,0.2036335,0.1737091,0.04865249,0.4501908,0.07920982,0.1054198,0.1358453,0.2765854,0.1164533
567.7966,0.1123949,0.3679364,0.05667559,0.06289571,4.126452e-42,0.1790308,0.1379269,0.3922576,0.03429825,0.03718123,0.05886902,0.08980045,0.04611557,0.06890718,0.01727842,0.2189194,0.0487702,0.6451547,0.01167485,0.04791614,0.211547,0.02666531,0.04787516,0.07425607,0.2215475,0.6196619,0.1511196,0.1169333,0.09966363,0.2652448,0.02898847,0.07086906,0.07822276,0.0835355,0.06319389,0.1331728,0.1429856,0.03822855,0.03287845,0.1197915,0.4441923,0.128845,0.1987135,0.05766103,0.09393852,4.676752e-20,0.0762522,0.01737663,0.1005363,0.1113327
568.6441,0.1394674,0.2184573,0.06554367,0.09422241,0.01256466,0.2168761,0.541362,0.08940441,0.05709651,0.07886886,0.05955196,0.05610525,0.06953886,0.1379905,0.07301697,0.5580119,0.3290334,0.1790124,0.2398217,0.5654016,0.0760704,3.759129e-102,0.1897818,0.101066,0.1019384,0.001683319,0.2396124,0.2754229,0.08316232,0.1010829,0.07409402,0.08437924,0.02669201,0.05001677,0.03605,0.330353,0.07248772,1.587201e-20,0.5856226,0.008106051,0.2292112,0.09139056,0.03269106,0.3054647,0.1831537,0.05721402,0.0335804,0.063678,0.2469981,0.00923249
569.4915,0.061632,0.1769625,0.3819045,0.1241888,0.3047965,0.2855217,0.3145218,0.08809858,0.06275225,0.1151867,0.01943748,0.08059778,0.226645,0.1320293,1.268104,0.05078481,0.118952,0.1293582,0.007324227,0.1886398,0.03918078,0.1888206,0.06477097,0.04027008,0.01799707,0.2094185,0.0120328,0.2890049,0.3186095,0.1125434,0.3476759,0.06525705,0.00337984,0.1522518,0.005083479,0.055246,0.1718137,0.4331485,0.02856121,0.2448366,0.01710234,0.05312848,0.5961139,0.05565374,0.05246071,0.1509377,0.09138878,0.06087504,0.2560654,0.00426768
570.339,0.2599047,0.005870269,0.0005868129,0.002477664,0.106455,0.007971758,0.257591,0.06187579,0.1781001,0.0115167,0.41978,0.03186495,0.1765683,0.1559142,0.3156771,0.3469717,0.02051583,0.02362603,0.07374388,0.02911495,0.1389155,0.232444,0.06903987,0.3580355,2.090936e-105,2.338937e-105,0.0001089879,0.001171211,0.1030426,0.1367998,0.005018326,0.0587868,0.03015143,1.432166e-21,0.05370628,0.2983827,0.0353993,0.1924286,0.1637562,0.2475375,0.004659416,0.3709485,0.07430461,0.03585962,0.007384367,0.1115746,0.1973633,0.03107931,0.01247905,0.03506822
571.1864,0.1110457,0.005811854,0.262869,0.1639022,0.1405902,0.530432,0.07783057,0.2766258,0.05150147,0.01676178,0.5104317,0.1504255,0.1137739,0.03245183,0.1275103,0.1315872,0.04967652,0.05819629,0.0742468,0.218562,0.02676992,0.1921986,0.6871054,0.0492392,0.112597,0.2905226,0.1198477,0.06742765,0.04765875,0.2588778,0.2618678,0.0319214,0.2289903,0.07499904,0.03697153,0.1589764,0.343353,0.3547009,4.251542e-22,0.1602116,0.2899878,0.1691588,0.5552426,0.5182984,0.3253767,0.08304418,0.461143,0.2251654,0.09323302,0.07722747
572.0339,0.08590609,0.1327328,0.1443108,0.06132364,0.3694063,0.153425,0.294156,0.06137691,0.3289693,0.1643443,0.4855276,0.2199759,0.009800609,0.1582693,0.205667,0.1863309,0.378836,0.007794136,0.002624441,0.2795295,0.2470365,0.2894606,0.209244,0.6776061,0.4115143,0.1180289,0.280988,0.05685839,0.1102265,0.09081135,1.289943e-22,0.151204,0.5459953,0.01753582,0.2869609,0.06042338,0.1913194,0.02695155,0.2937147,0.1005482,0.2525762,0.3541664,0.1278216,0.03367861,0.7395737,0.1052148,0.1738418,0.001695308,0.1183662,0.0006402548
572.8814,1.241553e-46,0.1306087,0.07954366,0.08842716,0.0105099,0.3450619,0.3534122,0.1526189,0.03121718,0.02352565,0.08443513,0.1082518,0.1254062,0.0357244,0.03658041,0.02146881,0.1367875,0.155436,0.2481473,0.1921732,0.0798398,0.1137737,0.6562747,0.2818036,1.448878,0.03579908,0.3268687,0.2973781,0.03929361,0.4983019,0.4557823,0.2195273,0.0111604,0.02629483,0.09534527,0.2442129,0.09015562,0.08136935,0.08026388,0.02748674,0.06557228,0.04991615,0.3197052,0.2940509,0.01197089,0.02832566,0.03585166,0.2880141,0.11041,0.05492243
573.7288,0.2448203,0.1720518,0.2591771,0.2511425,0.1479629,0.01590342,0.06509705,0.2610992,0.06898983,0.4588974,0.03527419,0.07917275,0.06285662,0.2864308,0.02433321,0.5960564,0.01166565,0.08330261,5.292995e-112,0.226609,0.1506675,0.4070803,0.08083131,0.009974713,0.4047998,0.1332397,0.1211709,0.2077183,0.1133223,0.4619581,0.0328319,0.1755728,0.4384096,0.2296448,0.328158,0.1706756,0.8851745,0.732865,0.4552042,0.00762485,9.948735e-24,0.1623557,0.1044538,0.1744561,0.01418777,0.08053433,1.037013e-23,0.109542,0.03495917,0.3949202
574.5763,0.1641924,0.08944685,0.4013473,0.004142795,0.1050496,0.102588,0.2401871,0.0358835,0.2552091,0.566861,0.0223737,0.3598664,0.8460263,0.02875878,0.02834523,0.02989125,0.1636807,0.06462378,0.05763031,0.1183087,0.05001823,0.2463099,0.04730779,0.002974109,0.3088052,0.06627988,0.247088,0.04006702,0.259598,0.01372315,0.03837633,0.03251895,0.0818111,0.05781529,0.03413654,0.2984821,0.07599117,0.2726195,0.04025944,0.168105,0.1925132,0.06170024,0.1960875,0.1723528,0.1122121,0.2689967,0.9317525,0.181078,2.832225e-24,0.1371652
575.4237,0.2527056,0.001662097,0.08661537,0.09554769,0.1872555,0.2325309,0.05838494,0.1366969,6.600569e-49,0.3894445,0.0003630934,0.1863295,0.1703155,0.01441736,0.09798123,0.05412984,0.02343446,0.09150171,0.01617741,0.06956668,0.2547017,0.3806213,0.03033596,0.401338,0.483638,0.1155746,0.1304047,0.05451321,7.731469e-25,0.1899203,0.08857797,0.07844332,0.3175786,7.438033e-25,0.06459243,0.3270612,0.005073892,0.195142,0.01133036,0.06548104,0.07947057,0.1562067,0.04154842,0.149353,0.1191425,0.0272547,0.1346197,0.1681919,0.7904872,0.05869861
576.2712,0.02558183,0.04738366,0.3524688,0.1582211,0.005540103,0.6178729,0.004833273,0.003080127,0.03635577,0.03381003,0.3368106,0.3377012,0.1181235,0.0594384,0.08186564,0.1097664,0.4874332,0.07751629,0.0918907,0.01722774,0.05385816,0.1071576,0.05793723,0.09482313,0.01213394,0.1158095,0.1890391,0.09124804,0.1598544,0.194231,0.005918254,0.4483299,0.144779,0.02538465,0.1681836,0.08190414,0.0152308,0.05040475,0.0122123,0.237246,0.07384653,0.1901553,0.1103662,0.3784475,0.1875047,0.08323512,0.04805488,0.2179365,0.0821764,0.8171134
577.1186,0.03772432,0.4535432,0.2759865,0.02414589,0.2832058,0.01486967,0.03027659,0.4227365,0.07979975,0.2687805,0.1337937,0.01217488,0.2849602,0.2269012,0.2052938,0.1188919,0.143822,0.02858568,0.02555802,0.2268242,0.1068225,0.2391176,0.06919102,0.07615865,0.3556573,0.08744302,0.1836716,0.03672461,0.1019067,0.3442312,0.04566689,0.2248315,0.2282026,0.6740307,0.1121733,0.003534493,0.1248239,0.03225377,0.2483253,0.3267633,0.1817718,0.2463921,0.1598464,0.01966368,0.2357481,0.2999336,0.07076564,0.1488814,0.1921094,0.09044224
577.9661,0.2029334,0.05139278,0.3181673,0.03750709,2.20036e-51,0.2151484,0.1424886,0.1609848,0.4348974,0.09755801,0.1082937,0.108379,0.09942452,0.2678705,0.03310674,0.1696964,0.145006,0.1763781,0.07087919,1.702246e-120,0.04004957,0.5569029,0.06440166,0.2441669,0.1746937,0.04732178,0.1092269,0.1576946,0.3090757,0.1967751,0.2242372,0.03644296,0.05544417,0.1189037,0.08680638,0.2814126,0.07340658,0.1434103,0.1902313,0.1596856,0.06309552,0.08182184,0.08481077,0.1349004,0.1083228,0.1001849,0.2236024,0.02488035,1.44741e-26,0.08569947
578.8136,0.1025867,0.2626658,0.01897621,0.5097592,0.5080927,0.04479803,0.1125976,0.1796786,0.1160746,0.1654147,0.1951414,0.05822372,0.02195764,0.03850862,0.07504432,0.1031268,0.1644862,0.04934888,0.1892089,0.04799205,0.2301396,0.7729897,2.734291e-122,0.1793779,0.2995633,0.01172514,0.06325172,0.4944512,0.09343375,0.08836779,0.1798689,0.1117259,0.1796756,0.1986292,0.1364297,0.04162338,0.07780942,0.2478943,0.04254793,0.05530415,0.5168343,0.09001892,3.689057e-27,0.05450389,0.02560793,0.508295,0.009055959,0.8057998,0.1769525,0.03667547
579.661,0.03873957,0.08608099,0.05585886,0.02566752,5.103458e-53,5.57629e-53,0.2433333,0.181795,0.1652892,0.04946008,0.1454746,0.1972036,0.455954,0.03493712,0.01460211,0.1388012,5.138776e-53,0.489595,0.05562099,0.2095613,0.1663541,0.1180219,0.1296649,0.03641668,0.05212488,0.04954947,5.458299e-124,0.08711772,0.005998962,0.1417117,0.154096,0.7171931,0.0771529,0.1468876,0.1773628,0.02497935,0.7292287,0.2285297,0.2330916,0.1639936,0.2737312,0.09107656,9.370279e-28,0.09158008,0.003344634,0.006959911,0.1930325,0.07185908,0.06793016,0.1125787
580.5085,0.8995427,0.3205385,0.1449911,0.1308088,0.2306342,0.04126447,0.3225499,0.5460369,0.1353085,0.1876922,0.08454023,0.201838,0.1210291,0.3607656,0.06937622,0.1541715,0.05603847,0.08691658,0.06953585,0.667383,0.06098948,0.06499812,0.0218006,0.07182334,0.2528526,0.09133216,0.237169,0.1603765,0.5989792,0.2073273,0.1716161,0.09786489,0.1081536,2.279131e-28,0.3326838,2.131981e-28,0.03883661,0.2257166,0.2328376,0.1937182,0.1172821,0.1180334,0.2743868,0.006090474,0.0248325,0.105301,0.4736473,0.2843707,0.04184468,0.07830798
581.3559,0.03912411,0.1469477,0.08925928,0.02818155,0.130735,0.344672,0.04432972,0.2547274,0.1650702,0.1805166,0.1144708,0.1639153,0.02703077,0.03040119,0.178424,0.003276701,0.02192991,0.2514161,0.1681162,0.09669323,0.2450121,0.006453518,0.3851929,0.6846029,0.0483776,0.01498168,0.1343257,0.02727388,0.05130963,0.3041709,0.2046312,0.05297256,0.1275658,0.2686873,0.002402769,0.04516292,0.261914,0.3494252,0.02863898,0.06753056,0.0002140009,0.1496716,0.1954547,0.141352,0.1017038,0.3191295,0.2194123,0.00150391,0.1227862,0.1985202
582.2034,0.148647,0.07711676,0.1658265,0.712888,0.04418309,0.1138095,0.3343278,0.03943109,0.2562539,0.3874011,0.007779218,0.2823277,0.03781865,0.02624268,0.2212787,0.01937998,0.05796704,0.07303495,0.07327359,0.2276663,0.1900123,0.1980533,0.04746572,0.1848205,0.02977322,0.0004221862,0.4288952,0.05703753,0.01166433,0.02681734,0.2691224,0.05214126,0.1159932,0.2358408,0.1421377,0.1658856,1.244583e-29,0.1118686,0.3878957,0.1566915,0.05479095,0.08406558,0.0002370129,0.1560725,0.05563368,0.01861394,0.04472731,1.424025e-29,0.05582057,0.2369818
583.0508,0.2622155,0.05351973,0.1308415,0.01557414,0.02644671,0.01303825,0.3661471,0.08048375,0.07311986,2.633303e-56,0.07548172,0.06876811,0.3303478,0.1139334,0.2175068,0.1020133,0.236293,0.1996481,0.1353264,0.1691733,0.02994625,0.1061778,0.0278678,0.01159468,0.007674506,0.2792007,0.07922214,0.03241362,0.09825194,0.2243142,0.1672744,0.2756727,0.03005632,0.01863745,0.05211222,3.062008e-30,0.1235578,0.02272941,3.304111e-30,0.007196145,0.04599304,0.01833412,0.09767193,0.2326783,0.03907267,0.05408455,3.459489e-30,0.06967954,0.06112709,0.1361837
583.8983,0.09982373,0.05320664,0.1499275,1.058291,0.5193935,0.04830123,0.09740333,0.359351,0.2076772,0.02502796,0.008328578,0.2254842,0.2015016,0.2337574,0.009431159,0.07884295,0.1485682,0.2408315,0.08441312,0.04587608,0.2366631,0.01646765,0.1114252,0.02920671,0.04780546,0.1483035,0.002743739,0.1413492,0.01750353,0.09834009,0.1479508,0.01388785,0.02353904,0.02203189,0.04994284,0.005980036,0.1090202,0.5259611,0.05767085,0.005495842,0.01302403,0.08738287,0.02228377,0.06617034,0.2178543,0.2900713,0.1151566,0.2055034,0.1474403,0.1509643
584.7458,0.3656374,0.2504091,0.01494792,0.402696,0.01392523,0.06088739,0.05861083,0.07328618,0.07684764,0.1624136,0.434824,0.1247044,0.01702662,0.2092773,0.2131257,0.09733584,0.0162213,0.06537992,0.2145391,0.05304467,0.0064539,0.03957659,0.09027747,0.1106539,0.0939768,0.163389,0.008062186,0.3384639,0.06007434,0.202977,0.1267803,0.2715213,0.02412695,0.144952,0.02234868,0.1339459,0.01094033,0.4560715,0.2493056,0.147061,0.0007547807,0.09072154,0.04700548,0.05229829,0.1970987,0.04490807,0.4543893,1.873045e-31,1.870601e-31,0.02973578
585.5932,0.1738389,0.03937896,0.2740621,0.4453576,0.3871548,0.04319252,6.203726e-59,0.2094715,0.1456034,0.1037745,0.07411459,0.2587477,0.08059218,0.4606096,0.531782,0.1533314,0.5390888,0.1671019,0.09749443,0.1109206,0.1270274,0.02389464,0.02095126,0.427079,0.0114769,0.01952772,0.2357527,0.1464196,0.04658911,0.04393606,0.1067859,0.08051095,0.05098144,0.2336828,0.08804165,0.3553062,0.1106964,0.02961625,0.1353939,4.444621e-32,0.01025316,0.1133056,0.3032321,0.07111058,0.05054853,0.3291629,0.04743964,0.7413334,0.06482524,0.1559681
586.4407,0.2542299,0.02084938,0.002422492,0.02748331,0.2571148,0.2547524,0.2457172,0.03181226,0.09877047,0.05716932,0.0484624,0.07392979,0.1407797,0.05589064,0.4437382,0.074151,0.03777848,0.07965006,0.6622572,0.6763727,0.2847859,0.03929576,0.03308816,0.2716008,0.5747998,0.7141591,0.2599055,0,0.002680482,0.05203892,0.05777368,0.1670719,0.06753566,0.05676036,0.2280425,0.1293017,0.098847,0.236906,0.2295175,0.3154095,0.1797022,0.4532019,0.2628518,0.6556295,0.1345151,0.1268481,0.2058754,0.4535587,0.2392839,0.01115023
587.2881,1.089683e-60,0.1894172,0.3189895,0.3055653,0.2045239,0.7001191,0.1513529,0.1367891,0.04110121,0.03313402,0.1146621,0.1061278,0.1257103,0.09179375,0.07010945,0.05364177,0.02974805,0.168051,0.3158715,2.359109e-140,0.1863302,0.1805627,0.1543189,0.005797191,2.173904e-140,0.2662925,0.1186368,0.04845007,0.1045176,0.5676985,0.4594978,0.2665011,0.1014052,0.04260005,0.08629019,0.0329872,0.2548019,0.395255,0.08298149,0.05203596,0.3976969,0.1569796,0.4023194,0.03762917,0.5264697,0.02637593,0.04822107,0.02110421,0.04664504,0.1676297
588.1356,0.08497503,0.1184164,0.2582501,0.1567598,0.1461637,0.08241326,0.3425143,0.004305709,0.3301782,0.3395945,0.01049823,0.1078171,0.024445,1.46755e-61,0.2923701,0.169732,0.3522022,0.33734,0.01831961,0.03394358,0.2285855,0.01600235,0.1044358,0.00384454,0.2136277,0.08058103,0.2129347,0.1474689,0.07339572,0.04238083,0.08418013,0.1145444,0.2914519,0.1782845,0.03432986,0.1988706,0.1364066,4.552916e-34,0.01594748,0.02857118,0.4506049,0.1299399,0.1148723,0.6813958,0.02235559,0.3982739,0.2232798,0.0004964259,0.009125852,0.09736694
588.9831,0.1193837,0.1129815,0.05350169,0.1576397,0.0472818,0.004226317,0.002504513,0.2256485,0.4790085,0.1489703,0.3875909,0.03907074,0.1123903,0.07349411,0.1321183,0.01710584,0.3984423,0.05498721,0.01569477,0.0140082,0.8442004,0.2977118,0.02205754,0.1638066,0.0228337,0.1153661,0.03057228,0.1044277,0.05551558,0.3585859,0.3376724,0.1627176,0.01711909,0.0003508591,0.278745,0.1706218,0.004707163,0.2091314,0.0008836644,0.0867531,0.5837146,0.2152589,0.1178626,0.4152598,0.051913,0.05906867,0.1744965,0.2908725,0.1345566,0.01452508
589.8305,0.2260751,2.51139e-63,0.187209,0.03627739,0.02898981,0.09322793,0.04465829,0.003617952,0.3001247,0.03344712,2.53283e-63,0.003002319,0.1505733,0.0006189693,0.1139823,0.1191989,0.1717398,0.04172536,0.05316181,0.1090962,0.02594361,0.01087984,0.003834714,0.0515867,0.6050695,0.05748261,0.1385003,0.2093839,0.782027,0.1012871,0.1194504,0.1376859,0.0607831,0.08899652,0.02461577,0.1448289,0.01810185,0.02411422,0.0568354,0.1321357,0.1014074,0.4148108,0.08194756,0.07430321,0.1846713,0.05906341,0.01084925,0.4905587,0.1782965,0.0226617
590.678,0.01285292,0.1201183,0.01268057,0.1344055,0.2199179,0.2670874,0.2317418,0.04008919,0.3132923,0.3799643,0.06983831,0.01675088,0.08334973,0.1409914,0.2392656,0.08452761,0.1829787,0.06751899,0.1201875,0.08036735,0.01153248,0.1022819,0.1777554,0.07407288,0.3640098,0.04293454,0.2099133,0.06318485,0.9652404,0.199808,0.03015058,0.07423427,0.3922535,0.07366075,0.08128746,0.2788215,0.1124251,0.8009646,0.1578496,0.3540229,0.008747149,0.01788026,0.1110535,0.03745772,0.04431858,0.04812522,0.03784158,0.004928994,0.04662306,0.05548287
591.5254,0.4382644,0.06577408,0.0751296,0.04644553,0.1892032,0.1879127,0.3549962,0.1118725,0.05162823,0.00166036,0.632675,0.3610505,0.04751673,0.01904819,0.3731318,0.1002692,0.2239333,0.2532938,0.05012244,0.06017805,0.1387437,0.1311988,0.07358938,0.09744271,0.168743,0.0303631,0.3246822,0.1781956,0.08697243,0.00815307,0.3686062,0.1587715,0.6606079,0.16084,0.3227397,0.01481079,0.1916757,0.04791153,0.1211228,0.02832472,0.1588812,0.3003093,0.1674323,0.002741151,0.1714371,0.02382277,0.1500166,0.5243603,0.1004474,0.2303526
592.3729,0.05321849,0.0504571,0.1492512,0.1120072,0.4982382,0.08200143,0.3638577,0.5498541,0.1628288,0.05367219,0.05790571,0.02881167,0.1255418,0.3502915,0.1858509,0.3018144,0.1524139,0.1209145,0.07133309,0.05494953,0.137626,0.02753026,0.1496028,0.193247,0.06356025,0.02472266,0.165207,0.098934,0.1608928,0.008913901,0.02547167,0.01695249,0.01165468,0.3504756,0.3316868,0.2267574,0.02706093,0.316193,0.2901987,0.3506398,0.02894064,0.2147314,0.1354048,0.4141025,0.2791863,0.0279825,0.09326478,1.931568e-37,1.929047e-37,0.2582649
593.2203,0.1573683,0.2102756,0.02761635,0.1516205,0.1194984,0.0111256,0.03989305,0.08327856,6.124932e-67,0.1671155,0.2170834,0.3426039,0.08901228,0.1162764,0.1206375,0.1508508,0.174041,0.2146721,0.01874405,0.4107072,0.08764053,0.1329864,0.03828615,0.02359332,0.03356346,0.1272136,0.09958976,0.04462436,0.3782348,0.1088223,0.09876508,0.5275917,0.08918043,0.1318399,0.01977868,0.10195,0.1980002,0.1302479,0.1487216,0.1140094,0.128302,0.03545449,0.3688243,0.06022773,0.002268306,0.302252,0.2464205,0.1475147,0.1027459,0.1723252
594.0678,0.1412801,0.01545761,0.17304,0.02481773,0.2842646,0.04574796,0.08461132,0.0919058,0.006918908,0.3177123,0.140582,0.2007648,0.1865734,0.2607092,0.1004329,0.1060362,0.1530706,0.08474103,0.1871895,0.0972271,0.2958432,0.2308669,0.3089037,9.842503e-156,1.168095,0.1977343,0.2182333,0.1548255,0.1577818,7.948866e-39,0.3482744,0.3386759,0.118247,0.01238423,0.05807568,0.1257418,0.04904315,0.3282543,0.2241785,0.02056396,0.3402849,0.1710322,0.1026039,0.1296476,0.04090223,0.08207374,0.03438561,0.03463675,0.01658472,0.3341774
594.9153,0.1051919,0.5693465,0.1216753,0.09721252,0.03207647,0.002634929,0.1651914,0.2138563,0.2392227,0.471967,0.3377781,0.04956319,0.2018037,0.7037013,0.04649064,0.1176092,0.1996513,0.07694255,0.008951998,0.08779348,0.2595318,0.1436665,0.3665186,0.2390704,0.2525313,0.1762779,0.2040769,0.567612,0.1332933,0.1856539,0.4372448,0.116061,0.1113753,0.2372494,0.001832801,0.08930845,0.006245193,0.06114374,0.07937328,1.551651e-39,0.02856026,0.003609967,0.1556932,0.0912755,0.1826487,0.1755944,0.09111752,0.06789668,0.3255271,0.2395369
595.7627,0.03306228,0.05289604,0.2483215,0.04038274,0.176148,0.005110346,0.1095583,0.115837,0.01168674,0.309075,0.2524222,0.1341396,0.3948014,8.371273e-70,0.1201604,0.4875928,0.3622998,0.4086696,0.01212444,0.2346156,0.5585869,0.06324532,0.007408029,0.007976631,0.6496826,0.284763,0.06693821,0.195288,2.874651e-40,0.008379292,0.1150193,0.2847177,0.2424538,0.1967344,0.08571613,0.1124314,0.4490762,0.04734537,0.09424071,0.1386839,0.08176381,0.4161445,0.1785635,0.1425302,0.2928135,0.1875709,0.0825236,0.05877648,0.1148548,0.1490536
596.6102,0.07373878,0.03450996,0.19504,0.4034386,0.3474211,0.1201061,0.005540206,0.01898587,0.05413084,0.1481551,0.5640656,0.05000093,0.02894047,0.01281423,0.3806278,0.1438728,0.3568647,0.7765733,0.1284401,0.3935729,0.3111268,0.1980242,0.2529689,0.00529038,0.08683579,0.01527621,0.3550155,0.1802341,0.1194321,0.1991213,0.5411769,0.04492516,0.08138884,0.07322733,0.0505968,0.2865914,0.3212012,0.008856204,0.05878379,0.1313186,0.4323236,0.5897193,0.05252555,0.04561208,0.08519297,0.5598257,0.02667101,0.0293608,0.1885705,0.0793373
597.4576,0.07385396,0.02084517,0.1437059,1.043128e-71,0.1233834,0.1674006,0.01211852,0.4193946,0.01812005,0.1041786,0.04461797,0.08038672,0.0671122,0.7254978,0.0902896,0.112716,0.00874872,0.05600407,0.02934781,0.07044002,0.3024802,0.280648,0.06283627,0.1321599,0.1293593,0.6763831,0.07196397,0.01563912,0.06758884,0.0177377,0.08431691,0.4804087,0.05010426,0.1155865,0.4476601,0.0981359,0.06157551,0.09006777,0.3125904,0.09005582,0.02331341,0.04035362,0.009476173,0.002739482,0.7568131,0.03914763,0.3505234,0.2480959,1.018143e-41,0.05767938
598.3051,0.365407,0.3481232,0.08980341,0.07658397,0.1680247,0.2267688,0.1751571,0.1787393,0.3794663,0.4365567,0.1831571,0.2205672,0.004575518,0.2301412,0.128136,0.1119796,0.5350541,0.1754427,0.1461291,0.4092406,0.1199009,0.1923154,0.3495275,0.03247005,0.6169249,0.1141854,0.2225088,0.1302345,0.08023241,0.1071753,0.1204112,0.06494561,0.0156994,0.1976888,0.1237586,0.3525109,0.03888539,0.2177832,1.816921e-42,0.05802121,0.1833636,0.2856441,0.09552605,0.3630379,0.1630001,0.03402424,0.1700136,0.06782154,0.776692,0.05974269
599.1525,0.1686353,0.2693636,0.09052638,0.2019906,0.1727548,0.1778123,0.09431252,0.1162768,0.05090705,0.04711896,0.3123555,0.09655084,0.2414711,0.03267719,0.03323812,0.4780773,0.1698237,0.004537279,0.5603428,0.07258404,0.08190131,0.3532607,0.03939167,0.09327577,0.1395632,0.008228593,0.1280653,0.007028585,0.218834,0.04273089,0.02914555,0.3594692,0.07548502,0.01647359,0.08325168,0.01273618,0.1065316,0.01429062,0.04582123,0.06525394,0.3893319,0.06663002,0.0499574,0.2131893,0.08686226,0.01163774,0.09913171,0.05162632,0.05940667,0.06891842
600,1.27841e-74,0.4380085,0.4191847,0.205246,0.0311283,0.06587064,0.0215533,0.2351657,0.2328082,0.1914673,0.3191001,0.09136192,0.03755486,0.0467342,0.005206466,0.6648721,0.01854112,0.04683059,0.4629199,0.1522871,0.07047281,0.5430227,0.1737768,0.02329254,0.21276,0.3870347,0.0330069,0.03080498,6.061487e-44,0.1441108,0.03388262,0.03906244,0.001662333,0.041303,0.08718151,0.4092861,0.1428782,0.4542045,0.06862068,0.06229379,0.07356746,0.4627676,0.02373119,0.1814742,0.393098,0.07961106,0.03115267,0.002325275,0.2835655,0.03900709
