Energy (eV),Spectra 1,Spectra 2,Spectra 3,Spectra 4,Spectra 5
6.199208877,6.01574277422276e-94,3.75983923388922e-94,4.28283208443015e-10,1.99917883705135e-85,4.32381511897261e-94
6.19356696278754,1.08728770589166e-93,6.7955481618229e-94,4.91504798939659e-10,4.23797689301315e-85,7.81488038609634e-94
6.18792504857508,1.963604840291e-93,1.22725302518187e-93,5.63859466812141e-10,8.97121196801392e-85,1.41134097895916e-93
6.18228313436262,3.5433830851955e-93,2.21461442824719e-93,6.46636758709376e-10,1.89639694402599e-84,2.54680659248426e-93
6.17664122015017,6.3890534084385e-93,3.99315838027406e-93,7.41303925975119e-10,4.00306802723617e-84,4.59213213731517e-93
6.17099930593771,1.15109012089526e-92,7.19431325559539e-93,8.49529785236259e-10,8.43805378205996e-84,8.2734602439347e-93
6.16535739172525,2.072223201327e-92,1.29513950082938e-92,9.73211694597911e-10,1.77614003184391e-83,1.48941042595378e-92
6.15971547751279,3.72750413881623e-92,2.32969008676014e-92,1.11450604016559e-09,3.73334144408922e-83,2.67914359977417e-92
6.15407356330033,6.69968114430251e-92,4.18730071518907e-92,1.27586267600105e-09,7.8361693863503e-83,4.81539582246743e-92
6.14843164908788,1.20321858310327e-91,7.52011614439543e-92,1.46006381472507e-09,1.64246269304429e-82,8.64813356605476e-92
6.14278973487542,2.15918236624456e-91,1.34948897890285e-91,1.67026792645629e-09,3.43773825831575e-82,1.55191232573828e-91
6.13714782066296,3.871582480104e-91,2.419739050065e-91,1.91005927133958e-09,7.18514763356191e-82,2.78269990757476e-91
6.1315059064505,6.93652736989545e-91,4.33532960618466e-91,2.18350376636852e-09,1.49963020642872e-81,4.98562904711236e-91
6.12586399223804,1.24179552298229e-90,7.76122201863931e-91,2.49521197142538e-09,3.1254910402506e-81,8.92540532143522e-91
6.12022207802558,2.22132688246455e-90,1.38832930154034e-90,2.85041007342903e-09,6.50485966915158e-81,1.5965786967714e-90
6.11458016381313,3.9703541993624e-90,2.4814713746015e-90,3.25501985227224e-09,1.35189574288132e-80,2.85369208079174e-90
6.10893824960067,7.09088479376815e-90,4.4318029961051e-90,3.71574872904521e-09,2.80565369171648e-80,5.09657344552088e-90
6.10329633538821,1.26539467825055e-89,7.90871673906596e-90,4.24019112719857e-09,5.81447520141276e-80,9.0950242499259e-90
6.09765442117575,2.25634744254753e-89,1.41021715159221e-89,4.83694252225639e-09,1.20329628577668e-79,1.62174972433105e-89
6.09201250696329,4.02013228161403e-89,2.51258267600877e-89,5.51572771705901e-09,2.48668185119602e-79,2.88947007741011e-89
6.08637059275083,7.15696856131684e-89,4.47310535082303e-89,6.28754505907181e-09,5.1316079377908e-79,5.14407115344654e-89
6.08072867853838,1.27312859429328e-88,7.95705371433301e-89,7.16482851599773e-09,1.05748035163578e-78,9.15061177148309e-89
6.07508676432592,2.26292329197037e-88,1.41432705748148e-88,8.16162974794443e-09,2.17608943423617e-78,1.62647611610373e-88
6.06944485011346,4.01903501515081e-88,2.51189688446926e-88,9.29382256108884e-09,4.47163934531829e-78,2.88868141713971e-88
6.063802935901,7.13227605866723e-88,4.45767253666702e-88,1.0579332401785e-08,9.17576732282355e-78,5.12632341716722e-88
6.05816102168854,1.26470401159624e-87,7.90440007247653e-88,1.20383938542486e-08,1.88019810556938e-77,9.09006008334836e-88
6.05251910747609,2.2408048974473e-87,1.40050306090456e-87,1.36938394425022e-08,3.84725014095797e-77,1.61057852004032e-87
6.04687719326363,3.96710404695767e-87,2.47944002934855e-87,1.55714234116574e-08,7.86109116278064e-77,2.85135603375101e-87
6.04123527905117,7.01774420570337e-87,4.3860901285646e-87,1.77001845786804e-08,1.603986970624e-76,5.0440036478497e-87
6.03559336483871,1.24044032098587e-86,7.75275200616171e-87,2.01128528027463e-08,3.26816846093825e-76,8.91566480708688e-87
6.02995145062625,2.19082966209148e-86,1.36926853880717e-86,2.28463041347364e-08,6.64957100744256e-76,1.57465881962846e-86
6.02430953641379,3.86630175929325e-86,2.41643859955828e-86,2.59420702694569e-08,1.35104065052459e-75,2.77890438949248e-86
6.01866762220133,6.81769045584597e-86,4.26105653490373e-86,2.94469085482994e-08,2.7411247427279e-75,4.90021501514034e-86
6.01302570798888,1.20124946753401e-85,7.50780917208756e-86,3.34134394504122e-08,5.55360232559244e-75,8.63398054790302e-86
6.00738379377642,2.11486930764679e-85,1.32179331727925e-85,3.79008592736735e-08,1.12358608371246e-74,1.52006231487165e-85
6.00174187956396,3.72038819779489e-85,2.3252426236218e-85,4.29757365501427e-08,2.26998778346041e-74,2.67402901716624e-85
5.9960999653515,6.53954268222761e-85,4.08721417639225e-85,4.87129016722291e-08,4.57958667738153e-74,4.70029630285369e-85
5.99045805113904,1.14857906591105e-84,7.17861916194409e-85,5.51964402342228e-08,9.22602530862206e-74,8.25541203624149e-85
5.98481613692659,2.01571353305239e-84,1.25982095815775e-84,6.25208017287065e-08,1.85604539926786e-73,1.4487941018827e-84
5.97917422271413,3.53468831171603e-84,2.20918019482252e-84,7.07920364890474e-08,3.72862015884802e-73,2.54055722404876e-84
5.97353230850167,6.19338150987228e-84,3.87086344367017e-84,8.0129175149087e-08,7.47985685314279e-73,4.45149296022704e-84
5.96789039428921,1.08432367393891e-83,6.7770229621182e-84,9.06657664116992e-08,1.49838709804044e-72,7.79357640644996e-84
5.96224848007675,1.89690003066791e-83,1.18556251916744e-83,1.02551590592555e-07,2.99737001314325e-72,1.36339689704566e-83
5.95660656586429,3.31576959249893e-83,2.07235599531183e-83,1.15954568249089e-07,5.98745533102597e-72,2.38320939461546e-83
5.95096465165184,5.79133440242002e-83,3.61958400151251e-83,1.3106288523319e-07,1.19434503823479e-71,4.1625216017545e-83
5.94532273743938,1.01071180429228e-82,6.31694877682673e-83,1.48087357737188e-07,2.37904648481896e-71,7.26449109338403e-83
5.93968082322692,1.76250529513453e-82,1.10156580945908e-82,1.67264063355203e-07,4.73218419973547e-71,1.26680068088526e-82
5.93403890901446,3.07105730340067e-82,1.91941081462542e-82,1.88857266876539e-07,9.39952591024433e-71,2.20732243683531e-82
5.928396994802,5.3468722388187e-82,3.34179514926169e-82,2.13162672487114e-07,1.86438608371335e-70,3.84306442168618e-82
5.92275508058954,9.3017805857571e-82,5.81361286609819e-82,2.40511037303108e-07,3.69276227787176e-70,6.68565479609008e-82
5.91711316637709,1.61691344456139e-81,1.01057090285087e-81,2.71272184724912e-07,7.30386006545097e-70,1.16215653829537e-81
5.91147125216463,2.80841866404686e-81,1.75526166502929e-81,3.05859460007357e-07,1.44257742678566e-69,2.01855091482053e-81
5.90582933795217,4.87406510737552e-81,3.0462906921097e-81,3.44734674725662e-07,2.84519092824621e-69,3.50323429600648e-81
5.90018742373971,8.4523057552794e-81,5.28269109704963e-81,3.8841359150897e-07,5.60362795825569e-69,6.07509476178197e-81
5.89454550952725,1.46458124655643e-80,9.1536327909777e-81,4.37472005551519e-07,1.10207910038129e-68,1.05266777100046e-80
5.88890359531479,2.5357482589275e-80,1.58484266182969e-80,4.92552485034685e-07,2.16442147721154e-68,1.8225690611867e-80
5.88326168110234,4.38685419679987e-80,2.74178387299992e-80,5.54371838744433e-07,4.24479281800336e-68,3.15305145412891e-80
5.87761976688988,7.5832375670526e-80,4.73952347940788e-80,6.23729385893721e-07,8.31298038839905e-68,5.45045200170659e-80
5.87197785267742,1.30981669117077e-79,8.18635431981732e-80,7.01516110508904e-07,1.6257082476422e-67,9.41430746862775e-80
5.86633593846496,2.2605846601342e-79,1.41286541258388e-79,7.8872479076596e-07,3.17478308027901e-67,1.62479522465234e-79
5.8606940242525,3.89839130088198e-79,2.43649456305124e-79,8.86461202425251e-07,6.19114677664957e-67,2.80196874789887e-79
5.85505211004004,6.71745057122772e-79,4.19840660701733e-79,9.95956505075024e-07,1.20562914532723e-66,4.8281675989094e-79
5.84941019582759,1.15658598882452e-78,7.22866243015325e-79,1.11858093032085e-06,2.34445537823464e-66,8.31296179648091e-79
5.84376828161513,1.98978325346556e-78,1.24361453341598e-78,1.25585890242406e-06,4.55256126904329e-66,1.43015671381578e-78
5.83812636740267,3.42048754329797e-78,2.13780471456123e-78,1.40948573427458e-06,8.82785563392751e-66,2.4584754225759e-78
5.83248445319021,5.8752270143314e-78,3.67201688395712e-78,1.58134605506596e-06,1.70938638415846e-65,4.22281941832847e-78
5.82684253897775,1.00836018248104e-77,6.30225114050648e-78,1.77353414071453e-06,3.30529976948073e-65,7.24758881538266e-78
5.82120062476529,1.72926328761375e-77,1.0807895547586e-77,1.98837633402517e-06,6.38215079491136e-65,1.24290798878358e-77
5.81555871055284,2.96319991086785e-77,1.85199994429241e-77,2.22845575895883e-06,1.23057720006328e-64,2.12979993766539e-77
5.80991679634038,5.07358779078528e-77,3.1709923692408e-77,2.49663955221236e-06,2.36938842364001e-64,3.64664122830747e-77
5.80427488212792,8.68008152984803e-77,5.42505095615502e-77,2.79610885579856e-06,4.55563850684253e-64,6.2388086074015e-77
5.79863296791546,1.48383915338411e-76,9.27399470865067e-77,3.13039183654136e-06,8.74677274744394e-64,1.06650939315535e-76
5.792991053703,2.53456974032035e-76,1.58410608770022e-76,3.50340002251587e-06,1.67699599745162e-63,1.82172200437482e-76
5.78734913949055,4.32589587795119e-76,2.70368492371949e-76,3.91946827260834e-06,3.21071534721609e-63,3.10923766972678e-76
5.78170722527809,7.37738206422949e-76,4.61086379014343e-76,4.38339872370729e-06,6.13842815088794e-63,5.30249337440964e-76
5.77606531106563,1.25713780344363e-75,7.85711127152266e-76,4.900509090727e-06,1.17192048240059e-62,9.03567799548144e-76
5.77042339685317,2.1405131202819e-75,1.33782070017619e-75,5.47668572788849e-06,2.23421368510003e-62,1.53849381220622e-75
5.76478148264071,3.6417262725112e-75,2.2760789203195e-75,6.11844189562856e-06,4.25340625603676e-62,2.61749077310731e-75
5.75913956842825,6.19086169010499e-75,3.86928855631562e-75,6.83298171637858e-06,8.08601640990755e-62,4.44968187074085e-75
5.7534976542158,1.05159690928495e-74,6.57248068303095e-75,7.62827034446037e-06,1.53503388317343e-61,7.55835285049785e-75
5.74785574000334,1.78485071539753e-74,1.11553169712346e-74,8.51311092072637e-06,2.90995926144606e-61,1.28286146531659e-74
5.74221382579088,3.02697539984812e-74,1.89185962490507e-74,9.49722893155195e-06,5.5086026519706e-61,2.17563859715357e-74
5.73657191157842,5.12944387766496e-74,3.2059024235406e-74,1.05913646446405e-05,1.04131369390024e-60,3.68678784665698e-74
5.73092999736596,8.68532493012669e-74,5.42832808132918e-74,1.18073743510932e-05,1.96565505449436e-60,6.24257741787254e-74
5.7252880831535,1.46945488177214e-73,9.18409301107588e-74,1.31583412046123e-05,3.70525950676602e-60,1.05617072218544e-73
5.71964616894105,2.48416728767027e-73,1.55260455479392e-73,1.46586965148658e-05,6.97453965717841e-60,1.78549529193341e-73
5.71400425472859,4.19623515902875e-73,2.62264697439297e-73,1.63243524232455e-05,1.31098602076737e-59,3.01604413259773e-73
5.70836234051613,7.08260782946324e-73,4.42662989341453e-73,1.81728469658746e-05,2.46074249097361e-59,5.09062460992716e-73
5.70272042630367,1.19448573954793e-72,7.46553587217454e-73,2.022350261109e-05,4.61232467816513e-59,8.58536673476827e-73
5.69707851209121,2.01290435986178e-72,1.25806522491361e-72,2.24975994471462e-05,8.63294887468671e-59,1.44677510833728e-72
5.69143659787875,3.38937568047994e-72,2.11835980029996e-72,2.50185642909541e-05,1.61355607090087e-58,2.43611397632342e-72
5.6857946836663,5.70257065101673e-72,3.56410665688546e-72,2.78121770907001e-05,3.01158100600688e-58,4.09872308042161e-72
5.68015276945384,9.58685232093591e-72,5.99178270058494e-72,3.09067961046422e-05,5.61294300179814e-58,6.8905509813588e-72
5.67451085524138,1.61040754787135e-71,1.00650471741959e-71,3.43336034556964e-05,1.04465361087217e-57,1.15748060520573e-71
5.66886894102892,2.7030243284428e-71,1.68939020527675e-71,3.81268727871415e-05,1.94150977933558e-57,1.94279910625213e-71
5.66322702681646,4.5333422609028e-71,2.83333891306425e-71,4.23242608793422e-05,3.60323386083996e-57,3.25834050952847e-71
5.657585112604,7.59698835053635e-71,4.74811771908522e-71,4.69671252314024e-05,6.67776163511098e-57,5.46033693301718e-71
5.65194319839155,1.27209284282747e-70,7.95058026767171e-71,5.21008697656576e-05,1.23581929134338e-56,9.14317049138217e-71
5.64630128417909,2.12838679132052e-70,1.33024174457533e-70,5.77753209774854e-05,2.2838344671868e-56,1.52977865666486e-70
5.64065936996663,3.55825196712799e-70,2.22390747945499e-70,6.40451370286789e-05,4.21463404094154e-56,2.55749492827258e-70
5.63501745575417,5.94397861645331e-70,3.71498663528332e-70,7.09702524702037e-05,7.76677480570843e-56,4.27223733378005e-70
5.62937554154171,9.92138209923762e-70,6.20086381202351e-70,7.86163614802745e-05,1.42924654399463e-55,7.13099888310074e-70
5.62373362732925,1.65470854804808e-69,1.03419284253005e-69,8.70554427169368e-05,2.62638980141104e-55,1.18932288607478e-69
5.6180917131168,2.75756172369391e-69,1.72347607730869e-69,9.63663291115346e-05,4.81944258571957e-55,1.98199975519286e-69
5.61244979890434,4.591804308356e-69,2.8698776927225e-69,0.000106635326171286,8.83120636625611e-55,3.30036393753619e-69
5.60680788469188,7.64004466174111e-69,4.77502791358819e-69,0.000117956882616428,1.61595346800662e-54,5.49129138744995e-69
5.60116597047942,1.27017283612947e-68,7.9385802258092e-69,0.000130434317450908,2.95272678358303e-54,9.12938601919724e-69
5.59552405626696,2.11000819097354e-68,1.31875511935847e-68,0.000144180607856049,5.38769833523997e-54,1.51657217135428e-68
5.58988214205451,3.50235253782606e-68,2.18897033614129e-68,0.000159319242605119,9.81677582220979e-54,2.51732350888522e-68
5.58424022784205,5.80884748300931e-68,3.63052967688082e-68,0.000175985146023798,1.78615881383708e-53,4.17512446040445e-68
5.57859831362959,9.62663456299712e-68,6.0166466018732e-68,0.000194325677868431,3.24531504730235e-53,6.91917438823153e-68
5.57295639941713,1.59409204711809e-67,9.96307529448805e-68,0.000214501714861259,5.88815523097468e-53,1.14575983586936e-67
5.56731448520467,2.63758644074274e-67,1.64849152546421e-67,0.000236688820010747,1.06681038160408e-52,1.89577762645303e-67
5.56167257099221,4.3606818790766e-67,2.72542617442287e-67,0.000261078506256404,1.93010444449025e-52,3.13426484627055e-67
5.55603065677976,7.20371472445982e-67,4.50232170278739e-67,0.000287879601412262,3.4870645212796e-52,5.17771938229513e-67
5.5503887425673,1.18908528269788e-66,7.43178301686177e-67,0.000317319721842216,6.29107337627982e-52,8.54664904364192e-67
5.54474682835484,1.96120909696838e-66,1.22575568560524e-66,0.000349646862785091,1.13337887356696e-51,1.40963867086831e-66
5.53910491414238,3.23213276167612e-66,2.02008297604757e-66,0.000385131113758049,2.03897110101143e-51,2.32313446785537e-66
5.53346299992992,5.32241679503642e-66,3.32651049689776e-66,0.00042406650800534,3.66296376733262e-51,3.8255646160173e-66
5.52782108571746,8.75755689680411e-66,5.47347306050257e-66,0.000466773015526059,6.57112562773964e-51,6.29464780623695e-66
5.52217917150501,1.43983077325714e-65,8.99894233285716e-66,0.000513598689810679,1.17715191245256e-50,1.03490882417898e-65
5.51653725729255,2.36534411924283e-65,1.47834007452677e-65,0.000564921979042689,2.10576959119482e-50,1.70015131528378e-65
5.51089534308009,3.88268010790858e-65,2.42667506744286e-65,0.000621154213179398,3.76161879899367e-50,2.79079526916356e-65
5.50525342886763,6.36829665707678e-65,3.98018541067299e-65,0.000682742279016478,6.71002764628192e-50,4.57744777655202e-65
5.49961151465517,1.04368480042627e-64,6.52303000266421e-65,0.000750171496064157,1.19525187001346e-49,7.50194639302164e-65
5.49396960044271,1.70910926508641e-64,1.068193290679e-64,0.00082396870682087,2.12608267800008e-49,1.2285131121816e-64
5.48832768623026,2.79656356691982e-64,1.74785222932488e-64,0.000904705595823054,3.77647367283007e-49,2.01020841886301e-64
5.4826857720178,4.57229201743386e-64,2.85768251089616e-64,0.000993002252678624,6.69851244683899e-49,3.28668462130493e-64
5.47704385780534,7.46960473163569e-64,4.66850295727231e-64,0.00108953099515725,1.18646756702812e-48,5.36946321878339e-64
5.47140194359288,1.21931433427159e-63,7.62071458919746e-64,0.00119502046931369,2.09854829447892e-48,8.76516083207586e-64
5.46576002938042,1.98878637081424e-63,1.2429914817589e-63,0.00131026004456137,3.70653120223139e-48,1.42970166506281e-63
5.46011811516796,3.24126834594532e-63,2.02579271621583e-63,0.00143610452259385,6.53735317007458e-48,2.3301714253853e-63
5.45447620095551,5.2783263448054e-63,3.29895396550337e-63,0.00157347918007048,1.15138834741649e-47,3.79478967624005e-63
5.44883428674305,8.58878804288045e-63,5.36799252680028e-63,0.00172338516604158,2.02501062887777e-47,6.17512135889209e-63
5.44319237253059,1.3964388721495e-62,8.72774295093439e-63,0.00188690527618739,3.55646369147218e-47,1.00406515158092e-62
5.43755045831813,2.26864410596431e-62,1.41790256622769e-62,0.00206521012708361,6.23727721222377e-47,1.63131444940245e-62
5.43190854410567,3.68269040214381e-62,2.30168150133988e-62,0.0022595647548858,1.0923386704648e-46,2.64834028202488e-62
5.42626662989321,5.97335665057429e-62,3.73334790660893e-62,0.00247133566404347,1.91031579152404e-46,4.29606944045103e-62
5.42062471568076,9.68113060348601e-62,6.05070662717876e-62,0.00270199835291474,3.33609660258768e-46,6.96356260859644e-62
5.4149828014683,1.56779079171801e-61,9.79869244823758e-62,0.00295314534444947,5.81778496610941e-46,1.12786176398245e-61
5.40934088725584,2.5369069417129e-61,1.58556683857056e-61,0.00322649475144735,1.01312330864939e-45,1.82535037159706e-61
5.40369897304338,4.10180831831928e-61,2.56363019894955e-61,0.0035238994072715,1.76178352430211e-45,2.95192059533555e-61
5.39805705883092,6.62674994773672e-61,4.14171871733545e-61,0.00384735659431127,3.05934444745528e-45,4.77016750644145e-61
5.39241514461847,1.06974484506124e-60,6.68590528163272e-61,0.00419901840393539,5.3050539330345e-45,7.70257616490296e-61
5.38677323040601,1.72549703981472e-60,1.0784356498842e-60,0.0045812027631583,9.18621964957393e-45,1.24283985948995e-60
5.38113131619355,2.78101052158782e-60,1.73813157599239e-60,0.00499640516475848,1.58843498069958e-44,2.00389571051956e-60
5.37548940198109,4.47863265701656e-60,2.79914541063535e-60,0.00544731113913104,2.74275903673463e-44,3.2286463645845e-60
5.36984748776863,7.20680299385064e-60,4.50425187115665e-60,0.00593680950773074,4.72924117023645e-44,5.19824452777285e-60
5.36420557355617,1.15876202813576e-59,7.24226267584852e-60,0.00646800645955991,8.14293304224689e-44,8.36354030685252e-60
5.35856365934372,1.86165952772171e-59,1.16353720482607e-59,0.00704424049377622,1.40008970014837e-43,1.34470882302797e-59
5.35292174513126,2.98855089753172e-59,1.86784431095733e-59,0.00766909827313565,2.40390030576602e-43,2.16062635559749e-59
5.3472798309188,4.79375079270316e-59,2.99609424543948e-59,0.00834643143463958,4.12156961534347e-43,3.46940094794395e-59
5.34163791670634,7.68324437659366e-59,4.80202773537104e-59,0.00908037440542336,7.05658247300723e-43,5.56755440010527e-59
5.33599600249388,1.23046208938345e-58,7.69038805864659e-59,0.00987536327359444,1.20645686399029e-42,8.92941987337528e-59
5.33035408828142,1.96900230989736e-58,1.23062644368585e-58,0.0107361557654032,2.05975122863035e-42,1.43135266372466e-58
5.32471217406897,3.14831813363624e-58,1.96769883352265e-58,0.0116678523818006,3.51158623137369e-42,2.2932585630527e-58
5.31907025985651,5.02996998123812e-58,3.14373123827382e-58,0.0126759187490972,5.97829717338644e-42,3.67251487563942e-58
5.31342834564405,8.0298341020863e-58,5.01864631380394e-58,0.0137662092400834,1.01633587648624e-41,5.87899009762225e-58
5.30778643143159,1.28086143404283e-57,8.00538396276766e-58,0.0149449919235908,1.72537145340419e-41,9.40802960280133e-58
5.30214451721913,2.04151287613264e-57,1.2759455475829e-57,0.0162189749020706,2.9249170572295e-41,1.50516369329467e-57
5.29650260300667,3.25129588619515e-57,2.03205992887197e-57,0.0175953340983135,4.9514237680291e-41,2.40765870423466e-57
5.29086068879422,5.17386702758711e-57,3.23366689224195e-57,0.0190817425539459,8.37013059104801e-41,3.8510086804365e-57
5.28521877458176,8.22675243241331e-57,5.14172027025832e-57,0.0206864013037868,1.41292778576822e-40,6.15985526284674e-57
5.2795768603693,1.30706140488576e-56,8.16913378053599e-57,0.0224180718915369,2.38173419868325e-40,9.85456325225126e-57
5.27393494615684,2.07499928192602e-56,1.29687455120377e-56,0.0242861105935828,4.00914916024667e-40,1.5770173852385e-56
5.26829303194438,3.29150339792242e-56,2.05718962370151e-56,0.0263005044189202,6.73901978299424e-40,2.52485607027149e-56
5.26265111773192,5.21705075619419e-56,3.26065672262137e-56,0.0284719089543347,1.13116730293762e-39,4.04496286321189e-56
5.25700920351947,8.26247604416543e-56,5.16404752760339e-56,0.0308116881249894,1.89601840977688e-39,6.48567481078686e-56
5.25136728930701,1.3075242789502e-55,8.17202674343877e-56,0.0333319559414711,3.1735390869619e-39,1.0410026875743e-55
5.24572537509455,2.06749138038806e-55,1.29218211274254e-55,0.0360456203051037,5.30433260535723e-39,1.67303957209509e-55
5.24008346088209,3.26657061153965e-55,2.04160663221228e-55,0.0389664289439551,8.85326043983001e-39,2.69294697257347e-55
5.23444154666963,5.15697220443471e-55,3.22310762777169e-55,0.042109017552414,1.47557513049545e-38,4.3424348788034e-55
5.22879963245718,8.13489455359678e-55,5.08430909599798e-55,0.0454889602074782,2.45586793455944e-38,7.01690190706211e-55
5.22315771824472,1.28222270334087e-54,8.01389189588043e-55,0.0491228221349905,4.08163612856998e-38,1.13655640254697e-54
5.21751580403226,2.01943274466949e-54,1.26214546541843e-54,0.0530282148989173,6.77406184277616e-38,1.84586120389891e-54
5.2118738898198,3.17796948508769e-54,1.98623092817981e-54,0.0572238540864137,1.12266355363849e-37,3.00675351875584e-54
5.20623197560734,4.99717373633383e-54,3.12323358520864e-54,0.0617296195608273,1.85795711532092e-37,4.91373494378168e-54
5.20059006139488,7.85151693871134e-54,4.90719808669459e-54,0.0665666183539294,3.07048756028153e-37,8.05856351417898e-54
5.19494814718242,1.23264237150994e-53,7.70401482193714e-54,0.0717572502675397,5.06715972187669e-37,1.32660361712598e-53
5.18930623296997,1.93363727689479e-53,1.20852329805925e-53,0.0773252762532549,8.35040309644238e-37,2.19256727389213e-53
5.18366431875751,3.03087010861494e-53,1.89429381788434e-53,0.0832958896373,1.37415550554425e-36,3.63885586841563e-53
5.17802240454505,4.74694321449578e-53,2.96683950905986e-53,0.0896957902553686,2.25813508667971e-36,6.06495093768284e-53
5.17238049033259,7.42873977614365e-53,4.64296236008978e-53,0.0965532615599647,3.70552331736879e-36,1.01523519194914e-52
5.16673857612013,1.16163757581648e-52,7.26023484885297e-53,0.103898250759902,6.07204214220186e-36,1.70680593899139e-52
5.16109666190768,1.81501640716465e-52,1.1343852544779e-52,0.11176245204845,9.93586309209917e-36,2.88174404392671e-52
5.15545474769522,2.83364118393857e-52,1.77102573996161e-52,0.120179392973003,1.62353634469569e-35,4.88575209546719e-52
5.14981283348276,4.4204201884244e-52,2.76276261776525e-52,0.129184523995111,2.64913461141385e-35,8.31649571994298e-52
5.1441709192703,6.89027647813458e-52,4.30642279883411e-52,0.138815311285245,4.31649888812662e-35,1.42098750483011e-51
5.13852900505784,1.07315916986713e-51,6.70724481166957e-52,0.149111332791665,7.02335846503701e-35,2.43653328873149e-51
5.13288709084538,1.67011366781035e-51,1.04382104238147e-51,0.160114377617392,1.14115235661949e-34,4.19145522065367e-51
5.12724517663293,2.5970619940796e-51,1.62316374629975e-51,0.171868548733258,1.85151836017383e-34,7.23163803473241e-51
5.12160326242047,4.03527373295924e-51,2.52204608309952e-51,0.184420369048576,2.99983943205344e-34,1.25098295158022e-50
5.11596134820801,6.264956809638e-51,3.91559800602375e-51,0.197818890853943,4.85348387418517e-34,2.1690542170248e-50
5.11031943399555,9.71890997661188e-51,6.07431873538242e-51,0.212115808643098,7.84142092909187e-34,3.76839249235776e-50
5.10467751978309,1.50650797366448e-50,9.41567483540299e-51,0.227365575312627,1.26509033832353e-33,6.55804533716999e-50
5.09903560557063,2.3333490312992e-50,1.458343144562e-50,0.243625521729492,2.03813949797607e-33,1.14286924686322e-49
5.09339369135818,3.61112379268601e-50,2.25695237042876e-50,0.26095597964712,3.2789278983449e-33,1.99388769843128e-49
5.08775177714572,5.58418044543231e-50,3.49011277839519e-50,0.279420407940681,5.26763195235392e-33,3.48155206840202e-49
5.08210986293326,8.62841266198555e-50,5.39275791374097e-50,0.29908552212168,8.45054219838729e-33,6.08285734398205e-49
5.0764679487208,1.33216116383934e-49,8.32600727399586e-50,0.320021427080692,1.35375265442027e-32,1.06318310491694e-48
5.07082603450834,2.05511924868971e-49,1.28444953043107e-49,0.342301752995172,2.1656070800032e-32,1.85860031218541e-48
5.06518412029588,3.1679015943377e-49,1.97993849646106e-49,0.366003794326758,3.45943837762399e-32,3.24908936118674e-48
5.05954220608343,4.87933610927522e-49,3.04958506829701e-49,0.391208651819186,5.51845023389177e-32,5.67888712841464e-48
5.05390029187097,7.50938178802414e-49,4.69336361751509e-49,0.41800137739416,8.79051373314235e-32,9.92262300752676e-48
5.04825837765851,1.15478738807685e-48,7.21742117548028e-49,0.446471121827888,1.39828911891981e-31,1.73298235436771e-47
5.04261646344605,1.77441122574518e-48,1.10900701609074e-48,0.476711285075817,2.22108558979451e-31,3.0249298634488e-47
5.03697454923359,2.72433755873625e-48,1.70271097421015e-48,0.508819669097259,3.52305323638283e-31,5.27648793939285e-47
5.03133263502114,4.17947716138816e-48,2.6121732258676e-48,0.542898633014931,5.58031496467855e-31,9.19693839310102e-47
5.02569072080868,6.40674431457463e-48,4.00421519660914e-48,0.579055250427587,8.8264042326348e-31,1.60167808761091e-46
5.02004880659622,9.81312260922673e-48,6.13320163076671e-48,0.61740146867565,1.39410186995974e-30,2.78682683833659e-46
5.01440689238376,1.50186693250695e-47,9.38666832816843e-48,0.658054269841814,2.19882568299269e-30,4.84418195918071e-46
5.0087649781713,2.2967307371641e-47,1.43545671072756e-47,0.701135833249247,3.46316104167268e-30,8.41168253063839e-46
5.00312306395884,3.50948270981077e-47,2.19342669363173e-47,0.746773699200596,5.44678419462754e-30,1.45907108351376e-45
4.99748114974638,5.358343227489e-47,3.34896451718062e-47,0.795100933680837,8.55447270285515e-30,2.52803429550813e-45
4.99183923553393,8.17470986399757e-47,5.10919366499848e-47,0.846256293726348,1.34162739009345e-29,4.37508472665593e-45
4.98619732132147,1.24614495537527e-46,7.78840597109541e-47,0.900384393141536,2.10114576533548e-29,7.56263314654158e-45
4.98055540710901,1.89810038359962e-46,1.18631273974976e-46,0.957635868222581,3.28598853260432e-29,1.30566113781958e-44
4.97491349289655,2.88884464621242e-46,1.80552790388276e-46,1.01816754312622,5.13170283815825e-29,2.25137663596209e-44
4.96927157868409,4.39322650348113e-46,2.74576656467571e-46,1.08214259449882,8.00281082485091e-29,3.87718714465042e-44
4.96362966447164,6.67570903967087e-46,4.17231814979429e-46,1.14973071495856,1.24626155238784e-28,6.66850037345169e-44
4.95798775025918,1.01359766564058e-45,6.33498541025362e-46,1.22110827500062,1.93803420710404e-28,1.14544780023186e-43
4.95234583604672,1.53775872850828e-45,9.61099205317673e-46,1.29645848287217,3.00953414079549e-28,1.96495192354406e-43
4.94670392183426,2.33112304171294e-45,1.45695190107059e-45,1.37597154194079,4.66683778601626e-28,3.36629861352648e-43
4.9410620076218,3.53099083750746e-45,2.20686927344217e-45,1.4598448050565,7.22656197764194e-28,5.75933966098972e-43
4.93542009340934,5.34419604502941e-45,3.34012252814338e-45,1.54828292538483,1.11744550486734e-27,9.84029114681665e-43
4.92977817919689,8.08206928438832e-45,5.0512933027427e-45,1.64149800316442,1.72546664727232e-27,1.67901580350654e-42
4.92413626498443,1.22128536875907e-44,7.63303355474422e-45,1.73970972782044,2.660555850179e-27,2.86094843499211e-42
4.91849435077197,1.844022162798e-44,1.15251385174875e-44,1.84314551484182,4.09660212666382e-27,4.86822804807543e-42
4.91285243655951,2.78207936991473e-44,1.73879960619671e-44,1.95204063680814,6.29884305209908e-27,8.2724663286663e-42
4.90721052234705,4.19398905151132e-44,2.62124315719457e-44,2.0666383479302,9.67126722259919e-27,1.40378367038684e-41
4.90156860813459,6.31741585683019e-44,3.94838491051887e-44,2.1871900014463,1.48283071837152e-26,2.3788364571637e-41
4.89592669392214,9.50836921135567e-44,5.9427307570973e-44,2.3139551591965,2.27031103646236e-26,4.0255625055268e-41
4.89028477970968,1.42997025988171e-43,8.93731412426068e-44,2.44720169267604,3.47108094433657e-26,6.80275328518687e-41
4.88464286549722,2.14883154343543e-43,1.34301971464715e-43,2.58720587485066,5.29943680219302e-26,1.14798911184392e-40
4.87900095128476,3.22650344400674e-43,2.01656465250421e-43,2.73425246199814,8.07942192261117e-26,1.93457074975635e-40
4.8733590370723,4.8407905563266e-43,3.02549409770413e-43,2.88863476482311,1.23003212569517e-25,3.25554945546744e-40
4.86771712285984,7.25696200932344e-43,4.53560125582715e-43,3.05065470807679,1.86998539826153e-25,5.47086450754986e-40
4.86207520864739,1.0870457027669e-42,6.79403564229315e-43,3.22062287789776,2.83887043108905e-25,9.1807646764569e-40
4.85643329443493,1.62702847901662e-42,1.01689279938539e-42,3.39885855607835,4.30366563499685e-25,1.53848168148773e-39
4.85079138022247,2.43330698698104e-42,1.52081686686315e-42,3.58568974044764,6.51503972657007e-25,2.57451723006776e-39
4.84514946601001,3.63624426019584e-42,2.2726526626224e-42,3.78145315055413,9.8487521699598e-25,4.30218187435265e-39
4.83950755179755,5.42954693240583e-42,3.39346683275364e-42,3.98649421782185,1.48672602950999e-24,7.17911271117272e-39
4.83386563758509,8.10081159015132e-42,5.06300724384457e-42,4.20116705934813,2.24112601028538e-24,1.19630364061563e-38
4.82822372337264,1.20766886124973e-41,7.54793038281082e-42,4.42583443450733,3.37355039310318e-24,1.9906750618649e-38
4.82258180916018,1.79896039735236e-41,1.12435024834523e-41,4.66086768352258,5.07100131056894e-24,3.30786151253347e-38
4.81693989494772,2.67762487711822e-41,1.67351554819889e-41,4.90664664716903,7.61177318371011e-24,5.48885783893696e-38
4.81129798073526,3.98228431232906e-41,2.48892769520566e-41,5.16355956677378,1.14094195267588e-23,9.09502982586714e-38
4.8056560665228,5.91792134656865e-41,3.69870084160541e-41,5.43200296368492,1.70776007194134e-23,1.50492044445928e-37
4.80001415231034,8.78740234668209e-41,5.4921264666763e-41,5.71238149738902,2.55255880621591e-23,2.48662353295035e-37
4.79437223809789,1.30378575592583e-40,8.14866097453644e-41,6.00510780146826,3.80987083394717e-23,4.10292382603784e-37
4.78873032388543,1.93288648472431e-40,1.20805405295269e-40,6.31060229660236,5.67845701839885e-23,6.76026374235649e-37
4.78308840967297,2.86326051261242e-40,1.78953782038276e-40,6.62929297983719,8.45154345210538e-23,1.11229623400747e-36
4.77744649546051,4.23808610171855e-40,2.64880381357409e-40,6.96161518936316,1.25610894826378e-22,1.82752707857631e-36
4.77180458124805,6.2680591276744e-40,3.9175369547965e-40,7.30801134406805,1.86425014364494e-22,2.99842782553246e-36
4.7661626670356,9.26298137226713e-40,5.78936335766695e-40,7.66893065715842,2.76290947646666e-22,4.91258087493973e-36
4.76052075282314,1.36780092776468e-39,8.54875579852924e-40,8.04482882317128,4.08897750880854e-22,8.03733520871087e-36
4.75487883861068,2.01813119004218e-39,1.26133199377636e-39,8.43616767773318,6.04294139570539e-22,1.31310856389386e-35
4.74923692439822,2.97529677888127e-39,1.85956048680079e-39,8.84341482946023,8.91800349516571e-22,2.14227542839066e-35
4.74359501018576,4.38294062027308e-39,2.73933788767068e-39,9.2670432634335,1.31423336599953e-21,3.49008531856561e-35
4.7379530959733,6.45141944565047e-39,4.03213715353155e-39,9.70753091572942,1.93402878972138e-21,5.67783536902901e-35
4.73231118176085,9.48853946140445e-39,5.93033716337778e-39,10.1653602185305,2.84209751796757e-21,9.22391979883535e-35
4.72666926754839,1.39443364997356e-38,8.71521031233472e-39,10.6410176153985,4.17061989911908e-21,1.49635338798984e-34
4.72102735333593,2.04762648370091e-38,1.27976655231307e-38,11.1349930463402,6.11150036033291e-21,2.42403407282434e-34
4.71538543912347,3.00440183626213e-38,1.87775114766383e-38,11.6477794023633,8.94294721480571e-21,3.92129154728471e-34
4.70974352491101,4.40473410114732e-38,2.75295881321707e-38,12.1798719492761,1.30676979645199e-20,6.33439851694174e-34
4.70410161069855,6.45261527284788e-38,4.03288454552992e-38,12.731767720556,1.90679104498791e-20,1.02180363591514e-33
4.6984596964861,9.44509311981145e-38,5.90318319988215e-38,13.3039648791779,2.77838684657892e-20,1.64594490508345e-33
4.69281778227364,1.38143709424708e-37,8.63398183904425e-38,13.8969620483705,4.04266653930694e-20,2.64757891348125e-33
4.68717586806118,2.01887941602648e-37,1.26179963501655e-37,14.5112576113454,5.87392937493138e-20,4.25273464052707e-33
4.68153395384872,2.94811244388182e-37,1.84257027742614e-37,15.1473489801202,8.5226590753055e-20,6.82139803407981e-33
4.67589203963626,4.30162061633283e-37,2.68851288520802e-37,15.8057318336465,1.23482981404779e-19,1.09260760803852e-32
4.6702501254238,6.27154529304872e-37,3.91971580815545e-37,16.4868993255372,1.78658915016389e-19,1.74759485604513e-32
4.66460821121135,9.13632244229289e-37,5.71020152643305e-37,17.191341261777,2.58123694665097e-19,2.79127735775865e-32
4.65896629699889,1.32991128417326e-36,8.31194552608288e-37,17.9195432488944,3.72405981852132e-19,4.45195652880611e-32
4.65332438278643,1.93431999310775e-36,1.20894999569234e-36,18.6719858131672,5.36526304108798e-19,7.09062496704069e-32
4.64768246857397,2.81117814357916e-36,1.75698633973697e-36,19.4491434915343,7.71882126012259e-19,1.12772650065871e-31
4.64204055436151,4.08228021057033e-36,2.55142513160646e-36,20.2514838949806,1.10891062549258e-18,1.79105416263805e-31
4.63639864014905,5.92340807343974e-36,3.70213004589984e-36,21.0794667452719,1.59084438845762e-18,2.84052953152916e-31
4.6307567259366,8.58805646890425e-36,5.36753529306516e-36,21.9335428860131,2.27900065944199e-18,4.4985810382276e-31
4.62511481172414,1.24414937866053e-35,7.7759336166283e-36,22.8141532691132,3.260219166888e-18,7.11438613264845e-31
4.61947289751168,1.80096204326888e-35,1.12560127704305e-35,23.721727917845,4.65730560707195e-18,1.12353073487668e-30
4.61383098329922,2.60489960443455e-35,1.62806225277159e-35,24.6566848677942,6.64367336389534e-18,1.77181395383966e-30
4.60818906908676,3.76471250818834e-35,2.35294531761771e-35,25.6194290871039,9.46384029104981e-18,2.79021012198909e-30
4.6025471548743,5.43659575025067e-35,3.39787234390667e-35,26.6103513775241,1.34620787912786e-17,4.38774450019844e-30
4.59690524066185,7.84470583518288e-35,4.9029411469893e-35,27.6298272578892,1.91224022024829e-17,6.89019283278458e-30
4.59126332644939,1.13104707652262e-34,7.06904422826639e-35,28.678215831749,2.71242890563967e-17,1.08045589883107e-29
4.58562141223693,1.62944271686258e-34,1.01840169803911e-34,29.7558586409916,3.84202223806361e-17,1.69187523417746e-29
4.57997949802447,2.34558896878303e-34,1.46599310548939e-34,30.8630785073979,5.43434216534576e-17,2.64554552382976e-29
4.57433758381201,3.37379834416908e-34,2.10862396510567e-34,32.0001783641725,7.67572982936854e-17,4.13092928501966e-29
4.56869566959956,4.84887209342801e-34,3.0305450583925e-34,33.1674400796029,1.08262480995197e-16,6.44118682145097e-29
4.5630537553871,6.96332607853411e-34,4.35207879908382e-34,34.3651232750921,1.52483153742724e-16,1.00292773793548e-28
4.55741184117464,9.99187827335017e-34,6.24492392084386e-34,35.5934641399119,2.14462493464266e-16,1.55940527940104e-28
4.55176992696218,1.43262304719799e-33,8.95389404498742e-34,36.8526742451174,3.01207950711877e-16,2.42121840565974e-28
4.54612801274972,2.05244311758199e-33,1.28277694848875e-33,38.1429393591532,4.22442016138566e-16,3.75400235668711e-28
4.54048609853726,2.93808748343133e-33,1.83630467714458e-33,39.4644182677687,5.91634344512398e-16,5.81220229762704e-28
4.53484418432481,4.2025483005789e-33,2.62659268786181e-33,40.8172416009417,8.27418529162922e-16,8.98612609237933e-28
4.52920227011235,6.00641176005685e-33,3.75400735003553e-33,42.2015106695893,1.1555339307725e-15,1.38736233369165e-27
4.52356035589989,8.57772040578697e-33,5.36107525361686e-33,43.6172963149126,1.61148310903813e-15,2.13891188841585e-27
4.51791844168743,1.22400465138313e-32,7.65002907114453e-33,45.0646377732928,2.24416305281615e-15,3.29292236947144e-27
4.51227652747497,1.74521383611323e-32,1.09075864757077e-32,46.5435415597134,3.12081951652111e-15,5.06239108523267e-27
4.50663461326251,2.48638641270802e-32,1.55399150794251e-32,48.0539803727377,4.33379628999711e-15,7.77169046128899e-27
4.50099269905006,3.53950880841113e-32,2.21219300525696e-32,49.5958920241204,6.00971571707129e-15,1.19140905891532e-26
4.4953507848376,5.03467879266605e-32,3.14667424541628e-32,51.1691783961626,8.32194725475197e-15,1.8238616926243e-26
4.48970887062514,7.15574632492571e-32,4.47234145307857e-32,52.7737044299693,1.15075159111483e-14,2.7881010224755e-26
4.48406695641268,1.01623114615848e-31,6.35144466349049e-32,54.4092971477672,1.58899965980815e-14,4.25608908159004e-26
4.47842504220022,1.4420637625858e-31,9.01289851616122e-32,56.075744712482,2.19104662519568e-14,6.48781581873905e-26
4.47278312798776,2.04470577297413e-31,1.27794110810883e-31,57.7727955277616,3.01692858231883e-14,9.87579153970253e-26
4.46714121377531,2.89688716683832e-31,1.81055447927395e-31,59.5001573816403,4.14824152592311e-14,1.50117358786475e-25
4.46149929956285,4.10097133552271e-31,2.5631070847017e-31,61.2574966370241,5.69572004522198e-14,2.27863893314141e-25
4.45585738535039,5.8009121002861e-31,3.62557006267881e-31,63.0444374721556,7.80942089162853e-14,3.45386779902339e-25
4.45021547113793,8.19898766419746e-31,5.12436729012341e-31,64.8605611741911,1.06923857889703e-13,5.22783058317124e-25
4.44457355692547,1.15792006164622e-30,7.23700038528887e-31,66.7054054889729,1.46189440888645e-13,7.9017429444387e-25
4.43893164271301,1.63399724890564e-30,1.02124828056603e-30,68.5784640300422,1.99591933446246e-13,1.19264141662517e-24
4.43328972850056,2.30397870526928e-30,1.4399866907933e-30,70.4791857498644,2.7211692850848e-13,1.79755618497386e-24
4.4276478142881,3.24608582148101e-30,2.02880363842563e-30,72.406974476178,3.70470584307687e-13,2.70545713551983e-24
4.42200590007564,4.56978672624799e-30,2.85611670390499e-30,74.3611885162893,5.03660039683647e-13,4.06615975974568e-24
4.41636398586318,6.42815385944335e-30,4.01759616215209e-30,76.3411403320484,6.83764982165744e-13,6.10258469365644e-24
4.41072207165072,9.03505897409065e-30,5.64691185880665e-30,78.3460962881399,9.26961742650736e-13,9.14594929395024e-24
4.40508015743826,1.26890794703077e-29,7.9306746689423e-30,80.3752764762027,1.2548804702776e-12,1.36876647510879e-23
4.39943824322581,1.78067081281075e-29,1.11291925800672e-29,82.4278546171817,1.69640094383401e-12,2.04557556002084e-23
4.39379632901335,2.49684486958302e-29,1.56052804348939e-29,84.5029580441717,2.29002511538517e-12,3.05272222879757e-23
4.38815441480089,3.49827444412538e-29,2.18642152757836e-29,86.5996677678754,3.08700675903098e-12,4.54930074449893e-23
4.38251250058843,4.89745655218213e-29,3.06091034511383e-29,88.7170186266452,4.15547343525599e-12,6.76998338881423e-23
4.37687058637597,6.85080653638027e-29,4.28175408523767e-29,90.8539995229141,5.58584699185129e-12,1.0060420976299e-22
4.37122867216352,9.57562681366065e-29,5.98476675853791e-29,93.0095537476538,7.49796062148342e-12,1.49289856622044e-22
4.36558675795106,1.33735626983724e-28,8.35847668648273e-29,95.1825793943101,1.00503889701537e-11,2.21222880881932e-22
4.3599448437386,1.86629985035099e-28,1.16643740646937e-28,97.3719298634882,1.34526604337855e-11,3.27352289030413e-22
4.35430292952614,2.60237645816626e-28,1.62648528635392e-28,99.5764144594531,1.79812171144653e-11,4.83711392647077e-22
4.34866101531368,3.62587826495214e-28,2.26617391559509e-28,101.794799079311,2.40002400119577e-11,7.13744617359517e-22
4.34301910110122,5.0478996610095e-28,3.15493728813094e-28,104.025806995523,3.19887801925008e-11,1.05168328501098e-21
4.33737718688877,7.02202878696087e-28,4.38876799185054e-28,106.268119732192,4.25760502318506e-11,1.54743598671606e-21
4.33173527267631,9.76042872880059e-28,6.10026795550037e-28,108.520378035319,5.65872585520632e-11,2.27366255246926e-21
4.32609335846385,1.35559382154432e-27,8.47246138465198e-28,110.781182937018,7.51030430573116e-11,3.3359913888345e-21
4.32045144425139,1.88124199156104e-27,1.17577624472565e-27,113.049096913435,9.95364183008954e-11,4.88775499647936e-21
4.31480953003893,2.6086399723815e-27,1.63039998273844e-27,115.32264513586,1.31732240675466e-10,7.15120999339584e-21
4.30916761582647,3.61441505447684e-27,2.25900940904802e-27,117.600316814308,1.74095579402804e-10,1.04480496895269e-20
4.30352570161402,5.00398843614005e-27,3.12749277258753e-27,119.880566632569,2.29757133128196e-10,1.52432131646926e-20
4.29788378740156,6.92227692972477e-27,4.32642308107798e-27,122.161816273508,3.02786047147768e-10,2.2207691298883e-20
4.2922418731891,9.56832765609064e-27,5.98020478505665e-27,124.442456033104,3.98463282301426e-10,3.23084331006984e-20
4.28659995897664,1.32153145693363e-26,8.25957160583519e-27,126.720846521526,5.23632209460874e-10,4.69368538288627e-20
4.28095804476418,1.8237838638933e-26,1.13986491493331e-26,128.995320449226,6.87147534538364e-10,6.80922445599508e-20
4.27531613055172,2.51491684472661e-26,1.57182302795413e-26,131.264184495829,9.00449222333399e-10,9.86431472805662e-20
4.26967421633927,3.46519985676379e-26,2.16574991047737e-26,133.525721259341,1.17829506041691e-09,1.42699281202201e-19
4.26403230212681,4.77075751381289e-26,2.98172344613305e-26,135.778191282922,1.53969422827082e-09,2.06139987774233e-19
4.25839038791435,6.56297568641584e-26,4.1018598040099e-26,138.019835156277,2.00909513247062e-09,2.97363939430212e-19
4.25274847370189,9.02129001977159e-26,5.63830626235724e-26,140.248875688439,2.61789435212988e-09,4.28351165008572e-19
4.24710655948943,1.23905587612381e-25,7.74409922577382e-26,142.463520148496,3.40635044293478e-09,6.16165245358849e-19
4.24146464527697,1.7004643661355e-25,1.06279022883469e-25,144.661962570614,4.42600734695925e-09,8.85074930302535e-19
4.23582273106452,2.33183908087103e-25,1.4573994255444e-25,146.842386119433,5.74275819396224e-09,1.26954610051487e-18
4.23018081685206,3.19509676085492e-25,1.99693547553433e-25,149.002965511765,7.44071250919726e-09,1.81845478622369e-18
4.2245389026396,4.37445396352188e-25,2.73403372720117e-25,151.141869490257,9.62706966236285e-09,2.60101067046126e-18
4.21889698842714,5.98436512091785e-25,3.74022820057365e-25,153.257263344539,1.2438250500115e-08,3.7150730309664e-18
4.21325507421468,8.18025256808436e-25,5.11265785505272e-25,155.347311475152,1.60475995561878e-08,5.29880786601952e-18
4.20761316000223,1.11729984848531e-24,6.9831240530332e-25,157.4101799954,2.06750445121657e-08,7.54700407083851e-18
4.20197124578977,1.52485014032167e-24,9.53031337701047e-25,159.444039366096,2.65991906825735e-08,1.07338764283061e-17
4.19632933157731,2.07940452842624e-24,1.2996278302664e-24,161.447067058027,3.4172439822124e-08,1.52448864297094e-17
4.19068741736485,2.83338247881667e-24,1.77086404926042e-24,163.417450236816,4.38398588249686e-08,2.16210803384111e-17
4.18504550315239,3.85767662668093e-24,2.41104789167558e-24,165.353388464744,5.61626900848108e-08,3.06207753125646e-17
4.17940358893993,5.24808466381092e-24,3.28005291488182e-24,167.253096413969,7.18475976013591e-08,4.3305251991292e-17
4.17376167472747,7.13395298202434e-24,4.45872061376522e-24,169.114806585504,9.17829887349173e-08,6.11576166680416e-17
4.16811976051502,9.68978297115957e-24,6.05611435697473e-24,170.936772028201,1.1708404961062e-07,8.62474234648922e-17
4.16247784630256,1.31508024658911e-23,8.21925154118194e-24,172.717269051969,1.49148492984896e-07,1.21458329154435e-16
4.1568359320901,1.7833839592827e-23,1.11461497455169e-23,174.45459992934,1.8972545325909e-07,1.70802439800372e-16
4.15119401787764,2.41652812930373e-23,1.51033008081483e-23,176.147095579521,2.4100048885453e-07,2.3985370569667e-16
4.14555210366518,3.27184898969144e-23,2.04490561855715e-23,177.793118229025,3.05700284553034e-07,3.36344546404852e-16
4.13991018945273,4.42638355821221e-23,2.76648972388263e-23,179.39106404295,3.87221405893263e-07,4.70985940382224e-16
4.13426827524027,5.98355427006526e-23,3.73972141879079e-23,180.939365721052,4.89788368034161e-07,6.58592970187204e-16
4.12862636102781,8.08209259777757e-23,5.05130787361098e-23,182.436495052702,6.18647370435687e-07,9.19627254060769e-16
4.12298444681535,1.09079416633543e-22,6.81746353959645e-23,183.880965424965,7.80303348699844e-07,1.28230746741643e-15
4.11734253260289,1.47101190842296e-22,9.19382442764352e-23,185.271334278009,9.82809543726348e-07,1.78549280398077e-15
4.11170061839043,1.98218400626866e-22,1.23886500391791e-22,186.606205502206,1.23612062983979e-06,2.48261646921025e-15
4.10605870417798,2.668862158231e-22,1.66803884889437e-22,187.884231771346,1.55252262854498e-06,3.44704342837805e-15
4.10041678996552,3.5905643727896e-22,2.2441027329935e-22,189.104116806518,1.94715542178018e-06,4.77935701146045e-15
4.09477487575306,4.82673758199959e-22,3.01671098874974e-22,190.264617565335,2.43864673559424e-06,6.61725370681328e-15
4.0891329615406,6.48334385465019e-22,4.05208990915636e-22,191.364546351334,3.04988006978789e-06,9.14895926378948e-15
4.08349104732814,8.70159409299761e-22,5.4384963081235e-22,192.402772838551,3.8089232902698e-06,1.26313915267719e-14
4.07784913311568,1.16695197368012e-21,7.29344983550071e-22,193.378226006422,4.75014958036609e-06,1.74147119317616e-14
4.07220721890323,1.56372918652708e-21,9.77330741579421e-22,194.289895980405,5.91558828094805e-06,2.3975462181645e-14
4.06656530469077,2.09374843006903e-21,1.30859276879314e-21,195.136835773863,7.35654996847292e-06,3.2961219851442e-14
4.06092339047831,2.8011853892924e-21,1.75074086830774e-21,195.91816292704,9.1355780737571e-06,4.52506851211187e-14
4.05528147626585,3.74467044768637e-21,2.34041902980395e-21,196.633061039122,1.13287886003879e-05,6.20344072948207e-14
4.04963956205339,5.00195466724456e-21,3.1262216670278e-21,197.280781189694,1.40286702489457e-05,8.49230747992297e-14
4.04399764784093,6.67606100642324e-21,4.17253812901444e-21,197.860643246102,1.73474297031551e-05,1.16092557389979e-13
4.03835573362848,8.90338675361794e-21,5.56461672101106e-21,198.372037053546,2.14209812228226e-05,1.58477875816819e-13
4.03271381941602,1.18643671759861e-20,7.41522948499104e-21,198.814423504975,2.64136962786114e-05,2.16032205560991e-13
4.02707190520356,1.57974982335783e-20,9.87343639598592e-21,199.187335488164,3.25240480461481e-05,2.94072187871972e-13
4.0214299909911,2.10177610108695e-20,1.31361006317925e-20,199.490378707643,3.99913074727495e-05,3.99737600137324e-13
4.01578807677864,2.79408092603834e-20,1.74630057877379e-20,199.723232379457,4.9103472691578e-05,5.42602317012186e-13
4.01014616256619,3.71146961075162e-20,2.31966850671946e-20,199.885649797033,6.02066421708851e-05,7.35485105410739e-13
4.00450424835373,4.92614549217328e-20,3.07884093260775e-20,199.977458766772,7.37160745696007e-05,9.95523956023265e-13
3.99886233414127,6.53315492675688e-20,4.08322182922205e-20,199.998561912275,9.01292152789296e-05,1.3455974126622e-12
3.99322041992881,8.6575114981703e-20,5.41094468635465e-20,199.948936846455,0.000110041011551798,1.81620207089781e-12
3.98757850571635,1.14635094697032e-19,7.16469341856131e-20,199.828636211123,0.000134161885480954,2.44792881603203e-12
3.98193659150389,1.51668889981409e-19,9.47930562383232e-20,199.637787583918,0.000163338787438438,3.29472368419969e-12
3.97629467729144,2.00507129564346e-19,1.25316955977614e-19,199.376593252852,0.000198579812521307,4.42817530882855e-12
3.97065276307898,2.64860703544833e-19,1.65537939715338e-19,199.04532985899,0.000241082929675344,5.94314339785791e-12
3.96501084886652,3.49590509485149e-19,2.18494068427894e-19,198.644347908178,0.00029226944812831,7.96513621644284e-12
3.95936893465406,4.61058610462673e-19,2.88161631538597e-19,198.174071153002,0.000353822929212666,1.0659965532977e-11
3.9537270204416,6.07584991192181e-19,3.79740619494097e-19,197.634995846525,0.000427734344259757,1.42463624287304e-11
3.94808510622914,8.00041166744536e-19,5.00025729213541e-19,197.02768986962,0.000516354381669926,1.90124362916454e-11
3.94244319201669,1.05262099758397e-18,6.57888123486823e-19,196.352791734068,0.00062245391916113,2.53371142618349e-11
3.93680127780423,1.38384076777661e-18,8.64900479854824e-19,195.611009463854,0.000749293801204777,3.37180245944056e-11
3.93115936359177,1.81783562221337e-18,1.13614726387361e-18,194.803119357416,0.000900705197362979,4.48077040553402e-11
3.92551744937931,2.38603876737426e-18,1.49127422959187e-18,193.929964633868,0.00108118196518013,5.9460540739872e-11
3.91987553516685,3.12935460889363e-18,1.95584663052875e-18,192.992453966507,0.00129598660190843,7.87935399723541e-11
3.91423362095439,4.10096874391621e-18,2.56310546489577e-18,191.991559907168,0.00155127154301065,1.04264860304307e-10
3.90859170674194,5.36997837581346e-18,3.35623648479325e-18,190.928317205264,0.00185421775230559,1.37775156758264e-10
3.90294979252948,7.02607872521715e-18,4.39129920310432e-18,189.803821025554,0.00221319274885952,1.81798148950067e-10
3.89730787831702,9.18560748860624e-18,5.74100468010821e-18,188.619225068961,0.00263793042914472,2.39548576864699e-10
3.89166596410456,1.19993342952515e-17,7.4995839340647e-18,187.375739600934,0.00313973526921936,3.15197909347964e-10
3.8860240498921,1.56624904443757e-17,9.78905652692931e-18,186.074629392076,0.00373171373008982,4.14150944708495e-10
3.88038213567964,2.04276723113696e-17,1.2767295193221e-17,184.717211575936,0.00442903593905535,5.43399931673682e-10
3.87474022146719,2.66214277228451e-17,1.66383923244023e-17,183.304853429045,0.0052492309793897,7.11977218622844e-10
3.86909830725473,3.46655584645384e-17,2.16659740362695e-17,181.838970078429,0.0062125193884879,9.31532927307571e-10
3.86345639304227,4.51044567224824e-17,2.81902854446052e-17,180.321022141964,0.00734218673842435,1.21707101261516e-09
3.85781447882981,5.86401548426527e-17,3.665009676482e-17,178.752513307086,0.00866500245008127,1.58788564261773e-09
3.85217256461735,7.61772267209073e-17,4.76107666804374e-17,177.134987853452,0.0102116882694011,2.06875051871096e-09
3.84653065040489,9.88802610901037e-17,6.18001631471612e-17,175.470028125264,0.0120174411080794,2.69142705102648e-09
3.84088873619244,1.28247364278584e-16,8.01546026162953e-17,173.759251959022,0.014122515216714,3.49657381723916e-09
3.83524682197998,1.66204083311657e-16,1.03877551972116e-16,172.00431007255,0.0165728689109144,4.53616020510897e-09
3.82960490776752,2.15223320558305e-16,1.34514575184322e-16,170.206883421167,0.0194208813043041,5.87651247400403e-09
3.82396299355506,2.78478302542809e-16,1.74048938812408e-16,168.368680526899,0.0227261447101307,7.60215176633819e-09
3.8183210793426,3.60037548348942e-16,2.25023467253529e-16,166.491434786658,0.0265563385479218,9.82062218825348e-09
3.81267916513014,4.65113157828282e-16,2.90695722864851e-16,164.576901765261,0.0309881907251796,1.2668554572248e-08
3.80703725091769,6.00376732452281e-16,3.75235456483217e-16,162.626856479198,0.0361085325474832,1.63192698802012e-08
3.80139533670523,7.74361009483277e-16,4.83975628760924e-16,160.643090676944,0.0420154532339308,2.09922977507231e-08
3.79575342249277,9.97970029731775e-16,6.23731264979527e-16,158.627410121625,0.0488195600680737,2.6965273263196e-08
3.79011150828031,1.28512661578583e-15,8.03204128886922e-16,156.581631881717,0.0566453500863007,3.45887819706802e-08
3.78446959406785,1.65359341701609e-15,1.03349587573391e-15,154.507581635404,0.0656326989842426,4.43048537027979e-08
3.77882767985539,2.12601316072459e-15,1.32875820909351e-15,152.407090994097,0.0759384725949123,5.66699644064488e-08
3.77318576564294,2.73122550942346e-15,1.70701591641929e-15,150.281994850521,0.0877382658473572,7.23835981576786e-08
3.76754385143048,3.50593265154899e-15,2.19120786285239e-15,148.134128756615,0.101228273538597,9.23236553189901e-08
3.76190193721802,4.49680417865742e-15,2.81050253884128e-15,145.965326336378,0.116627296531609,1.17590275794733e-07
3.75626002300556,5.76313483425569e-15,3.6019591521514e-15,143.777416738624,0.134178886115279,1.4955998811791e-07
3.7506181087931,7.38019748341508e-15,4.61262323225333e-15,141.572222134424,0.15415362821595,1.89952507102471e-07
3.74497619458065,9.44346954214643e-15,5.902168146088e-15,139.351555263872,0.176851567922818,2.40912998473287e-07
3.73933428036819,1.20739558458989e-14,7.54622188673383e-15,137.117217036586,0.202604773369736,3.05113224063825e-07
3.73369236615573,1.54248866594611e-14,9.64055332298979e-15,134.870994190177,0.231780036394703,3.85875694408102e-07
3.72805045194327,1.9690138868864e-14,1.23063354338119e-14,132.614657010702,0.264781705566911,4.87325808563014e-07
3.72240853773081,2.51148145979703e-14,1.56967569270201e-14,130.349957118904,0.302054645123993,6.14577979122871e-07
3.71676662351835,3.20085185622298e-14,2.00053205590259e-14,128.078625325826,0.344087311095195,7.73962953134132e-07
3.7111247093059,4.07620083400137e-14,2.54762495127788e-14,125.802369561135,0.391414933398431,9.73304981240934e-07
3.70548279509344,5.18680564738021e-14,3.24175261454143e-14,123.522872877289,0.444622789993357,1.22225919756719e-06
3.69984088088098,6.59475673642591e-14,4.12172149439605e-14,121.241791532404,0.504349556253895,1.53272159738746e-06
3.69419896666852,8.37822444440437e-14,5.23638793473215e-14,118.960753154471,0.571290709602536,1.91932639133845e-06
3.68855705245606,1.06355415344364e-13,6.64720972224988e-14,116.681354989292,0.646201966139405,2.40004833439607e-06
3.6829151382436,1.34903008457701e-13,8.43143208216289e-14,114.405162234285,0.729902722520248,2.99693094452036e-06
3.67727322403115,1.7097715030461e-13,1.06860624521713e-13,112.133706460033,0.82327947271431,3.73696541904367e-06
3.67163130981869,2.16525440041144e-13,1.35328250437132e-13,109.868484121221,0.927289165534072,4.65314961681369e-06
3.66598939560623,2.73989680483117e-13,1.71243313830336e-13,107.610955158335,1.04296246501085,5.78576180327429e-06
3.66034748139377,3.46428734922388e-13,2.16517586334446e-13,105.362541691273,1.17140687183288,7.18389006999048e-06
3.65470556718131,4.37671273274067e-13,2.73543958766529e-13,103.124626805736,1.31380966021419,8.90726557034866e-06
3.64906365296885,5.52505515422609e-13,3.45315025288274e-13,100.898553433058,1.47144058077617,1.10284561062227e-05
3.6434217387564,6.9691472966547e-13,4.35570261595293e-13,98.6856233238644,1.64565427635652,1.36354863208548e-05
3.63777982454394,8.78369267554389e-13,5.48978533921024e-13,96.4870961157233,1.83789235417927,1.68349619847186e-05
3.63213791033148,1.1061883954321e-12,6.91364224229421e-13,94.3041884947126,2.04968505459171,2.07557888078671e-05
3.62649599611902,1.39198821737957e-12,8.69987152300273e-13,92.1380734506139,2.28265245367418,2.55535911002769e-05
3.62085408190656,1.75023569520636e-12,1.09388879296265e-12,89.9898796251969,2.53850513453673,3.14159526803446e-05
3.6152121676941,2.19893330525839e-12,1.37432011791931e-12,87.8606907528646,2.81904426010973,3.85686219746088e-05
3.60957025348165,2.76046440684245e-12,1.72526984703798e-12,85.7515451927052,3.12616097880224,4.72828455582336e-05
3.60392833926919,3.46263614788933e-12,2.16411610735663e-12,83.6634355508057,3.46183509362169,5.78840197810454e-05
3.59828642505673,4.33996495988663e-12,2.71242963080264e-12,81.5973083914807,3.82813292530984,7.0761878960122e-05
3.59264451084427,5.43525970987369e-12,3.39696286850733e-12,79.5540640358862,4.22720430083335,8.63824712757584e-05
3.58700259663181,6.80156976108199e-12,4.25086699529838e-12,77.534556446318,4.66127860025174,0.000105302210388136
3.58136068241935,8.50458000234153e-12,5.31518800502712e-12,75.5395931943159,5.13265979765014,0.000128184332327674
3.5757187682069,1.06255528900722e-11,6.64070429563607e-12,73.5699355105458,5.64372043553059,0.000155818133856513
3.57007685399444,1.32649393685736e-11,8.29018172058208e-12,71.6262984142784,6.19689447687173,0.000189141420727027
3.56443493978198,1.65468069925938e-11,1.03411385304184e-11,69.7093509201446,6.79466898503552,0.000229266652567902
3.55879302556952,2.06242656313202e-11,1.28892325325679e-11,67.8197163197235,7.43957458886366,0.000277511336014558
3.55315111135706,2.56861099404668e-11,1.60524068623732e-11,65.9579725353932,8.13417469868918,0.000335433289680847
3.54750919714461,3.19649447386531e-11,1.99759598265037e-11,64.1246525437727,8.88105344859583,0.000404871484155088
3.54186728293215,3.97471161869349e-11,2.4838739357385e-11,62.3202448659807,9.68280235108536,0.000487993247898706
3.53622536871969,4.93848402558609e-11,3.08607049065323e-11,60.5451941218556,10.5420056623277,0.000587348726213325
3.53058345450723,6.13110027902733e-11,3.8312150539453e-11,58.7999016451946,11.4612244693296,0.00070593358577392
3.52494154029477,7.60572054572168e-11,4.75249442838467e-11,57.0847261570126,12.4429795245882,0.000847261072006161
3.51929962608231,9.42757524894921e-11,5.89062124602946e-11,55.3999844937604,13.4897328690089,0.00101544465115763
3.51365771186986,1.1676641863763e-10,7.29549862094659e-11,53.7459523873934,14.6038682999516,0.00121529260353599
3.5080157976574,1.44509014208406e-10,9.02824335955457e-11,52.1228652941509,15.7876707580805,0.00145241607921878
3.50237388344494,1.78702974649803e-10,1.11636427922186e-10,50.5309192688755,17.0433047240744,0.00173335228261144
3.49673196923248,2.2081545728327e-10,1.37931355287173e-10,48.9702718816855,18.3727917340364,0.00206570461742081
3.49109005502002,2.72639735506729e-10,1.702842467121e-10,47.4410431738087,19.7779871403928,0.00245830179861774
3.48544814080756,3.36366052058279e-10,2.10058538076521e-10,45.9433166493828,21.2605562630074,0.00292137812227471
3.47980622659511,4.14667541092003e-10,2.58917021253533e-10,44.4771403000424,22.8219500928826,0.003466777277021
3.47416431238265,5.10804370181847e-10,3.18885860184809e-10,43.0425276591284,24.4633807279465,0.00410818228123062
3.46852239817019,6.28749907914667e-10,3.92431915461119e-10,41.6394588823855,26.1857967367478,0.0048613743365908
3.46288048395773,7.73343515016957e-10,4.82556061260978e-10,40.2678818520443,27.9898586611446,0.00574452359970062
3.45723856974527,9.50475517268769e-10,5.92905702152854e-10,38.9277133012327,29.8759148829693,0.00677851508672214
3.45159665553281,1.16731108428887e-09,7.27910319458106e-10,37.6188399557074,31.843978091931,0.00798731313934394
3.44595474132036,1.43256115621532e-09,8.92944615415092e-10,36.3411196899499,33.8937026023811,0.00939836809044219
3.4403128271079,1.75681028845925e-09,1.09452469916997e-09,35.094382694744,36.0243627747443,0.0110430689713544
3.43467091289544,2.15291339581512e-09,1.34054379612077e-09,33.8784326534074,38.2348328031765,0.0129572462956289
3.42902899868298,2.63647596265101e-09,1.64055518999675e-09,32.6930479239345,40.5235681340848,0.0151817291319049
3.42338708447052,3.22643546088221e-09,2.00611155873986e-09,31.5379827243848,42.8885887803306,0.0177629608360779
3.41774517025806,3.94576562766378e-09,2.45117157985985e-09,30.4129683189283,45.327464793069,0.0207536779443877
3.41210325604561,4.82233008504349e-09,2.99258670404157e-09,29.31771420206,47.8373041470566,0.024213656828174
3.40646134183315,5.8899177692795e-09,3.6506833805071e-09,28.251909278575,50.4147432858279,0.0282105327708556
3.40081942762069,7.1895000777954e-09,4.44995882577276e-09,27.2152230370013,53.0559405602671,0.0328206961406521
3.39517751340823,8.77075891955989e-09,5.41991173083293e-09,26.2073067142799,55.7565727778085,0.0381302702906113
3.38953559919577,1.06939464596177e-08,6.5960331838514e-09,25.2277944495842,58.511835059771,0.044236175712
3.38389368498331,1.30321519075606e-08,8.02098764286438e-09,24.2763044252783,61.3164441812452,0.0512472847889622
3.37825177077086,1.58740690165784e-08,9.74601913785515e-09,23.3524399931109,64.1646455416617,0.0592856712421425
3.3726098565584,1.93273810648057e-08,1.18326241434591e-08,22.4557907838557,67.0502238847902,0.0684879579968404
3.36696794234594,2.35229093055036e-08,1.43545398923404e-08,21.5859337987122,69.9665178547503,0.0790067667573788
3.36132602813348,2.86197078913394e-08,1.74001054678613e-08,20.7424344808899,72.9064384398803,0.0910122720036474
3.35568411392102,3.48113352715918e-08,2.10750630224297e-08,19.9248477659091,75.8624913193737,0.104693861438397
3.35004219970856,4.23335918089218e-08,2.55058781444957e-08,19.1327191092554,78.8268030888335,0.120261904095305
3.34440028549611,5.14740894188707e-08,3.08436720066036e-08,18.3655854901396,81.7911513007009,0.137949626358857
3.33875837128365,6.25841159403936e-08,3.72688737726902e-08,17.6229763902137,84.7469982144084,0.15801509503969
3.33311645707119,7.60933804883347e-08,4.49967201729681e-08,16.9044147462077,87.6855281095076,0.180743305385503
3.32747454285873,9.25283835880091e-08,5.42837505683249e-08,16.2094178755507,90.5976879735254,0.206448370482305
3.32183262864627,1.12535356809689e-07,6.54354706797733e-08,15.5374983741452,93.4742313353837,0.23547580690876
3.31619071443382,1.36908972775459e-07,7.88153869742045e-08,14.8881649855678,96.3057649754703,0.268204909745235
3.31054880022136,1.66628352814849e-07,9.48556470716643e-08,14.2609234410601,99.0827982054208,0.305051208108517
3.3049068860089,2.0290231514105e-07,1.14069560151107e-07,13.6552772697826,101.79579437488,0.346468990284476
3.29926497179644,2.47226335047765e-07,1.37066315955531e-07,13.070728578887,104.435224229551,0.392953885269909
3.29362305758398,3.01454360213334e-07,1.64568272513748e-07,12.5067788030619,106.991620715168,0.445045485118451
3.28798114337152,3.67889476203584e-07,1.97431242105252e-07,11.9629294232925,109.455634796133,0.503329989925802
3.28233922915907,4.49398496442212e-07,2.36668273431435e-07,11.4386826546594,111.818091835949,0.568442854601514
3.27669731494661,5.495569154477e-07,2.83477506706267e-07,10.9335421030889,114.070048069501,0.641071413777088
3.27105540073415,6.7283238619571e-07,3.39274768897455e-07,10.4470133910404,116.202846685213,0.721957458316896
3.26541348652169,8.24817051308675e-07,4.05731680278675e-07,9.97860475219541,118.208173028236,0.81189973395677
3.25977157230923,1.01252178341028e-06,4.84820162649337e-07,9.52782759528835,120.07810843442,0.911756329627038
3.25412965809677,1.24474880755228e-06,5.78864376131612e-07,9.09419703727983,121.805182208987,1.02244692005995
3.24848774388432,1.53256345355664e-06,6.90601267716028e-07,8.6772324061473,123.382421273576,1.14495482437547
3.24284582967186,1.88989112022464e-06,8.23251093341655e-07,8.27645771362319,124.803397020728,1.28032883953201
3.2372039154594,2.33427217191848e-06,9.80599479229437e-07,7.89140209827239,126.062268935702,1.42968480486751
3.23156200124694,2.88781572802155e-06,1.16709282076284e-06,7.52160023935313,127.153824571719,1.59420685149733
3.22592008703448,3.57840350548284e-06,1.38794908214673e-06,7.16659274195665,128.073515495905,1.77514828813446
3.22027817282202,4.44120746448804e-06,1.64928636152811e-06,6.82592649396889,128.817488859141,1.97383207301507
3.21463625860957,5.5206005023706e-06,1.95827192886876e-06,6.49915499543908,129.382614283237,2.19165082011287
3.20899434439711,6.87255845498284e-06,2.32329483277931e-06,6.1858386609818,129.766505802889,2.43006628677003
3.20335243018465,8.56767492623874e-06,2.75416561350476e-06,5.88554509587399,129.967538647211,2.69060828932971
3.19771051597219,1.06949388358018e-05,3.26234715866508e-06,5.5978493465421,129.984860695677,2.97487299338677
3.19206860175973,1.33664590636913e-05,3.86122130327384e-06,5.32233412616425,129.818398495468,3.28452052594428
3.18642668754727,1.67233623630626e-05,4.56639641381091e-06,5.05859001613727,129.46885778075,3.62127185813591
3.18078477333482,2.09431411875962e-05,5.39606191635185e-06,4.80621564418379,128.937718488778,3.98690490930166
3.17514285912236,2.62487888357039e-05,6.37139654051049e-06,4.56481783989192,128.227224322069,4.38324982614456
3.1695009449099,3.29201321915086e-05,7.51703796472411e-06,4.3340117684997,127.340366959691,4.81218339448754
3.16385903069744,4.13078594526571e-05,8.86162257576883e-06,4.11342104374845,126.28086507314,5.27562254583742
3.15821711648498,5.18508439816011e-05,1.04384052090025e-05,3.9026778206422,125.053138352792,5.77551692656913
3.15257520227253,6.50974885219025e-05,1.22859700295826e-05,3.70142286895875,123.662276798801,6.31384050408789
3.14693328806007,8.17319595455838e-05,1.44490451639947e-05,3.50930562836377,122.114005574998,6.89258219181845
3.14129137384761,0.000102606352859588,1.69794353121877e-05,3.32598424598474,120.414645765378,7.51373548329128
3.13564945963515,0.000128780032587098,1.99370883815452e-05,3.1511255973021,118.57107140945,8.17928709493641
3.13000754542269,0.000161567620414976,2.3391314204385e-05,2.98440529121602,116.590663224899,8.89120462740453
3.12436563121023,0.000202597385094377,2.74221756519917e-05,2.82550766014473,114.481259453147,9.65142326626643
3.11872371699778,0.000253882098482932,3.21220749633637e-05,2.67412573600671,112.251104285247,10.4618315547216
3.11308180278532,0.000317904789128566,3.75975608907435e-05,2.52996121293444,109.908794341987,11.3242562833801
3.10743988857286,0.00039772224299126,4.39713853534509e-05,2.39272439755988,107.463223692915,12.2404465551742
3.1017979743604,0.000497089579046628,5.13848417152649e-05,2.26213414770541,104.923527904183,13.2120570968629
3.09615606014794,0.000620609770976304,6.00004205895924e-05,2.13791780030384,102.299027604783,14.2406309022994
3.09051414593548,0.000773912600646062,7.00048232638467e-05,2.01981108936237,99.5991720548812,15.3275813064524
3.08487223172303,0.000963868220121436,8.16123774551139e-05,1.90755805477461,96.8334831888788,16.4741736029557
3.07923031751057,0.00119884127167917,9.50689052008027e-05,1.80091094277371,94.0115005896952,17.6815063315145
3.07358840329811,0.00148899237408568,0.000110656098290148,1.69963009880882,91.1427278299913,18.9504923746186
3.06794648908565,0.0018466347318247,0.000128696462797402,1.60348385361489,88.2365805909137,20.2818400155101
3.06230457487319,0.00228665466415117,0.000149558901029228,1.51224840323484,85.3023369399803,21.6760341209939
3.05666266066073,0.00282700598332239,0.000173665006593941,1.42570768374165,82.3490901173304,23.1333176232727
3.05102074644828,0.00348928937445662,0.000201496156387272,1.34365324139625,79.385704144279,24.6536734842931
3.04537883223582,0.00429942923888939,0.000233601492118741,1.26588409896727,76.4207725304817,26.2368073339128
3.03973691802336,0.00528846185115531,0.000270606893627326,1.19220661892788,73.462580316539,27.8821309793211
3.0340950038109,0.00649345013553099,0.000313225056708566,1.12243436423643,70.5190696481617,29.5887469873792
3.02845308959844,0.00795854187576403,0.000362266799553694,1.05638795739859,67.5978090365746,31.3554345437071
3.02281117538598,0.00973618971044343,0.000418653734241162,0.993894938502237,64.7059664182423,33.1806367922741
3.01716926117353,0.0118885528099967,0.000483432453079626,0.934789622909975,61.8502860857667,35.0624498567908
3.01152734696107,0.0144891016467629,0.00055779039403751,0.878912959289722,59.0370695214109,36.9986137402774
3.00588543274861,0.0176244487172244,0.00064307356506461,0.826112388661207,56.2721601256669,38.9865052916513
3.00024351853615,0.0213964294080878,0.000740806323874034,0.776241705134552,53.5609317959685,41.0231334180471
2.99460160432369,0.0259244583602851,0.000852713427763218,0.729160919018094,50.9082812755078,43.1051367087867
2.98895969011123,0.0313481876136976,0.000980744587364826,0.684736122975056,48.3186241594416,45.2287836214936
2.98331777589878,0.037830493438678,0.00112710177888398,0.642839361913237,45.7958944158693,47.3899753628735
2.97767586168632,0.0455608189979989,0.00129426959144251,0.603348507299062,43.3435472521015,49.5842515762066
2.97203394747386,0.0547588997466098,0.00148504890965959,0.566147136596126,40.9645651330422,51.8067989248261
2.9663920332614,0.0656788976708217,0.00170259425658404,0.531124418540241,38.6614667381762,54.0524626359065
2.96075011904894,0.0786139689913772,0.00195045514858993,0.498175004976783,36.4363186267159,56.3157610420256
2.95510820483648,0.0939012876991811,0.00223262184187158,0.467198930002743,34.2907493669784,58.5909031294231
2.94946629062403,0.111927544148011,0.00255357587974028,0.438101517175026,32.2259658760054,60.8718090719591
2.94382437641157,0.133134933784177,0.00291834588103184,0.410793295568019,30.2427717087254,63.1521336988289
2.93818246219911,0.158027645839164,0.0033325690425659,0.38518992548799,28.3415870325222,65.4252928124208
2.93254054798665,0.187178855343791,0.00380255886273085,0.361212134678405,26.5224700227091,67.6844922407594
2.92689863377419,0.221238214045514,0.00433537962885151,0.338785665879821,24.785139417,69.922759477107
2.92125671956174,0.260939826641908,0.00493892824796917,0.317841236639728,23.1289979723557,72.1329777279389
2.91561480534928,0.307110688118633,0.00562202403894143,0.298314512301833,21.5531565753581,74.3079221600997
2.90997289113682,0.360679545857115,0.00639450714323715,0.280146093140752,20.0564587672754,76.4402981088814
2.90433097692436,0.422686136543006,0.00726734625233807,0.263281516646346,18.6375054569396,78.5227809815063
2.8986890627119,0.494290732780534,0.0082527563910848,0.247671276002345,17.2946796082195,80.5480575654046
2.89304714849944,0.576783917761057,0.00936432753844828,0.233270855845589,16.0261707039217,82.5088684282005
2.88740523428699,0.671596488449968,0.0106171649098278,0.220040786435422,14.8299988041366,84.3980510767692
2.88176332007453,0.780309368699985,0.0120280417678224,0.207946717406839,13.7040380340773,86.2085835264789
2.87612140586207,0.90466339368019,0.0136155656711994,0.196959512325541,12.6460393540587,87.9336279190605
2.87047949164961,1.04656880629608,0.0154003591141466,0.187055365307858,11.653652482201,89.5665738187079
2.86483757743715,1.20811428519743,0.0174052555494787,0.178215941012777,10.7244468584376,91.1010808112238
2.85919566322469,1.391575302918,0.0196555118298383,0.170428539356706,9.85593155627387,92.5311200304128
2.85355374901224,1.59942159212185,0.0221790381396303,0.163686286343418,9.04557406624238,93.8510142396083
2.84791183479978,1.83432347836039,0.0250066465269425,0.157988352441115,8.2908178919607,95.0554761042237
2.84226992058732,2.09915681974667,0.028172319178451,0.153340199975146,7.5890989159622,96.1396443035077
2.83662800637486,2.39700627815573,0.0317134976107116,0.149753861037547,6.93786050787415,97.0991171461975
2.8309860921624,2.73116663362834,0.0356713939775794,0.147248247442642,6.33456736196916,97.9299833753175
2.82534417794994,3.10514184429487,0.0400913257151283,0.145849494280244,5.77671806449551,98.6288498717955
2.81970226373749,3.5226415490615,0.0450230747615212,0.145591338633691,5.26185640344403,99.1928659945577
2.81406034952503,3.98757471023857,0.0505212725990533,0.146515535037904,4.78758144446893,99.619744326035
2.80841843531257,4.50404009894719,0.0566458123681651,0.148672309251648,4.35155640652002,99.9077776261674
2.80277652110011,5.076313338182,0.0634622892976592,0.152120851907145,3.95151637935468,100.055851834633
2.79713460688765,5.70883023745465,0.0710424706807559,0.15692985357773,3.58527493247548,100.0634549997
2.79149269267519,6.40616617951763,0.0794647966019261,0.163178082769129,3.25072967121409,99.9306820522999
2.78585077846274,7.17301135419766,0.0888149125836319,0.170955008290718,2.94586680068125,99.6582353851921
2.78020886425028,8.01414167714839,0.099186235274171,0.18036146739854,2.66876476217584,99.2474212388286
2.77456695003782,8.93438528248541,0.110680552236505,0.191510381020186,2.41759700945368,98.7001419372849
2.76892503582536,9.93858453776989,0.123408656822392,0.204527517271823,2.19063399405821,98.0188840588116
2.7632831216129,11.031553597393,0.137491019024909,0.219552304357735,1.98624442979136,97.2067026656743
2.75764120740045,12.2180315856409,0.15305849309473,0.23673869380166,1.80289590642479,96.2672017564841
2.75199929318799,13.5026315828798,0.170253062579914,0.256256074795205,1.63915492200585,95.2045111406833
2.74635737897553,14.889785676461,0.189228623304523,0.278290240260339,1.49368640167932,94.0232599688039
2.74071546476307,16.3836864309387,0.210151804637126,0.303044405009142,1.36525276890964,92.7285471831201
2.73507355055061,17.9882252285661,0.233202829214791,0.330740276142887,1.2527126324335,91.3259091810427
2.72943163633815,19.7069280291761,0.258576411081072,0.361619175563457,1.15501914927689,89.8212850076842
2.7237897221257,21.5428891965489,0.286482691966403,0.395943214171305,1.07121812081603,88.2209794142348
2.71814780791324,23.4987041341997,0.31714821518565,0.433996516994945,1.00044587521885,86.5316241349042
2.71250589370078,25.5764015649488,0.350816936349758,0.476086498136474,0.941926985744769,84.760137747048
2.70686397948832,27.777376373342,0.387751269785507,0.522545184024636,0.894971870369638,82.913684486651
2.70122206527586,30.1023240055886,0.4282331692296,0.573730583041763,0.858974314099029,80.9996323945171
2.6955801510634,32.5511774857397,0.472565241009545,0.630028099132097,0.833408951191392,79.0255111674081
2.68993823685095,35.1230481570201,0.521071887544972,0.691851986507718,0.817828740380086,76.9989700830109
2.68429632263849,37.8161712912675,0.57410047859845,0.759646842043569,0.811862462103354,74.9277363582149
2.67865440842603,40.6278577252699,0.632022547275385,0.833889131396158,0.815212262760085,72.8195742869036
2.67301249421357,43.5544526786002,0.695235007318902,0.91508874429205,0.827651267138164,70.6822454865812
2.66737058000111,46.5913028817885,0.764161387768003,1.00379057381294,0.849021276437488,68.5234705629781
2.66172866578865,49.7327330952424,0.839253080547999,1.10057611385649,0.879230565752098,66.3508924786082
2.6560867515762,52.9720330274592,0.920990596041487,1.20606506827671,0.918251791501983,64.1720418855
2.65044483736374,56.3014555655958,1.00988482114885,1.32091696450829,0.966120016126881,61.9943046543516
2.64480292315128,59.7122271126262,1.10647827379107,1.44583276375778,1.02293085438048,59.8248918025886
2.63916100893882,63.1945706839713,1.21134634723695,1.58155645910419,1.08883874279824,57.6708119926788
2.63351909472636,66.7377422540666,1.32509853705491,1.72887665209715,1.1640553313582,55.53884673997
2.6278771805139,70.3300806617753,1.44837964289926,1.88862809767435,1.24884799401013,53.4355284367396
2.62223526630145,73.9590711854495,1.58187093674635,2.06169320644968,1.34353845261259,51.3671212664531
2.61659335208899,77.6114226867918,1.72629128860032,2.24900349265006,1.44850150688385,49.3396050498729
2.61095143787653,81.2731580010716,1.88239824009712,2.45154095521263,1.56416386123706,47.3586620329919
2.60530952366407,84.9297170236401,2.05098901585273,2.67033937879796,1.69100303782425,45.4296665961622
2.59966760945161,88.5660717133631,2.23290146183221,2.90648554073654,1.82954636375061,43.5576778346
2.59402569523915,92.1668520071573,2.42901489946731,3.16112030921356,1.98037001923258,41.7474349329344
2.5883837810267,95.7164814209308,2.64025088372536,3.43543961731665,2.14409813245143,40.0033552309373
2.58274186681424,99.1993209057122,2.86757385283962,3.73069529693184,2.32140190599089,38.3295348542231
2.57709995260178,102.599819338253,3.11199165695605,4.04819575588326,2.51299875903577,36.7297517627361
2.57145803838932,105.902668857431,3.37455595254076,4.38930648117936,2.71965146893886,35.2074710514063
2.56581612417686,109.092963115543,3.65636244903399,4.75545035076429,2.94216729533239,33.7658523215346
2.5601742099644,112.156356400874,3.95855099393573,5.14810773578312,3.18139706965834,32.4077589283606
2.55453229575195,115.079221507892,4.28230548227394,5.56881637506701,3.4382342328156,31.1357688998729
2.54889038153949,117.848804186822,4.6288535762457,6.01917100333675,3.71361380356648,29.9521873142452
2.54324846732703,120.45337199696,4.99946622074079,6.50082271451938,4.00851126040513,28.8590599182737
2.53760655311457,122.882355419085,5.39545694046549,7.01547804158457,4.32394131976468,27.8581877667754
2.53196463890211,125.126479152008,5.81818090448611,7.56489773444116,4.66095659372353,26.9511426629723
2.52632272468966,127.177881626136,6.26903374421782,8.1508952177031,5.02064611076513,26.1392831823041
2.5206808104772,129.030220911435,6.74945011119714,8.77533471054191,5.40413368364494,25.4237710667255
2.51503889626474,130.678765376235,7.26090196140492,9.44012899140095,5.81257610902535,24.8055877831795
2.50939698205228,132.12046766372,7.80489655345753,10.1472367910639,6.24716118425163,24.2855510484027
2.50375506783982,133.354020791099,8.38297414865784,10.8986597984473,6.70910552745923,23.8643311323219
2.49811315362736,134.379895437766,8.99670540170733,11.6964392645397,7.19965218812707,23.5424667638231
2.49247123941491,135.200357768294,9.64768843181988,12.5426521911337,7.72006803621813,23.3203804754125
2.48682932520245,135.819467428562,10.3375455650594,13.4394070924018,8.27164091918283,23.198393237029
2.48118741098999,136.243055652733,11.0679197399447,14.388839318958,8.85567657733879,23.1767382437987
2.47554549677753,136.478683719562,11.8404705697248,15.3931059358133,9.47349530948052,23.2555737376381
2.46990358256507,136.53558229245,12.6568700562362,16.4543801475973,10.126428382019,23.4349947581233
2.46426166835261,136.424572463187,13.5187979518943,17.5748452665487,10.8158141764928,23.7150437337555
2.45861975414016,136.157969588742,14.4279367681594,18.7566882211068,11.5429940719396,24.0957198404955
2.4529778399277,135.749471258683,15.3859664307351,20.0020926054258,12.3093080603516,24.5769870700521
2.44733592571524,135.214030953244,16.3945585838072,21.3132312728017,13.1160900952693,25.1587809657433
2.44169401150278,134.567719144545,17.4553705478073,22.6922584788315,13.9646631754866,25.8410139986729
2.43605209729032,133.827573752843,18.5700389374741,24.1413015830978,14.8563341678304,26.6235795713652
2.43041018307786,133.011441993325,19.7401729493861,25.6624523212981,15.7923883750525,27.5063546497735
2.42476826886541,132.137815735123,20.9673473306359,27.2577576629791,16.774083857005,28.4892010376473
2.41912635465295,131.225662542148,22.2530950428928,28.9292102733888,17.8026455154581,29.5719653195265
2.41348444044049,130.29425457487,23.5988996387585,30.6787386014158,18.8792589551597,30.7544775100941
2.40784252622803,129.362997504299,25.006187370021,32.5081966190945,20.0050641360033,32.0365484582001
2.40220061201557,128.451261525564,26.4763190501685,34.4193532417403,21.1811488334679,33.4179660635642
2.39655869780311,127.578216461185,28.0105816962854,36.4138814613667,22.4085419267873,34.8984903729339
2.39091678359066,126.762672816233,29.6101799782324,38.4933472296497,23.6882065366082,36.477847630339
2.3852748693782,126.022930492737,31.2762275057644,40.6591981302878,25.0210330361659,38.1557233630304
2.37963295516574,125.376636692911,33.0097379869551,42.9127518841262,26.4078319622369,39.9317545907328
2.37399104095328,124.840654344357,34.8116162939561,45.2551847338816,27.8493268543153,41.8055212510206
2.36834912674082,124.430942170074,36.6826494746862,47.6875197586341,29.3461470525558,43.7765369379314
2.36270721252837,124.162447306408,38.6234977515127,50.2106151714643,30.8988204870481,45.8442390544353
2.35706529831591,124.049011147856,40.6346855503179,52.8251526566408,32.5077664928851,48.0079784820735
2.35142338410345,124.103288873357,42.716592605517,55.5316258055929,34.1732886872636,50.2670088730335
2.34578146989099,124.336682888802,44.8694451885937,58.3303287134985,35.8955679464834,52.620475671159
2.34013955567853,124.759290208939,47.0933075095055,61.2213448006443,37.6746555221633,55.0674049689431
2.33449764146607,125.379863602373,49.3880733418749,64.2045359247439,39.5104663372719,57.6066923074636
2.32885572725362,126.205786139016,51.7534579241895,67.2795318521027,41.4027725036276,60.2370915255139
2.32321381304116,127.243058612974,54.1889901902722,70.4457201568654,43.3511971033803,62.9572037629177
2.3175718988287,128.496299167422,56.6940053830206,73.7022366185431,45.355208277581,65.7654667211957
2.31192998461624,129.968754323199,59.267638105834,77.0479561885617,47.4141136653046,68.6601442824316
2.30628807040378,131.662320510591,61.9088158662453,80.4814845967018,49.5270552368729,71.6393165843825
2.30064615619132,133.577575124519,64.6162531660047,84.0011506679484,51.6930045645223,74.7008706466191
2.29500424197887,135.713816067015,67.3884461912408,87.6049994194639,53.9107585733717,77.8424916387921
2.28936232776641,138.069108706884,70.2236681553226,91.2907860060904,56.17893581475,81.0616548780314
2.28372041355395,140.640339173788,73.1199653456502,95.0559705809797,58.4959733028325,84.3556186379959
2.27807849934149,143.423272911221,76.0751539238298,98.8977141356368,60.8601239541235,87.7214178472569
2.27243658512903,146.412617438246,79.0868175264922,102.812875380818,63.2694546675692,91.1558587494889
2.26679467091657,149.602088311453,82.1523057114514,106.798008726383,65.7218450810385,94.6555145924342
2.26115275670412,152.984477334115,85.2687332909082,110.84936341432,68.2149870375192,98.2167224067531
2.25551084249166,156.551722126753,88.432980590051,114.9628838548,70.7463847916982,101.835580929762
2.2498689282792,160.294976249715,91.6416946656473,119.134211210228,73.3133559845887,105.507949722633
2.24422701406674,164.204679151782,94.8912915151044,123.358686266914,75.9130334105769,109.229449522985
2.23858509985428,168.270625306642,98.1779593020119,127.63135362818,78.5423675976923,112.99546386788
2.23294318564182,172.482031989314,101.497662619363,131.946967256463,81.1981302180505,116.801142015132
2.22730127142937,176.82760523506,104.84614780654,136.299997385311,83.8769183413333,120.641403183521
2.22165935721691,181.29560361213,108.218949330754,140.684638815181,86.5751595398514,124.510942125043
2.21601744300445,185.873899525209,111.611397237947,145.094820599543,89.2891178491939,128.404236034697
2.21037552879199,190.550037847131,115.018625672309,149.524217120195,92.0149005837862,132.315552795593
2.20473361457953,195.311291751231,118.435582457476,153.966260542761,94.7484660017995,136.238960549386
2.19909170036707,200.144715684498,121.857039726258,158.414154635284,97.4856318088944,140.16833857417
2.19344978615462,205.037195481933,125.277605579405,162.86088992458,100.222084485206,144.097389444143
2.18780787194216,209.975495674594,128.691736747542,167.29926015671,102.953389414868,148.019652437539
2.1821659577297,214.946304087605,132.093752223962,171.721880019571,105.675001792221,151.928518151574
2.17652404351724,219.936273859754,135.477847829571,176.12120407729,108.382278273761,155.817244275564
2.17088212930478,224.93206304354,138.838111664961,180.489546857886,111.07048933978,159.678972465882
2.16524021509232,229.920371963721,142.168540398354,184.819104027574,113.734832324714,163.506746259199
2.15959830087987,234.887978524363,145.463056332154,189.101974577246,116.370445070372,167.293529953463
2.15395638666741,239.821771659265,148.715525184959,193.330183939076,118.972420151547,171.03222837936
2.14831447245495,244.708783119501,151.919774520371,197.495707943936,121.535819619048,174.715707478655
2.14267255824249,249.536217785103,155.069612748633,201.590497523522,124.055690201019,178.33681559991
2.13703064403003,254.291482676563,158.158848622261,205.606504054642,126.527078899428,181.888405416486
2.13138872981757,258.962214826562,161.181311142293,209.535705237333,128.945048915073,185.363356366783
2.12574681560512,263.536308153919,164.130869787715,213.370131393099,131.304695831119,188.754597512108
2.12010490139266,268.001939461106,167.001454977059,217.101892064973,133.601163982371,192.055130703681
2.1144629871802,272.347593654267,169.787078668044,220.723202797038,135.829662934986,195.258053946894
2.10882107296774,276.562088261517,172.481854998616,224.226411967771,137.985483999312,198.356584848271
2.10317915875528,280.634597301764,175.080020870805,227.604027549047,140.064016696963,201.344084028522
2.09753724454283,284.554674533128,177.575956377412,230.84874366082,142.060765102171,204.214078383728
2.09189533033037,288.312276087634,179.964204970817,233.953466790571,143.971363976837,206.960284076054
2.08625341611791,291.89778247775,182.2394932731,236.911341546452,145.791594618619,209.576629135464
2.08061150190545,295.302019940863,184.396750427165,239.715775813745,147.517400341837,212.057275554722
2.07496958769299,298.516281070163,186.431126889785,242.360465185814,149.144901511907,214.396640761526
2.06932767348053,301.532344665028,188.338012569271,244.839416543067,150.670410055477,216.589418353899
2.06368575926808,304.342494720855,190.113054212996,247.146970656734,152.090443370442,218.630597988009
2.05804384505562,306.939538467619,191.752171953077,249.277823698256,153.401737562496,220.515484311311
2.05240193084316,309.316823358199,193.251574922292,251.227047539956,154.601259937859,222.239714838381
2.0467600166307,311.468252901768,194.607775856602,252.990108738334,155.686220685301,223.799276671925
2.04111810241824,313.388301234229,195.817604605604,254.56288609764,156.654083684497,225.190521977224
2.03547618820578,315.072026316693,196.878220477662,255.941686718546,157.50257638214,226.410182124705
2.02983427399333,316.515081654257,197.78712335245,257.123260444448,158.229698681968,227.455380422258
2.02419235978087,317.713726430692,198.542163500058,258.104812626303,158.833730800052,228.323643366472
2.01855044556841,318.66483395995,199.141550052701,258.884015135847,159.313240042165,229.012910349908
2.01290853135595,319.365898362405,199.583858082301,259.45901556645,159.667086465844,229.521541770003
2.00726661714349,319.815039382419,199.868034244787,259.828444570709,159.894427395832,229.848325493931
2.00162470293103,320.011005273735,199.993400959835,259.9914212941,159.99472076787,229.992481642905
1.99598278871858,319.953173690429,199.959659102818,259.947556874517,159.967727282256,229.953665668734
1.99034087450612,319.641550533231,199.766889194007,259.696955988234,159.813511355207,229.731969704989
1.98469896029366,319.076766713982,199.415551078409,259.240216433686,159.532440862728,229.327922184793
1.9790570460812,318.260072814446,198.90648209801,258.578426755393,159.125185678408,228.742485726963
1.97341513186874,317.193331629616,198.240893766609,257.713161921239,158.592715013287,227.977053301901
1.96777321765628,315.87900859974,197.420366965709,256.646477077124,157.936293572567,227.033442698241
1.96213130344383,314.320160149457,196.446845688136,255.38089941368,157.157476550509,225.913889320698
1.95648938923137,312.520419966473,195.322629364039,253.91941819006,156.258103491231,224.621037358778
1.95084747501891,310.483983265978,194.050363811668,252.265472969954,155.240291049334,223.157929374948
1.94520556080645,308.215589100401,192.633030862776,250.42294013461,154.106424690221,221.527994369436
1.93956364659399,305.720500786956,191.073936719574,248.396117746873,152.859149375659,219.735034387027
1.93392173238154,303.004484537655,189.376699106859,246.189708848958,151.501359285488,217.783209738892
1.92827981816908,300.073786387964,187.545233289191,243.808803284768,150.036186631353,215.677022919725
1.92263790395662,296.935107530921,185.583737028716,241.258858145075,148.466989622973,213.421301307061
1.91699598974416,293.595578173329,183.496674564506,238.545676940655,146.797339651605,211.021178735679
1.9113540755317,290.062730039387,181.288759698913,235.675387614551,145.03100775913,208.482076045389
1.90571216131924,286.344467654953,178.964938080547,232.654419509943,143.171950464438,205.809680705188
1.90007024710679,282.449038552288,176.530368776958,229.489479414633,141.224295021567,203.009925620785
1.89442833289433,278.385002540768,173.990405232929,226.187526806829,139.192324186344,200.088967235764
1.88878641868187,274.16120019357,171.350575712526,222.755748429806,137.080460570021,197.053163039213
1.88314450446941,269.786720703658,168.616563324578,219.201532325037,134.893250659663,193.90904859443
1.87750259025695,265.270869264708,165.794185732197,215.532441454557,132.635348585757,190.663314204369
1.87186067604449,260.623134133653,162.889374647163,211.756187043676,130.31149971773,187.32278132978
1.86621876183204,255.853153531649,159.908155209688,207.880601774664,127.926524167751,183.894378875597
1.86057684761958,250.970682539102,156.85662535298,203.913612960684,125.485300282384,180.38511945991
1.85493493340712,245.985560138398,153.740935250476,199.863215827201,122.992748200381,176.802075778063
1.84929301919466,240.907676554803,150.567266941377,195.737447025173,120.453813553102,173.152357171825
1.8436511049822,235.746941041997,147.341814227344,191.544358496756,117.873451381875,169.443086510442
1.83800919076974,230.513250253711,144.070762929926,187.29199180996,115.256610343941,165.68137748656
1.83236727655729,225.216457337174,140.760271594484,182.988353073751,112.608217275587,161.874312425628
1.82672536234483,219.866341877473,137.41645272211,178.641388539547,109.933162177688,158.028920702532
1.82108344813237,214.472580814671,134.045354606368,174.258960988979,107.236283685094,154.152157853774
1.81544153391991,209.04472044757,130.652943846605,169.848827001198,104.522355077284,150.250885467728
1.80979961970745,203.592149629581,127.245088604206,165.418615186001,101.796070883365,146.331851929291
1.80415770549499,198.124074253113,123.827542662452,160.975805461652,99.0620341299614,142.401674088679
1.79851579128254,192.649493109612,120.405930344746,156.527709448575,96.3247442757971,138.466819917368
1.79287387707008,187.177175202583,116.985732339822,152.081452042121,93.5885858718575,134.53359220705
1.78723196285762,181.715638581046,113.572272476292,147.643954219486,90.8578179810334,130.608113360354
1.78159004864516,176.273130750733,110.170705482549,143.221917127582,88.1365643860395,126.696311314713
1.7759481344327,170.857610710117,106.786005761583,138.82180749029,85.4288046092663,122.803906633392
1.77030622022025,165.476732648136,103.422957203879,134.449844365244,82.7383657631028,118.936400790313
1.76466430600779,160.137831330334,100.086144055195,130.111987271929,80.0689152441558,115.099065667992
1.75902239179533,154.847909190096,96.7799428497145,125.813925704782,77.4239542797716,111.296934280654
1.75338047758287,149.613625131783,93.5085154128953,121.561070036897,74.8068123303162,107.53479272751
1.74773856337041,144.441285043059,90.2758029323702,117.358543812197,72.2206423458962,103.817173374286
1.74209664915795,139.336834004425,87.0855210894471,113.211177416381,69.6684168715577,100.148349254445
1.73645473494549,134.305850175065,83.9411562381901,109.123503109734,67.1529249905521,96.5323296751306
1.73081282073304,129.353540325736,80.8459626138027,105.099751398019,64.6767700910422,92.9728570068007
1.72517090652058,124.4847369814,77.802960547027,101.1438487112,62.2423684376216,89.47340462979
1.71952899230812,119.70389712886,74.8149356566153,97.2594163536566,59.8519485252922,86.0371760056487
1.71388707809566,115.015102437757,71.8844389876043,93.4497706839347,57.5075511900834,82.6671048361573
1.7082451638832,110.422060936926,69.0137880591559,89.7179244769452,55.2110304473247,79.3658562683432
1.70260324967075,105.92811008241,66.2050687821516,86.066589416834,52.9640550257213,76.1358290997129
1.69696133545829,101.536221148246,63.4601382035083,82.4981796645927,50.7681105628066,72.9791589342155
1.69131942124583,97.2490048667315,60.7806280313916,79.0148164408366,48.6245024251132,69.8977222362375
1.68567750703337,93.0687182409433,58.1679488930835,75.6183335610324,46.5343591144668,66.8931412271498
1.68003559282091,88.9972724491207,55.6232952752508,72.3102838578467,44.4986362202006,63.9667895666168
1.67439367860845,85.036241757909,53.1476510947452,69.0919464231866,42.5181208757962,61.1197987590162
1.668751764396,81.1868733595103,50.7417958468402,65.9643346009077,40.5934366774722,58.3530652239109
1.66310985018354,77.4500980464513,48.4063112769739,62.9282046600794,38.7250490215791,55.6672579685535
1.65746793597108,73.8265416369054,46.1415885215847,59.9840650780717,36.9132708172678,53.0628267998477
1.65182602175862,70.3165370633516,43.9478356635312,57.1321863626005,35.158268530825,50.5400110130798
1.64618410754616,66.9201370377148,41.8250856478097,54.3726113421612,33.4600685182478,48.0988484949954
1.6405421933337,63.6371272070301,39.7732045038491,51.7051658550112,31.8185636030793,45.739185179437
1.63490027912125,60.4670397150623,37.7918998215254,49.1294697679894,30.2335198572203,43.4606847947621
1.62925836490879,57.4091670871573,35.8807294291968,46.6449482579613,28.7045835433574,41.2628388435822
1.62361645069633,54.462576357874,34.0391102234749,44.2508432905221,27.2312881787799,39.1449767570005
1.61797453648387,51.6261233635993,32.2663271021104,41.9462252327476,25.8130616816883,37.1062761674302
1.61233262227141,48.8984671253677,30.5615419532564,39.7300045392369,24.4492335626051,35.1457732462473
1.60669070805895,46.2780842504099,28.9238026564368,37.6009434533708,23.1390421251494,33.2623730549041
1.6010487938465,43.7632832845619,27.3520520528023,35.5576676686456,21.8816416422418,31.454859860724
1.59540687963404,41.3522189514818,25.8451368446418,33.5986778980366,20.6761094757134,29.721907371339
1.58976496542158,39.0429062186498,24.4018163866321,31.7223613026236,19.5214531093056,28.0620888446276
1.58412305120912,36.8332341342896,23.0207713339142,29.9270027340901,18.4166170671314,26.4738870340019
1.57848113699666,34.7209793836584,21.7006121147748,28.2107957492086,17.3604896918198,24.9557039319914
1.57283922278421,32.703819517519,20.4398871984412,26.5718533579748,16.351909758753,23.5058702782077
1.56719730857175,30.779345810035,19.2370911312662,25.0082184706471,15.3896729050129,22.1226548009563
1.56155539435929,28.9450757077734,18.0906723173544,23.5178740125617,14.4725378538836,20.8042731649578
1.55591348014683,27.1984648359035,16.999040522437,22.0987526791689,13.5992324179496,19.5488966008027
1.55027156593437,25.5369185320743,15.9605740825446,20.7487463073086,12.7684592660357,18.3546601949263
1.54462965172191,23.9578028827338,14.9736268017073,19.4657148422201,11.9789014413658,17.2196708219635
1.53898773750945,22.4584552408583,14.0365345255355,18.2474948831967,11.2292276204284,16.1420147043659
1.533345823297,21.0361942081356,13.1476213800841,17.0919077941098,10.5180971040673,15.1197645870968
1.52770390908454,19.6883290685672,12.3052056678541,15.9967673682107,9.84416453428328,14.1509865180322
1.52206199487208,18.4121686642318,11.5076054151446,14.9598870396883,9.20608433211569,13.2337462274163
1.51642008065962,17.2050297075339,10.7531435672085,13.9790866373713,8.60251485376677,12.3661151022897
1.51077816644716,16.0642445276591,10.0401528297868,13.0521986787231,8.03212226382946,11.5461757542549
1.50513625223471,14.9871682521554,9.36698015759702,12.1770742048763,7.49358412607761,10.7720271812366
1.49949433802225,13.9711854275289,8.73199089220549,11.3515881598673,6.98559271376439,10.0417895260363
1.49385242380979,13.013716085517,8.13357255344807,10.5736443194826,6.50685804275846,9.35360843646529
1.48821050959733,12.1122212642295,7.57013829014339,9.84117977718652,6.05611063211471,8.7056590336649
1.48256859538487,11.2642079956597,7.0401299972873,9.1521689964736,5.63210399782984,8.0961494968804
1.47692668117241,10.4672337731611,6.54202110822567,8.50462744069346,5.23361688658054,7.52332427445953
1.47128476695995,9.71891051432384,6.07431907145239,7.89661479288818,4.85945525716191,6.98546693217025
1.4656428527475,9.0169080363393,5.63556752271205,7.32623777952573,4.50845401816964,6.48090265111886
1.46000093853504,8.3589570623411,5.22434816396319,6.7916526131522,4.17947853117055,6.00800038855767
1.45435902432258,7.74285177842104,4.83928236151315,6.29106706996714,3.87142588921052,5.56517471574012
1.44871711011012,7.16645196200751,4.47903247625469,5.82274221913114,3.58322598100375,5.1508873476929
1.44307519589766,6.62768470309483,4.14230293943426,5.38499382126458,3.31384235154741,4.7636483803494
1.43743328168521,6.12454574041547,3.82784108775967,4.9761934140876,3.06227287020774,4.40201725092362
1.43179136747275,5.65510043507489,3.5344377719218,4.59476910349837,2.82755021753744,4.06460343771008
1.42614945326029,5.21748440442664,3.26092775276665,4.23920607859667,2.60874220221332,3.75006691568165
1.42050753904783,4.80990383906167,3.00618989941354,3.90804686923763,2.40495191953084,3.45711838432558
1.41486562483537,4.43063552573928,2.76914720358705,3.59989136466318,2.21531776286964,3.18451928412511
1.40922371062292,4.07802659890106,2.54876662431316,3.31339661160712,2.03901329945053,2.93108161796014
1.40358179641046,3.75049404310051,2.34405877693782,3.04727641001918,1.87524702155026,2.69566759347849
1.397939882198,3.4465239682616,2.1540774801635,2.80030072421256,1.7232619841308,2.47718910218803
1.39229796798554,3.16467067915465,1.97791917447165,2.57129492681316,1.58233533957732,2.2746070506424
1.38665605377308,2.90355555987128,1.81472222491955,2.35913889239543,1.45177777993564,2.08693055865749
1.38101413956062,2.66186579338882,1.66366612086801,2.16276595712842,1.33093289669441,1.91321603899821
1.37537222534816,2.43835293556026,1.52397058472516,1.98116176014271,1.21917646778013,1.75256617243393
1.36973031113571,2.23183136205565,1.39489460128478,1.81336298167022,1.11591568102782,1.60412879147749
1.36408839692325,2.04117660592154,1.27573537870096,1.65845599231125,1.02058830296077,1.46709568550611
1.35844648271079,1.86532360253341,1.16582725158338,1.5155754270584,0.932661801266704,1.34070133932089
1.35280456849833,1.70326485779432,1.06454053612145,1.38390269695789,0.851632428897159,1.22422161653967
1.34716265428587,1.55404855449395,0.971280346558719,1.26266445052634,0.777024277246975,1.11697239854253
1.34152074007342,1.416776610793,0.885485381745623,1.15113099626931,0.708388305396498,1.01830818900747
1.33587882586096,1.29060270384391,0.806626689902441,1.04861469687317,0.645301351921953,0.927620693387807
1.3302369116485,1.17473027061092,0.734206419131823,0.954468344871371,0.587365135305458,0.844337382001596
1.32459499743604,1.06841049701192,0.667756560632453,0.86808352882219,0.534205248505962,0.76792004472732
1.31895308322358,0.970940305581573,0.606837690988483,0.788888998285029,0.485470152790787,0.697863344636756
1.31331116901112,0.881660350950123,0.551037719343827,0.716349035146975,0.440830175475061,0.633693377245401
1.30766925479866,0.799953031554848,0.49997064472178,0.649961838138314,0.399976515777424,0.574966241430047
1.30202734058621,0.725240525149208,0.453275328218255,0.589257926683732,0.362620262574604,0.521266627450993
1.29638542637375,0.656982854856496,0.41061428428531,0.533798569570903,0.328491427428248,0.472206426928106
1.29074351216129,0.594675991730254,0.371672494831409,0.483174243280832,0.297337995865127,0.42742336905612
1.28510159794883,0.537849999035353,0.336156249397096,0.437003124216225,0.268924999517677,0.38657968680666
1.27945968373637,0.486067222754278,0.303792014221424,0.394929618487851,0.243033611377139,0.349360816354637
1.27381776952392,0.438920532152661,0.274325332595413,0.356622932374037,0.219460266076331,0.315474132484725
1.26817585531146,0.396031613608185,0.247519758505116,0.321775686056651,0.198015806804093,0.284647722280883
1.262533941099,0.357049320317985,0.223155825198741,0.290102572758363,0.178524660158993,0.256629198978552
1.25689202688654,0.321648079951108,0.201030049969443,0.261339064960276,0.160824039975554,0.231184557464859
1.25125011267408,0.289526361805254,0.180953976128284,0.235240168966769,0.144763180902627,0.208097072547526
1.24560819846162,0.26040520455941,0.162753252849631,0.211579228704521,0.130202602279705,0.187166240777076
1.23996628424917,0.23402680528584,0.14626675330365,0.190146779294745,0.11701340264292,0.168206766299198
1.23432437003671,0.210153169995588,0.131345731247243,0.170749450621416,0.105076584997794,0.151047590934329
1.22868245582425,0.188564825638665,0.117853016024165,0.153208920831415,0.0942824128193324,0.13553096842779
1.22304054161179,0.169059593164172,0.105662245727607,0.13736091944589,0.084529796582086,0.121511582586749
1.21739862739933,0.151451420963128,0.0946571381019549,0.123054279532541,0.0757257104815639,0.108855708817248
1.21175671318687,0.135569277767678,0.0847307986047985,0.110150038186238,0.0677846388838388,0.0974404183955183
1.20611479897442,0.121256103862314,0.0757850649139465,0.0985205843881304,0.0606280519311572,0.0871528246510384
1.20047288476196,0.108367819274028,0.0677298870462677,0.088048853160148,0.0541839096370142,0.0778893701032079
1.1948309705495,0.096772387447424,0.06048274215464,0.078627564801032,0.048386193723712,0.069555153477836
1.18918905633704,0.0863489327756871,0.0539680829848045,0.0701585078802458,0.0431744663878436,0.0620632954325251
1.18354714212458,0.076986910247295,0.0481168189045594,0.0625518645759272,0.0384934551236475,0.0553343417402433
1.17790522791212,0.0685853253795236,0.0428658283622022,0.0557255768708629,0.0342926626897618,0.0492957026165326
1.17226331369967,0.061052002541584,0.03815750158849,0.049604752065037,0.030526001270792,0.0438811268267635
1.16662139948721,0.0543028997206515,0.0339393123254072,0.0441211060230293,0.0271514498603257,0.0390302091742182
1.16097948527475,0.0482614677515864,0.0301634173447415,0.039212442548164,0.0241307338757932,0.0346879299464527
1.15533757106229,0.0428580520141351,0.0267862825088344,0.0348221672614848,0.0214290260070676,0.0308042248851596
1.14969565684983,0.0380293345981542,0.0237683341238464,0.0308988343610003,0.0190146672990771,0.0273335842424233
1.14405374263737,0.0337178149466397,0.0210736343416498,0.0273957246441448,0.0168589074733198,0.0242346794928973
1.13841182842492,0.0298713270063677,0.0186695793789798,0.0242704531926738,0.0149356635031839,0.0214700162858268
1.13276991421246,0.0264425909456316,0.0165266193410197,0.0214846051433257,0.0132212954728158,0.0190056122421727
1.127128,0.023388797536504,0.014617998460315,0.0190033979984095,0.011694398768252,0.0168106982293623
